DateSpine,Q,SWEAvg,SWEMinus1,SWEMinus7,dSWE,precip,T,QMinus1,QMinus7
10/1/2004,683,0.44,,,,,7.691350311,,
10/2/2004,757,0.46,0.44,,,,8.802395775,683,
10/3/2004,1100,0.46,0.46,,,,9.525387315,757,
10/4/2004,1060,0.44,0.46,,,,9.270400322,1100,
10/5/2004,1030,0.42,0.44,,,,9.01836628,1060,
10/6/2004,902,0.44,0.42,,,,8.912205191,1030,
10/7/2004,787,0.52,0.44,,,,9.160903991,902,
10/8/2004,708,0.52,0.52,0.44,0.08,3.588931699,9.912344732,787,683
10/9/2004,673,0.5,0.52,0.46,0.04,1.19195233,10.91648056,708,757
10/10/2004,606,0.46,0.5,0.46,0,0.450436134,10.99567924,673,1100
10/11/2004,574,0.42,0.46,0.44,-0.02,0.313878709,8.875414742,606,1060
10/12/2004,559,0.42,0.42,0.42,0,0.313878709,7.041788486,574,1030
10/13/2004,543,0.42,0.42,0.44,-0.02,2.504117646,4.652554961,559,902
10/14/2004,496,0.42,0.42,0.52,-0.1,3.035544763,7.082119803,543,787
10/15/2004,508,0.42,0.42,0.52,-0.1,3.084667938,8.736259226,496,708
10/16/2004,516,0.42,0.42,0.5,-0.08,3.084667938,10.10895698,508,673
10/17/2004,503,0.42,0.42,0.46,-0.04,3.084667938,8.579450228,516,606
10/18/2004,511,0.42,0.42,0.42,0,3.104156934,3.828199309,503,574
10/19/2004,517,0.64,0.42,0.42,0.22,7.982764191,4.198457822,511,559
10/20/2004,520,0.8,0.64,0.42,0.38,10.16931997,8.278102667,517,543
10/21/2004,544,0.78,0.8,0.42,0.36,11.27391766,6.674939817,520,496
10/22/2004,567,0.8,0.78,0.42,0.38,15.96655566,2.056356806,544,508
10/23/2004,622,1.02,0.8,0.42,0.6,24.75601021,2.758750726,567,516
10/24/2004,813,1.04,1.02,0.42,0.62,26.80955862,2.163717606,622,503
10/25/2004,828,1.54,1.04,0.42,1.12,35.72282115,4.337576874,813,511
10/26/2004,741,1.54,1.54,0.64,0.9,33.42370667,6.046242669,828,517
10/27/2004,767,1.46,1.54,0.8,0.66,29.78230524,7.5791795,741,520
10/28/2004,754,1.44,1.46,0.78,0.66,30.92772217,4.45333824,767,544
10/29/2004,745,1.68,1.44,0.8,0.88,33.85133588,-0.540526525,754,567
10/30/2004,978,2.38,1.68,1.02,1.36,33.85993928,0.692084075,745,622
10/31/2004,908,2.36,2.38,1.04,1.32,32.82376436,-2.066609572,978,813
11/1/2004,830,3.02,2.36,1.54,1.48,29.96559435,-5.210584827,908,828
11/2/2004,809,2.94,3.02,1.54,1.4,27.38876148,-3.882115946,830,741
11/3/2004,772,3,2.94,1.46,1.54,27.28946671,1.35249319,809,767
11/4/2004,693,3.02,3,1.44,1.58,24.50484398,2.544026997,772,754
11/5/2004,611,3.04,3.02,1.68,1.36,16.8423847,4.142813187,693,745
11/6/2004,639,3.02,3.04,2.38,0.64,8.044326742,5.120754946,611,978
11/7/2004,647,3,3.02,2.36,0.64,7.026953264,6.078971655,639,908
11/8/2004,640,3,3,3.02,-0.02,1.021920125,7.358704928,647,830
11/9/2004,650,2.98,3,2.94,0.04,1.327904053,3.276018438,640,809
11/10/2004,656,3.06,2.98,3,0.06,4.042218573,3.120285095,650,772
11/11/2004,680,3.06,3.06,3.02,0.04,4.205889242,3.300131889,656,693
11/12/2004,743,3.18,3.06,3.04,0.14,5.262182216,4.080481851,680,611
11/13/2004,763,3.08,3.18,3.02,0.06,5.323996438,2.603689806,743,639
11/14/2004,765,3.02,3.08,3,0.02,5.323996438,1.457917822,763,647
11/15/2004,730,2.88,3.02,3,-0.12,5.254448062,1.722517247,765,640
11/16/2004,720,2.88,2.88,2.98,-0.1,4.945804225,2.76193745,730,650
11/17/2004,715,2.9,2.88,3.06,-0.16,1.285157322,2.577109074,720,656
11/18/2004,671,2.88,2.9,3.06,-0.18,1.121022799,-0.129483139,715,680
11/19/2004,717,2.88,2.88,3.18,-0.3,0.061814222,-1.208779528,671,743
11/20/2004,693,2.9,2.88,3.08,-0.18,1.013020333,-3.865926664,717,763
11/21/2004,670,3.08,2.9,3.02,0.06,4.610083706,-2.584838263,693,765
11/22/2004,655,3.14,3.08,2.88,0.26,4.610083706,-0.178554654,670,730
11/23/2004,653,3.12,3.14,2.88,0.24,4.610083706,-2.566970296,655,720
11/24/2004,654,3.22,3.12,2.9,0.32,4.711765924,-3.434793879,653,715
11/25/2004,641,3.46,3.22,2.88,0.58,6.744164774,0.323992048,654,671
11/26/2004,637,3.88,3.46,2.88,1,20.51918753,-3.13860906,641,717
11/27/2004,610,4.54,3.88,2.9,1.64,27.82176991,-6.528279221,637,693
11/28/2004,621,5.26,4.54,3.08,2.18,45.85764503,-7.568537101,610,670
11/29/2004,451,5.46,5.26,3.14,2.32,56.62728117,-12.79054402,621,655
11/30/2004,395,5.5,5.46,3.12,2.38,56.64033463,-13.02351436,451,653
12/1/2004,440,5.48,5.5,3.22,2.26,56.79070749,-11.3191411,395,654
12/2/2004,548,5.5,5.48,3.46,2.04,54.75830864,-11.36485737,440,641
12/3/2004,517,5.5,5.5,3.88,1.62,40.98328589,-9.088752132,548,637
12/4/2004,520,5.58,5.5,4.54,1.04,33.59151445,-5.626528937,517,610
12/5/2004,496,5.62,5.58,5.26,0.36,12.2184157,-4.866904535,520,621
12/6/2004,540,5.68,5.62,5.46,0.22,1.886346196,-6.141839311,496,451
12/7/2004,520,5.68,5.68,5.5,0.18,2.283113481,-5.862509785,540,395
12/8/2004,520,5.88,5.68,5.48,0.4,3.109407882,-3.369368486,520,440
12/9/2004,520,6.7,5.88,5.5,1.2,9.099897442,0.026842701,520,548
12/10/2004,540,7.82,6.7,5.5,2.32,14.271831,1.251013357,520,517
12/11/2004,560,7.8,7.82,5.58,2.22,13.34799972,2.320971611,540,520
12/12/2004,560,7.8,7.8,5.62,2.18,13.08815998,1.548178728,560,496
12/13/2004,560,7.86,7.8,5.68,2.18,12.65059335,-0.737547895,560,540
12/14/2004,540,7.8,7.86,5.68,2.12,12.2407726,-0.124036108,560,520
12/15/2004,540,7.8,7.8,5.88,1.92,11.16242312,-2.615634185,540,520
12/16/2004,520,7.94,7.8,6.7,1.24,5.681410196,-5.284997099,540,520
12/17/2004,500,7.88,7.94,7.82,0.06,0.509476636,-4.885003978,520,540
12/18/2004,500,7.92,7.88,7.8,0.12,0.509476636,-3.85950174,500,560
12/19/2004,500,7.94,7.92,7.8,0.14,0.509476636,-1.887378406,500,560
12/20/2004,520,8,7.94,7.86,0.14,0.509476636,-2.996303766,500,560
12/21/2004,530,7.92,8,7.8,0.12,0.509476636,-8.408837003,520,540
12/22/2004,530,7.86,7.92,7.8,0.06,0.509476636,-11.56415656,530,540
12/23/2004,520,7.84,7.86,7.94,-0.1,0.236251761,-16.16582334,530,520
12/24/2004,520,7.82,7.84,7.88,-0.06,0.236251761,-11.43540931,520,500
12/25/2004,500,7.88,7.82,7.92,-0.04,1.51873673,-4.335485821,520,500
12/26/2004,510,7.88,7.88,7.94,-0.06,1.905492919,-1.470044612,500,500
12/27/2004,520,7.94,7.88,8,-0.06,2.52786069,-0.355641292,510,520
12/28/2004,530,8,7.94,7.92,0.08,2.527970432,0.469001898,520,530
12/29/2004,540,8,8,7.86,0.14,2.903436491,0.17121119,530,530
12/30/2004,540,8.7,8,7.84,0.86,11.22335173,-0.844921087,540,520
12/31/2004,540,8.7,8.7,7.82,0.88,12.15447935,0,540,520
1/1/2005,520,8.8,8.7,7.88,0.92,10.87199438,-2.892990654,540,500
1/2/2005,500,8.9,8.8,7.88,1.02,12.71112551,-2.789325727,520,510
1/3/2005,490,8.94,8.9,7.94,1,12.29402361,-1.752179454,500,520
1/4/2005,500,9.1,8.94,8,1.1,13.4096396,-3.908371715,490,530
1/5/2005,490,9.24,9.1,8,1.24,16.61833591,-10.88604277,500,540
1/6/2005,480,9.48,9.24,8.7,0.78,13.9306333,-8.560321951,490,540
1/7/2005,470,9.86,9.48,8.7,1.16,16.94414316,-9.739538453,480,540
1/8/2005,470,10.1,9.86,8.8,1.3,18.5209143,-2.791192111,470,520
1/9/2005,480,10.28,10.1,8.9,1.38,19.0670193,1.465798807,470,500
1/10/2005,480,10.54,10.28,8.94,1.6,25.80561745,1.720322995,480,490
1/11/2005,490,11.4,10.54,9.1,2.3,37.83451662,0.502592314,480,500
1/12/2005,480,12.36,11.4,9.24,3.12,49.06381587,-5.39025855,490,490
1/13/2005,470,12.36,12.36,9.48,2.88,44.21438874,-8.105004146,480,480
1/14/2005,460,12.4,12.36,9.86,2.54,40.31239713,-5.701716179,470,470
1/15/2005,450,12.38,12.4,10.1,2.28,38.74146052,-4.052483668,460,470
1/16/2005,450,12.38,12.38,10.28,2.1,36.33176377,-2.907135303,450,480
1/17/2005,470,12.64,12.38,10.54,2.1,30.17000031,-0.820279048,450,480
1/18/2005,460,12.64,12.64,11.4,1.24,17.02651602,-0.421478202,470,490
1/19/2005,470,12.84,12.64,12.36,0.48,2.233169062,2.426550296,460,480
1/20/2005,500,12.86,12.84,12.36,0.5,1.214131813,3.349107579,470,470
1/21/2005,500,12.88,12.86,12.4,0.48,1.17148594,1.464263444,500,460
1/22/2005,600,12.86,12.88,12.38,0.48,1.165651404,1.257483603,500,450
1/23/2005,700,12.86,12.86,12.38,0.48,0.80335584,1.751756585,600,450
1/24/2005,720,12.92,12.86,12.64,0.28,0.021255273,1.520736728,700,470
1/25/2005,710,12.94,12.92,12.64,0.3,0.020114667,0.223714515,720,460
1/26/2005,808,12.94,12.94,12.84,0.1,0,-0.852794775,710,470
1/27/2005,873,12.94,12.94,12.86,0.08,0.398905925,0.037118564,808,500
1/28/2005,903,13.2,12.94,12.88,0.32,1.898997214,-0.286437673,873,500
1/29/2005,801,13.34,13.2,12.86,0.48,2.826076388,-0.409923426,903,600
1/30/2005,845,13.3,13.34,12.86,0.44,2.826076388,-1.805270938,801,700
1/31/2005,849,13.4,13.3,12.92,0.48,3.386773903,-3.591438155,845,720
2/1/2005,725,13.36,13.4,12.94,0.42,3.401195068,-5.780771615,849,710
2/2/2005,688,13.38,13.36,12.94,0.44,3.801993721,-4.197937114,725,808
2/3/2005,632,13.34,13.38,12.94,0.4,3.403087796,-0.995710253,688,873
2/4/2005,593,13.4,13.34,13.2,0.2,1.902996508,-0.547958712,632,903
2/5/2005,582,13.34,13.4,13.34,0,0.976184532,-1.725109037,593,801
2/6/2005,569,13.34,13.34,13.3,0.04,0.976184532,-2.749188011,582,845
2/7/2005,604,13.3,13.34,13.4,-0.1,0.415487017,-3.810959982,569,849
2/8/2005,495,13.6,13.3,13.36,0.24,10.57873523,-6.91900816,604,725
2/9/2005,532,13.78,13.6,13.38,0.4,12.59070942,-7.386022211,495,688
2/10/2005,487,13.88,13.78,13.34,0.54,16.40927515,-3.983676107,532,632
2/11/2005,634,13.92,13.88,13.4,0.52,17.55160962,-2.231216364,487,593
2/12/2005,595,14.12,13.92,13.34,0.78,21.07025776,-0.814726202,634,582
2/13/2005,583,14.74,14.12,13.34,1.4,24.73852367,0.129018144,595,569
2/14/2005,641,14.88,14.74,13.3,1.58,25.06489168,0.60608249,583,604
2/15/2005,815,15.22,14.88,13.6,1.62,24.75347633,-6.678908249,641,495
2/16/2005,627,15.64,15.22,13.78,1.86,30.11114942,-8.508102485,815,532
2/17/2005,577,15.62,15.64,13.88,1.74,26.2925837,-7.89721305,627,487
2/18/2005,413,15.72,15.62,13.92,1.8,25.74493326,-3.285604914,577,634
2/19/2005,572,15.94,15.72,14.12,1.82,24.55579249,-0.559770872,413,595
2/20/2005,684,16.18,15.94,14.74,1.44,22.03362366,-0.340444174,572,583
2/21/2005,809,16.74,16.18,14.88,1.86,27.85615264,-0.242345382,684,641
2/22/2005,1030,17,16.74,15.22,1.78,20.41411684,0.407280506,809,815
2/23/2005,1290,17.14,17,15.64,1.5,14.26145114,-1.137022529,1030,627
2/24/2005,1450,17.02,17.14,15.62,1.4,14.26145114,-1.936348104,1290,577
2/25/2005,1190,17.04,17.02,15.72,1.32,13.74625471,-1.061086766,1450,413
2/26/2005,1000,17.1,17.04,15.94,1.16,11.41648014,-1.315573749,1190,572
2/27/2005,873,17.16,17.1,16.18,0.98,10.27038307,-1.707031849,1000,684
2/28/2005,798,17.28,17.16,16.74,0.54,4.122554869,-1.376274252,873,809
3/1/2005,805,17.3,17.28,17,0.3,1.701965729,-1.78661809,798,1030
3/2/2005,783,17.48,17.3,17.14,0.34,0.678263919,-1.082310722,805,1290
3/3/2005,789,17.5,17.48,17.02,0.48,0.678263919,1.432590996,783,1450
3/4/2005,741,17.6,17.5,17.04,0.56,0.604525261,1.04401276,789,1190
3/5/2005,742,17.66,17.6,17.1,0.56,0.605611154,1.913992768,741,1000
3/6/2005,782,17.68,17.66,17.16,0.52,0.605611154,1.646878493,742,873
3/7/2005,862,17.76,17.68,17.28,0.48,0.604542362,1.123411502,782,798
3/8/2005,949,17.84,17.76,17.3,0.54,0.65384416,2.38380206,862,805
3/9/2005,997,17.8,17.84,17.48,0.32,0.066429109,5.117646373,949,783
3/10/2005,1100,17.8,17.8,17.5,0.3,0.066429109,2.085224585,997,789
3/11/2005,1140,17.76,17.8,17.6,0.16,0.060680161,2.972349391,1100,741
3/12/2005,1290,17.76,17.76,17.66,0.1,0.059594268,3.767612724,1140,742
3/13/2005,1270,17.7,17.76,17.68,0.02,0.059594268,-3.403289362,1290,782
3/14/2005,1390,17.62,17.7,17.76,-0.14,0.059594268,-6.37730919,1270,862
3/15/2005,1490,17.76,17.62,17.84,-0.08,0.007121202,-5.674482185,1390,949
3/16/2005,1130,17.8,17.76,17.8,0,0.000457816,-1.242421481,1490,997
3/17/2005,890,18.2,17.8,17.8,0.4,2.363132171,-1.072274284,1130,1100
3/18/2005,856,18.68,18.2,17.76,0.92,4.786593579,-1.549915016,890,1140
3/19/2005,856,18.94,18.68,17.76,1.18,6.197920413,1.993759165,856,1290
3/20/2005,767,19.08,18.94,17.7,1.38,8.029275802,1.864186383,856,1270
3/21/2005,726,19.82,19.08,17.62,2.2,16.22581333,0.132236523,767,1390
3/22/2005,812,20.16,19.82,17.76,2.4,18.78870089,0.77146026,726,1490
3/23/2005,937,20.24,20.16,17.8,2.44,20.52256138,3.102921192,812,1130
3/24/2005,919,20.26,20.24,18.2,2.06,21.15825262,-1.198454034,937,890
3/25/2005,923,20.54,20.26,18.68,1.86,23.02063442,-1.498651897,919,856
3/26/2005,1030,20.7,20.54,18.94,1.76,28.06514625,-0.447845562,923,856
3/27/2005,987,20.82,20.7,19.08,1.74,26.23585627,1.364440534,1030,767
3/28/2005,903,20.74,20.82,19.82,0.92,19.26529987,4.655066688,987,726
3/29/2005,870,20.64,20.74,20.16,0.48,20.42846547,0.593659103,903,812
3/30/2005,951,20.92,20.64,20.24,0.68,21.80327629,-2.822233978,870,937
3/31/2005,1320,21.54,20.92,20.26,1.28,22.05276178,-2.013488391,951,919
4/1/2005,1250,21.72,21.54,20.54,1.18,18.15633998,0.960069195,1320,923
4/2/2005,1040,22,21.72,20.7,1.3,12.50257429,5.215148225,1250,1030
4/3/2005,933,21.94,22,20.82,1.12,12.52188526,8.464958068,1040,987
4/4/2005,912,21.76,21.94,20.74,1.02,11.29844251,6.177591443,933,903
4/5/2005,1080,21.68,21.76,20.64,1.04,9.660544775,2.126206757,912,870
4/6/2005,1750,21.94,21.68,20.92,1.02,7.001585483,4.682455379,1080,951
4/7/2005,1890,21.98,21.94,21.54,0.44,4.168069934,8.755282232,1750,1320
4/8/2005,1640,21.64,21.98,21.72,-0.08,3.924888144,6.129685096,1890,1250
4/9/2005,2000,21.44,21.64,22,-0.56,5.154125887,2.125975013,1640,1040
4/10/2005,2810,21.52,21.44,21.94,-0.42,6.578708237,0.559377461,2000,933
4/11/2005,2710,21.52,21.52,21.76,-0.24,6.894972216,1.8141756,2810,912
4/12/2005,2320,21.52,21.52,21.68,-0.16,4.808863684,4.600858207,2710,1080
4/13/2005,1990,21.34,21.52,21.94,-0.6,4.373164727,8.167816158,2320,1750
4/14/2005,1940,20.96,21.34,21.98,-1.02,3.958829195,5.698106595,1990,1890
4/15/2005,2350,20.48,20.96,21.64,-1.16,3.81258957,5.158025162,1940,1640
4/16/2005,2980,20.08,20.48,21.44,-1.36,1.781278855,8.116343295,2350,2000
4/17/2005,3330,19.46,20.08,21.52,-2.06,0.343874665,10.31465969,2980,2810
4/18/2005,4050,18.7,19.46,21.52,-2.82,0.025072305,9.084139618,3330,2710
4/19/2005,5160,17.9,18.7,21.52,-3.62,0.022567591,7.743743016,4050,2320
4/20/2005,6200,17.04,17.9,21.34,-4.3,0.008554528,3.650897129,5160,1990
4/21/2005,6700,16.9,17.04,20.96,-4.06,1.059122164,2.088599987,6200,1940
4/22/2005,6130,16.92,16.9,20.48,-3.56,1.291535863,4.291304803,6700,2350
4/23/2005,4990,16.74,16.92,20.08,-3.34,1.494407068,8.64314426,6130,2980
4/24/2005,4470,16.12,16.74,19.46,-3.34,1.510894338,6.562768988,4990,3330
4/25/2005,5280,16.4,16.12,18.7,-2.3,14.68750613,5.578159478,4470,4050
4/26/2005,6450,16.46,16.4,17.9,-1.44,16.60136814,5.632282722,5280,5160
4/27/2005,6330,16.44,16.46,17.04,-0.6,17.26115635,6.569709282,6450,6200
4/28/2005,5550,16.78,16.44,16.9,-0.12,25.22438017,2.831838004,6330,6700
4/29/2005,5800,17.36,16.78,16.92,0.44,38.33536462,-1.078842932,5550,6130
4/30/2005,6770,17.64,17.36,16.74,0.9,41.97850015,0.188802144,5800,4990
5/1/2005,6210,18.04,17.64,16.12,1.92,46.67006919,2.362045794,6770,4470
5/2/2005,5220,18.06,18.04,16.4,1.66,33.51591007,3.18048273,6210,5280
5/3/2005,4700,17.94,18.06,16.46,1.48,31.86890998,6.281119986,5220,6450
5/4/2005,4370,17.66,17.94,16.44,1.22,31.29514398,8.180123075,4700,6330
5/5/2005,4260,17.52,17.66,16.78,0.74,22.7921611,9.401901662,4370,5550
5/6/2005,4410,17.4,17.52,17.36,0.04,9.470893834,9.465560265,4260,5800
5/7/2005,4830,17.32,17.4,17.64,-0.32,6.283364576,5.015031351,4410,6770
5/8/2005,5990,17.8,17.32,18.04,-0.24,10.52158431,7.979696749,4830,6210
5/9/2005,6630,18.42,17.8,18.06,0.36,15.07976766,10.54814823,5990,5220
5/10/2005,7260,18.32,18.42,17.94,0.38,16.18586388,9.445414807,6630,4700
5/11/2005,7150,18.06,18.32,17.66,0.4,21.14761687,4.7831572,7260,4370
5/12/2005,7690,18.04,18.06,17.52,0.52,24.6351218,3.705440635,7150,4260
5/13/2005,7400,18.26,18.04,17.4,0.86,29.80271887,6.911578328,7690,4410
5/14/2005,6540,18.36,18.26,17.32,1.04,29.73287819,9.053886503,7400,4830
5/15/2005,6020,18.08,18.36,17.8,0.28,21.13303841,10.75546405,6540,5990
5/16/2005,6160,17.3,18.08,18.42,-1.12,16.82181014,13.63443844,6020,6630
5/17/2005,7330,16.72,17.3,18.32,-1.6,16.57426934,7.167638607,6160,7260
5/18/2005,9060,16.54,16.72,18.06,-1.52,11.62819414,9.096905491,7330,7150
5/19/2005,8850,16.06,16.54,18.04,-1.98,7.629880636,14.75727672,9060,7690
5/20/2005,8920,15.44,16.06,18.26,-2.82,2.44015269,16.66814825,8850,7400
5/21/2005,10700,14.78,15.44,18.36,-3.58,1.852328167,15.61470238,8920,6540
5/22/2005,12800,14.3,14.78,18.08,-3.78,1.497337378,15.76856408,10700,6020
5/23/2005,14400,13.48,14.3,17.3,-3.82,1.227929633,16.41374151,12800,6160
5/24/2005,15200,12.6,13.48,16.72,-4.12,0.150474649,14.95143478,14400,7330
5/25/2005,15100,11.72,12.6,16.54,-4.82,0.172124481,10.3245425,15200,9060
5/26/2005,14700,10.8,11.72,16.06,-5.26,0.172124481,9.723820267,15100,8850
5/27/2005,13600,10.02,10.8,15.44,-5.42,0.172124481,11.01106176,14700,8920
5/28/2005,11900,9.2,10.02,14.78,-5.58,0.171312199,12.9689462,13600,10700
5/29/2005,10800,8.26,9.2,14.3,-6.04,0.1805211,12.28154468,11900,12800
5/30/2005,10000,7.68,8.26,13.48,-5.8,5.995371173,8.293846773,10800,14400
5/31/2005,10400,7.56,7.68,12.6,-5.04,19.51972538,8.259068293,10000,15200
6/1/2005,11200,7.4,7.56,11.72,-4.32,21.60334676,9.901088424,10400,15100
6/2/2005,9890,7.32,7.4,10.8,-3.48,26.9879528,5.80133616,11200,14700
6/3/2005,10100,7.68,7.32,10.02,-2.34,42.78315393,6.473643263,9890,13600
6/4/2005,11800,7.74,7.68,9.2,-1.46,50.72883512,8.563052042,10100,11900
6/5/2005,10900,8.24,7.74,8.26,-0.02,60.80740178,11.06657894,11800,10800
6/6/2005,11700,7.78,8.24,7.68,0.1,57.07724703,12.51045729,10900,10000
6/7/2005,11200,7.18,7.78,7.56,-0.38,43.63366994,9.72770349,11700,10400
6/8/2005,9610,6.84,7.18,7.4,-0.56,41.42669873,8.965837938,11200,11200
6/9/2005,8730,6.66,6.84,7.32,-0.66,36.49319822,9.315623244,9610,9890
6/10/2005,8170,6.52,6.66,7.68,-1.16,23.30047192,9.200915289,8730,10100
6/11/2005,7830,6.62,6.52,7.74,-1.12,17.88707813,9.735874832,8170,11800
6/12/2005,7500,6.52,6.62,8.24,-1.72,11.74164638,7.472745465,7830,10900
6/13/2005,7000,6.56,6.52,7.78,-1.22,16.40676855,8.858473404,7500,11700
6/14/2005,6500,6.58,6.56,7.18,-0.6,16.79617521,12.4478157,7000,11200
6/15/2005,6300,6.54,6.58,6.84,-0.3,16.80684867,15.92602328,6500,9610
6/16/2005,6110,6.36,6.54,6.66,-0.3,16.45182764,16.76826385,6300,8730
6/17/2005,6670,6.08,6.36,6.52,-0.44,13.84935281,17.20312953,6110,8170
6/18/2005,7030,5.66,6.08,6.62,-0.96,11.31706541,18.16919617,6670,7830
6/19/2005,7300,5.22,5.66,6.52,-1.3,7.3747216,18.25476861,7030,7500
6/20/2005,7620,4.82,5.22,6.56,-1.74,0.624904106,18.96959414,7300,7000
6/21/2005,7720,4.48,4.82,6.58,-2.1,0.106757955,20.50692586,7620,6500
6/22/2005,7410,4.18,4.48,6.54,-2.36,0.158977545,18.89845973,7720,6300
6/23/2005,7280,3.88,4.18,6.36,-2.48,7.444839947,17.02408545,7410,6110
6/24/2005,7330,3.5,3.88,6.08,-2.58,8.835089517,16.53086776,7280,6670
6/25/2005,7510,3.12,3.5,5.66,-2.54,9.186777476,16.82711119,7330,7030
6/26/2005,7090,2.8,3.12,5.22,-2.42,10.7686676,15.05874126,7510,7300
6/27/2005,6570,2.44,2.8,4.82,-2.38,11.35438184,16.03776064,7090,7620
6/28/2005,6320,2.08,2.44,4.48,-2.4,11.36643342,15.78589851,6570,7720
6/29/2005,5470,1.7,2.08,4.18,-2.48,14.7202307,13.4333688,6320,7410
6/30/2005,5100,1.4,1.7,3.88,-2.48,7.63412865,14.92342143,5470,7280
7/1/2005,5000,1.02,1.4,3.5,-2.48,6.247338225,16.74249602,5100,7330
7/2/2005,4300,0.6,1.02,3.12,-2.52,5.895650266,18.19878929,5000,7510
7/3/2005,3890,0.26,0.6,2.8,-2.54,4.322203906,16.88477568,4300,7090
7/4/2005,3630,0,0.26,2.44,-2.44,3.84657207,15.03830943,3890,6570
7/5/2005,3390,0,0,2.08,-2.08,3.834520488,17.3845398,3630,6320
7/6/2005,3150,0,0,1.7,-1.7,0.417830166,19.21200843,3390,5470
7/7/2005,2910,0,0,1.4,-1.4,0.121985315,20.19439366,3150,5100
7/8/2005,2740,0,0,1.02,-1.02,0.118526169,20.83163614,2910,5000
7/9/2005,2600,0,0,0.6,-0.6,0.118526169,20.35901468,2740,4300
7/10/2005,2410,0,0,0.26,-0.26,0.110082404,19.10566405,2600,3890
7/11/2005,2230,0,0,0,0,0,19.59822586,2410,3630
7/12/2005,2050,0,0,0,0,0,21.18391235,2230,3390
7/13/2005,1870,0,0,0,0,0,22.56147509,2050,3150
7/14/2005,1670,0,0,0,0,0,23.28633626,1870,2910
7/15/2005,1510,0,0,0,0,0,21.71705506,1670,2740
7/16/2005,1380,0,0,0,0,0,22.82241789,1510,2600
7/17/2005,1210,0,0,0,0,0,20.83502113,1380,2410
7/18/2005,1090,0,0,0,0,0,18.58662818,1210,2230
7/19/2005,997,0,0,0,0,0,20.80589133,1090,2050
7/20/2005,870,0,0,0,0,0,23.34835524,997,1870
7/21/2005,772,0,0,0,0,0,23.40532855,870,1670
7/22/2005,716,0,0,0,0,0,23.97515536,772,1510
7/23/2005,652,0,0,0,0,0,21.06571681,716,1380
7/24/2005,610,0,0,0,0,0.876043485,18.85540919,652,1210
7/25/2005,572,0,0,0,0,3.827709447,16.76664161,610,1090
7/26/2005,611,0,0,0,0,7.57341547,15.37377549,572,997
7/27/2005,646,0,0,0,0,7.579617136,16.81292874,611,870
7/28/2005,727,0,0,0,0,7.696286933,18.92277442,646,772
7/29/2005,658,0,0,0,0,7.696286933,21.03108227,727,716
7/30/2005,612,0,0,0,0,7.806591283,20.6402459,658,652
7/31/2005,553,0,0,0,0,7.536455987,20.60761521,612,610
8/1/2005,525,0,0,0,0,5.050162308,19.84367558,553,572
8/2/2005,483,0,0,0,0,2.166033577,18.33335447,525,611
8/3/2005,429,0,0,0,0,4.181024996,17.93466908,483,646
8/4/2005,375,0,0,0,0,4.304316859,17.48520651,429,727
8/5/2005,398,0,0,0,0,4.861157507,17.24052861,375,658
8/6/2005,408,0,0,0,0,4.752990741,18.98690845,398,612
8/7/2005,381,0,0,0,0,4.162828464,19.69311442,408,553
8/8/2005,360,0,0,0,0,3.716579353,20.52689817,381,525
8/9/2005,341,0,0,0,0,4.040402521,20.19073208,360,483
8/10/2005,336,0,0,0,0,4.060894804,16.36524117,341,429
8/11/2005,328,0,0,0,0,6.795546892,17.24039022,336,375
8/12/2005,303,0,0,0,0,6.261127948,17.6379345,328,398
8/13/2005,312,0,0,0,0,6.258990364,15.02141991,303,408
8/14/2005,348,0,0,0,0,6.876291127,15.18662871,312,381
8/15/2005,319,0,0,0,0,6.86495915,17.19854226,348,360
8/16/2005,302,0,0,0,0,5.812835366,14.93044418,319,341
8/17/2005,316,0,0,0,0,9.332709672,14.35994368,302,336
8/18/2005,273,0,0,0,0,6.67928714,16.17299414,316,328
8/19/2005,273,0,0,0,0,6.881111653,15.60810903,273,303
8/20/2005,309,0,0,0,0,6.881111653,17.01959129,273,312
8/21/2005,353,0,0,0,0,6.248064978,17.50849257,309,348
8/22/2005,299,0,0,0,0,6.278504507,16.65683919,353,319
8/23/2005,272,0,0,0,0,6.146485995,15.5598808,299,302
8/24/2005,264,0,0,0,0,2.215608096,16.89349029,272,316
8/25/2005,263,0,0,0,0,2.990451427,17.40049711,264,273
8/26/2005,255,0,0,0,0,4.428936111,17.35640185,263,273
8/27/2005,282,0,0,0,0,4.428936111,17.32891286,255,309
8/28/2005,261,0,0,0,0,4.428936111,17.46726267,282,353
8/29/2005,260,0,0,0,0,4.390705387,18.3497986,261,299
8/30/2005,263,0,0,0,0,4.389447224,16.06862918,260,272
8/31/2005,208,0,0,0,0,2.758765448,11.62710928,263,264
9/1/2005,185,0,0,0,0,1.662730902,14.34676167,208,263
9/2/2005,170,0,0,0,0,0.295805175,16.58956012,185,255
9/3/2005,145,0,0,0,0,0.340194248,17.58630874,170,282
9/4/2005,129,0,0,0,0,0.803238061,16.96067687,145,261
9/5/2005,131,0,0,0,0,0.806138148,17.01817559,129,260
9/6/2005,125,0,0,0,0,0.901802817,16.82169753,131,263
9/7/2005,118,0,0,0,0,0.901802817,17.47993427,125,208
9/8/2005,106,0,0,0,0,0.902070016,17.821636,118,185
9/9/2005,119,0,0,0,0,5.778061122,15.45115245,106,170
9/10/2005,192,0,0,0,0,17.2859348,13.35161202,119,145
9/11/2005,185,0,0,0,0,19.62331694,14.49592643,192,129
9/12/2005,184,0,0,0,0,19.62041685,11.2248772,185,131
9/13/2005,277,0,0,0,0,19.69495088,8.204167167,184,125
9/14/2005,223,0,0,0,0,19.80778477,9.250455105,277,118
9/15/2005,205,0,0,0,0,19.90489818,10.47243484,223,106
9/16/2005,173,0,0,0,0,14.74861181,12.95671789,205,119
9/17/2005,140,0,0,0,0,3.196349065,12.04277663,173,192
9/18/2005,134,0,0,0,0,0.395923114,11.60861904,140,185
9/19/2005,123,0,0,0,0,0.395923114,12.08688648,134,184
9/20/2005,116,0,0,0,0,0.225724411,14.62994268,123,277
9/21/2005,126,0,0,0,0,0.725949471,13.13551743,116,223
9/22/2005,149,0,0,0,0,9.722740315,11.56310875,126,205
9/23/2005,152,0,0,0,0,9.814106401,12.94720053,149,173
9/24/2005,130,0,0,0,0,10.92191039,13.96969848,152,140
9/25/2005,128,0,0,0,0,11.01330276,10.40324328,130,134
9/26/2005,179,0,0,0,0,11.01330276,10.63037651,128,123
9/27/2005,193,0,0,0,0,11.01339658,11.05087333,179,116
9/28/2005,176,0,0,0,0,15.79288887,9.560019852,193,126
9/29/2005,171,0,0,0,0,6.698717412,10.55328664,176,149
9/30/2005,170,0,0,0,0,6.599256103,11.72504667,171,152
10/1/2005,183,0,0,0,0,5.703231824,13.1917575,170,130
10/2/2005,230,0,0,0,0,5.699080732,14.30686221,183,128
10/3/2005,245,0,0,0,0,5.786423424,14.95165319,230,179
10/4/2005,247,0,0,0,0,5.827296901,6.360512185,245,193
10/5/2005,269,0.26,0,0,0.26,19.62313946,3.309558404,247,176
10/6/2005,318,0.2,0.26,0,0.2,20.06034919,3.834818369,269,171
10/7/2005,393,0.18,0.2,0,0.18,20.08072958,8.42514597,318,170
10/8/2005,477,0.16,0.18,0,0.16,20.07333958,10.74865117,393,183
10/9/2005,519,0.06,0.16,0,0.06,28.3721779,4.241452452,477,230
10/10/2005,450,0.36,0.06,0,0.36,33.44955533,2.056666585,519,245
10/11/2005,474,0.5,0.36,0,0.5,36.45361293,2.963506071,450,247
10/12/2005,619,0.58,0.5,0.26,0.32,18.61386736,5.899315369,474,269
10/13/2005,642,0.38,0.58,0.2,0.18,18.2620119,7.35938372,619,318
10/14/2005,568,0.36,0.38,0.18,0.18,18.23421682,10.27363328,642,393
10/15/2005,528,0.34,0.36,0.16,0.18,18.0298271,10.93743037,568,477
10/16/2005,492,0.22,0.34,0.06,0.16,9.64374751,9.88024492,528,519
10/17/2005,471,0.16,0.22,0.36,-0.2,4.479027391,9.884045885,492,450
10/18/2005,508,0.06,0.16,0.5,-0.44,1.434002493,9.84474397,471,474
10/19/2005,517,0.04,0.06,0.58,-0.54,3.683305949,6.411333886,508,619
10/20/2005,520,0.08,0.04,0.38,-0.3,9.353605885,8.75946818,517,642
10/21/2005,543,0.06,0.08,0.36,-0.3,10.09492107,7.320849698,520,568
10/22/2005,549,0,0.06,0.34,-0.34,10.09492107,7.321400672,543,528
10/23/2005,595,0,0,0.22,-0.22,10.09492107,7.281800837,549,492
10/24/2005,616,0,0,0.16,-0.16,10.09492107,8.543922109,595,471
10/25/2005,564,0,0,0.06,-0.06,10.09492107,9.236673101,616,508
10/26/2005,511,0,0,0.04,-0.04,6.496969387,8.470461695,564,517
10/27/2005,475,0,0,0.08,-0.08,0.741315181,8.230412551,511,520
10/28/2005,456,0,0,0.06,-0.06,0.491985629,7.226534646,475,543
10/29/2005,468,0.1,0,0,0.1,4.666510279,4.79217594,456,549
10/30/2005,459,0.26,0.1,0,0.26,8.146402512,1.716250813,468,595
10/31/2005,463,0.32,0.26,0,0.32,9.749587125,0.335136159,459,616
11/1/2005,495,0.32,0.32,0,0.32,10.41738547,5.154305448,463,564
11/2/2005,527,0.32,0.32,0,0.32,10.41765801,8.181074104,495,511
11/3/2005,505,0.32,0.32,0,0.32,10.43130919,6.149842728,527,475
11/4/2005,484,0.32,0.32,0,0.32,9.959763925,2.935117495,505,456
11/5/2005,464,0.58,0.32,0.1,0.48,9.157979994,-0.430250683,484,468
11/6/2005,487,0.92,0.58,0.26,0.66,7.627124726,5.362407678,464,459
11/7/2005,490,0.9,0.92,0.32,0.58,7.499347442,7.618236466,487,463
11/8/2005,483,0.9,0.9,0.32,0.58,6.987403835,6.803583693,490,495
11/9/2005,488,0.96,0.9,0.32,0.64,7.795598275,8.2165471,483,527
11/10/2005,485,0.94,0.96,0.32,0.62,8.140569315,8.56366096,488,505
11/11/2005,471,0.96,0.94,0.32,0.64,8.12012895,5.724722992,485,484
11/12/2005,478,1.42,0.96,0.58,0.84,14.36060414,0.9216003,471,464
11/13/2005,466,1.98,1.42,0.92,1.06,18.00166146,-2.036369096,478,487
11/14/2005,551,2.7,1.98,0.9,1.8,25.14590795,-3.034304797,466,490
11/15/2005,587,3.52,2.7,0.9,2.62,33.946355,-9.908546705,551,483
11/16/2005,579,3.54,3.52,0.96,2.58,33.40897662,-4.902120958,587,488
11/17/2005,502,3.66,3.54,0.94,2.72,35.57722785,-3.190320938,579,485
11/18/2005,442,3.94,3.66,0.96,2.98,37.40353524,-2.914618247,502,471
11/19/2005,443,4.02,3.94,1.42,2.6,28.4767175,-1.684737596,442,478
11/20/2005,470,3.9,4.02,1.98,1.92,22.88662321,-0.516950697,443,466
11/21/2005,463,3.9,3.9,2.7,1.2,15.28296062,0.852878491,470,551
11/22/2005,451,3.88,3.9,3.52,0.36,6.453547965,1.83738034,463,587
11/23/2005,426,3.86,3.88,3.54,0.32,6.182459364,1.632636856,451,579
11/24/2005,403,3.86,3.86,3.66,0.2,3.655585912,0.413834332,426,502
11/25/2005,410,3.84,3.86,3.94,-0.1,1.829278526,-0.040429742,403,442
11/26/2005,405,3.88,3.84,4.02,-0.14,1.142880359,-2.592931808,410,443
11/27/2005,392,4.42,3.88,3.9,0.52,8.421944236,-7.665622158,405,470
11/28/2005,380,4.94,4.42,3.9,1.04,12.51231466,-9.566320192,392,463
11/29/2005,366,5.2,4.94,3.88,1.32,13.72087733,-10.19933847,380,451
11/30/2005,400,5.62,5.2,3.86,1.76,20.10360822,-7.347580182,366,426
12/1/2005,397,6.08,5.62,3.86,2.22,23.4686378,-4.973699427,400,403
12/2/2005,413,6.64,6.08,3.84,2.8,29.40798987,-1.218756066,397,410
12/3/2005,405,7.9,6.64,3.88,4.02,43.45200883,-7.21734047,413,405
12/4/2005,390,8.16,7.9,4.42,3.74,37.14608383,-12.0204062,405,392
12/5/2005,343,8.5,8.16,4.94,3.56,34.40318586,-12.07168241,390,380
12/6/2005,356,8.58,8.5,5.2,3.38,34.12889226,-14.33165993,343,366
12/7/2005,361,9.3,8.58,5.62,3.68,32.27733444,-21.10360697,356,400
12/8/2005,278,9.26,9.3,6.08,3.18,28.9223344,-16.88277803,361,397
12/9/2005,318,9.3,9.26,6.64,2.66,24.70205072,-11.70124099,278,413
12/10/2005,352,9.34,9.3,7.9,1.44,11.26965786,-8.251667159,318,405
12/11/2005,382,9.32,9.34,8.16,1.16,10.29651898,-5.377221999,352,390
12/12/2005,400,9.36,9.32,8.5,0.86,8.168651378,-4.401509412,382,343
12/13/2005,402,9.42,9.36,8.58,0.84,7.177523647,-6.873219525,400,356
12/14/2005,400,9.88,9.42,9.3,0.58,6.251233257,-11.61652327,402,361
12/15/2005,390,9.96,9.88,9.26,0.7,6.427161719,-12.6653564,400,278
12/16/2005,392,9.96,9.96,9.3,0.66,4.713842281,-11.02987972,390,318
12/17/2005,405,10.1,9.96,9.34,0.76,5.131920755,-11.61047533,392,352
12/18/2005,411,10.36,10.1,9.32,1.04,8.584546852,-9.972511781,405,382
12/19/2005,413,10.86,10.36,9.36,1.5,15.78443155,-4.735617571,411,400
12/20/2005,405,11.74,10.86,9.42,2.32,27.31087986,-0.503135344,413,402
12/21/2005,410,11.96,11.74,9.88,2.08,25.07983197,0.947777085,405,400
12/22/2005,395,12,11.96,9.96,2.04,24.89387396,2.03369068,410,390
12/23/2005,397,12.02,12,9.96,2.06,25.41411702,0.440860685,395,392
12/24/2005,385,12.36,12.02,10.1,2.26,25.22536297,-1.485056231,397,405
12/25/2005,375,12.38,12.36,10.36,2.02,21.77367206,0.799378766,385,411
12/26/2005,380,12.46,12.38,10.86,1.6,14.47398919,1.216852863,375,413
12/27/2005,385,12.64,12.46,11.74,0.9,5.508219383,-1.21144166,380,405
12/28/2005,382,13.04,12.64,11.96,1.08,6.198842801,0.633258491,385,410
12/29/2005,383,13.3,13.04,12,1.3,10.24756078,-2.150372008,382,395
12/30/2005,373,13.84,13.3,12.02,1.82,15.38723001,-4.935131171,383,397
12/31/2005,359,14,13.84,12.36,1.64,16.71276816,1.252356517,373,385
1/1/2006,360,14.86,14,12.38,2.48,27.89689202,-1.801439137,359,375
1/2/2006,343,15.54,14.86,12.46,3.08,33.55219563,-0.530744812,360,380
1/3/2006,347,15.66,15.54,12.64,3.02,33.93676863,-0.403048717,343,385
1/4/2006,332,15.96,15.66,13.04,2.92,34.03977659,-3.761321288,347,382
1/5/2006,326,16.38,15.96,13.3,3.08,32.92252662,-5.316251552,332,383
1/6/2006,343,16.42,16.38,13.84,2.58,28.70262926,-0.861008208,326,373
1/7/2006,356,16.5,16.42,14,2.5,27.10659114,0.952877673,343,359
1/8/2006,352,16.6,16.5,14.86,1.74,16.18069743,-3.698763297,356,360
1/9/2006,322,17.08,16.6,15.54,1.54,12.99205377,-6.105640102,352,343
1/10/2006,283,17.22,17.08,15.66,1.56,10.34276799,-4.182674028,322,347
1/11/2006,324,17.28,17.22,15.96,1.32,8.180613117,-2.152543487,283,332
1/12/2006,345,17.5,17.28,16.38,1.12,9.419915255,-6.313534578,324,326
1/13/2006,304,17.96,17.5,16.42,1.54,9.833766152,-5.629753474,345,343
1/14/2006,370,18.04,17.96,16.5,1.54,10.45954849,-0.467313642,304,356
1/15/2006,375,18.06,18.04,16.6,1.46,10.94791736,-3.706026698,370,352
1/16/2006,375,18.32,18.06,17.08,1.24,11.69500269,-9.410619541,375,322
1/17/2006,341,18.36,18.32,17.22,1.14,12.13531117,-8.704928484,375,283
1/18/2006,370,18.78,18.36,17.28,1.5,14.87064342,-2.220155697,341,324
1/19/2006,356,19.48,18.78,17.5,1.98,17.04554384,-6.597682791,370,345
1/20/2006,339,19.6,19.48,17.96,1.64,18.51621969,-10.46030986,356,304
1/21/2006,306,19.64,19.6,18.04,1.6,17.45219785,-8.696448743,339,370
1/22/2006,345,19.78,19.64,18.06,1.72,17.87695041,-9.403166048,306,375
1/23/2006,308,19.8,19.78,18.32,1.48,14.52740722,-8.776692068,345,375
1/24/2006,343,19.8,19.8,18.36,1.44,13.72398258,-4.873746016,308,341
1/25/2006,373,19.88,19.8,18.78,1.1,12.57283427,-2.861227151,343,370
1/26/2006,359,19.96,19.88,19.48,0.48,6.394345799,-3.075769214,373,356
1/27/2006,354,20.08,19.96,19.6,0.48,4.648476314,-3.838301453,359,339
1/28/2006,341,20.42,20.08,19.64,0.78,6.636498505,-7.967783357,354,306
1/29/2006,339,20.74,20.42,19.78,0.96,9.202909984,-6.070003105,341,345
1/30/2006,332,21.06,20.74,19.8,1.26,11.32334211,-2.980594931,339,308
1/31/2006,326,21.22,21.06,19.8,1.42,14.36045556,-1.712653566,332,343
2/1/2006,320,21.74,21.22,19.88,1.86,17.57632757,-2.16171304,326,373
2/2/2006,322,22.48,21.74,19.96,2.52,23.52372835,-3.350778065,320,359
2/3/2006,322,22.72,22.48,20.08,2.64,24.41531139,-3.463480144,322,354
2/4/2006,318,23.22,22.72,20.42,2.8,24.68129374,-2.551953307,322,341
2/5/2006,318,23.48,23.22,20.74,2.74,22.99326249,-5.711904184,318,339
2/6/2006,316,23.92,23.48,21.06,2.86,22.82113864,-7.701870405,318,332
2/7/2006,308,24.02,23.92,21.22,2.8,20.41074813,-3.84971115,316,326
2/8/2006,294,24.06,24.02,21.74,2.32,15.82990415,-1.587527284,308,320
2/9/2006,306,24.1,24.06,22.48,1.62,9.715321263,-2.176908479,294,322
2/10/2006,285,24.14,24.1,22.72,1.42,7.239317083,-12.08160202,306,322
2/11/2006,209,24.08,24.14,23.22,0.86,4.853101496,-13.01752638,285,318
2/12/2006,266,24.14,24.08,23.48,0.66,2.867135419,-6.418948083,209,318
2/13/2006,318,24.14,24.14,23.92,0.22,0.918827137,-3.664410809,266,316
2/14/2006,300,24.08,24.14,24.02,0.06,0.289224178,-3.006032865,318,308
2/15/2006,332,24.14,24.08,24.06,0.08,0.208938798,-5.452503682,300,294
2/16/2006,287,24.22,24.14,24.1,0.12,2.149549074,-12.55135151,332,306
2/17/2006,280,24.32,24.22,24.14,0.18,2.477848035,-14.20715823,287,285
2/18/2006,310,24.38,24.32,24.08,0.3,2.477848035,-11.6165963,280,209
2/19/2006,291,24.5,24.38,24.14,0.36,3.818478319,-9.152285284,310,266
2/20/2006,291,24.9,24.5,24.14,0.76,5.547397397,-9.823488745,291,318
2/21/2006,283,24.96,24.9,24.08,0.88,5.950472247,-10.29053677,291,300
2/22/2006,278,25.2,24.96,24.14,1.06,6.42110074,-8.27960919,283,332
2/23/2006,274,25.28,25.2,24.22,1.06,5.266569512,-4.499107118,278,287
2/24/2006,285,25.36,25.28,24.32,1.04,5.157924046,-2.709935489,274,280
2/25/2006,294,25.42,25.36,24.38,1.04,5.157924046,-1.637991404,285,310
2/26/2006,306,25.4,25.42,24.5,0.9,3.766905067,0.403407959,294,291
2/27/2006,345,25.52,25.4,24.9,0.62,2.180229103,4.124074445,306,291
2/28/2006,400,25.58,25.52,24.96,0.62,1.823478152,4.257075945,345,283
3/1/2006,415,25.84,25.58,25.2,0.64,6.149176048,-0.010360433,400,278
3/2/2006,413,26.3,25.84,25.28,1.02,7.275729949,1.46897402,415,274
3/3/2006,432,26.38,26.3,25.36,1.02,7.108069423,4.476803405,413,285
3/4/2006,446,26.3,26.38,25.42,0.88,7.108069423,1.639710243,432,294
3/5/2006,434,26.42,26.3,25.4,1.02,7.093757191,1.068503722,446,306
3/6/2006,453,26.52,26.42,25.52,1,6.951514077,4.834965395,434,345
3/7/2006,463,26.52,26.52,25.58,0.94,7.241887142,2.023521688,453,400
3/8/2006,451,26.78,26.52,25.84,0.94,7.144452633,-2.726665706,463,415
3/9/2006,443,27.18,26.78,26.3,0.88,12.54946581,-5.525576381,451,413
3/10/2006,434,27.58,27.18,26.38,1.2,18.70831287,-9.143387926,443,432
3/11/2006,423,27.8,27.58,26.3,1.5,23.35894256,-8.623070015,434,446
3/12/2006,418,27.92,27.8,26.42,1.5,25.69357373,-6.21237716,423,434
3/13/2006,405,28.3,27.92,26.52,1.78,32.4932991,-7.987304012,418,453
3/14/2006,408,28.64,28.3,26.52,2.12,35.07337952,-6.076581826,405,463
3/15/2006,410,28.9,28.64,26.78,2.12,32.42135194,-4.565405692,408,451
3/16/2006,443,29.12,28.9,27.18,1.94,26.40763299,-4.529247953,410,443
3/17/2006,562,29.2,29.12,27.58,1.62,21.35931022,1.94259966,443,434
3/18/2006,612,29.26,29.2,27.8,1.46,16.79487511,2.486526617,562,423
3/19/2006,627,29.44,29.26,27.92,1.52,15.55965751,-0.094618087,612,418
3/20/2006,664,29.6,29.44,28.3,1.3,9.502380182,-2.825631135,627,405
3/21/2006,815,29.54,29.6,28.64,0.9,6.585602802,-1.786015642,664,408
3/22/2006,873,29.64,29.54,28.9,0.74,5.469582522,-0.83790692,815,410
3/23/2006,832,29.68,29.64,29.12,0.56,4.331517303,-0.270403376,873,443
3/24/2006,809,29.78,29.68,29.2,0.58,3.200766054,1.767412156,832,562
3/25/2006,880,29.8,29.78,29.26,0.54,3.12500657,4.917875296,809,612
3/26/2006,948,30.28,29.8,29.44,0.84,4.3318305,0.343929561,880,627
3/27/2006,1100,30.66,30.28,29.6,1.06,6.829076044,-0.542049388,948,664
3/28/2006,1120,30.84,30.66,29.54,1.3,7.593191589,4.510162207,1100,815
3/29/2006,1010,30.82,30.84,29.64,1.18,8.657223847,3.673394368,1120,873
3/30/2006,1060,30.86,30.82,29.68,1.18,12.57950376,1.196630516,1010,832
3/31/2006,1370,31.32,30.86,29.78,1.54,14.45611535,2.765714474,1060,809
4/1/2006,1320,31.44,31.32,29.8,1.64,15.66539725,2.711117823,1370,880
4/2/2006,1260,31.72,31.44,30.28,1.44,18.82896757,0.54860234,1320,948
4/3/2006,1490,31.68,31.72,30.66,1.02,15.88817772,6.076680369,1260,1100
4/4/2006,1580,31.74,31.68,30.84,0.9,15.85572865,8.875310285,1490,1120
4/5/2006,1770,31.32,31.74,30.82,0.5,13.78664746,7.289408794,1580,1010
4/6/2006,2410,31.52,31.32,30.86,0.66,13.82369651,0.819103002,1770,1060
4/7/2006,3580,31.44,31.52,31.32,0.12,18.24417996,4.275100623,2410,1370
4/8/2006,3380,31.76,31.44,31.44,0.32,19.3416396,7.176531476,3580,1320
4/9/2006,3000,31.74,31.76,31.72,0.02,13.87183178,9.352365048,3380,1260
4/10/2006,3200,31.42,31.74,31.68,-0.26,13.57292805,8.173972915,3000,1490
4/11/2006,4210,30.9,31.42,31.74,-0.84,13.30445217,5.756113291,3200,1580
4/12/2006,5320,30.56,30.9,31.32,-0.76,14.65770484,9.268208577,4210,1770
4/13/2006,5860,30.34,30.56,31.52,-1.18,10.53251391,11.094694,5320,2410
4/14/2006,6470,29.6,30.34,31.44,-1.84,4.203652876,10.00686728,5860,3580
4/15/2006,7720,28.94,29.6,31.76,-2.82,3.610048078,6.508213834,6470,3380
4/16/2006,8690,28.82,28.94,31.74,-2.92,7.195078273,9.109810455,7720,3000
4/17/2006,8540,28.54,28.82,31.42,-2.88,7.197519381,6.944150779,8690,3200
4/18/2006,8720,28.18,28.54,30.9,-2.72,10.75080583,-0.948866271,8540,4210
4/19/2006,9060,28.7,28.18,30.56,-1.86,16.12584099,-0.552003947,8720,5320
4/20/2006,7520,28.7,28.7,30.34,-1.64,16.36290236,4.296580649,9060,5860
4/21/2006,6070,28.7,28.7,29.6,-0.9,16.47432903,8.235848343,7520,6470
4/22/2006,5400,28.28,28.7,28.94,-0.66,14.87436391,11.82660701,6070,7720
4/23/2006,5840,27.54,28.28,28.82,-1.28,11.29362449,10.68865255,5400,8690
4/24/2006,7280,26.62,27.54,28.54,-1.92,11.29118338,4.135520486,5840,8540
4/25/2006,8900,26.02,26.62,28.18,-2.16,7.282939766,4.407268026,7280,8720
4/26/2006,8860,25.82,26.02,28.7,-2.88,0.512974059,8.006626336,8900,9060
4/27/2006,7910,25.44,25.82,28.7,-3.26,0.275912688,9.317972826,8860,7520
4/28/2006,8010,24.68,25.44,28.7,-4.02,0.164486016,5.855934837,7910,6070
4/29/2006,8880,24.18,24.68,28.28,-4.1,0.040879283,5.86703627,8010,5400
4/30/2006,8470,23.8,24.18,27.54,-3.74,0.036588514,8.198045866,8880,5840
5/1/2006,7820,23.62,23.8,26.62,-3,0.42396678,8.200793525,8470,7280
5/2/2006,7620,23.32,23.62,26.02,-2.7,0.63174166,10.03501616,7820,8900
5/3/2006,8020,22.76,23.32,25.82,-3.06,0.603386585,6.88081941,7620,8860
5/4/2006,8470,22.3,22.76,25.44,-3.14,2.526302083,6.829335496,8020,7910
5/5/2006,8220,22.24,22.3,24.68,-2.44,4.102959715,5.80285849,8470,8010
5/6/2006,8280,22.16,22.24,24.18,-2.02,6.946717235,7.31226571,8220,8880
5/7/2006,7880,21.94,22.16,23.8,-1.86,8.258142661,8.937529727,8280,8470
5/8/2006,7280,21.42,21.94,23.62,-2.2,8.891896659,8.484987272,7880,7820
5/9/2006,7310,21.7,21.42,23.32,-1.62,13.9768026,5.482108512,7280,7620
5/10/2006,7810,21.68,21.7,22.76,-1.08,14.01744876,3.343135416,7310,8020
5/11/2006,7120,21.64,21.68,22.3,-0.66,12.09453327,7.054372817,7810,8470
5/12/2006,6380,21.36,21.64,22.24,-0.88,10.59471516,12.24243916,7120,8220
5/13/2006,5870,20.64,21.36,22.16,-1.52,7.75095764,13.54802028,6380,8280
5/14/2006,6410,19.08,20.64,21.94,-2.86,6.439976832,13.11460855,5870,7880
5/15/2006,7390,18.34,19.08,21.42,-3.08,5.418844568,12.30714267,6410,7280
5/16/2006,8150,17.66,18.34,21.7,-4.04,0.117930305,13.43863026,7390,7310
5/17/2006,8710,17.28,17.66,21.68,-4.4,0.077284143,14.77715704,8150,7810
5/18/2006,9120,17.2,17.28,21.64,-4.44,0.077284143,15.761874,8710,7120
5/19/2006,9340,16.72,17.2,21.36,-4.64,0.086205772,16.66848502,9120,6380
5/20/2006,9860,15.76,16.72,20.64,-4.88,0.258248833,16.22351645,9340,5870
5/21/2006,10600,14.48,15.76,19.08,-4.6,0.322411164,16.29199246,9860,6410
5/22/2006,11400,13.8,14.48,18.34,-4.54,0.990367141,15.23078821,10600,7390
5/23/2006,11700,13.02,13.8,17.66,-4.64,8.483757662,11.06153744,11400,8150
5/24/2006,12500,12.46,13.02,17.28,-4.82,11.71947309,12.46821745,11700,8710
5/25/2006,13700,11.62,12.46,17.2,-5.58,11.71947309,15.65556612,12500,9120
5/26/2006,11400,10.64,11.62,16.72,-6.08,11.63478072,16.75285572,13700,9340
5/27/2006,10800,9.82,10.64,15.76,-5.94,11.46273766,15.10855049,11400,9860
5/28/2006,10700,9.2,9.82,14.48,-5.28,11.400462,8.324707666,10800,10600
5/29/2006,10100,8.98,9.2,13.8,-4.82,10.92240374,6.650406278,10700,11400
5/30/2006,8590,8.8,8.98,13.02,-4.22,3.429013222,9.078455618,10100,11700
5/31/2006,7240,8.26,8.8,12.46,-4.2,0.193297798,11.14276318,8590,12500
6/1/2006,6640,7.82,8.26,11.62,-3.8,0.193297798,14.37669745,7240,13700
6/2/2006,6480,7.12,7.82,10.64,-3.52,0.192229006,17.65457614,6640,11400
6/3/2006,6590,6.56,7.12,9.82,-3.26,0.192897001,17.44859476,6480,10800
6/4/2006,6880,6.24,6.56,9.2,-2.96,0.190565714,17.56783847,6590,10700
6/5/2006,6760,5.86,6.24,8.98,-3.12,0.000667995,18.64925949,6880,10100
6/6/2006,6920,5.52,5.86,8.8,-3.28,0.000667995,19.64820681,6760,8590
6/7/2006,7230,5.18,5.52,8.26,-3.08,0.000667995,20.19569261,6920,7240
6/8/2006,7100,4.92,5.18,7.82,-2.9,0.02499242,16.20794056,7230,6640
6/9/2006,6780,4.58,4.92,7.12,-2.54,1.733036192,14.91936329,7100,6480
6/10/2006,7380,4.3,4.58,6.56,-2.26,6.262358511,13.74213489,6780,6590
6/11/2006,7150,4.06,4.3,6.24,-2.18,6.736912372,16.81726806,7380,6880
6/12/2006,6440,3.7,4.06,5.86,-2.16,6.736912372,18.97585785,7150,6760
6/13/2006,5690,3.4,3.7,5.52,-2.12,6.736912372,18.88192952,6440,6920
6/14/2006,4950,3.06,3.4,5.18,-2.12,6.736912372,17.04671984,5690,7230
6/15/2006,4530,2.68,3.06,4.92,-2.24,6.712587947,11.32220084,4950,7100
6/16/2006,4240,2.42,2.68,4.58,-2.16,5.005212171,12.48728571,4530,6780
6/17/2006,3610,2.14,2.42,4.3,-2.16,0.499924847,14.0560745,4240,7380
6/18/2006,3130,1.76,2.14,4.06,-2.3,0.025370986,17.40521048,3610,7150
6/19/2006,2850,1.26,1.76,3.7,-2.44,0.025370986,19.89232338,3130,6440
6/20/2006,2730,0.76,1.26,3.4,-2.64,0.025370986,18.2184576,2850,5690
6/21/2006,2500,0.42,0.76,3.06,-2.64,0.025370986,16.09579456,2730,4950
6/22/2006,2290,0.12,0.42,2.68,-2.56,0.025370986,15.9176481,2500,4530
6/23/2006,2120,0,0.12,2.42,-2.42,0.024702991,16.98250725,2290,4240
6/24/2006,1890,0,0,2.14,-2.14,0,17.0246533,2120,3610
6/25/2006,1700,0,0,1.76,-1.76,0,16.99146117,1890,3130
6/26/2006,1520,0,0,1.26,-1.26,0,16.6717877,1700,2850
6/27/2006,1350,0,0,0.76,-0.76,0,17.22162038,1520,2730
6/28/2006,1260,0,0,0.42,-0.42,0.009768076,18.13970402,1350,2500
6/29/2006,1160,0,0,0.12,-0.12,0.010436071,19.75736406,1260,2290
6/30/2006,1070,0,0,0,0,0.010436071,19.70569706,1160,2120
7/1/2006,1030,0,0,0,0,0.075431729,18.52627653,1070,1890
7/2/2006,962,0,0,0,0,0.075431729,18.43996436,1030,1700
7/3/2006,898,0,0,0,0,0.165106871,18.85905608,962,1520
7/4/2006,840,0,0,0,0,0.376936155,19.38660309,898,1350
7/5/2006,815,0,0,0,0,0.367168079,19.59414203,840,1260
7/6/2006,805,0,0,0,0,1.530355894,17.39013619,815,1160
7/7/2006,806,0,0,0,0,4.298091776,17.93733252,805,1070
7/8/2006,762,0,0,0,0,6.41423539,16.61690985,806,1030
7/9/2006,807,0,0,0,0,10.29822761,14.99977352,762,962
7/10/2006,858,0,0,0,0,15.12211753,16.71824581,807,898
7/11/2006,1180,0,0,0,0,15.75776866,18.06120095,858,840
7/12/2006,1250,0,0,0,0,16.16092868,18.9863066,1180,815
7/13/2006,1030,0,0,0,0,15.3993684,19.5272222,1250,805
7/14/2006,893,0,0,0,0,12.63248595,20.79118307,1030,806
7/15/2006,729,0,0,0,0,10.45796175,22.83957879,893,762
7/16/2006,620,0,0,0,0,6.573969539,23.52078466,729,807
7/17/2006,559,0,0,0,0,1.660404469,23.37945783,620,858
7/18/2006,475,0,0,0,0,0.812924062,23.14065945,559,1180
7/19/2006,438,0,0,0,0,0.418649973,21.64892724,475,1250
7/20/2006,434,0,0,0,0,3.366599235,20.86178188,438,1030
7/21/2006,438,0,0,0,0,4.032734734,21.57824317,434,893
7/22/2006,415,0,0,0,0,4.026119653,21.28519809,438,729
7/23/2006,381,0,0,0,0,4.026119653,23.4542226,415,620
7/24/2006,368,0,0,0,0,4.026119653,22.23966728,381,559
7/25/2006,336,0,0,0,0,4.476200517,20.5423485,368,475
7/26/2006,318,0,0,0,0,5.383744517,20.74525043,336,438
7/27/2006,280,0,0,0,0,2.671957038,20.9415778,318,434
7/28/2006,283,0,0,0,0,2.004968108,22.81400672,280,438
7/29/2006,292,0,0,0,0,2.004968108,23.66295328,283,415
7/30/2006,261,0,0,0,0,2.004968108,22.45924668,292,381
7/31/2006,226,0,0,0,0,2.138822509,18.93341578,261,368
8/1/2006,229,0,0,0,0,7.634101717,16.31389498,226,336
8/2/2006,245,0,0,0,0,10.41393305,15.31862696,229,318
8/3/2006,252,0,0,0,0,9.79158939,16.66613623,245,280
8/4/2006,307,0,0,0,0,9.792589196,17.11130548,252,283
8/5/2006,329,0,0,0,0,10.98803046,18.45787828,307,292
8/6/2006,300,0,0,0,0,11.18317099,19.02912224,329,261
8/7/2006,270,0,0,0,0,11.08446393,19.32072703,300,226
8/8/2006,239,0,0,0,0,5.187460788,19.34750681,270,229
8/9/2006,240,0,0,0,0,1.491199515,19.81770874,239,245
8/10/2006,249,0,0,0,0,1.475085872,19.00174719,240,252
8/11/2006,241,0,0,0,0,1.474086065,19.86867596,249,307
8/12/2006,213,0,0,0,0,1.008284911,17.00856262,241,329
8/13/2006,178,0,0,0,0,6.736607366,17.09769603,213,300
8/14/2006,213,0,0,0,0,8.546655967,17.8862484,178,270
8/15/2006,211,0,0,0,0,8.499418593,17.73523181,213,239
8/16/2006,194,0,0,0,0,9.813319907,18.34422041,211,240
8/17/2006,193,0,0,0,0,10.19391756,18.68390076,194,249
8/18/2006,177,0,0,0,0,10.69964306,18.06204176,193,241
8/19/2006,179,0,0,0,0,9.970002951,18.48111711,177,213
8/20/2006,160,0,0,0,0,4.107922344,18.70660591,179,178
8/21/2006,130,0,0,0,0,2.262726401,19.13781198,160,213
8/22/2006,130,0,0,0,0,2.306777735,20.06112744,130,211
8/23/2006,122,0,0,0,0,0.992876421,20.13583871,130,194
8/24/2006,113,0,0,0,0,0.626934488,19.06672797,122,193
8/25/2006,95.8,0,0,0,0,1.318655697,16.76159309,113,177
8/26/2006,111,0,0,0,0,6.950474925,13.35675702,95.8,179
8/27/2006,199,0,0,0,0,15.50323654,11.46129991,111,160
8/28/2006,180,0,0,0,0,18.0094293,13.68084378,199,130
8/29/2006,163,0,0,0,0,18.43119624,16.19611585,180,130
8/30/2006,265,0,0,0,0,18.43119624,18.3615582,163,122
8/31/2006,255,0,0,0,0,18.41654053,17.65983339,265,113
9/1/2006,245,0,0,0,0,17.3376283,14.13253631,255,95.8
9/2/2006,207,0,0,0,0,11.70580907,12.85525118,245,111
9/3/2006,167,0,0,0,0,3.091665089,14.09532721,207,199
9/4/2006,146,0,0,0,0,0.586075351,15.37923343,167,180
9/5/2006,126,0,0,0,0,0.119137516,16.60550429,146,163
9/6/2006,139,0,0,0,0,0.119137516,16.38989254,126,265
9/7/2006,132,0,0,0,0,0.119137516,15.48948575,139,255
9/8/2006,122,0,0,0,0,0.362948644,11.23253674,132,245
9/9/2006,142,0,0,0,0,8.412850721,12.63212289,122,207
9/10/2006,120,0,0,0,0,14.06812257,12.68255832,142,167
9/11/2006,146,0,0,0,0,14.14618464,13.53915961,120,146
9/12/2006,154,0,0,0,0,14.16430067,14.29668649,146,126
9/13/2006,215,0,0,0,0,14.28420791,16.11361096,154,139
9/14/2006,266,0,0,0,0,14.28420791,14.46092917,215,132
9/15/2006,235,0,0,0,0,15.68052075,9.654008051,266,122
9/16/2006,338,0.12,0,0,0.12,30.00755492,3.073812558,235,142
9/17/2006,550,0.8,0.12,0,0.8,38.94277566,2.669674588,338,120
9/18/2006,824,0.72,0.8,0,0.72,38.90071997,5.970589482,550,146
9/19/2006,676,0.56,0.72,0,0.56,38.88260394,10.01181729,824,154
9/20/2006,647,0.42,0.56,0,0.42,38.93278936,9.436544903,676,215
9/21/2006,530,0.52,0.42,0,0.52,42.97027726,4.350670087,647,266
9/22/2006,493,1.1,0.52,0,1.1,49.69045324,3.011271617,530,235
9/23/2006,543,1.04,1.1,0.12,0.92,31.09851168,3.774894682,493,338
9/24/2006,633,1.1,1.04,0.8,0.3,17.98184091,6.035154825,543,550
9/25/2006,659,1.02,1.1,0.72,0.3,17.94536243,7.619992404,633,824
9/26/2006,630,0.96,1.02,0.56,0.4,17.94536243,9.628759845,659,676
9/27/2006,574,0.86,0.96,0.42,0.44,17.77526976,9.954118748,630,647
9/28/2006,531,0.68,0.86,0.52,0.16,13.73778186,10.84116415,574,530
9/29/2006,532,0.44,0.68,1.1,-0.66,5.258947424,12.13830666,531,493
9/30/2006,552,0.34,0.44,1.04,-0.7,1.508490441,12.4361898,532,543
10/1/2006,559,0.26,0.34,1.1,-0.84,0.035336623,12.4194676,552,633
10/2/2006,592,0.18,0.26,1.02,-0.84,0.096137807,12.24104352,559,659
10/3/2006,597,0.06,0.18,0.96,-0.9,3.745981325,10.06017727,592,630
10/4/2006,594,0,0.06,0.86,-0.86,6.377294845,11.06944964,597,574
10/5/2006,616,0,0,0.68,-0.68,7.651656431,11.81017079,594,531
10/6/2006,991,0,0,0.44,-0.44,12.11907413,10.66224942,616,532
10/7/2006,920,0,0,0.34,-0.34,21.12762659,9.242886942,991,552
10/8/2006,859,0,0,0.26,-0.26,25.75202026,7.509744014,920,559
10/9/2006,1110,0,0,0.18,-0.18,25.8308916,4.630879548,859,592
10/10/2006,1360,0.12,0,0.06,0.06,30.87447992,3.355026284,1110,597
10/11/2006,1110,0.16,0.12,0,0.16,30.80722223,5.970397154,1360,594
10/12/2006,1210,0.1,0.16,0,0.1,29.53286064,6.367210565,1110,616
10/13/2006,1040,0.04,0.1,0,0.04,25.06544295,7.742254832,1210,991
10/14/2006,943,0,0.04,0,0,16.02235278,5.702527154,1040,920
10/15/2006,846,0.04,0,0,0.04,13.63512376,6.42029422,943,859
10/16/2006,821,0.02,0.04,0,0.02,13.84907419,4.385961347,846,1110
10/17/2006,887,0.46,0.02,0.12,0.34,13.76455415,-0.455468955,821,1360
10/18/2006,988,0.68,0.46,0.16,0.52,21.13919667,-2.746472976,887,1110
10/19/2006,952,0.7,0.68,0.1,0.6,21.99811374,0.139249276,988,1210
10/20/2006,919,0.96,0.7,0.04,0.92,25.46504051,1.714198352,952,1040
10/21/2006,873,1.98,0.96,0,1.98,37.62401253,-1.081312514,919,943
10/22/2006,982,2.02,1.98,0.04,1.98,36.98262811,-0.457184525,873,846
10/23/2006,1050,1.98,2.02,0.02,1.96,36.62924243,3.989906947,982,821
10/24/2006,924,2,1.98,0.46,1.54,28.23768553,6.288183969,1050,887
10/25/2006,855,2,2,0.68,1.32,18.56143425,2.787537282,924,988
10/26/2006,888,2.4,2,0.7,1.7,33.65091465,-1.181493448,855,952
10/27/2006,916,2.6,2.4,0.96,1.64,34.42689228,-0.453833711,888,919
10/28/2006,967,2.62,2.6,1.98,0.64,22.35577733,3.43625771,916,873
10/29/2006,971,2.56,2.62,2.02,0.54,20.7593291,5.232463024,967,982
10/30/2006,931,2.54,2.56,1.98,0.56,20.7589609,3.329175556,971,1050
10/31/2006,940,2.42,2.54,2,0.42,20.541606,0.1154511,931,924
11/1/2006,874,2.38,2.42,2,0.38,20.27915893,-1.915488634,940,855
11/2/2006,807,2.3,2.38,2.4,-0.1,4.330761466,1.219709142,874,888
11/3/2006,747,2.34,2.3,2.6,-0.26,0.115788347,4.632037858,807,916
11/4/2006,675,2.34,2.34,2.62,-0.28,0.027931278,3.991043505,747,967
11/5/2006,660,2.42,2.34,2.56,-0.14,0.572842,2.844629262,675,971
11/6/2006,686,2.42,2.42,2.54,-0.12,0.573910792,4.320158344,660,931
11/7/2006,698,2.44,2.42,2.42,0.02,0.573910792,8.348394146,686,940
11/8/2006,660,2.24,2.44,2.38,-0.14,0.573910792,9.27865999,698,874
11/9/2006,652,2.2,2.24,2.3,-0.1,0.573910792,3.811852944,660,807
11/10/2006,640,2.24,2.2,2.34,-0.1,0.815772179,-1.485009504,652,747
11/11/2006,694,2.2,2.24,2.34,-0.14,0.942632693,0.060114522,640,675
11/12/2006,764,2.32,2.2,2.42,-0.1,4.064111271,-3.52435352,694,660
11/13/2006,731,2.64,2.32,2.42,0.22,7.598860068,-3.84305471,764,686
11/14/2006,717,3.08,2.64,2.44,0.64,11.82331111,-2.001560013,731,698
11/15/2006,662,3.84,3.08,2.24,1.6,19.13216261,-4.685813693,717,660
11/16/2006,588,3.76,3.84,2.2,1.56,19.23302387,-0.847924276,662,652
11/17/2006,599,3.88,3.76,2.24,1.64,19.55425727,1.832878311,588,640
11/18/2006,602,3.92,3.88,2.2,1.72,19.42739676,1.656900325,599,694
11/19/2006,634,3.92,3.92,2.32,1.6,15.76100746,1.610369823,602,764
11/20/2006,688,3.86,3.92,2.64,1.22,12.22518987,4.297412052,634,731
11/21/2006,671,3.9,3.86,3.08,0.82,8.000738826,5.430934437,688,717
11/22/2006,610,3.9,3.9,3.84,0.06,0.697899283,6.726733727,671,662
11/23/2006,595,3.94,3.9,3.76,0.18,0.597038028,3.347891517,610,588
11/24/2006,589,3.86,3.94,3.88,-0.02,0.006011955,-1.194369093,595,599
11/25/2006,584,3.7,3.86,3.92,-0.22,0.006011955,0.638579231,589,602
11/26/2006,561,3.74,3.7,3.92,-0.18,0.075491887,0.124686162,584,634
11/27/2006,553,3.84,3.74,3.86,-0.02,0.280845075,-0.639925389,561,688
11/28/2006,539,3.96,3.84,3.9,0.06,7.406085362,-7.344608939,553,671
11/29/2006,437,4.48,3.96,3.9,0.58,14.76783044,-14.45687577,539,610
11/30/2006,257,4.48,4.48,3.94,0.54,15.19177366,-15.13861461,437,595
12/1/2006,320,4.64,4.48,3.86,0.78,16.75319556,-9.956929233,257,589
12/2/2006,342,4.84,4.64,3.7,1.14,18.0149412,-12.94716611,320,584
12/3/2006,332,4.82,4.84,3.74,1.08,17.98495607,-12.20308074,342,561
12/4/2006,339,4.82,4.82,3.84,0.98,17.79357609,-7.138469335,332,553
12/5/2006,346,4.88,4.82,3.96,0.92,10.86681686,-4.70367413,339,539
12/6/2006,330,4.9,4.88,4.48,0.42,3.508411752,-3.613757316,346,437
12/7/2006,300,4.92,4.9,4.48,0.44,3.084468538,-2.889116506,330,257
12/8/2006,317,4.9,4.92,4.64,0.26,1.523046638,-1.236282958,300,320
12/9/2006,317,4.9,4.9,4.84,0.06,0.261300992,-1.78277047,317,342
12/10/2006,303,4.9,4.9,4.82,0.08,0.221806194,-2.005455731,317,332
12/11/2006,314,4.92,4.9,4.82,0.1,1.356284803,-3.665605364,303,339
12/12/2006,333,5.44,4.92,4.88,0.56,4.971248689,-4.673151299,314,346
12/13/2006,375,5.54,5.44,4.9,0.64,6.269124071,-1.456873399,333,330
12/14/2006,414,5.8,5.54,4.92,0.88,7.635565258,1.744870214,375,300
12/15/2006,411,6.04,5.8,4.9,1.14,8.443032512,2.318073126,414,317
12/16/2006,394,6.06,6.04,4.9,1.16,8.631170757,-5.128300323,411,317
12/17/2006,391,6.18,6.06,4.9,1.28,13.85205483,-7.544703581,394,303
12/18/2006,396,6.46,6.18,4.92,1.54,17.9150338,-10.66402076,391,314
12/19/2006,397,6.46,6.46,5.44,1.02,14.10158886,-10.46748312,396,333
12/20/2006,391,6.52,6.46,5.54,0.98,13.0177973,-9.582326206,397,375
12/21/2006,406,6.84,6.52,5.8,1.04,14.05039385,-7.236620598,391,414
12/22/2006,414,6.82,6.84,6.04,0.78,13.40637157,-7.34214523,406,411
12/23/2006,418,6.86,6.82,6.06,0.8,14.04910003,-6.753774676,414,394
12/24/2006,404,6.88,6.86,6.18,0.7,9.113671156,-7.839897011,418,391
12/25/2006,412,7.34,6.88,6.46,0.88,6.263367394,-8.140267701,404,396
12/26/2006,425,7.48,7.34,6.46,1.02,7.327735097,-1.704255287,412,397
12/27/2006,414,7.48,7.48,6.52,0.96,7.105368141,-0.395963947,425,391
12/28/2006,406,7.52,7.48,6.84,0.68,5.621281726,-2.955369175,414,406
12/29/2006,391,7.48,7.52,6.82,0.66,5.68500813,-6.808875736,406,414
12/30/2006,381,7.42,7.48,6.86,0.56,4.871137603,-8.229611108,391,418
12/31/2006,391,7.44,7.42,6.88,0.56,4.585682402,-8.503902165,381,404
1/1/2007,398,7.44,7.44,7.34,0.1,2.224555374,-5.951235242,391,412
1/2/2007,394,7.36,7.44,7.48,-0.12,1.160187671,-6.442179481,398,425
1/3/2007,403,7.38,7.36,7.48,-0.1,1.159118879,-2.537171059,394,414
1/4/2007,403,7.38,7.38,7.52,-0.14,0.488878703,-2.756625155,403,406
1/5/2007,398,7.92,7.38,7.48,0.44,9.166442175,-9.602701586,403,391
1/6/2007,396,7.98,7.92,7.42,0.56,9.649174155,-13.49481581,398,381
1/7/2007,405,8.28,7.98,7.44,0.84,11.79645397,-11.63670323,396,391
1/8/2007,401,8.38,8.28,7.44,0.94,12.75705425,-4.948005429,405,398
1/9/2007,401,8.34,8.38,7.36,0.98,12.75705425,-3.681426918,401,394
1/10/2007,399,8.42,8.34,7.38,1.04,12.99322386,-2.451919886,401,403
1/11/2007,417,8.4,8.42,7.38,1.02,12.74851272,-5.007642286,399,403
1/12/2007,403,8.58,8.4,7.92,0.66,8.839342017,-13.74750295,417,398
1/13/2007,356,8.92,8.58,7.98,0.94,16.71254563,-16.09411257,403,396
1/14/2007,309,8.92,8.92,8.28,0.64,15.5965554,-20.40090085,356,405
1/15/2007,255,8.94,8.92,8.38,0.56,15.05579564,-21.17343711,309,401
1/16/2007,271,8.94,8.94,8.34,0.6,15.09488623,-16.5496465,255,401
1/17/2007,293,9,8.94,8.42,0.58,14.99985874,-15.27479008,271,399
1/18/2007,306,9.02,9,8.4,0.62,14.99985874,-14.10901488,293,417
1/19/2007,311,8.94,9.02,8.58,0.36,10.00429459,-10.54939613,306,403
1/20/2007,323,8.96,8.94,8.92,0.04,2.282919301,-11.15995961,311,356
1/21/2007,320,8.98,8.96,8.92,0.06,2.276681381,-11.67126504,323,309
1/22/2007,296,8.98,8.98,8.94,0.04,2.63973967,-12.66894137,320,255
1/23/2007,281,8.94,8.98,8.94,0,2.614439139,-8.860156443,296,271
1/24/2007,289,8.96,8.94,9,-0.04,2.475641454,-6.215534464,281,293
1/25/2007,309,8.98,8.96,9.02,-0.04,2.475641454,-5.046266058,289,306
1/26/2007,303,8.98,8.98,8.94,0.04,2.475641454,-6.205353501,309,311
1/27/2007,286,8.98,8.98,8.96,0.02,1.824084968,-10.84465125,303,323
1/28/2007,266,8.92,8.98,8.98,-0.06,0.799033306,-11.95001379,286,320
1/29/2007,278,8.94,8.92,8.98,-0.04,0.0161345,-9.964246894,266,296
1/30/2007,295,8.96,8.94,8.94,0.02,0.002344439,-8.665874223,278,281
1/31/2007,289,9.32,8.96,8.96,0.36,2.310949398,-12.0177586,295,289
2/1/2007,264,9.48,9.32,8.98,0.5,3.316654847,-17.11314217,289,309
2/2/2007,270,9.64,9.48,8.98,0.66,5.141408571,-16.79873089,264,303
2/3/2007,282,9.98,9.64,8.98,1,7.475949194,-7.923016914,270,286
2/4/2007,270,9.98,9.98,8.92,1.06,8.376224791,-4.155588952,282,266
2/5/2007,273,10.02,9.98,8.94,1.08,8.389670158,-1.413497443,270,278
2/6/2007,275,10.06,10.02,8.96,1.1,8.39313862,2.238552669,273,295
2/7/2007,273,10.08,10.06,9.32,0.76,6.082189222,1.109724524,275,289
2/8/2007,270,10.08,10.08,9.48,0.6,5.076483774,0.729137778,273,264
2/9/2007,265,10.12,10.08,9.64,0.48,3.25173005,0.493594904,270,270
2/10/2007,265,10.14,10.12,9.98,0.16,0.917189427,1.16658158,265,282
2/11/2007,286,10.2,10.14,9.98,0.22,0.376811362,1.724511458,265,270
2/12/2007,297,11.16,10.2,10.02,1.14,8.58777554,-1.506333036,286,273
2/13/2007,277,11.48,11.16,10.06,1.42,10.70183482,-3.882366303,297,275
2/14/2007,275,11.6,11.48,10.08,1.52,11.51365305,-4.760919461,277,273
2/15/2007,272,11.86,11.6,10.08,1.78,12.96631364,-4.178485373,275,270
2/16/2007,266,12.46,11.86,10.12,2.34,16.95072466,-1.148318399,272,265
2/17/2007,258,13.1,12.46,10.14,2.96,20.2403957,-2.156413076,266,265
2/18/2007,268,13.12,13.1,10.2,2.92,19.90172644,-0.620016561,258,286
2/19/2007,268,13.22,13.12,11.16,2.06,11.97446312,-2.944014379,268,297
2/20/2007,268,13.76,13.22,11.48,2.28,17.55817176,-6.120414325,268,277
2/21/2007,270,13.8,13.76,11.6,2.2,16.9158997,-0.605094068,268,275
2/22/2007,277,13.82,13.8,11.86,1.96,15.46865308,2.711368283,270,272
2/23/2007,282,13.88,13.82,12.46,1.42,11.53013827,-0.282063352,277,266
2/24/2007,279,14.04,13.88,13.1,0.94,11.96656726,-6.272302825,282,258
2/25/2007,279,14.34,14.04,13.12,1.22,13.384777,-6.00168351,279,268
2/26/2007,282,14.76,14.34,13.22,1.54,17.41491198,-4.783174991,279,268
2/27/2007,281,15.16,14.76,13.76,1.4,12.62028732,-2.521170815,282,268
2/28/2007,284,15.78,15.16,13.8,1.98,20.24945634,-8.622934286,281,270
3/1/2007,273,15.86,15.78,13.82,2.04,21.28249065,-10.48813218,284,277
3/2/2007,263,16.32,15.86,13.88,2.44,24.13012559,-10.71906113,273,282
3/3/2007,277,16.54,16.32,14.04,2.5,22.50511137,-11.39385905,263,279
3/4/2007,275,16.58,16.54,14.34,2.24,21.34702508,-5.164032903,277,279
3/5/2007,285,16.72,16.58,14.76,1.96,17.38750318,0.208787024,275,282
3/6/2007,295,16.82,16.72,15.16,1.66,14.56810665,2.081434869,285,281
3/7/2007,331,16.8,16.82,15.78,1.02,6.76939147,2.495299303,295,284
3/8/2007,377,16.94,16.8,15.86,1.08,5.730943194,1.014227967,331,273
3/9/2007,444,17.42,16.94,16.32,1.1,5.79683275,1.124332389,377,263
3/10/2007,568,17.44,17.42,16.54,0.9,4.02350079,1.349786798,444,277
3/11/2007,848,17.74,17.44,16.58,1.16,5.798417014,2.317872703,568,275
3/12/2007,1340,17.78,17.74,16.72,1.06,5.430657697,5.690455991,848,285
3/13/2007,2070,17.88,17.78,16.82,1.06,5.352976355,7.211670827,1340,295
3/14/2007,2970,17.9,17.88,16.8,1.1,5.352976355,6.63874902,2070,331
3/15/2007,3290,17.82,17.9,16.94,0.88,5.352976355,4.559559767,2970,377
3/16/2007,3200,17.8,17.82,17.42,0.38,2.393555634,5.266702969,3290,444
3/17/2007,2770,17.82,17.8,17.44,0.38,2.065801787,8.098701411,3200,568
3/18/2007,2330,17.8,17.82,17.74,0.06,0.009533847,8.761424965,2770,848
3/19/2007,2570,17.58,17.8,17.78,-0.2,0.009533847,8.388196691,2330,1340
3/20/2007,3160,17.26,17.58,17.88,-0.62,0,8.796153644,2570,2070
3/21/2007,3380,17.04,17.26,17.9,-0.86,0,4.806434681,3160,2970
3/22/2007,3650,17.02,17.04,17.82,-0.8,2.410407062,5.661114565,3380,3290
3/23/2007,3590,16.9,17.02,17.8,-0.9,2.412799018,6.043065831,3650,3200
3/24/2007,3400,16.82,16.9,17.82,-1,4.078718235,5.17948927,3590,2770
3/25/2007,3350,16.8,16.82,17.8,-1,4.471710201,7.195950448,3400,2330
3/26/2007,3130,16.64,16.8,17.58,-0.94,4.471710201,8.361410013,3350,2570
3/27/2007,3340,16.34,16.64,17.26,-0.92,4.508576058,8.774663222,3130,3160
3/28/2007,3760,15.98,16.34,17.04,-1.06,8.29669281,-0.343639114,3340,3380
3/29/2007,4320,16.64,15.98,17.02,-0.38,16.27234396,-4.37743064,3760,3650
3/30/2007,4460,16.68,16.64,16.9,-0.22,18.37196664,-4.247853447,4320,3590
3/31/2007,3470,16.82,16.68,16.82,0,18.35731404,0.709654001,4460,3400
4/1/2007,3050,16.9,16.82,16.8,0.1,19.63934136,5.860579061,3470,3350
4/2/2007,3000,16.98,16.9,16.64,0.34,20.68109017,6.212695497,3050,3130
4/3/2007,2800,16.8,16.98,16.34,0.46,20.98570672,4.010444537,3000,3340
4/4/2007,3330,16.6,16.8,15.98,0.62,17.23372516,7.297363383,2800,3760
4/5/2007,3270,16.4,16.6,16.64,-0.24,7.559362983,7.044637997,3330,4320
4/6/2007,2910,16.1,16.4,16.68,-0.58,5.498641775,4.6617136,3270,4460
4/7/2007,3260,15.72,16.1,16.82,-1.1,3.891229891,3.344766612,2910,3470
4/8/2007,3590,15.38,15.72,16.9,-1.52,2.869793705,5.142883166,3260,3050
4/9/2007,3710,15.54,15.38,16.98,-1.44,4.1700493,5.903010115,3590,3000
4/10/2007,3580,15.66,15.54,16.8,-1.14,6.76077442,-0.889180784,3710,2800
4/11/2007,3430,15.9,15.66,16.6,-0.7,9.423834725,-1.661437442,3580,3330
4/12/2007,3390,15.96,15.9,16.4,-0.44,9.795979287,0.70413767,3430,3270
4/13/2007,2850,15.98,15.96,16.1,-0.12,9.861812729,1.519500406,3390,2910
4/14/2007,2530,16.02,15.98,15.72,0.3,9.817957994,3.874024911,2850,3260
4/15/2007,2340,15.86,16.02,15.38,0.48,9.25572357,8.613396474,2530,3590
4/16/2007,2240,15.68,15.86,15.54,0.14,6.966353739,7.760014363,2340,3710
4/17/2007,2400,15.3,15.68,15.66,-0.36,5.790946767,6.986983857,2240,3580
4/18/2007,2840,15.08,15.3,15.9,-0.82,3.221133893,6.887794077,2400,3430
4/19/2007,3260,14.74,15.08,15.96,-1.22,5.825504501,0.915707305,2840,3390
4/20/2007,3310,14.64,14.74,15.98,-1.34,6.298131175,5.342294629,3260,2850
4/21/2007,3650,14.36,14.64,16.02,-1.66,6.558804888,4.685795136,3310,2530
4/22/2007,3400,14.38,14.36,15.86,-1.48,7.570530109,5.183008829,3650,2340
4/23/2007,3530,14.32,14.38,15.68,-1.36,9.727263555,5.167921018,3400,2240
4/24/2007,3430,14.44,14.32,15.3,-0.86,10.96233151,3.977250214,3530,2400
4/25/2007,3780,14.52,14.44,15.08,-0.56,12.53306793,5.753070693,3430,2840
4/26/2007,3690,14.58,14.52,14.74,-0.16,8.906943244,7.22960584,3780,3260
4/27/2007,3350,14.56,14.58,14.64,-0.08,8.689913469,8.285654301,3690,3310
4/28/2007,3220,14.32,14.56,14.36,-0.04,8.437484419,11.81963105,3350,3650
4/29/2007,3620,13.8,14.32,14.38,-0.58,7.427539023,13.98850511,3220,3400
4/30/2007,4690,13.14,13.8,14.32,-1.18,5.218171009,13.99157747,3620,3530
5/1/2007,6130,12.44,13.14,14.44,-2,2.226302495,13.19083367,4690,3430
5/2/2007,7010,12.02,12.44,14.52,-2.5,0.526183452,11.30434227,6130,3780
5/3/2007,7130,11.58,12.02,14.58,-3,0.610170281,8.405632265,7010,3690
5/4/2007,7250,11.3,11.58,14.56,-3.26,6.596962514,3.254785334,7130,3350
5/5/2007,7450,11.52,11.3,14.32,-2.8,15.94250619,2.166312924,7250,3220
5/6/2007,6970,11.64,11.52,13.8,-2.16,23.46981295,1.304023551,7450,3620
5/7/2007,6350,11.8,11.64,13.14,-1.34,25.98703684,4.907126537,6970,4690
5/8/2007,5610,11.92,11.8,12.44,-0.52,25.99349283,8.672024039,6350,6130
5/9/2007,4900,11.68,11.92,12.02,-0.34,26.30933068,10.95413137,5610,7010
5/10/2007,4750,11.32,11.68,11.58,-0.26,26.16325733,12.87564064,4900,7130
5/11/2007,4950,10.66,11.32,11.3,-0.64,19.81374133,15.10363969,4750,7250
5/12/2007,5500,9.72,10.66,11.52,-1.8,10.45995299,15.53795818,4950,7450
5/13/2007,6320,9.04,9.72,11.64,-2.6,2.839517735,15.21031847,5500,6970
5/14/2007,7090,8.56,9.04,11.8,-3.24,0.322293844,13.04863112,6320,6350
5/15/2007,7680,8.06,8.56,11.92,-3.86,0.5453011,10.81850327,7090,5610
5/16/2007,8150,7.26,8.06,11.68,-4.42,0.229463244,12.15794214,7680,4900
5/17/2007,8050,6.3,7.26,11.32,-5.02,0.229463244,13.35833382,8150,4750
5/18/2007,7720,5.46,6.3,10.66,-5.2,0.231075308,13.60617174,8050,4950
5/19/2007,7520,4.82,5.46,9.72,-4.9,0.236965159,13.99516842,7720,5500
5/20/2007,7410,4.28,4.82,9.04,-4.76,0.236965159,14.7887581,7520,6320
5/21/2007,7340,3.86,4.28,8.56,-4.7,0.2407814,11.26584162,7410,7090
5/22/2007,7280,3.62,3.86,8.06,-4.44,2.598607461,4.14439545,7340,7680
5/23/2007,7150,3.58,3.62,7.26,-3.68,6.145837616,4.852067332,7280,8150
5/24/2007,6530,3.48,3.58,6.3,-2.82,6.762036973,6.266001159,7150,8050
5/25/2007,5660,3.32,3.48,5.46,-2.14,7.05572066,10.08535868,6530,7720
5/26/2007,4810,3.02,3.32,4.82,-1.8,7.049830808,11.18308293,5660,7520
5/27/2007,4370,2.86,3.02,4.28,-1.42,7.331617542,13.91467823,4810,7410
5/28/2007,4260,2.62,2.86,3.86,-1.24,7.327801301,14.83637507,4370,7340
5/29/2007,4400,2.44,2.62,3.62,-1.18,5.745432557,10.03105551,4260,7280
5/30/2007,4800,2.44,2.44,3.58,-1.14,2.733261898,8.619374414,4400,7150
5/31/2007,4650,2.3,2.44,3.48,-1.18,2.117062541,10.01865219,4800,6530
6/1/2007,4030,2.16,2.3,3.32,-1.16,1.852125681,10.46023395,4650,5660
6/2/2007,3520,2.04,2.16,3.02,-0.98,1.852125681,12.83633997,4030,4810
6/3/2007,3440,1.82,2.04,2.86,-1.04,1.570338948,13.45609604,3520,4370
6/4/2007,3530,1.7,1.82,2.62,-0.92,1.712377968,14.20074948,3440,4260
6/5/2007,3670,1.52,1.7,2.44,-0.92,0.888760648,16.28751087,3530,4400
6/6/2007,3460,1.16,1.52,2.44,-1.28,0.530106601,10.64785847,3670,4800
6/7/2007,3790,1.32,1.16,2.3,-0.98,7.187892411,2.849343683,3460,4650
6/8/2007,3730,1.48,1.32,2.16,-0.68,13.24380593,8.599052597,3790,4030
6/9/2007,3350,1.42,1.48,2.04,-0.62,13.24380593,12.30253327,3730,3520
6/10/2007,3220,1.26,1.42,1.82,-0.56,13.25696918,15.24207784,3350,3440
6/11/2007,3010,1,1.26,1.7,-0.7,13.20142051,16.51578106,3220,3530
6/12/2007,2840,0.64,1,1.52,-0.88,13.79866249,13.98667404,3010,3670
6/13/2007,2880,0.46,0.64,1.16,-0.7,14.36308741,14.11186842,2840,3460
6/14/2007,3290,0.18,0.46,1.32,-1.14,7.705301599,15.74779108,2880,3790
6/15/2007,2980,0,0.18,1.48,-1.48,1.627666873,17.96842886,3290,3730
6/16/2007,2730,0,0,1.42,-1.42,1.627666873,20.47545022,2980,3350
6/17/2007,2630,0,0,1.26,-1.26,1.61450363,18.41681424,2730,3220
6/18/2007,2520,0,0,1,-1,1.528013277,13.27523542,2630,3010
6/19/2007,2390,0,0,0.64,-0.64,0.74946806,16.74112203,2520,2840
6/20/2007,2140,0,0,0.46,-0.46,0.008637688,19.80353046,2390,2880
6/21/2007,1820,0,0,0.18,-0.18,0.008637688,19.30891431,2140,3290
6/22/2007,1670,0,0,0,0,0,19.77006394,1820,2980
6/23/2007,1520,0,0,0,0,0,20.75926784,1670,2730
6/24/2007,1370,0,0,0,0,0,20.83920389,1520,2630
6/25/2007,1210,0,0,0,0,0,20.16870478,1370,2520
6/26/2007,1120,0,0,0,0,0,19.05492593,1210,2390
6/27/2007,988,0,0,0,0,0,20.00704512,1120,2140
6/28/2007,874,0,0,0,0,0,20.62700839,988,1820
6/29/2007,769,0,0,0,0,0,21.14722631,874,1670
6/30/2007,673,0,0,0,0,0,21.20764106,769,1520
7/1/2007,609,0,0,0,0,0,21.15082925,673,1370
7/2/2007,551,0,0,0,0,0,21.79747012,609,1210
7/3/2007,476,0,0,0,0,0,21.16470468,551,1120
7/4/2007,432,0,0,0,0,0,21.64309765,476,988
7/5/2007,371,0,0,0,0,0.063603817,20.73110379,432,874
7/6/2007,332,0,0,0,0,0.063603817,20.45923719,371,769
7/7/2007,289,0,0,0,0,0.063603817,21.76329219,332,673
7/8/2007,284,0,0,0,0,0.110206167,20.01191764,289,609
7/9/2007,304,0,0,0,0,0.122431293,20.35117896,284,551
7/10/2007,284,0,0,0,0,0.122431293,20.5283314,304,476
7/11/2007,251,0,0,0,0,0.124483695,20.25567657,284,432
7/12/2007,240,0,0,0,0,0.066238303,19.25754141,251,371
7/13/2007,221,0,0,0,0,1.631221542,18.76479015,240,332
7/14/2007,203,0,0,0,0,2.139154018,19.7523728,221,289
7/15/2007,223,0,0,0,0,2.253300612,20.5435308,203,284
7/16/2007,245,0,0,0,0,2.241075486,21.87482522,223,304
7/17/2007,236,0,0,0,0,2.241075486,21.71958833,245,284
7/18/2007,217,0,0,0,0,3.092490644,21.34416237,236,251
7/19/2007,230,0,0,0,0,3.135264201,22.20554246,217,240
7/20/2007,219,0,0,0,0,3.039204642,21.40861189,230,221
7/21/2007,234,0,0,0,0,4.409236514,21.62412272,219,203
7/22/2007,212,0,0,0,0,4.526318659,23.31974277,234,223
7/23/2007,186,0,0,0,0,4.630020031,22.39923637,212,245
7/24/2007,195,0,0,0,0,4.821625305,21.70672247,186,236
7/25/2007,206,0,0,0,0,3.968157745,21.09671233,195,217
7/26/2007,208,0,0,0,0,8.539519688,19.36821756,206,230
7/27/2007,209,0,0,0,0,14.20380164,18.45946865,208,219
7/28/2007,229,0,0,0,0,16.47546101,19.05368613,209,234
7/29/2007,269,0,0,0,0,16.21865787,19.93537995,229,212
7/30/2007,265,0,0,0,0,16.12521251,20.74779934,269,186
7/31/2007,276,0,0,0,0,15.93360724,21.46457285,265,195
8/1/2007,292,0,0,0,0,16.09470545,21.31475345,276,206
8/2/2007,256,0,0,0,0,12.32901571,20.78787718,292,208
8/3/2007,215,0,0,0,0,9.438773156,19.15822174,256,209
8/4/2007,201,0,0,0,0,11.71611534,19.87182241,215,229
8/5/2007,198,0,0,0,0,11.70668357,19.92006667,201,269
8/6/2007,208,0,0,0,0,13.01303065,19.48383947,198,265
8/7/2007,292,0,0,0,0,13.77347472,18.79684097,208,276
8/8/2007,263,0,0,0,0,15.20297293,18.74269111,292,292
8/9/2007,266,0,0,0,0,14.52549584,19.45779565,263,256
8/10/2007,262,0,0,0,0,10.29184383,19.87737778,266,215
8/11/2007,237,0,0,0,0,3.864877923,20.27678738,262,201
8/12/2007,239,0,0,0,0,3.859438301,21.29614586,237,198
8/13/2007,177,0,0,0,0,2.542835203,22.5907679,239,208
8/14/2007,148,0,0,0,0,1.782391135,20.94062248,177,292
8/15/2007,148,0,0,0,0,3.143417083,20.11806364,148,263
8/16/2007,138,0,0,0,0,4.108691159,20.34456592,148,266
8/17/2007,147,0,0,0,0,4.272551059,19.33612712,138,262
8/18/2007,144,0,0,0,0,6.780021182,18.52787474,147,237
8/19/2007,136,0,0,0,0,7.760797069,19.10472096,144,239
8/20/2007,140,0,0,0,0,9.539577728,19.20260223,136,177
8/21/2007,128,0,0,0,0,9.539577728,19.37139701,140,148
8/22/2007,137,0,0,0,0,6.587955367,19.4446615,128,148
8/23/2007,130,0,0,0,0,5.446522834,14.30495478,137,138
8/24/2007,126,0,0,0,0,8.916224229,15.79786708,130,147
8/25/2007,123,0,0,0,0,6.413936145,17.95099117,126,144
8/26/2007,113,0,0,0,0,5.433341638,19.32487076,123,136
8/27/2007,116,0,0,0,0,4.907433157,14.99322259,113,140
8/28/2007,158,0,0,0,0,8.997958079,17.67959555,116,128
8/29/2007,156,0,0,0,0,9.028253524,18.41542354,158,137
8/30/2007,151,0,0,0,0,9.028084881,19.39348065,156,130
8/31/2007,149,0,0,0,0,5.385212521,19.30158931,151,126
9/1/2007,154,0,0,0,0,7.608145273,19.11468692,149,123
9/2/2007,144,0,0,0,0,7.603389043,20.35804114,154,113
9/3/2007,124,0,0,0,0,6.350516865,19.17165586,144,116
9/4/2007,118,0,0,0,0,3.881381648,19.01176378,124,158
9/5/2007,141,0,0,0,0,4.712712667,16.73922111,118,156
9/6/2007,223,0,0,0,0,18.24519272,13.74731828,141,151
9/7/2007,256,0,0,0,0,20.50504077,13.79025219,223,149
9/8/2007,224,0,0,0,0,18.58785364,15.02369485,256,154
9/9/2007,241,0,0,0,0,18.58627193,12.8038452,224,144
9/10/2007,279,0,0,0,0,19.06144031,10.34097387,241,124
9/11/2007,267,0,0,0,0,17.44005061,12.41848468,279,118
9/12/2007,223,0,0,0,0,16.58259139,14.62215074,267,141
9/13/2007,191,0,0,0,0,3.050111337,15.83215329,223,223
9/14/2007,169,0,0,0,0,0.806218741,15.90283008,191,256
9/15/2007,153,0,0,0,0,0.557232208,15.86571635,169,224
9/16/2007,162,0,0,0,0,0.938692391,15.31752324,153,241
9/17/2007,174,0,0,0,0,13.76761153,12.4722633,162,279
9/18/2007,189,0,0,0,0,22.1323567,10.71214536,174,267
9/19/2007,330,0,0,0,0,22.12883287,13.22797368,189,223
9/20/2007,627,0,0,0,0,22.12883287,14.91731321,330,191
9/21/2007,433,0,0,0,0,22.11287741,14.70440928,627,169
9/22/2007,319,0,0,0,0,22.05093629,15.68763643,433,153
9/23/2007,339,0,0,0,0,25.58690079,9.490038909,319,162
9/24/2007,404,0,0,0,0,25.06546935,4.28445672,339,174
9/25/2007,324,0.14,0,0,0.14,24.33476381,5.104057863,404,189
9/26/2007,290,0.04,0.14,0,0.04,24.5280747,7.146370524,324,330
9/27/2007,444,0,0.04,0,0,24.5280747,10.0618108,290,627
9/28/2007,457,0,0,0,0,24.5280747,11.88768351,444,433
9/29/2007,405,0,0,0,0,24.76972139,9.928471188,457,319
9/30/2007,410,0.04,0,0,0.04,29.69431151,5.432445564,405,339
10/1/2007,373,0,0.04,0,0,21.88564215,9.51953493,410,404
10/2/2007,404,0.28,0,0.14,0.14,23.84913187,5.989840053,373,324
10/3/2007,484,0.3,0.28,0.04,0.26,27.98057288,9.850722226,404,290
10/4/2007,682,0.26,0.3,0,0.26,27.98057288,12.98009929,484,444
10/5/2007,802,0.06,0.26,0,0.06,28.03727394,13.82164861,682,457
10/6/2007,754,0,0.06,0,0,28.21791975,6.447264786,802,405
10/7/2007,759,0,0,0.04,-0.04,25.9337307,1.858097611,754,410
10/8/2007,735,0,0,0,0,23.84552615,6.417728091,759,373
10/9/2007,660,0,0,0.28,-0.28,14.25199084,10.16749618,735,404
10/10/2007,602,0,0,0.3,-0.3,9.926595518,12.2126953,660,484
10/11/2007,550,0,0,0.26,-0.26,9.926595518,9.918901465,602,682
10/12/2007,552,0,0,0.06,-0.06,9.86989446,10.41616025,550,802
10/13/2007,520,0,0,0,0,9.447601957,8.095605929,552,754
10/14/2007,535,0,0,0,0,7.582397077,5.043834279,520,759
10/15/2007,494,0,0,0,0,8.550682619,5.253493151,535,735
10/16/2007,488,0,0,0,0,8.546688585,7.166399244,494,660
10/17/2007,504,0.04,0,0,0.04,8.56776463,3.181376331,488,602
10/18/2007,501,0.62,0.04,0,0.62,12.88099795,1.542201633,504,550
10/19/2007,488,0.76,0.62,0,0.76,14.89076315,7.117987541,501,552
10/20/2007,531,0.82,0.76,0,0.82,15.23737754,5.987970221,488,520
10/21/2007,571,1.16,0.82,0,1.16,20.62793826,-2.162063543,531,535
10/22/2007,584,1.46,1.16,0,1.46,24.14584623,-2.698412548,571,494
10/23/2007,607,1.56,1.46,0,1.56,24.19788628,3.937072726,584,488
10/24/2007,599,1.5,1.56,0.04,1.46,24.17681023,7.636399916,607,504
10/25/2007,600,1.34,1.5,0.62,0.72,19.86357692,9.065172956,599,501
10/26/2007,593,1.26,1.34,0.76,0.5,17.85381171,7.696264467,600,488
10/27/2007,623,1.24,1.26,0.82,0.42,17.50719732,5.231052949,593,531
10/28/2007,638,1.24,1.24,1.16,0.08,7.424015731,7.371225654,623,571
10/29/2007,675,1.24,1.24,1.46,-0.22,0.052040052,8.42991738,638,584
10/30/2007,675,1.26,1.24,1.56,-0.3,0,7.092198265,675,607
10/31/2007,653,1.4,1.26,1.5,-0.1,3.260394275,4.272307563,675,599
11/1/2007,624,1.48,1.4,1.34,0.14,3.887168519,4.064605907,653,600
11/2/2007,654,1.48,1.48,1.26,0.22,3.887168519,2.59810946,624,593
11/3/2007,688,1.46,1.48,1.24,0.22,3.887168519,3.272332239,654,623
11/4/2007,658,1.46,1.46,1.24,0.22,3.887168519,5.45405309,688,638
11/5/2007,608,1.46,1.46,1.24,0.22,3.887168519,5.659768403,658,675
11/6/2007,557,1.46,1.46,1.26,0.2,3.887168519,5.461363657,608,675
11/7/2007,539,1.44,1.46,1.4,0.04,0.626774244,5.599082224,557,653
11/8/2007,519,1.4,1.44,1.48,-0.08,0,6.243832196,539,624
11/9/2007,495,1.4,1.4,1.48,-0.08,0,6.614047269,519,654
11/10/2007,461,1.44,1.4,1.46,-0.02,0.013359901,7.484920101,495,688
11/11/2007,447,1.4,1.44,1.46,-0.06,0.013359901,4.913100379,461,658
11/12/2007,448,1.4,1.4,1.46,-0.06,0.040336032,4.765503035,447,608
11/13/2007,469,1.4,1.4,1.46,-0.06,0.040336032,5.629023965,448,557
11/14/2007,458,1.58,1.4,1.44,0.14,0.877028423,-1.176946589,469,539
11/15/2007,446,1.58,1.58,1.4,0.18,0.900838438,1.312653521,458,519
11/16/2007,476,1.58,1.58,1.4,0.18,0.900838438,4.374462861,446,495
11/17/2007,493,1.58,1.58,1.44,0.14,0.887478538,4.553794158,476,461
11/18/2007,441,1.62,1.58,1.4,0.22,1.008456847,5.760688856,493,447
11/19/2007,440,1.62,1.62,1.4,0.22,0.981480716,7.943776596,441,448
11/20/2007,461,1.66,1.62,1.4,0.26,0.981480716,1.179809681,440,469
11/21/2007,466,1.7,1.66,1.58,0.12,0.75502312,-7.35800891,461,458
11/22/2007,421,1.84,1.7,1.58,0.26,1.369314645,-6.614115151,466,446
11/23/2007,384,1.86,1.84,1.58,0.28,1.369314645,-6.919853194,421,476
11/24/2007,340,1.88,1.86,1.58,0.3,1.369314645,-6.000070948,384,493
11/25/2007,301,1.9,1.88,1.62,0.28,1.271385363,-2.18507927,340,441
11/26/2007,328,2.08,1.9,1.62,0.46,1.271385363,-1.954446545,301,440
11/27/2007,344,2.18,2.08,1.66,0.52,1.772812387,-0.885683346,328,461
11/28/2007,334,2.36,2.18,1.7,0.66,3.195238366,-7.143088766,344,466
11/29/2007,307,2.52,2.36,1.84,0.68,3.791963158,-5.98576184,334,421
11/30/2007,300,2.58,2.52,1.86,0.72,3.909727698,-1.028784972,307,384
12/1/2007,313,2.98,2.58,1.88,1.1,18.12064632,-1.987551388,300,340
12/2/2007,301,3.86,2.98,1.9,1.96,35.50297816,-7.817860267,313,301
12/3/2007,292,3.88,3.86,2.08,1.8,38.1105271,-3.674439916,301,328
12/4/2007,298,3.92,3.88,2.18,1.74,37.90236257,-0.321465517,292,344
12/5/2007,280,3.98,3.92,2.36,1.62,36.07221646,0.054329968,298,334
12/6/2007,233,4.24,3.98,2.52,1.72,36.64300101,-1.076655804,280,307
12/7/2007,237,4.7,4.24,2.58,2.12,43.07268784,-0.896229559,233,300
12/8/2007,233,5.32,4.7,2.98,2.34,40.2779558,-4.559465458,237,313
12/9/2007,227,5.44,5.32,3.86,1.58,25.85346014,-7.858628242,233,301
12/10/2007,222,5.5,5.44,3.88,1.62,26.16434684,-8.044313694,227,292
12/11/2007,222,5.62,5.5,3.92,1.7,28.87098401,-9.747959098,222,298
12/12/2007,218,5.66,5.62,3.98,1.68,30.20229628,-10.78600566,222,280
12/13/2007,215,5.7,5.66,4.24,1.46,28.64000614,-9.960637179,218,233
12/14/2007,213,5.72,5.7,4.7,1.02,22.9195889,-13.26061462,215,237
12/15/2007,212,5.74,5.72,5.32,0.42,11.88227093,-14.7948449,213,233
12/16/2007,216,5.84,5.74,5.44,0.4,9.239825693,-7.871287096,212,227
12/17/2007,215,5.86,5.84,5.5,0.36,6.492196973,-6.209009061,216,222
12/18/2007,218,5.92,5.86,5.62,0.3,3.848504277,-5.491382299,215,222
12/19/2007,210,6,5.92,5.66,0.34,3.255388381,-3.743765353,218,218
12/20/2007,203,6.16,6,5.7,0.46,6.081185247,-3.365245147,210,215
12/21/2007,207,6.66,6.16,5.72,0.94,14.83118673,-7.851192475,203,213
12/22/2007,205,6.98,6.66,5.74,1.24,19.66892626,-13.68864242,207,212
12/23/2007,210,7.02,6.98,5.84,1.18,20.84337318,-9.16944491,205,216
12/24/2007,211,7.48,7.02,5.86,1.62,25.43982364,-4.854368149,210,215
12/25/2007,209,7.88,7.48,5.92,1.96,30.09861209,-10.26631399,211,218
12/26/2007,208,8.02,7.88,6,2.02,31.64962165,-13.82285591,209,210
12/27/2007,211,8.08,8.02,6.16,1.92,29.9998621,-15.39144835,208,203
12/28/2007,210,8.1,8.08,6.66,1.44,20.67013579,-17.10679387,211,207
12/29/2007,211,8.26,8.1,6.98,1.28,16.51147629,-12.20056403,210,205
12/30/2007,211,8.66,8.26,7.02,1.64,18.16229993,-9.119912238,211,210
12/31/2007,209,9.26,8.66,7.48,1.78,17.26250375,-13.18051904,211,211
1/1/2008,207,9.5,9.26,7.88,1.62,12.91688313,-15.5160589,209,209
1/2/2008,207,9.54,9.5,8.02,1.52,10.86089037,-10.20587306,207,208
1/3/2008,208,9.64,9.54,8.08,1.56,9.941466834,-6.087076356,207,211
1/4/2008,209,9.7,9.64,8.1,1.6,10.07183091,-2.159678052,208,210
1/5/2008,211,9.74,9.7,8.26,1.48,9.338719247,-1.357699182,209,211
1/6/2008,209,10.36,9.74,8.66,1.7,17.36986461,-4.2526132,211,211
1/7/2008,206,10.76,10.36,9.26,1.5,17.65934878,-9.273366175,209,209
1/8/2008,205,10.8,10.76,9.5,1.3,17.49983806,-10.52759778,206,207
1/9/2008,209,11.02,10.8,9.54,1.48,23.32701048,-7.834322034,205,207
1/10/2008,208,11.6,11.02,9.64,1.96,37.66581161,-10.67724663,209,208
1/11/2008,209,11.8,11.6,9.7,2.1,42.58743041,-6.96604803,208,209
1/12/2008,209,12.56,11.8,9.74,2.82,50.10315742,-7.089072954,209,211
1/13/2008,207,12.96,12.56,10.36,2.6,40.78605594,-7.543444509,209,209
1/14/2008,204,13.08,12.96,10.76,2.32,37.15536071,-9.054973832,207,206
1/15/2008,205,13.1,13.08,10.8,2.3,36.67246159,-9.592959837,204,205
1/16/2008,202,13.3,13.1,11.02,2.28,31.46642132,-16.49070361,205,209
1/17/2008,203,13.3,13.3,11.6,1.7,16.79113869,-18.51286941,202,208
1/18/2008,205,13.5,13.3,11.8,1.7,14.24136159,-13.27786496,203,209
1/19/2008,209,13.68,13.5,12.56,1.12,8.183909848,-11.3364765,205,209
1/20/2008,213,14,13.68,12.96,1.04,9.210986172,-6.426104851,209,207
1/21/2008,211,14.2,14,13.08,1.12,10.56239547,-11.57029931,213,204
1/22/2008,209,14.3,14.2,13.1,1.2,12.35710765,-14.09320904,211,205
1/23/2008,209,14.58,14.3,13.3,1.28,12.94241198,-12.16166117,209,202
1/24/2008,213,14.66,14.58,13.3,1.36,13.28655109,-9.402577923,209,203
1/25/2008,219,14.86,14.66,13.5,1.36,12.31501515,-7.913055625,213,205
1/26/2008,219,15.04,14.86,13.68,1.36,11.90085213,-4.976473583,219,209
1/27/2008,222,15.24,15.04,14,1.24,10.15735493,-3.83806318,219,213
1/28/2008,225,15.48,15.24,14.2,1.28,10.73438062,-5.95489837,222,211
1/29/2008,220,15.68,15.48,14.3,1.38,16.63476816,-12.91085473,225,209
1/30/2008,220,15.88,15.68,14.58,1.3,18.61066524,-11.98443013,220,209
1/31/2008,222,16.24,15.88,14.66,1.58,25.37020434,-14.22632249,220,213
2/1/2008,225,16.66,16.24,14.86,1.8,28.48884258,-10.4497684,222,219
2/2/2008,225,17.24,16.66,15.04,2.2,33.72706523,-11.18544999,225,219
2/3/2008,228,17.54,17.24,15.24,2.3,33.94907629,-8.021878573,225,222
2/4/2008,227,17.84,17.54,15.48,2.36,36.61730178,-8.762416519,228,225
2/5/2008,227,18.02,17.84,15.68,2.34,31.274848,-13.44246189,227,220
2/6/2008,233,18.08,18.02,15.88,2.2,28.13856221,-12.48603828,227,220
2/7/2008,233,18.5,18.08,16.24,2.26,25.16021483,-10.40521594,233,222
2/8/2008,244,19.2,18.5,16.66,2.54,26.98911444,-8.101292094,233,225
2/9/2008,256,19.68,19.2,17.24,2.44,23.47504964,-3.153676718,244,225
2/10/2008,253,19.94,19.68,17.54,2.4,23.84863647,-3.631337818,256,228
2/11/2008,260,20.08,19.94,17.84,2.24,19.19085879,-3.359065356,253,227
2/12/2008,263,20.28,20.08,18.02,2.26,17.34927621,-2.452508856,260,227
2/13/2008,265,20.64,20.28,18.08,2.56,17.98960629,-0.589326616,263,233
2/14/2008,260,20.78,20.64,18.5,2.28,18.57114506,-5.207783384,265,233
2/15/2008,260,20.88,20.78,19.2,1.68,15.6012609,-6.149390261,260,244
2/16/2008,260,20.98,20.88,19.68,1.3,12.50815383,-6.881965236,260,256
2/17/2008,260,21.26,20.98,19.94,1.32,12.02230019,-8.153815116,260,253
2/18/2008,258,21.4,21.26,20.08,1.32,13.0736484,-8.187311286,260,260
2/19/2008,259,21.42,21.4,20.28,1.14,12.61815789,-5.46501206,258,263
2/20/2008,270,21.54,21.42,20.64,0.9,11.74185647,-4.216274444,259,265
2/21/2008,283,21.62,21.54,20.78,0.84,7.101748133,-2.095038845,270,260
2/22/2008,280,21.68,21.62,20.88,0.8,3.346115311,-2.194805851,283,260
2/23/2008,281,21.74,21.68,20.98,0.76,3.529133915,-2.236035337,280,260
2/24/2008,288,21.82,21.74,21.26,0.56,2.890578021,-0.604868983,281,260
2/25/2008,288,22.2,21.82,21.4,0.8,5.658435782,-1.714674854,288,258
2/26/2008,283,22.6,22.2,21.42,1.18,10.92261652,-3.540674983,288,259
2/27/2008,283,23.08,22.6,21.54,1.54,11.72113171,-2.518476223,283,270
2/28/2008,288,23.2,23.08,21.62,1.58,11.70109171,-0.511118717,283,283
2/29/2008,288,23.22,23.2,21.68,1.54,11.70109171,-0.709560209,288,280
3/1/2008,291,23.3,23.22,21.74,1.56,11.5180731,1.699776419,288,281
3/2/2008,285,23.52,23.3,21.82,1.7,16.35299861,-7.288802168,291,288
3/3/2008,287,23.76,23.52,22.2,1.56,16.0649546,-9.535551461,285,288
3/4/2008,293,23.86,23.76,22.6,1.26,11.27625039,-6.391518118,287,283
3/5/2008,292,24,23.86,23.08,0.92,11.9548786,-7.616520073,293,283
3/6/2008,288,24.08,24,23.2,0.88,12.59041855,-9.214402011,292,288
3/7/2008,292,24.24,24.08,23.22,1.02,13.18061711,-6.240141067,288,288
3/8/2008,297,24.44,24.24,23.3,1.14,14.18757842,-3.77387258,292,291
3/9/2008,293,24.48,24.44,23.52,0.96,8.939402976,-4.023546237,297,285
3/10/2008,300,24.5,24.48,23.76,0.74,4.981016613,-3.310324899,293,287
3/11/2008,302,24.5,24.5,23.86,0.64,4.423002274,-2.173423553,300,293
3/12/2008,303,24.7,24.5,24,0.7,2.931899018,-1.357436141,302,292
3/13/2008,305,24.8,24.7,24.08,0.72,2.08618479,-3.117519628,303,288
3/14/2008,316,25.32,24.8,24.24,1.08,6.019609441,-3.18715765,305,292
3/15/2008,330,25.4,25.32,24.44,0.96,5.75085722,-4.145346589,316,297
3/16/2008,356,25.46,25.4,24.48,0.98,5.906047637,-2.65353535,330,293
3/17/2008,392,25.48,25.46,24.5,0.98,6.295828321,-3.089350815,356,300
3/18/2008,470,25.5,25.48,24.5,1,6.298206777,-3.135714388,392,302
3/19/2008,554,25.58,25.5,24.7,0.88,6.49671256,0.507773596,470,303
3/20/2008,711,25.76,25.58,24.8,0.96,6.930867971,-0.109814569,554,305
3/21/2008,897,25.94,25.76,25.32,0.62,3.42981077,-1.69207455,711,316
3/22/2008,1070,26.02,25.94,25.4,0.62,2.701059379,-4.606616935,897,330
3/23/2008,1040,26.04,26.02,25.46,0.58,2.326597,-4.694670279,1070,356
3/24/2008,1030,26.14,26.04,25.48,0.66,1.928534175,1.297223567,1040,392
3/25/2008,1090,26.38,26.14,25.5,0.88,2.045997637,4.031612907,1030,470
3/26/2008,1300,26.42,26.38,25.58,0.84,1.615647435,4.102729602,1090,554
3/27/2008,1730,26.7,26.42,25.76,0.94,2.0391839,-3.445127725,1300,711
3/28/2008,1510,26.84,26.7,25.94,0.9,2.380310102,-4.181402512,1730,897
3/29/2008,1320,27.02,26.84,26.02,1,4.034862422,2.295096263,1510,1070
3/30/2008,1160,27.22,27.02,26.04,1.18,9.080884966,-0.600503729,1320,1040
3/31/2008,1210,27.96,27.22,26.14,1.82,22.92802198,-6.694995622,1160,1030
4/1/2008,1310,28.26,27.96,26.38,1.88,26.76578885,-8.421424966,1210,1090
4/2/2008,1130,28.46,28.26,26.42,2.04,28.76005835,-0.94924396,1310,1300
4/3/2008,943,28.76,28.46,26.7,2.06,30.02910194,-1.709925252,1130,1730
4/4/2008,958,28.86,28.76,26.84,2.02,28.93893126,-0.795247982,943,1510
4/5/2008,1030,29.06,28.86,27.02,2.04,27.9970624,-0.749876689,958,1320
4/6/2008,1010,29.3,29.06,27.22,2.08,25.02003274,-2.01207643,1030,1160
4/7/2008,1160,29.64,29.3,27.96,1.68,14.32370101,-0.054355915,1010,1210
4/8/2008,1250,30.18,29.64,28.26,1.92,15.12180609,-1.078965816,1160,1310
4/9/2008,1250,30.4,30.18,28.46,1.94,14.64332801,1.693367311,1250,1130
4/10/2008,1200,30.84,30.4,28.76,2.08,17.81094023,-0.613484491,1250,943
4/11/2008,1350,31.58,30.84,28.86,2.72,26.39148838,-2.954849194,1200,958
4/12/2008,1530,32,31.58,29.06,2.94,31.34178232,-1.533564876,1350,1030
4/13/2008,1380,32.16,32,29.3,2.86,29.83767903,2.535934359,1530,1010
4/14/2008,1240,32.4,32.16,29.64,2.76,26.75398498,6.708574485,1380,1160
4/15/2008,1450,32.16,32.4,30.18,1.98,22.03111704,6.660208814,1240,1250
4/16/2008,2480,31.7,32.16,30.4,1.3,20.51532563,-1.918559736,1450,1250
4/17/2008,4950,31.56,31.7,30.84,0.72,15.22097794,-0.519549894,2480,1200
4/18/2008,4750,31.64,31.56,31.58,0.06,6.370681102,3.765130946,4950,1350
4/19/2008,4180,31.48,31.64,32,-0.52,0.698245986,8.698113434,4750,1530
4/20/2008,4960,30.86,31.48,32.16,-1.3,0.133356403,4.896430945,4180,1380
4/21/2008,6910,30.46,30.86,32.4,-1.94,0.03661877,0.716749647,4960,1240
4/22/2008,7500,30.36,30.46,32.16,-1.8,0.003772836,4.881161756,6910,1450
4/23/2008,6530,29.96,30.36,31.7,-1.74,0.003772836,7.675733412,7500,2480
4/24/2008,6630,29.58,29.96,31.56,-1.98,0.003772836,2.861148915,6530,4950
4/25/2008,7460,29.78,29.58,31.64,-1.86,2.313706944,0.811747012,6630,4750
4/26/2008,6660,30,29.78,31.48,-1.48,4.795297049,0.455146863,7460,4180
4/27/2008,5340,30.06,30,30.86,-0.8,5.075628926,2.404813531,6660,4960
4/28/2008,4310,29.9,30.06,30.46,-0.56,5.075628926,7.582470086,5340,6910
4/29/2008,4150,29.46,29.9,30.36,-0.9,5.128815789,10.12226667,4310,7500
4/30/2008,5210,28.82,29.46,29.96,-1.14,5.128815789,6.899780527,4150,6530
5/1/2008,6360,28.36,28.82,29.58,-1.22,10.04516124,-1.676166746,5210,6630
5/2/2008,7630,28.78,28.36,29.78,-1,18.98165225,-1.860715815,6360,7460
5/3/2008,6770,28.96,28.78,30,-1.04,19.35670077,1.438606631,7630,6660
5/4/2008,5810,28.94,28.96,30.06,-1.12,19.32034419,6.792282264,6770,5340
5/5/2008,5580,28.66,28.94,29.9,-1.24,19.32034419,10.30214615,5810,4310
5/6/2008,5880,27.8,28.66,29.46,-1.66,19.26715732,10.78519444,5580,4150
5/7/2008,7250,26.84,27.8,28.82,-1.98,19.26715732,9.74099382,5880,5210
5/8/2008,9700,26.12,26.84,28.36,-2.24,19.5460062,6.438556942,7250,6360
5/9/2008,13100,25.84,26.12,28.78,-2.94,12.19160534,6.501591513,9700,7630
5/10/2008,13700,26.12,25.84,28.96,-2.84,13.80053554,4.031482504,13100,6770
5/11/2008,10900,26.24,26.12,28.94,-2.7,16.46249118,7.930267157,13700,5810
5/12/2008,8860,26.04,26.24,28.66,-2.62,17.6027928,4.969534018,10900,5580
5/13/2008,9320,26.2,26.04,27.8,-1.6,25.76920128,4.392118521,8860,5880
5/14/2008,8920,26.14,26.2,26.84,-0.7,27.70861305,4.612590062,9320,7250
5/15/2008,8160,26.08,26.14,26.12,-0.04,24.9846297,6.298233037,8920,9700
5/16/2008,7430,26.02,26.08,25.84,0.18,22.04618846,10.49852412,8160,13100
5/17/2008,7560,25.8,26.02,26.12,-0.32,17.58061963,12.26378456,7430,13700
5/18/2008,8810,24.94,25.8,26.24,-1.3,14.6746887,13.89824336,7560,10900
5/19/2008,11900,23.96,24.94,26.04,-2.08,13.53438708,15.24444456,8810,8860
5/20/2008,14600,22.7,23.96,26.2,-3.5,5.367978602,15.5153504,11900,9320
5/21/2008,17000,21.9,22.7,26.14,-4.24,3.432485135,12.62833831,14600,8920
5/22/2008,19400,20.76,21.9,26.08,-5.32,3.409329921,5.452988372,17000,8160
5/23/2008,21800,20.36,20.76,26.02,-5.66,8.648721451,6.054556355,19400,7430
5/24/2008,21400,20.12,20.36,25.8,-5.68,13.94205531,5.988596494,21800,7560
5/25/2008,15400,19.88,20.12,24.94,-5.06,16.22418812,8.023497423,21400,8810
5/26/2008,12300,19.48,19.88,23.96,-4.48,16.33844807,9.404363542,15400,11900
5/27/2008,11100,18.86,19.48,22.7,-3.84,16.72025835,8.732632851,12300,14600
5/28/2008,11600,18.24,18.86,21.9,-3.66,16.84097099,12.45218643,11100,17000
5/29/2008,12500,17.48,18.24,20.76,-3.28,14.39291522,11.08492026,11600,19400
5/30/2008,13400,16.72,17.48,20.36,-3.64,8.196167834,9.90821261,12500,21800
5/31/2008,14400,16.06,16.72,20.12,-4.06,2.902833975,11.84643989,13400,21400
6/1/2008,14300,15.34,16.06,19.88,-4.54,0.620701163,14.71555461,14400,15400
6/2/2008,14600,14.6,15.34,19.48,-4.88,0.506441212,14.92830966,14300,12300
6/3/2008,15500,13.34,14.6,18.86,-5.52,0.124630933,12.09073798,14600,11100
6/4/2008,16700,12.62,13.34,18.24,-5.62,5.183353854,6.85637984,15500,11600
6/5/2008,17700,12.48,12.62,17.48,-5,15.86127719,7.635503057,16700,12500
6/6/2008,18300,12.84,12.48,16.72,-3.88,22.86713929,10.04361516,17700,13400
6/7/2008,15900,12.48,12.84,16.06,-3.58,23.44822071,6.094809851,18300,14400
6/8/2008,13600,11.78,12.48,15.34,-3.56,24.9594457,7.157454594,15900,14300
6/9/2008,12000,11.4,11.78,14.6,-3.2,24.9594457,8.63414418,13600,14600
6/10/2008,10700,10.66,11.4,13.34,-2.68,24.9594457,12.45657584,12000,15500
6/11/2008,9950,9.8,10.66,12.62,-2.82,21.07337054,5.284613297,10700,16700
6/12/2008,10500,9.6,9.8,12.48,-2.88,13.34244808,6.684511994,9950,17700
6/13/2008,10000,9.16,9.6,12.84,-3.68,6.341296514,9.561730771,10500,18300
6/14/2008,8360,8.32,9.16,12.48,-4.16,5.760215096,13.81784028,10000,15900
6/15/2008,8090,7.14,8.32,11.78,-4.64,4.464512845,16.17605295,8360,13600
6/16/2008,8680,6.42,7.14,11.4,-4.98,4.464512845,16.95974043,8090,12000
6/17/2008,9470,5.68,6.42,10.66,-4.98,4.464512845,17.25202683,8680,10700
6/18/2008,10100,5.28,5.68,9.8,-4.52,3.178506697,17.78232475,9470,9950
6/19/2008,10500,4.9,5.28,9.6,-4.7,0.231505827,15.73530729,10100,10500
6/20/2008,10900,4.58,4.9,9.16,-4.58,0.226795283,14.42068108,10500,10000
6/21/2008,10800,4.3,4.58,8.32,-4.02,0.226795283,15.74292734,10900,8360
6/22/2008,9910,4.04,4.3,7.14,-3.1,0.01127255,17.88806931,10800,8090
6/23/2008,9130,3.8,4.04,6.42,-2.62,0.106540269,16.85261433,9910,8680
6/24/2008,8690,3.48,3.8,5.68,-2.2,0.125573912,17.20588609,9130,9470
6/25/2008,8530,3.18,3.48,5.28,-2.1,0.166163366,18.52075498,8690,10100
6/26/2008,8270,2.92,3.18,4.9,-1.98,0.166163366,18.44326473,8530,10500
6/27/2008,8070,2.58,2.92,4.58,-2,0.166163366,17.74378489,8270,10900
6/28/2008,7820,2.22,2.58,4.3,-2.08,0.166163366,16.70084059,8070,10800
6/29/2008,7420,1.88,2.22,4.04,-2.16,0.166163366,17.46218983,7820,9910
6/30/2008,6950,1.48,1.88,3.8,-2.32,0.070895646,19.04134222,7420,9130
7/1/2008,6590,1.04,1.48,3.48,-2.44,0.051862003,18.61628341,6950,8690
7/2/2008,6130,0.66,1.04,3.18,-2.52,0.171892282,18.89269816,6590,8530
7/3/2008,5720,0.3,0.66,2.92,-2.62,0.583090044,18.43006747,6130,8270
7/4/2008,5480,0.04,0.3,2.58,-2.54,0.588067909,20.29572552,5720,8070
7/5/2008,4980,0,0.04,2.22,-2.22,0.588067909,20.23226279,5480,7820
7/6/2008,4440,0,0,1.88,-1.88,0.588067909,18.02760462,4980,7420
7/7/2008,3920,0,0,1.48,-1.48,0.812437829,17.68125152,4440,6950
7/8/2008,3630,0,0,1.04,-1.04,0.812437829,18.07769092,3920,6590
7/9/2008,3260,0,0,0.66,-0.66,0.640545547,19.15364689,3630,6130
7/10/2008,2930,0,0,0.3,-0.3,0.229347785,19.35700687,3260,5720
7/11/2008,2610,0,0,0.04,-0.04,0.22436992,18.88298191,2930,5480
7/12/2008,2320,0,0,0,0,0.22436992,16.48204561,2610,4980
7/13/2008,2090,0,0,0,0,0.22436992,17.70742102,2320,4440
7/14/2008,1900,0,0,0,0,0,18.57133756,2090,3920
7/15/2008,1720,0,0,0,0,0,18.03657871,1900,3630
7/16/2008,1540,0,0,0,0,0,18.84141659,1720,3260
7/17/2008,1410,0,0,0,0,0,18.37653296,1540,2930
7/18/2008,1320,0,0,0,0,0.056046878,18.9958797,1410,2610
7/19/2008,1240,0,0,0,0,0.056046878,20.10357897,1320,2320
7/20/2008,1210,0,0,0,0,0.063163776,21.10856721,1240,2090
7/21/2008,1160,0,0,0,0,0.063163776,21.00006226,1210,1900
7/22/2008,1060,0,0,0,0,0.156771919,20.79317506,1160,1720
7/23/2008,950,0,0,0,0,1.243212716,19.86505702,1060,1540
7/24/2008,868,0,0,0,0,1.854005067,20.31961574,950,1410
7/25/2008,1050,0,0,0,0,1.956007955,21.20573632,868,1320
7/26/2008,1090,0,0,0,0,1.956007955,21.29923161,1050,1240
7/27/2008,921,0,0,0,0,1.962622109,20.96390766,1090,1210
7/28/2008,816,0,0,0,0,2.013554046,17.61628437,921,1160
7/29/2008,755,0,0,0,0,3.12834246,19.01198711,816,1060
7/30/2008,722,0,0,0,0,2.041901663,19.72324435,755,950
7/31/2008,696,0,0,0,0,1.435819855,20.81803637,722,868
8/1/2008,614,0,0,0,0,1.277770091,21.60064162,696,1050
8/2/2008,536,0,0,0,0,1.277770091,21.23092471,614,1090
8/3/2008,494,0,0,0,0,1.347020161,21.33168704,536,921
8/4/2008,463,0,0,0,0,1.392720866,21.03995639,494,816
8/5/2008,429,0,0,0,0,0.184324308,20.64364895,463,755
8/6/2008,409,0,0,0,0,0.184324308,18.34584453,429,722
8/7/2008,404,0,0,0,0,5.73050107,18.61434097,409,696
8/8/2008,408,0,0,0,0,7.681118514,18.16854498,404,614
8/9/2008,459,0,0,0,0,13.3094897,18.45226088,408,536
8/10/2008,568,0,0,0,0,16.9378541,16.90145129,459,494
8/11/2008,640,0,0,0,0,19.59429758,16.31766683,568,463
8/12/2008,692,0,0,0,0,19.79830455,16.38297192,640,429
8/13/2008,694,0,0,0,0,19.79830455,17.1470887,692,409
8/14/2008,645,0,0,0,0,14.24741724,16.16815507,694,404
8/15/2008,528,0,0,0,0,12.2967998,11.37626743,645,408
8/16/2008,453,0,0,0,0,8.218017081,10.68385762,528,459
8/17/2008,414,0,0,0,0,5.499445644,12.29741278,453,568
8/18/2008,426,0,0,0,0,2.849202002,15.43518129,414,640
8/19/2008,464,0,0,0,0,2.645195039,17.81722312,426,692
8/20/2008,457,0,0,0,0,2.645195039,18.6446124,464,694
8/21/2008,414,0,0,0,0,2.749221198,18.79313064,457,645
8/22/2008,356,0,0,0,0,2.749221198,18.54312116,414,528
8/23/2008,319,0,0,0,0,1.199632729,19.2567439,356,453
8/24/2008,305,0,0,0,0,0.20685864,20.72026272,319,414
8/25/2008,297,0,0,0,0,0.356481188,19.74664823,305,426
8/26/2008,283,0,0,0,0,0.688467038,18.67885357,297,464
8/27/2008,250,0,0,0,0,0.688467038,16.45994638,283,457
8/28/2008,221,0,0,0,0,0.58444088,16.39623235,250,414
8/29/2008,234,0,0,0,0,0.58444088,17.36203125,221,356
8/30/2008,254,0,0,0,0,0.58444088,18.19818998,234,319
8/31/2008,257,0,0,0,0,0.58444088,14.70509958,254,305
9/1/2008,318,0,0,0,0,5.93081517,9.897368283,257,297
9/2/2008,393,0,0,0,0,19.32121774,8.313548155,318,283
9/3/2008,536,0,0,0,0,19.43566827,11.05152754,393,250
9/4/2008,607,0,0,0,0,19.43566827,10.75864509,536,221
9/5/2008,491,0,0,0,0,19.46557853,10.48055904,607,234
9/6/2008,442,0,0,0,0,19.46557853,11.36289803,491,254
9/7/2008,377,0,0,0,0,19.46557853,12.82728837,442,257
9/8/2008,350,0,0,0,0,13.86674921,12.13453431,377,318
9/9/2008,309,0,0,0,0,0.144360781,14.66868049,350,393
9/10/2008,301,0,0,0,0,0.576047548,12.26166663,309,536
9/11/2008,311,0,0,0,0,6.499588906,9.515062973,301,607
9/12/2008,346,0,0,0,0,15.29440705,8.436284271,311,491
9/13/2008,357,0,0,0,0,18.77652171,10.98002404,346,442
9/14/2008,419,0,0,0,0,18.77652171,10.55994267,357,377
9/15/2008,522,0,0,0,0,18.77652171,13.0173983,419,350
9/16/2008,534,0,0,0,0,18.78123225,14.01568295,522,309
9/17/2008,474,0,0,0,0,18.23509495,14.4338756,534,301
9/18/2008,409,0,0,0,0,12.44065292,13.67339885,474,311
9/19/2008,359,0,0,0,0,3.923979497,13.21346404,409,346
9/20/2008,318,0,0,0,0,0.441864835,13.13608949,359,357
9/21/2008,302,0,0,0,0,5.59731091,13.22906855,318,419
9/22/2008,317,0,0,0,0,7.2556135,11.12186495,302,522
9/23/2008,330,0,0,0,0,11.51509413,8.470648349,317,534
9/24/2008,328,0,0,0,0,11.51509413,11.68732635,330,474
9/25/2008,370,0,0,0,0,11.39070535,14.36482584,328,409
9/26/2008,362,0,0,0,0,11.08265038,15.22602759,370,359
9/27/2008,341,0,0,0,0,11.08265038,14.40955315,362,318
9/28/2008,320,0,0,0,0,5.927204308,14.46771871,341,302
9/29/2008,300,0,0,0,0,4.280301846,13.92514088,320,317
9/30/2008,280,0,0,0,0,0.016110672,14.19642775,300,330
10/1/2008,272,0,0,0,0,0.016110672,14.01301937,280,328
10/2/2008,269,0,0,0,0,0.011400128,13.28128938,272,370
10/3/2008,262,0,0,0,0,0.011400128,12.48748236,269,362
10/4/2008,265,0,0,0,0,0.011400128,9.920315979,262,341
10/5/2008,286,0.04,0,0,0.04,4.783171975,6.894347645,265,320
10/6/2008,289,0.02,0.04,0,0.02,11.98812563,5.866888241,286,300
10/7/2008,297,0.02,0.02,0,0.02,11.98812563,7.588953905,289,280
10/8/2008,322,0.02,0.02,0,0.02,11.98812563,9.769365455,297,272
10/9/2008,349,0.02,0.02,0,0.02,11.98812563,10.24649604,322,269
10/10/2008,394,0.04,0.02,0,0.04,12.22541373,6.367286366,349,262
10/11/2008,371,0.04,0.04,0,0.04,14.77909131,5.723097431,394,265
10/12/2008,347,0.1,0.04,0.04,0.06,14.33484014,-0.423432697,371,286
10/13/2008,323,0.06,0.1,0.02,0.04,7.261439997,-1.401619545,347,289
10/14/2008,327,0.04,0.06,0.02,0.02,7.261439997,1.474815366,323,297
10/15/2008,354,0.02,0.04,0.02,0,7.261439997,4.342591851,327,322
10/16/2008,406,0.08,0.02,0.02,0.06,7.261439997,6.76474386,354,349
10/17/2008,393,0.1,0.08,0.04,0.06,7.024151897,8.166220196,406,394
10/18/2008,374,0.14,0.1,0.04,0.1,4.470474322,9.785345063,393,371
10/19/2008,364,0.14,0.14,0.1,0.04,0.142953636,9.347759508,374,347
10/20/2008,366,0.16,0.14,0.06,0.1,0,7.651541877,364,323
10/21/2008,358,0.2,0.16,0.04,0.16,1.051269692,3.253094763,366,327
10/22/2008,340,0.38,0.2,0.02,0.36,5.159429671,-1.630392444,358,354
10/23/2008,342,0.44,0.38,0.08,0.36,5.820462728,0.458459384,340,406
10/24/2008,372,0.48,0.44,0.1,0.38,6.24992588,3.929883899,342,393
10/25/2008,417,0.5,0.48,0.14,0.36,6.24992588,7.069387875,372,374
10/26/2008,415,0.5,0.5,0.14,0.36,6.24992588,6.408488368,417,364
10/27/2008,413,0.48,0.5,0.16,0.32,6.24992588,6.822361922,415,366
10/28/2008,439,0.46,0.48,0.2,0.26,5.198656188,8.497180535,413,358
10/29/2008,452,0.36,0.46,0.38,-0.02,1.090496209,9.084710174,439,340
10/30/2008,451,0.26,0.36,0.44,-0.18,0.429463152,8.423904327,452,342
10/31/2008,455,0.26,0.26,0.48,-0.22,0,9.371349673,451,372
11/1/2008,446,0.28,0.26,0.5,-0.22,0,9.527854827,455,417
11/2/2008,449,0.3,0.28,0.5,-0.2,0.018964835,8.466909834,446,415
11/3/2008,457,0.36,0.3,0.48,-0.12,6.108025764,4.735500164,449,413
11/4/2008,462,0.36,0.36,0.46,-0.1,6.852426673,3.601061085,457,439
11/5/2008,496,0.62,0.36,0.36,0.26,14.32869454,-4.464693018,462,452
11/6/2008,509,0.88,0.62,0.26,0.62,17.0273834,-5.970888734,496,451
11/7/2008,531,0.98,0.88,0.26,0.72,17.12970649,-4.919966221,509,455
11/8/2008,510,1.2,0.98,0.28,0.92,17.97972637,2.049769009,531,446
11/9/2008,440,1.2,1.2,0.3,0.9,17.96076154,3.368105287,510,449
11/10/2008,396,1.26,1.2,0.36,0.9,13.23227164,1.47871502,440,457
11/11/2008,444,1.56,1.26,0.36,1.2,17.85193615,1.294369591,396,462
11/12/2008,497,1.94,1.56,0.62,1.32,14.4917754,1.209762717,444,496
11/13/2008,516,2.4,1.94,0.88,1.52,16.21179962,4.099931547,497,509
11/14/2008,524,2.42,2.4,0.98,1.44,17.05221145,-2.42463956,516,531
11/15/2008,519,2.42,2.42,1.2,1.22,16.20219157,-1.218678924,524,510
11/16/2008,511,2.36,2.42,1.2,1.16,16.20219157,3.645141618,519,440
11/17/2008,492,2.4,2.36,1.26,1.14,14.84162054,5.72712697,511,396
11/18/2008,424,2.4,2.4,1.56,0.84,9.47755513,6.715667409,492,444
11/19/2008,416,2.34,2.4,1.94,0.4,5.361448004,5.238159965,424,497
11/20/2008,455,2.28,2.34,2.4,-0.12,0.942734933,0.408569583,416,516
11/21/2008,448,2.24,2.28,2.42,-0.18,0,-0.745131626,455,524
11/22/2008,430,2.22,2.24,2.42,-0.2,0,0.814928267,448,519
11/23/2008,437,2.22,2.22,2.36,-0.14,0,-0.240827575,430,511
11/24/2008,421,2.16,2.22,2.4,-0.24,0,-0.246846061,437,492
11/25/2008,346,2.14,2.16,2.4,-0.26,0,1.316320848,421,424
11/26/2008,329,2.12,2.14,2.34,-0.22,0,2.012864764,346,416
11/27/2008,333,2.2,2.12,2.28,-0.08,1.232307797,0.920926394,329,455
11/28/2008,343,2.28,2.2,2.24,0.04,2.69605456,-0.562302943,333,448
11/29/2008,397,2.62,2.28,2.22,0.4,5.06288485,-0.290111425,343,430
11/30/2008,434,3.02,2.62,2.22,0.8,8.153769584,-0.920311495,397,437
12/1/2008,443,3.42,3.02,2.16,1.26,12.42748665,1.357001324,434,421
12/2/2008,429,3.46,3.42,2.14,1.32,12.90185839,2.7350832,443,346
12/3/2008,410,3.56,3.46,2.12,1.44,13.64111717,-0.878378458,429,329
12/4/2008,415,3.86,3.56,2.2,1.66,15.13948988,-6.86480052,410,333
12/5/2008,357,4.22,3.86,2.28,1.94,17.93773515,-7.414452099,415,343
12/6/2008,265,4.3,4.22,2.62,1.68,16.25101849,0.238128849,357,397
12/7/2008,274,4.3,4.3,3.02,1.28,13.16013376,2.960638068,265,434
12/8/2008,269,4.36,4.3,3.42,0.94,8.886416698,-2.974684584,274,443
12/9/2008,257,4.52,4.36,3.46,1.06,11.45715418,-7.704359192,269,429
12/10/2008,247,4.5,4.52,3.56,0.94,10.74267748,-3.898815142,257,410
12/11/2008,263,4.56,4.5,3.86,0.7,8.056454478,-2.326968513,247,415
12/12/2008,260,4.56,4.56,4.22,0.34,3.794462443,-2.544261159,263,357
12/13/2008,285,4.76,4.56,4.3,0.46,6.970019846,-2.989619854,260,265
12/14/2008,275,5.14,4.76,4.3,0.84,17.49013932,-12.41978461,285,274
12/15/2008,275,5.24,5.14,4.36,0.88,21.56959153,-12.15343135,275,269
12/16/2008,326,5.48,5.24,4.52,0.96,23.11801863,-9.079673505,275,257
12/17/2008,317,5.72,5.48,4.5,1.22,26.384019,-9.575248567,326,247
12/18/2008,341,5.82,5.72,4.56,1.26,28.53212023,-6.363489423,317,263
12/19/2008,349,6.26,5.82,4.56,1.7,36.9321308,-7.384845951,341,260
12/20/2008,367,6.42,6.26,4.76,1.66,36.31028854,-13.73301647,349,285
12/21/2008,386,6.54,6.42,5.14,1.4,26.87516755,-10.93963163,367,275
12/22/2008,370,6.7,6.54,5.24,1.46,25.14110219,-5.543985817,386,275
12/23/2008,367,7.16,6.7,5.48,1.68,32.62428667,-9.934659628,370,326
12/24/2008,348,7.44,7.16,5.72,1.72,32.03183278,-12.31097877,367,317
12/25/2008,385,7.58,7.44,5.82,1.76,31.75728307,-5.363589683,348,341
12/26/2008,366,7.88,7.58,6.26,1.62,27.83393695,-7.431900143,385,349
12/27/2008,375,8.44,7.88,6.42,2.02,32.62638071,-15.42044593,366,367
12/28/2008,409,8.6,8.44,6.54,2.06,33.44385499,-7.384385652,375,386
12/29/2008,381,8.74,8.6,6.7,2.04,32.99067108,-2.866241369,409,370
12/30/2008,367,8.76,8.74,7.16,1.6,20.91395028,-3.114731726,381,367
12/31/2008,385,8.74,8.76,7.44,1.3,18.21562172,0,367,348
1/1/2009,424,8.8,8.74,7.58,1.22,16.29761269,-3.010572844,385,385
1/2/2009,392,8.82,8.8,7.88,0.94,11.83078556,0.154050686,424,366
1/3/2009,406,8.88,8.82,8.44,0.44,5.833775902,-9.018609243,392,375
1/4/2009,378,9.32,8.88,8.6,0.72,8.522870051,-18.09856068,406,409
1/5/2009,393,9.34,9.32,8.74,0.6,6.63066711,-15.79121204,378,381
1/6/2009,432,9.66,9.34,8.76,0.9,8.98223728,-8.855213432,393,367
1/7/2009,378,10.36,9.66,8.74,1.62,13.92247965,-2.219449374,432,385
1/8/2009,417,11.06,10.36,8.8,2.26,20.00994883,0.556420116,378,424
1/9/2009,413,11.1,11.06,8.82,2.28,21.93400455,-4.997676208,417,392
1/10/2009,410,11.7,11.1,8.88,2.82,23.4477886,-8.210402073,413,406
1/11/2009,416,11.8,11.7,9.32,2.48,19.47815591,-5.9575647,410,378
1/12/2009,435,12.22,11.8,9.34,2.88,23.17034407,-3.794276339,416,393
1/13/2009,448,12.7,12.22,9.66,3.04,23.39826073,-2.266919163,435,432
1/14/2009,462,12.84,12.7,10.36,2.48,18.73020935,-3.329484581,448,378
1/15/2009,467,12.86,12.84,11.06,1.8,12.64274018,-2.892397719,462,417
1/16/2009,431,12.88,12.86,11.1,1.78,10.70884714,-2.927906766,467,413
1/17/2009,431,12.88,12.88,11.7,1.18,7.165800196,-2.997017733,431,410
1/18/2009,464,12.9,12.88,11.8,1.1,6.543865982,-4.153387283,431,416
1/19/2009,430,12.94,12.9,12.22,0.72,2.851677826,-3.308464452,464,435
1/20/2009,455,12.94,12.94,12.7,0.24,0.272190996,-2.526361063,430,448
1/21/2009,459,12.96,12.94,12.84,0.12,0,-1.613674452,455,462
1/22/2009,463,12.96,12.96,12.86,0.1,0,-0.138908259,459,467
1/23/2009,455,13.14,12.96,12.88,0.26,4.452484217,0.796360677,463,431
1/24/2009,467,14.46,13.14,12.88,1.58,16.05535726,1.49572566,455,431
1/25/2009,480,15.42,14.46,12.9,2.52,26.43362574,-2.303134121,467,464
1/26/2009,445,16.24,15.42,12.94,3.3,39.24925791,-13.41225781,480,430
1/27/2009,417,16.5,16.24,12.94,3.56,43.13523356,-15.50847019,445,455
1/28/2009,396,16.62,16.5,12.96,3.66,44.10765067,-9.357512636,417,459
1/29/2009,459,17.42,16.62,12.96,4.46,49.67592683,-7.540130162,396,463
1/30/2009,524,17.76,17.42,13.14,4.62,46.89015972,-4.692107799,459,455
1/31/2009,516,17.82,17.76,14.46,3.36,35.28728668,-4.418192888,524,467
2/1/2009,546,17.86,17.82,15.42,2.44,25.13705281,-5.193645672,516,480
2/2/2009,552,17.9,17.86,16.24,1.66,12.32142063,-4.49893565,546,445
2/3/2009,600,17.9,17.9,16.5,1.4,8.481907837,-2.251745948,552,417
2/4/2009,576,17.9,17.9,16.62,1.28,7.50949073,-1.796172091,600,396
2/5/2009,573,17.92,17.9,17.42,0.5,1.941214571,-0.488552944,576,459
2/6/2009,606,18.02,17.92,17.76,0.26,0.338899595,-0.336036566,573,524
2/7/2009,631,18.28,18.02,17.82,0.46,1.449016376,0.554142434,606,516
2/8/2009,623,18.34,18.28,17.86,0.48,1.309312752,1.765397056,631,546
2/9/2009,666,18.76,18.34,17.9,0.86,5.36589855,-2.434616952,623,552
2/10/2009,703,19.1,18.76,17.9,1.2,11.01230486,-5.271893341,666,600
2/11/2009,707,19.2,19.1,17.9,1.3,11.23715738,-6.107130482,703,576
2/12/2009,711,19.52,19.2,17.92,1.6,13.46028975,-5.313797037,707,573
2/13/2009,701,19.56,19.52,18.02,1.54,14.63536862,-7.151678557,711,606
2/14/2009,696,19.7,19.56,18.28,1.42,13.97660594,-5.923939067,701,631
2/15/2009,671,20.08,19.7,18.34,1.74,19.26337399,-7.456627853,696,623
2/16/2009,657,20.22,20.08,18.76,1.46,15.44643204,-3.740297717,671,666
2/17/2009,637,20.36,20.22,19.1,1.26,10.45617,-2.567359437,657,703
2/18/2009,592,20.92,20.36,19.2,1.72,20.02129668,-3.755661377,637,707
2/19/2009,551,21.52,20.92,19.52,2,21.57268412,-5.278248928,592,711
2/20/2009,554,21.66,21.52,19.56,2.1,20.79362374,-5.1803856,551,701
2/21/2009,581,21.7,21.66,19.7,2,20.60239866,-4.67484547,554,696
2/22/2009,572,21.72,21.7,20.08,1.64,15.47917704,-0.619516582,581,671
2/23/2009,611,21.8,21.72,20.22,1.58,15.94429273,1.358470385,572,657
2/24/2009,683,22.3,21.8,20.36,1.94,19.19117783,3.211198415,611,637
2/25/2009,730,22.34,22.3,20.92,1.42,10.19571352,3.959293518,683,592
2/26/2009,800,22.44,22.34,21.52,0.92,6.931353575,1.335221503,730,551
2/27/2009,803,22.64,22.44,21.66,0.98,7.434310826,-5.294148907,800,554
2/28/2009,781,22.76,22.64,21.7,1.06,7.740803323,-5.589917185,803,581
3/1/2009,810,22.82,22.76,21.72,1.1,7.5794349,0.97552937,781,572
3/2/2009,967,22.96,22.82,21.8,1.16,7.156484836,6.038503735,810,611
3/3/2009,1250,23.06,22.96,22.3,0.76,3.206992613,7.221981923,967,683
3/4/2009,1260,23.04,23.06,22.34,0.7,2.412477727,5.737635537,1250,730
3/5/2009,1400,23.12,23.04,22.44,0.68,2.304578862,-1.721116363,1260,800
3/6/2009,1440,23.22,23.12,22.64,0.58,3.21256205,-2.213037536,1400,803
3/7/2009,1390,23.46,23.22,22.76,0.7,4.708609761,-2.962341352,1440,781
3/8/2009,1210,23.72,23.46,22.82,0.9,6.790740213,-1.955849576,1390,810
3/9/2009,1040,23.82,23.72,22.96,0.86,6.856863308,-1.341002693,1210,967
3/10/2009,962,24.16,23.82,23.06,1.1,12.64137107,-7.739039788,1040,1250
3/11/2009,900,24.3,24.16,23.04,1.26,14.51214005,-4.441714431,962,1260
3/12/2009,833,24.42,24.3,23.12,1.3,14.24267913,-2.102855304,900,1400
3/13/2009,769,24.46,24.42,23.22,1.24,12.37131806,-2.068879893,833,1440
3/14/2009,744,24.5,24.46,23.46,1.04,10.30864883,-0.023463658,769,1390
3/15/2009,735,24.52,24.5,23.72,0.8,8.136009383,1.772930247,744,1210
3/16/2009,713,24.52,24.52,23.82,0.7,7.788076825,5.091586669,735,1040
3/17/2009,713,24.48,24.52,24.16,0.32,2.003569067,6.340229623,713,962
3/18/2009,758,24.4,24.48,24.3,0.1,0.13280008,5.247090386,713,900
3/19/2009,877,24.34,24.4,24.42,-0.08,0,5.39142394,758,833
3/20/2009,1120,24.24,24.34,24.46,-0.22,0,8.211216487,877,769
3/21/2009,1270,24.1,24.24,24.5,-0.4,0,8.715798527,1120,744
3/22/2009,1470,23.98,24.1,24.52,-0.54,0,6.929374266,1270,735
3/23/2009,1790,23.82,23.98,24.52,-0.7,2.374235077,-1.018208863,1470,713
3/24/2009,2290,24.32,23.82,24.48,-0.16,10.54426276,-1.410341055,1790,713
3/25/2009,2330,24.72,24.32,24.4,0.32,14.24722235,-2.492205472,2290,758
3/26/2009,1920,25.64,24.72,24.34,1.3,22.4409204,-6.513541854,2330,877
3/27/2009,1650,26.06,25.64,24.24,1.82,29.94362145,-7.63212617,1920,1120
3/28/2009,1530,26.14,26.06,24.1,2.04,30.92557505,-2.881059473,1650,1270
3/29/2009,1400,26.34,26.14,23.98,2.36,31.44166244,0.521320368,1530,1470
3/30/2009,1420,26.82,26.34,23.82,3,35.7036688,-8.211400543,1400,1790
3/31/2009,1530,27.16,26.82,24.32,2.84,30.65971774,-5.620706438,1420,2290
4/1/2009,1490,28.04,27.16,24.72,3.32,34.29227198,-3.983773803,1530,2330
4/2/2009,1370,28.36,28.04,25.64,2.72,31.18343947,-2.795179959,1490,1920
4/3/2009,1310,28.72,28.36,26.06,2.66,27.12254312,0.144950687,1370,1650
4/4/2009,1320,29.16,28.72,26.14,3.02,35.8340896,-5.800082078,1310,1530
4/5/2009,1370,29.24,29.16,26.34,2.9,38.60880341,-6.836150322,1320,1400
4/6/2009,1290,29.4,29.24,26.82,2.58,32.46516668,-2.482395741,1370,1420
4/7/2009,1180,29.64,29.4,27.16,2.48,29.66900761,2.720634877,1290,1530
4/8/2009,1150,29.7,29.64,28.04,1.66,22.57432222,5.378141919,1180,1490
4/9/2009,1410,29.5,29.7,28.36,1.14,18.17169889,0.540584494,1150,1370
4/10/2009,1890,29.66,29.5,28.72,0.94,24.34100461,4.585537911,1410,1310
4/11/2009,2220,29.72,29.66,29.16,0.56,17.32108689,4.276640429,1890,1320
4/12/2009,2310,29.76,29.72,29.24,0.52,17.93939758,4.448514318,2220,1370
4/13/2009,2860,29.78,29.76,29.4,0.38,21.67727975,5.047774127,2310,1290
4/14/2009,3640,29.64,29.78,29.64,0,21.80348738,6.625980901,2860,1180
4/15/2009,4260,29.5,29.64,29.7,-0.2,21.56265893,7.845253844,3640,1150
4/16/2009,4460,29.36,29.5,29.5,-0.14,22.88409206,0.209755123,4260,1410
4/17/2009,5760,29.54,29.36,29.66,-0.12,20.77475291,1.314284547,4460,1890
4/18/2009,4990,29.54,29.54,29.72,-0.18,18.54328666,2.664998918,5760,2220
4/19/2009,4090,29.5,29.54,29.76,-0.26,14.64493645,5.063483497,4990,2310
4/20/2009,3560,29.4,29.5,29.78,-0.38,10.4234007,8.482679822,4090,2860
4/21/2009,3940,28.9,29.4,29.64,-0.74,9.967275518,9.598931598,3560,3640
4/22/2009,5130,28.22,28.9,29.5,-1.28,9.967275518,10.22751206,3940,4260
4/23/2009,6620,27.4,28.22,29.36,-1.96,7.963600189,11.35592836,5130,4460
4/24/2009,7990,26.4,27.4,29.54,-3.14,0.464793772,9.053270035,6620,5760
4/25/2009,9350,25.68,26.4,29.54,-3.86,2.638247511,6.578352767,7990,4990
4/26/2009,9940,25.2,25.68,29.5,-4.3,12.07640799,2.126537676,9350,4090
4/27/2009,10800,25.46,25.2,29.4,-3.94,23.59312416,2.150937449,9940,3560
4/28/2009,9520,25.56,25.46,28.9,-3.34,26.75837573,7.992222554,10800,3940
4/29/2009,7730,25.04,25.56,28.22,-3.18,28.65681871,7.808998569,9520,5130
4/30/2009,8030,24.34,25.04,27.4,-3.06,28.65681871,7.527726967,7730,6620
5/1/2009,9580,23.44,24.34,26.4,-2.96,28.65385386,6.886072735,8030,7990
5/2/2009,9990,22.9,23.44,25.68,-2.78,27.55736871,6.639527583,9580,9350
5/3/2009,9330,23.18,22.9,25.2,-2.02,30.51188625,5.993934159,9990,9940
5/4/2009,11900,22.88,23.18,25.46,-2.58,23.27932568,6.560825574,9330,10800
5/5/2009,11200,22.74,22.88,25.56,-2.82,21.63052909,9.057382543,11900,9520
5/6/2009,10100,22.68,22.74,25.04,-2.36,20.96254623,10.34691253,11200,7730
5/7/2009,10400,22.4,22.68,24.34,-1.94,20.96254623,9.5019553,10100,8030
5/8/2009,11900,21.58,22.4,23.44,-1.86,20.96254623,6.323800443,10400,9580
5/9/2009,12700,21.32,21.58,22.9,-1.58,19.44346153,5.004125362,11900,9990
5/10/2009,11600,21,21.32,23.18,-2.18,7.04002183,7.790220257,12700,9330
5/11/2009,10600,20.48,21,22.88,-2.4,2.746915092,10.5222613,11600,11900
5/12/2009,10600,19.46,20.48,22.74,-3.28,1.553382209,12.39469022,10600,11200
5/13/2009,11400,18.96,19.46,22.68,-3.72,0.322922092,5.907734662,10600,10100
5/14/2009,12400,18.74,18.96,22.4,-3.66,0.322922092,8.78505936,11400,10400
5/15/2009,10900,18.08,18.74,21.58,-3.5,0.322922092,9.758294749,12400,11900
5/16/2009,10300,17.36,18.08,21.32,-3.96,0.322922092,10.01762788,10900,12700
5/17/2009,10800,16.72,17.36,21,-4.28,0.322922092,12.84031766,10300,11600
5/18/2009,11000,15.84,16.72,20.48,-4.64,0.322922092,15.7934669,10800,10600
5/19/2009,11400,14.84,15.84,19.46,-4.62,0,15.31683053,11000,10600
5/20/2009,12300,13.9,14.84,18.96,-5.06,0.066009103,13.75611539,11400,11400
5/21/2009,13100,13.08,13.9,18.74,-5.66,0.462023179,12.88850829,12300,12400
5/22/2009,13600,12.38,13.08,18.08,-5.7,0.49565562,13.02568255,13100,10900
5/23/2009,13400,11.52,12.38,17.36,-5.84,1.22793926,11.91899901,13600,10300
5/24/2009,12600,11.06,11.52,16.72,-5.66,7.85054953,10.95005772,13400,10800
5/25/2009,12700,10.48,11.06,15.84,-5.36,15.1254216,10.06460205,12600,11000
5/26/2009,13300,9.96,10.48,14.84,-4.88,23.39652624,9.985894773,12700,11400
5/27/2009,15300,9.36,9.96,13.9,-4.54,25.67060463,10.73628803,13300,12300
5/28/2009,13200,8.74,9.36,13.08,-4.34,25.53353692,12.60161021,15300,13100
5/29/2009,11700,8.26,8.74,12.38,-4.12,26.76184363,13.56638381,13200,13600
5/30/2009,10600,7.72,8.26,11.52,-3.8,26.32409952,13.66828184,11700,13400
5/31/2009,10400,7.12,7.72,11.06,-3.94,20.12592607,13.30541335,10600,12600
6/1/2009,10300,6.7,7.12,10.48,-3.78,14.17216435,12.19811616,10400,12700
6/2/2009,10400,5.84,6.7,9.96,-4.12,14.04847786,11.95012615,10300,13300
6/3/2009,11400,5.54,5.84,9.36,-3.82,21.58124445,12.17879725,10400,15300
6/4/2009,12900,5.24,5.54,8.74,-3.5,26.06902059,13.12641214,11400,13200
6/5/2009,13900,4.84,5.24,8.26,-3.42,25.25060256,14.21191397,12900,11700
6/6/2009,12500,4.68,4.84,7.72,-3.04,25.41481085,11.30376575,13900,10600
6/7/2009,11300,4.4,4.68,7.12,-2.72,24.99510563,9.771004662,12500,10400
6/8/2009,10500,4.42,4.4,6.7,-2.28,28.89756477,10.41986766,11300,10300
6/9/2009,9350,4.36,4.42,5.84,-1.48,26.98312249,10.4211647,10500,10400
6/10/2009,8840,4.22,4.36,5.54,-1.32,21.39631731,10.5374357,9350,11400
6/11/2009,8980,4.2,4.22,5.24,-1.04,25.44995006,9.650362176,8840,12900
6/12/2009,9330,4.26,4.2,4.84,-0.58,32.63615138,10.35138611,8980,13900
6/13/2009,10300,4.12,4.26,4.68,-0.56,32.85264636,13.81007627,9330,12500
6/14/2009,8970,3.84,4.12,4.4,-0.56,32.86410884,11.7895672,10300,11300
6/15/2009,8200,3.68,3.84,4.42,-0.74,28.52872785,10.83192126,8970,10500
6/16/2009,8110,3.56,3.68,4.36,-0.8,26.68523984,11.7616691,8200,9350
6/17/2009,7880,3.3,3.56,4.22,-0.92,23.14807293,12.68317218,8110,8840
6/18/2009,7350,3.06,3.3,4.2,-1.14,14.62593863,10.3995201,7880,8980
6/19/2009,7310,2.96,3.06,4.26,-1.3,11.80540983,11.99772068,7350,9330
6/20/2009,7710,2.64,2.96,4.12,-1.48,11.13016703,14.16897073,7310,10300
6/21/2009,7120,2.42,2.64,3.84,-1.42,13.34230768,12.07723315,7710,8970
6/22/2009,6970,2,2.42,3.68,-1.68,19.38065586,14.00699575,7120,8200
6/23/2009,7390,1.64,2,3.56,-1.92,14.99116801,16.47499201,6970,8110
6/24/2009,7040,1.2,1.64,3.3,-2.1,14.242286,18.02903039,7390,7880
6/25/2009,6450,0.72,1.2,3.06,-2.34,13.96406505,18.73132799,7040,7350
6/26/2009,6210,0.32,0.72,2.96,-2.64,10.35012845,14.27379235,6450,7310
6/27/2009,5970,0.12,0.32,2.64,-2.52,18.23431816,14.55571421,6210,7710
6/28/2009,6720,0,0.12,2.42,-2.42,16.02453446,16.08216445,5970,7120
6/29/2009,6070,0,0,2,-2,9.097997789,17.03354735,6720,6970
6/30/2009,5210,0,0,1.64,-1.64,9.097997789,17.47561497,6070,7390
7/1/2009,4570,0,0,1.2,-1.2,9.097997789,17.76936467,5210,7040
7/2/2009,4060,0,0,0.72,-0.72,10.69859085,17.49539266,4570,6450
7/3/2009,3810,0,0,0.32,-0.32,11.36597019,16.40002069,4060,6210
7/4/2009,3800,0,0,0.12,-0.12,5.742591273,15.75893913,3810,5970
7/5/2009,4210,0,0,0,0,7.102029927,15.91611416,3800,6720
7/6/2009,3810,0,0,0,0,8.121480862,17.05911087,4210,6070
7/7/2009,3430,0,0,0,0,8.448224404,17.68656253,3810,5210
7/8/2009,2950,0,0,0,0,8.448224404,18.04277254,3430,4570
7/9/2009,2550,0,0,0,0,6.847631343,17.87160279,2950,4060
7/10/2009,2220,0,0,0,0,4.984994955,18.12079274,2550,3810
7/11/2009,1960,0,0,0,0,2.724184155,18.84686496,2220,3800
7/12/2009,1730,0,0,0,0,2.188463507,19.35998931,1960,4210
7/13/2009,1590,0,0,0,0,1.766629846,19.80997866,1730,3810
7/14/2009,1590,0,0,0,0,2.809735254,16.65064001,1590,3430
7/15/2009,1460,0,0,0,0,2.809735254,16.8843314,1590,2950
7/16/2009,1370,0,0,0,0,2.809735254,17.95580625,1460,2550
7/17/2009,1240,0,0,0,0,2.809735254,19.14838662,1370,2220
7/18/2009,1110,0,0,0,0,2.809735254,19.15001068,1240,1960
7/19/2009,1020,0,0,0,0,1.967466222,19.46913595,1110,1730
7/20/2009,958,0,0,0,0,1.381904429,19.38400466,1020,1590
7/21/2009,866,0,0,0,0,0.012166974,17.48452576,958,1590
7/22/2009,809,0,0,0,0,0.012166974,18.67643769,866,1460
7/23/2009,757,0,0,0,0,0.012166974,20.10443303,809,1370
7/24/2009,684,0,0,0,0,0.012166974,21.15889115,757,1240
7/25/2009,637,0,0,0,0,0.012166974,18.60932005,684,1110
7/26/2009,604,0,0,0,0,0.064135569,18.58104908,637,1020
7/27/2009,586,0,0,0,0,2.115258082,17.70151059,604,958
7/28/2009,547,0,0,0,0,3.694755634,15.40324732,586,866
7/29/2009,563,0,0,0,0,4.702355157,14.7070362,547,809
7/30/2009,597,0,0,0,0,5.150344621,14.33681008,563,757
7/31/2009,600,0,0,0,0,5.471388975,15.61597791,597,684
8/1/2009,564,0,0,0,0,6.604555808,15.42551539,600,637
8/2/2009,539,0,0,0,0,6.762176465,18.39463879,564,604
8/3/2009,512,0,0,0,0,4.698998473,19.81275736,539,586
8/4/2009,489,0,0,0,0,3.119389427,19.5854843,512,547
8/5/2009,434,0,0,0,0,2.111789904,19.90769239,489,563
8/6/2009,421,0,0,0,0,1.66380044,18.3992548,434,597
8/7/2009,398,0,0,0,0,3.716433365,17.76995345,421,600
8/8/2009,367,0,0,0,0,2.605909881,14.09805431,398,564
8/9/2009,369,0,0,0,0,2.396320629,13.20539292,367,539
8/10/2009,394,0,0,0,0,2.396320629,14.87287633,369,512
8/11/2009,344,0,0,0,0,2.396320629,16.73075829,394,489
8/12/2009,295,0,0,0,0,2.396320629,19.07863471,344,434
8/13/2009,273,0,0,0,0,2.396320629,19.29911033,295,421
8/14/2009,294,0,0,0,0,0.061348283,16.86847047,273,398
8/15/2009,324,0,0,0,0,6.900927905,12.1898961,294,367
8/16/2009,305,0,0,0,0,14.65891686,10.55268019,324,369
8/17/2009,276,0,0,0,0,15.11168095,11.66661237,305,394
8/18/2009,275,0,0,0,0,15.11168095,14.03205687,276,344
8/19/2009,285,0,0,0,0,15.11168095,14.92025032,275,295
8/20/2009,276,0,0,0,0,15.11168095,15.92953872,285,273
8/21/2009,293,0,0,0,0,15.07297602,18.5423756,276,294
8/22/2009,269,0,0,0,0,8.210753045,20.76574997,293,324
8/23/2009,267,0,0,0,0,0.452764085,18.71389151,269,305
8/24/2009,268,0,0,0,0,1.028869414,16.30863169,267,276
8/25/2009,264,0,0,0,0,2.245942027,15.32025753,268,275
8/26/2009,255,0,0,0,0,2.971644433,15.48956154,264,285
8/27/2009,258,0,0,0,0,3.078790089,17.21205197,255,276
8/28/2009,250,0,0,0,0,3.078790089,17.92107029,258,293
8/29/2009,246,0,0,0,0,3.078790089,18.30890009,250,269
8/30/2009,260,0,0,0,0,3.078790089,18.56162579,246,267
8/31/2009,248,0,0,0,0,2.318309092,18.15041335,260,268
9/1/2009,244,0,0,0,0,1.101236479,17.31552707,248,264
9/2/2009,246,0,0,0,0,0.375534073,17.78522721,244,255
9/3/2009,217,0,0,0,0,0.268388417,17.66361735,246,258
9/4/2009,206,0,0,0,0,0.274717871,17.68149094,217,250
9/5/2009,204,0,0,0,0,0.274717871,17.38351731,206,246
9/6/2009,188,0,0,0,0,0.276087373,17.17514087,204,260
9/7/2009,179,0,0,0,0,0.150414142,17.44783133,188,248
9/8/2009,173,0,0,0,0,0.286855607,16.84219412,179,244
9/9/2009,156,0,0,0,0,0.286855607,15.99424089,173,246
9/10/2009,153,0,0,0,0,0.286855607,16.79243447,156,217
9/11/2009,142,0,0,0,0,0.280526154,15.18271547,153,206
9/12/2009,147,0,0,0,0,0.280526154,11.72271972,142,204
9/13/2009,151,0,0,0,0,0.279156652,14.46864937,147,188
9/14/2009,142,0,0,0,0,0.178251752,15.01383274,151,179
9/15/2009,162,0,0,0,0,4.037012206,13.35384028,142,173
9/16/2009,213,0,0,0,0,13.06239526,14.51659163,162,156
9/17/2009,208,0,0,0,0,13.73178325,14.45476182,213,153
9/18/2009,205,0,0,0,0,13.73178325,14.75940777,208,142
9/19/2009,247,0,0,0,0,13.73178325,14.3262981,205,147
9/20/2009,266,0,0,0,0,13.73178325,10.27193445,247,151
9/21/2009,265,0,0,0,0,17.16205113,4.675542388,266,142
9/22/2009,277,0,0,0,0,14.93619505,4.346737541,265,162
9/23/2009,279,0.02,0,0,0.02,6.106223735,7.671657278,277,213
9/24/2009,297,0.02,0.02,0,0.02,5.436835742,8.634341349,279,208
9/25/2009,290,0.02,0.02,0,0.02,5.436835742,10.8402278,297,205
9/26/2009,309,0,0.02,0,0,5.436835742,13.74290473,290,247
9/27/2009,361,0,0,0,0,5.441546286,13.85724575,309,266
9/28/2009,375,0,0,0,0,1.969468124,13.26546789,361,265
9/29/2009,364,0,0,0,0,0.200122285,15.07177776,375,277
9/30/2009,346,0,0,0.02,-0.02,0.009421088,7.774661576,364,279
10/1/2009,308,0.38,0,0.02,0.36,9.058147227,0.685331365,346,297
10/2/2009,292,0.4,0.38,0.02,0.38,12.46043659,1.715903281,308,290
10/3/2009,293,0.36,0.4,0,0.36,12.72873447,5.951713548,292,309
10/4/2009,315,0.36,0.36,0,0.36,12.8868717,6.22372062,293,361
10/5/2009,407,0.58,0.36,0,0.58,21.46057727,1.7947855,315,375
10/6/2009,400,0.74,0.58,0,0.74,24.47059926,1.291604171,407,364
10/7/2009,447,0.72,0.74,0,0.72,24.56500624,5.104389281,400,346
10/8/2009,547,0.74,0.72,0.38,0.36,15.90253792,2.351278691,447,308
10/9/2009,558,0.78,0.74,0.4,0.38,12.95270122,2.128103951,547,292
10/10/2009,493,0.98,0.78,0.36,0.62,14.26973216,0.850213705,558,293
10/11/2009,462,1,0.98,0.36,0.64,14.5882331,4.275266587,493,315
10/12/2009,460,1.3,1,0.58,0.72,9.11072515,7.441452412,462,407
10/13/2009,444,1.24,1.3,0.74,0.5,6.100703168,8.460544315,460,400
10/14/2009,442,1.2,1.24,0.72,0.48,6.281259428,9.023727497,444,447
10/15/2009,468,1.54,1.2,0.74,0.8,9.848561669,7.436357644,442,547
10/16/2009,486,1.48,1.54,0.78,0.7,9.797713049,6.672976374,468,558
10/17/2009,545,1.42,1.48,0.98,0.44,8.212384231,8.607270285,486,493
10/18/2009,742,1.38,1.42,1,0.38,7.738966196,11.30909381,545,462
10/19/2009,676,1.34,1.38,1.3,0.04,4.920886415,11.0678522,742,460
10/20/2009,617,1.26,1.34,1.24,0.02,5.114429433,5.912046566,676,444
10/21/2009,587,1.24,1.26,1.2,0.04,6.224108755,3.184895489,617,442
10/22/2009,571,1.22,1.24,1.54,-0.32,2.275266339,1.925523047,587,468
10/23/2009,638,1.22,1.22,1.48,-0.26,2.038989556,4.153242004,571,486
10/24/2009,629,1.22,1.22,1.42,-0.2,2.831090427,4.179001194,638,545
10/25/2009,589,1.7,1.22,1.38,0.32,5.536818563,-1.293558429,629,742
10/26/2009,527,1.8,1.7,1.34,0.46,6.295077465,-1.874579415,589,676
10/27/2009,511,1.82,1.8,1.26,0.56,6.35797582,-0.249923638,527,617
10/28/2009,554,1.92,1.82,1.24,0.68,7.454802596,-4.156618314,511,587
10/29/2009,510,2.06,1.92,1.22,0.84,10.46093083,-5.996636283,554,571
10/30/2009,488,2.12,2.06,1.22,0.9,11.01720004,-3.745947716,510,638
10/31/2009,512,2.28,2.12,1.22,1.06,12.55154928,2.81676095,488,629
11/1/2009,530,2.26,2.28,1.7,0.56,9.837890459,4.998978624,512,589
11/2/2009,508,2.2,2.26,1.8,0.4,8.801513716,4.976735945,530,527
11/3/2009,534,2.14,2.2,1.82,0.32,8.545072343,5.881565229,508,511
11/4/2009,597,2.12,2.14,1.92,0.2,6.05889246,7.211236552,534,554
11/5/2009,578,2.1,2.12,2.06,0.04,3.048046574,8.149473212,597,510
11/6/2009,549,2.08,2.1,2.12,-0.04,2.331160652,8.005012846,578,488
11/7/2009,522,2.06,2.08,2.28,-0.22,0.004710544,6.856900553,549,512
11/8/2009,517,2,2.06,2.26,-0.26,0.006839043,3.563679479,522,530
11/9/2009,509,1.98,2,2.2,-0.22,0.006839043,3.470475094,517,508
11/10/2009,517,1.94,1.98,2.14,-0.2,0.006839043,4.847953024,509,534
11/11/2009,516,1.96,1.94,2.12,-0.16,0.006972108,7.484838371,517,597
11/12/2009,525,2.02,1.96,2.1,-0.08,0.046973017,6.350900937,516,578
11/13/2009,589,2.32,2.02,2.08,0.24,12.40331753,-3.757965604,525,549
11/14/2009,615,2.8,2.32,2.06,0.74,22.68860758,-7.19926695,589,522
11/15/2009,553,2.92,2.8,2,0.92,24.13015658,-8.889868126,615,517
11/16/2009,366,2.92,2.92,1.98,0.94,24.13015658,-7.560208941,553,509
11/17/2009,347,2.92,2.92,1.94,0.98,24.13015658,-3.08713206,366,517
11/18/2009,358,2.94,2.92,1.96,0.98,24.13002352,-1.13982073,347,516
11/19/2009,382,2.94,2.94,2.02,0.92,24.09002261,-2.39454128,358,525
11/20/2009,414,2.94,2.94,2.32,0.62,11.72896755,-1.793167254,382,589
11/21/2009,444,2.96,2.94,2.8,0.16,1.455069568,-1.157618429,414,615
11/22/2009,425,2.98,2.96,2.92,0.06,0.614792063,-3.291453937,444,553
11/23/2009,409,3.14,2.98,2.92,0.22,4.063659209,-6.133814928,425,366
11/24/2009,389,3.56,3.14,2.92,0.64,7.261108011,-6.737987631,409,347
11/25/2009,400,3.62,3.56,2.94,0.68,7.350520957,-3.333015085,389,358
11/26/2009,409,3.62,3.62,2.94,0.68,7.444414606,-0.081502484,400,382
11/27/2009,422,3.62,3.62,2.94,0.68,7.444414606,1.072609125,409,414
11/28/2009,431,3.62,3.62,2.96,0.66,7.548410057,-1.537481472,422,444
11/29/2009,418,3.64,3.62,2.98,0.66,6.957701326,-3.485199213,431,425
11/30/2009,426,3.66,3.64,3.14,0.52,3.50883418,-2.238250916,418,409
12/1/2009,431,3.66,3.66,3.56,0.1,0.311385379,-3.309715782,426,389
12/2/2009,360,3.66,3.66,3.62,0.04,0.24458118,-11.24276971,431,400
12/3/2009,287,3.68,3.66,3.62,0.06,0.152964037,-15.52270896,360,409
12/4/2009,298,3.64,3.68,3.62,0.02,0.152964037,-13.08906036,287,422
12/5/2009,313,3.68,3.64,3.62,0.06,0.03757652,-8.150397228,298,431
12/6/2009,288,3.7,3.68,3.64,0.06,0.375250875,-14.48871525,313,418
12/7/2009,256,3.84,3.7,3.66,0.18,3.216911112,-13.74358399,288,426
12/8/2009,244,4.36,3.84,3.66,0.7,12.53160213,-15.43543523,256,431
12/9/2009,222,4.5,4.36,3.66,0.84,16.0231014,-19.50525957,244,360
12/10/2009,222,4.58,4.5,3.68,0.9,17.00496179,-16.25494771,222,287
12/11/2009,238,4.56,4.58,3.64,0.92,17.00496179,-12.36520568,222,298
12/12/2009,284,4.66,4.56,3.68,0.98,17.5258584,-7.247396903,238,313
12/13/2009,306,5,4.66,3.7,1.3,21.89504567,-2.926877683,284,288
12/14/2009,295,5.9,5,3.84,2.06,31.05963971,-5.326547088,306,256
12/15/2009,274,5.92,5.9,4.36,1.56,22.47396286,-7.248899128,295,244
12/16/2009,291,5.88,5.92,4.5,1.38,18.95985485,-4.980919629,274,222
12/17/2009,300,5.98,5.88,4.58,1.4,18.19829738,-3.29127781,291,222
12/18/2009,281,6.02,5.98,4.56,1.46,18.4684977,-6.52397497,300,238
12/19/2009,276,6.02,6.02,4.66,1.36,17.94760109,-8.12308326,281,284
12/20/2009,300,6.02,6.02,5,1.02,13.2280482,-3.755981962,276,306
12/21/2009,297,6.04,6.02,5.9,0.14,1.221987771,-2.841701861,300,295
12/22/2009,308,6.06,6.04,5.92,0.14,0.495938448,-2.785380691,297,274
12/23/2009,315,6.18,6.06,5.88,0.3,1.508447664,-6.310172711,308,291
12/24/2009,277,6.34,6.18,5.98,0.36,3.630431743,-13.30044505,315,300
12/25/2009,279,6.42,6.34,6.02,0.4,3.614590612,-13.25601994,277,281
12/26/2009,295,6.62,6.42,6.02,0.6,5.921556186,-11.81152671,279,276
12/27/2009,271,6.68,6.62,6.02,0.66,6.592385403,-11.15566222,295,300
12/28/2009,250,6.68,6.68,6.04,0.64,6.592191554,-10.63884407,271,297
12/29/2009,276,6.7,6.68,6.06,0.64,6.589226704,-8.978691611,250,308
12/30/2009,302,6.98,6.7,6.18,0.8,8.56481192,-8.124780311,276,315
12/31/2009,277,7.42,6.98,6.34,1.08,10.25683619,-9.74824982,302,277
1/1/2010,300,7.54,7.42,6.42,1.12,10.74484022,-5.23543251,277,279
1/2/2010,276,7.68,7.54,6.62,1.06,9.969082287,-3.846199451,300,295
1/3/2010,253,8.18,7.68,6.68,1.5,13.80129325,-6.191290874,276,271
1/4/2010,235,8.32,8.18,6.68,1.64,14.43815896,-7.485791539,253,250
1/5/2010,266,8.42,8.32,6.7,1.72,14.64262839,-5.167405404,235,276
1/6/2010,266,8.72,8.42,6.98,1.74,14.36626448,-7.65059001,266,302
1/7/2010,218,9.08,8.72,7.42,1.66,12.13136093,-16.31965079,266,277
1/8/2010,183,9.1,9.08,7.54,1.56,11.39956379,-15.86435593,218,300
1/9/2010,199,9.16,9.1,7.68,1.48,10.04399033,-10.66782816,183,276
1/10/2010,210,9.24,9.16,8.18,1.06,5.629770247,-7.243441296,199,253
1/11/2010,210,9.26,9.24,8.32,0.94,4.992904536,-6.518250062,210,235
1/12/2010,227,9.3,9.26,8.42,0.88,4.788435103,-4.668503367,210,266
1/13/2010,242,9.36,9.3,8.72,0.64,2.076704586,-3.757183335,227,266
1/14/2010,233,9.36,9.36,9.08,0.28,0.275020351,-4.957646241,242,218
1/15/2010,219,9.36,9.36,9.1,0.26,0.264454273,-6.009986233,233,183
1/16/2010,239,9.36,9.36,9.16,0.2,0.0888201,-4.343758503,219,199
1/17/2010,255,9.38,9.36,9.24,0.14,0.006639085,-2.233875384,239,210
1/18/2010,252,9.38,9.38,9.26,0.12,0.006639085,-4.395424711,255,210
1/19/2010,271,9.38,9.38,9.3,0.08,0.079513083,-3.098869582,252,227
1/20/2010,252,9.5,9.38,9.36,0.14,1.827814473,-5.014805522,271,242
1/21/2010,276,9.58,9.5,9.36,0.22,3.850197651,-3.464267124,252,233
1/22/2010,302,9.64,9.58,9.36,0.28,4.895091313,-1.838442689,276,219
1/23/2010,289,9.72,9.64,9.36,0.36,6.276923243,-5.299625515,302,239
1/24/2010,278,10.08,9.72,9.38,0.7,8.792503193,-6.439532695,289,255
1/25/2010,257,10.9,10.08,9.38,1.52,12.09285193,-9.43430425,278,252
1/26/2010,274,11,10.9,9.38,1.62,12.9148752,-7.478189222,257,271
1/27/2010,290,11.3,11,9.5,1.8,13.12010055,-3.071428019,274,252
1/28/2010,289,11.4,11.3,9.58,1.82,11.64405766,-4.533200464,290,276
1/29/2010,274,11.42,11.4,9.64,1.78,10.98378547,-6.901974935,289,302
1/30/2010,278,11.44,11.42,9.72,1.72,9.601953535,-5.980181908,274,289
1/31/2010,290,11.5,11.44,10.08,1.42,7.0797345,-6.00291565,278,278
2/1/2010,296,11.6,11.5,10.9,0.7,4.381180843,-6.055755859,290,257
2/2/2010,287,11.84,11.6,11,0.84,4.25949089,-6.969025621,296,274
2/3/2010,274,11.88,11.84,11.3,0.58,2.332159513,-5.150828019,287,290
2/4/2010,296,11.94,11.88,11.4,0.54,1.855001875,-6.075482423,274,289
2/5/2010,312,11.98,11.94,11.42,0.56,1.588210455,-4.94521068,296,274
2/6/2010,324,12.12,11.98,11.44,0.68,2.980914846,-2.559258973,312,278
2/7/2010,308,12.34,12.12,11.5,0.84,5.651664943,-4.727474391,324,290
2/8/2010,255,12.34,12.34,11.6,0.74,5.049869864,-10.11955666,308,296
2/9/2010,206,12.34,12.34,11.84,0.5,4.276662543,-11.14348204,255,287
2/10/2010,224,12.36,12.34,11.88,0.48,4.250467182,-8.060285696,206,274
2/11/2010,244,12.48,12.36,11.94,0.54,4.568395176,-6.72949871,224,296
2/12/2010,249,12.76,12.48,11.98,0.78,6.547969132,-5.276487341,244,312
2/13/2010,254,13.28,12.76,12.12,1.16,9.673752464,-4.303779798,249,324
2/14/2010,243,13.84,13.28,12.34,1.5,9.599814386,-8.951596468,254,308
2/15/2010,234,13.86,13.84,12.34,1.52,9.692623907,-10.21587478,243,255
2/16/2010,249,13.98,13.86,12.34,1.64,10.7704148,-5.541303272,234,206
2/17/2010,258,14.04,13.98,12.36,1.68,11.08481241,-3.244574362,249,224
2/18/2010,260,14.22,14.04,12.48,1.74,11.44474398,-4.553244066,258,244
2/19/2010,249,14.56,14.22,12.76,1.8,12.56649853,-7.140727955,260,249
2/20/2010,250,14.7,14.56,13.28,1.42,11.56927966,-7.262042978,249,254
2/21/2010,223,14.92,14.7,13.84,1.08,13.31421343,-9.756224167,250,243
2/22/2010,205,14.92,14.92,13.86,1.06,14.47525363,-12.2412771,223,234
2/23/2010,190,14.92,14.92,13.98,0.94,13.40640051,-10.92878738,205,249
2/24/2010,232,14.98,14.92,14.04,0.94,13.15607473,-6.924862169,190,258
2/25/2010,275,15.16,14.98,14.22,0.94,14.21125679,-3.818283858,232,260
2/26/2010,266,15.44,15.16,14.56,0.88,13.48416984,-5.114877798,275,249
2/27/2010,279,15.5,15.44,14.7,0.8,10.1968501,-2.776539038,266,250
2/28/2010,290,15.54,15.5,14.92,0.62,5.887411942,-1.025608086,279,223
3/1/2010,292,15.56,15.54,14.92,0.64,4.816024293,-1.244549355,290,205
3/2/2010,288,15.58,15.56,14.92,0.66,4.80708652,-2.198940082,292,190
3/3/2010,302,15.56,15.58,14.98,0.58,4.778560395,-0.102664476,288,232
3/4/2010,309,15.58,15.56,15.16,0.42,2.976336114,1.502767003,302,275
3/5/2010,313,15.72,15.58,15.44,0.28,2.382309368,-2.14445656,309,266
3/6/2010,313,16.44,15.72,15.5,0.94,7.020726096,0.418776202,313,279
3/7/2010,299,16.6,16.44,15.54,1.06,7.060616765,0.297335884,313,290
3/8/2010,318,16.74,16.6,15.56,1.18,8.384587225,-0.730036362,299,292
3/9/2010,323,16.8,16.74,15.58,1.22,8.536802391,0.114747994,318,288
3/10/2010,316,16.82,16.8,15.56,1.26,9.054988161,-2.185230499,323,302
3/11/2010,309,17.08,16.82,15.58,1.5,13.04438561,-3.35272627,316,309
3/12/2010,302,17.18,17.08,15.72,1.46,11.38864458,-3.084533866,309,313
3/13/2010,328,17.26,17.18,16.44,0.82,6.550138295,0.572243567,302,313
3/14/2010,336,17.26,17.26,16.6,0.66,6.490246603,0.30412073,328,299
3/15/2010,333,17.26,17.26,16.74,0.52,4.983814065,0.721047988,336,318
3/16/2010,347,17.38,17.26,16.8,0.58,4.831598899,1.85240066,333,323
3/17/2010,369,17.42,17.38,16.82,0.6,4.277867427,3.485437063,347,316
3/18/2010,401,17.46,17.42,17.08,0.38,0.288469976,3.313120397,369,309
3/19/2010,398,17.42,17.46,17.18,0.24,2.702612468,-5.407407298,401,302
3/20/2010,395,17.54,17.42,17.26,0.28,5.741505893,-7.11837381,398,328
3/21/2010,420,17.56,17.54,17.26,0.3,5.773680097,-1.058781499,395,336
3/22/2010,465,17.6,17.56,17.26,0.34,5.902269905,3.100333564,420,333
3/23/2010,573,17.74,17.6,17.38,0.36,10.82200001,-1.684746623,465,347
3/24/2010,943,17.98,17.74,17.42,0.56,17.03228276,-1.591029003,573,369
3/25/2010,1140,18.04,17.98,17.46,0.58,17.03228276,-0.128968571,943,401
3/26/2010,1230,18.12,18.04,17.42,0.7,15.99791101,-0.727661586,1140,398
3/27/2010,1180,18.4,18.12,17.54,0.86,16.87695592,-0.70928838,1230,395
3/28/2010,1020,18.54,18.4,17.56,0.98,18.05609208,0.6642061,1180,420
3/29/2010,901,18.64,18.54,17.6,1.04,17.94683734,3.877452099,1020,465
3/30/2010,822,18.62,18.64,17.74,0.88,13.03405438,7.167747723,901,573
3/31/2010,835,18.32,18.62,17.98,0.34,6.830335681,3.922489472,822,943
4/1/2010,972,18.42,18.32,18.04,0.38,15.69120576,-1.691987781,835,1140
4/2/2010,1320,19.26,18.42,18.12,1.14,26.27273307,-3.954535889,972,1230
4/3/2010,1470,19.46,19.26,18.4,1.06,23.94578218,-2.340563334,1320,1180
4/4/2010,1240,19.98,19.46,18.54,1.44,26.71203298,0.093380559,1470,1020
4/5/2010,1080,20.3,19.98,18.64,1.66,30.00492651,3.153398777,1240,901
4/6/2010,984,20.68,20.3,18.62,2.06,34.81369788,-2.785629976,1080,822
4/7/2010,998,21.78,20.68,18.32,3.46,49.37944047,-1.36409418,984,835
4/8/2010,1220,21.98,21.78,18.42,3.56,42.8862033,0.199733656,998,972
4/9/2010,1090,22.08,21.98,19.26,2.82,30.90596707,4.405620292,1220,1320
4/10/2010,1090,21.98,22.08,19.46,2.52,29.28112007,4.405198183,1090,1470
4/11/2010,1420,21.64,21.98,19.98,1.66,25.2912523,8.390401558,1090,1240
4/12/2010,1760,21.22,21.64,20.3,0.92,21.9790237,9.939991842,1420,1080
4/13/2010,2060,20.74,21.22,20.68,0.06,17.16330519,3.828505605,1760,984
4/14/2010,2590,20.7,20.74,21.78,-1.08,2.862190451,3.628868309,2060,998
4/15/2010,2740,20.48,20.7,21.98,-1.5,0.506544646,6.612534834,2590,1220
4/16/2010,2440,20.04,20.48,22.08,-2.04,0.283178999,8.447607891,2740,1090
4/17/2010,2670,19.56,20.04,21.98,-2.42,0.290333495,8.483438095,2440,1090
4/18/2010,3390,19.46,19.56,21.64,-2.18,1.791433224,8.537393525,2670,1420
4/19/2010,4220,18.92,19.46,21.22,-2.3,1.791433224,10.12037839,3390,1760
4/20/2010,4840,18.26,18.92,20.74,-2.48,1.791433224,10.4083333,4220,2060
4/21/2010,5890,17.6,18.26,20.7,-3.1,1.52024133,10.94873322,4840,2590
4/22/2010,6880,16.84,17.6,20.48,-3.64,6.095467668,4.995190398,5890,2740
4/23/2010,8320,16.88,16.84,20.04,-3.16,11.16486468,1.724461125,6880,2440
4/24/2010,7700,17.42,16.88,19.56,-2.14,21.63678074,4.529323946,8320,2670
4/25/2010,6220,17.38,17.42,19.46,-2.08,20.32147812,4.740840669,7700,3390
4/26/2010,5330,17.28,17.38,18.92,-1.64,21.37977024,2.830046773,6220,4220
4/27/2010,4930,17.16,17.28,18.26,-1.1,21.38043824,7.417354091,5330,4840
4/28/2010,4480,16.7,17.16,17.6,-0.9,21.48783213,5.257969242,4930,5890
4/29/2010,5110,16.68,16.7,16.84,-0.16,23.51604471,-0.81559144,4480,6880
4/30/2010,5610,17.06,16.68,16.88,0.18,23.00094744,0.031598192,5110,8320
5/1/2010,4910,17.78,17.06,17.42,0.36,19.34902582,1.158295682,5610,7700
5/2/2010,4250,18.04,17.78,17.38,0.66,22.66093721,2.481249352,4910,6220
5/3/2010,3840,18.1,18.04,17.28,0.82,24.98819101,4.071025968,4250,5330
5/4/2010,3800,18,18.1,17.16,0.84,25.35731981,4.897143239,3840,4930
5/5/2010,3450,17.86,18,16.7,1.16,25.398263,5.645380504,3800,4480
5/6/2010,3240,17.54,17.86,16.68,0.86,20.65009958,0.973941631,3450,5110
5/7/2010,3210,17.78,17.54,17.06,0.72,19.40516293,0.744954784,3240,5610
5/8/2010,4090,17.52,17.78,17.78,-0.26,12.62370027,5.923286056,3210,4910
5/9/2010,3730,17.34,17.52,18.04,-0.7,9.343957525,8.61012894,4090,4250
5/10/2010,3570,17.02,17.34,18.1,-1.08,7.377478349,6.066159995,3730,3840
5/11/2010,4420,17.12,17.02,18,-0.88,12.41783601,5.555460238,3570,3800
5/12/2010,5280,17.66,17.12,17.86,-0.2,18.81239938,1.932635324,4420,3450
5/13/2010,5090,17.96,17.66,17.54,0.42,21.78203162,3.430659125,5280,3240
5/14/2010,4950,17.92,17.96,17.78,0.14,19.03571684,6.392806089,5090,3210
5/15/2010,4650,17.88,17.92,17.52,0.36,20.97905576,6.694738702,4950,4090
5/16/2010,5110,18.18,17.88,17.34,0.84,27.61100658,8.664014013,4650,3730
5/17/2010,6380,18.1,18.18,17.02,1.08,26.22691447,11.64267252,5110,3570
5/18/2010,6830,17.78,18.1,17.12,0.66,20.81676003,10.80120612,6380,4420
5/19/2010,8480,17.48,17.78,17.66,-0.18,17.12628355,7.117869935,6830,5280
5/20/2010,9800,18.22,17.48,17.96,0.26,26.89988535,10.44419974,8480,5090
5/21/2010,12300,18.24,18.22,17.92,0.32,28.17629428,11.6006173,9800,4950
5/22/2010,13600,17.96,18.24,17.88,0.08,26.56565414,7.847937864,12300,4650
5/23/2010,14000,17.62,17.96,18.18,-0.56,21.40721329,8.264327613,13600,5110
5/24/2010,13100,17.26,17.62,18.1,-0.84,21.92855905,4.54660704,14000,6380
5/25/2010,12600,17.3,17.26,17.78,-0.48,25.60227622,6.977147477,13100,6830
5/26/2010,11500,17,17.3,17.48,-0.48,22.78947352,12.1840426,12600,8480
5/27/2010,10200,16.66,17,18.22,-1.56,8.178976864,15.38222905,11500,9800
5/28/2010,10800,15.58,16.66,18.24,-2.66,6.33951962,16.56292961,10200,12300
5/29/2010,12600,14.32,15.58,17.96,-3.64,5.961134576,9.186663823,10800,13600
5/30/2010,14200,13.68,14.32,17.62,-3.94,4.269658846,7.932650636,12600,14000
5/31/2010,14900,12.88,13.68,17.26,-4.38,3.713338442,10.88899603,14200,13100
6/1/2010,13500,12,12.88,17.3,-5.3,0.039621275,11.28769336,14900,12600
6/2/2010,12600,10.92,12,17,-6.08,0.499892392,12.2279345,13500,11500
6/3/2010,11900,10.02,10.92,16.66,-6.64,0.514598128,14.10423498,12600,10200
6/4/2010,11300,9.08,10.02,15.58,-6.5,0.522964092,16.46579752,11900,10800
6/5/2010,11300,7.62,9.08,14.32,-6.7,0.522964092,16.30171697,11300,12600
6/6/2010,12800,6.66,7.62,13.68,-7.02,0.539121983,17.73318054,11300,14200
6/7/2010,14600,5.92,6.66,12.88,-6.96,1.158034331,18.49473531,12800,14900
6/8/2010,14900,5.46,5.92,12,-6.54,5.093332714,14.51630644,14600,13500
6/9/2010,16000,5.02,5.46,10.92,-5.9,6.693149657,16.84551803,14900,12600
6/10/2010,17000,4.4,5.02,10.02,-5.62,7.295101473,15.16759759,16000,11900
6/11/2010,15600,4.06,4.4,9.08,-5.02,10.08144978,12.167189,17000,11300
6/12/2010,14700,3.8,4.06,7.62,-3.82,13.43560087,8.332347653,15600,11300
6/13/2010,14600,3.78,3.8,6.66,-2.88,28.14238004,8.380506108,14700,12800
6/14/2010,15500,3.84,3.78,5.92,-2.08,38.25256716,9.548461864,14600,14600
6/15/2010,15500,3.86,3.84,5.46,-1.6,36.35664955,12.92841377,15500,14900
6/16/2010,11800,3.62,3.86,5.02,-1.4,34.33404772,15.24561664,15500,16000
6/17/2010,10000,3.34,3.62,4.4,-1.06,33.85358692,10.76122675,11800,17000
6/18/2010,9320,3.08,3.34,4.06,-0.98,31.05914091,13.22742067,10000,15600
6/19/2010,8400,2.78,3.08,3.8,-1.02,27.7445658,16.06299953,9320,14700
6/20/2010,7450,2.48,2.78,3.78,-1.3,13.02162874,15.75589108,8400,14600
6/21/2010,7110,2.18,2.48,3.84,-1.66,2.292529261,15.33986697,7450,15500
6/22/2010,6440,1.86,2.18,3.86,-2,0.253148492,15.02186685,7110,15500
6/23/2010,5680,1.48,1.86,3.62,-2.14,0.176040989,15.06526046,6440,11800
6/24/2010,5320,1.08,1.48,3.34,-2.26,0.039844239,18.35603429,5680,10000
6/25/2010,4890,0.68,1.08,3.08,-2.4,0.040243968,18.66757053,5320,9320
6/26/2010,4730,0.26,0.68,2.78,-2.52,0.000667995,17.84383365,4890,8400
6/27/2010,4580,0,0.26,2.48,-2.48,0.034746944,16.55578894,4730,7450
6/28/2010,4110,0,0,2.18,-2.18,0.034746944,18.20050889,4580,7110
6/29/2010,3720,0,0,1.86,-1.86,0.034746944,19.50915818,4110,6440
6/30/2010,3330,0,0,1.48,-1.48,0.043810338,18.96035911,3720,5680
7/1/2010,3200,0,0,1.08,-1.08,0.051744738,17.79719786,3330,5320
7/2/2010,2990,0,0,0.68,-0.68,0.140746208,17.67188306,3200,4890
7/3/2010,2850,0,0,0.26,-0.26,1.451884585,18.21461646,2990,4730
7/4/2010,2560,0,0,0,0,1.417805636,13.39488293,2850,4580
7/5/2010,2310,0,0,0,0,3.814057434,12.95866755,2560,4110
7/6/2010,2200,0,0,0,0,4.776642566,16.50399818,2310,3720
7/7/2010,1910,0,0,0,0,4.767579172,14.9324104,2200,3330
7/8/2010,1690,0,0,0,0,6.07698634,15.76133185,1910,3200
7/9/2010,1670,0,0,0,0,6.456723727,16.64659817,1690,2990
7/10/2010,1630,0,0,0,0,5.234218371,16.93435944,1670,2850
7/11/2010,1440,0,0,0,0,5.365831631,16.25154412,1630,2560
7/12/2010,1350,0,0,0,0,3.030829143,17.53145247,1440,2310
7/13/2010,1220,0,0,0,0,2.081116835,20.08481766,1350,2200
7/14/2010,1110,0,0,0,0,2.128303307,19.70331548,1220,1910
7/15/2010,1030,0,0,0,0,1.391769029,19.21211048,1110,1690
7/16/2010,1020,0,0,0,0,0.922362177,19.89087857,1030,1670
7/17/2010,951,0,0,0,0,0.840368241,20.83521526,1020,1630
7/18/2010,912,0,0,0,0,0.708754981,20.9109106,951,1440
7/19/2010,856,0,0,0,0,0.647505672,21.36280373,912,1350
7/20/2010,740,0,0,0,0,0.640350885,20.59349402,856,1220
7/21/2010,692,0,0,0,0,1.109408334,19.00443127,740,1110
7/22/2010,709,0,0,0,0,3.858438737,19.29818651,692,1030
7/23/2010,696,0,0,0,0,5.593618758,19.76021286,709,1020
7/24/2010,685,0,0,0,0,5.586979673,19.22677039,696,951
7/25/2010,741,0,0,0,0,5.586979673,20.71954645,685,912
7/26/2010,704,0,0,0,0,5.586979673,21.13292712,741,856
7/27/2010,588,0,0,0,0,5.581261635,21.02488935,704,740
7/28/2010,504,0,0,0,0,5.273264794,21.35412498,588,692
7/29/2010,499,0,0,0,0,5.203716347,19.82263353,504,709
7/30/2010,514,0,0,0,0,7.761447288,20.1815232,499,696
7/31/2010,473,0,0,0,0,7.834366798,21.96774022,514,685
8/1/2010,526,0,0,0,0,7.917592694,19.8691083,473,741
8/2/2010,569,0,0,0,0,11.69515739,19.6113828,526,704
8/3/2010,512,0,0,0,0,12.10163282,19.35732349,569,588
8/4/2010,540,0,0,0,0,15.11059455,16.87214995,512,504
8/5/2010,713,0,0,0,0,18.64208864,17.40285789,540,499
8/6/2010,591,0,0,0,0,14.9743285,18.50533349,713,514
8/7/2010,748,0,0,0,0,16.23759285,17.52631466,591,473
8/8/2010,741,0,0,0,0,17.14137612,17.14101952,748,526
8/9/2010,624,0,0,0,0,13.7058965,15.87432188,741,569
8/10/2010,571,0,0,0,0,14.13845886,16.77131824,624,512
8/11/2010,490,0,0,0,0,10.95903263,17.87746724,571,540
8/12/2010,447,0,0,0,0,6.584774639,17.4242747,490,713
8/13/2010,409,0,0,0,0,5.959623821,15.43777766,447,591
8/14/2010,390,0,0,0,0,4.623439959,16.07275538,409,748
8/15/2010,357,0,0,0,0,3.636430788,17.39169865,390,741
8/16/2010,337,0,0,0,0,3.294345717,17.15580825,357,624
8/17/2010,296,0,0,0,0,4.658591014,17.29663897,337,571
8/18/2010,266,0,0,0,0,4.666890522,19.38853756,296,490
8/19/2010,262,0,0,0,0,5.219686903,14.81899556,266,447
8/20/2010,265,0,0,0,0,10.98502006,15.59066182,262,409
8/21/2010,260,0,0,0,0,11.07942647,18.27833695,265,390
8/22/2010,266,0,0,0,0,11.10005722,19.63667218,260,357
8/23/2010,384,0,0,0,0,11.47270863,15.32122467,266,337
8/24/2010,358,0,0,0,0,9.583040803,14.71955101,384,296
8/25/2010,335,0,0,0,0,9.536958712,17.26675498,358,266
8/26/2010,311,0,0,0,0,6.56663699,18.97553846,335,262
8/27/2010,297,0,0,0,0,0.801303828,19.03192751,311,265
8/28/2010,270,0,0,0,0,0.706897424,16.60314162,297,260
8/29/2010,270,0,0,0,0,1.090649884,16.02705154,270,266
8/30/2010,289,0,0,0,0,2.962911069,12.7610805,270,384
8/31/2010,275,0,0,0,0,6.924391806,12.30751451,289,358
9/1/2010,265,0,0,0,0,6.924391806,13.41777476,275,335
9/2/2010,319,0,0,0,0,6.924391806,12.62945006,265,311
9/3/2010,287,0,0,0,0,6.924391806,14.34405246,319,297
9/4/2010,276,0,0,0,0,7.032375431,17.42319952,287,270
9/5/2010,268,0,0,0,0,6.627992221,16.80471401,276,270
9/6/2010,262,0,0,0,0,4.383079627,10.04968038,268,289
9/7/2010,232,0,0,0,0,0.107983625,13.1895781,262,275
9/8/2010,221,0,0,0,0,0.504038177,12.66176133,232,265
9/9/2010,202,0,0,0,0,2.231137671,13.80638731,221,319
9/10/2010,190,0,0,0,0,2.309655411,9.748990319,202,287
9/11/2010,181,0,0,0,0,2.232488335,10.57612394,190,276
9/12/2010,205,0,0,0,0,2.232488335,12.73031484,181,268
9/13/2010,253,0,0,0,0,2.240370676,15.08253401,205,262
9/14/2010,263,0,0,0,0,2.240370676,15.48508814,253,232
9/15/2010,248,0,0,0,0,1.844316124,14.22255585,263,221
9/16/2010,246,0,0,0,0,0.117216631,14.77688577,248,202
9/17/2010,253,0,0,0,0,0.03869889,16.29039549,246,190
9/18/2010,247,0,0,0,0,0.007882342,16.87846472,253,181
9/19/2010,214,0,0,0,0,0.007882342,17.70353316,247,205
9/20/2010,197,0,0,0,0,0,16.15784484,214,253
9/21/2010,194,0,0,0,0,0.454328051,14.09905673,197,263
9/22/2010,180,0,0,0,0,0.454328051,13.05586864,194,248
9/23/2010,184,0,0,0,0,7.287793608,11.49867008,180,246
9/24/2010,195,0,0,0,0,9.280114284,12.07186159,184,253
9/25/2010,182,0,0,0,0,9.280114284,13.40483177,195,247
9/26/2010,202,0,0,0,0,9.280114284,16.1953709,182,214
9/27/2010,214,0,0,0,0,9.280114284,16.1094122,202,197
9/28/2010,251,0,0,0,0,8.825786233,16.88484866,214,194
9/29/2010,271,0,0,0,0,8.825786233,15.98302732,251,180
9/30/2010,257,0,0,0,0,1.992320676,15.40213764,271,184
10/1/2010,246,0,0,0,0,0,15.10249649,257,195
10/2/2010,243,0,0,0,0,0,14.8859887,246,182
10/3/2010,247,0,0,0,0,0,15.6673185,243,202
10/4/2010,250,0,0,0,0,0,13.24734961,247,214
10/5/2010,227,0,0,0,0,0.045641294,12.81435749,250,251
10/6/2010,223,0,0,0,0,0.09782335,12.58931577,227,271
10/7/2010,236,0,0,0,0,3.333315302,12.21056627,223,257
10/8/2010,262,0,0,0,0,8.623453468,7.414453753,236,246
10/9/2010,254,0.12,0,0,0.12,12.85057225,5.793725748,262,243
10/10/2010,448,0.2,0.12,0,0.2,17.04231625,8.431713492,254,247
10/11/2010,399,0.16,0.2,0,0.16,17.65231545,8.568738481,448,250
10/12/2010,360,0.16,0.16,0,0.16,19.23783136,8.445531872,399,227
10/13/2010,376,0.06,0.16,0,0.06,19.57659109,7.734719657,360,223
10/14/2010,408,0,0.06,0,0,16.34176713,9.912948017,376,236
10/15/2010,408,0,0,0,0,11.05162896,10.19683555,408,262
10/16/2010,438,0,0,0.12,-0.12,6.824510179,9.915765457,408,254
10/17/2010,420,0,0,0.2,-0.2,2.632766182,9.047330953,438,448
10/18/2010,410,0,0,0.16,-0.16,2.022766981,5.83748193,420,399
10/19/2010,396,0.04,0,0.16,-0.12,6.412123759,6.745700305,410,360
10/20/2010,357,0,0.04,0.06,-0.06,6.032838226,8.433737994,396,376
10/21/2010,334,0,0,0,0,6.035905485,8.773545655,357,408
10/22/2010,348,0.06,0,0,0.06,6.209522222,5.519047097,334,408
10/23/2010,389,0.54,0.06,0,0.54,16.95079603,7.186903337,348,438
10/24/2010,390,1.06,0.54,0,1.06,24.42893712,5.331871021,389,420
10/25/2010,442,1.6,1.06,0,1.6,35.11432108,2.28143451,390,410
10/26/2010,668,2.38,1.6,0.04,2.34,39.12522906,-1.664982767,442,396
10/27/2010,902,2.72,2.38,0,2.72,41.62257211,-2.042622827,668,357
10/28/2010,1140,2.86,2.72,0,2.86,42.12168102,0.421821108,902,334
10/29/2010,908,2.88,2.86,0.06,2.82,42.09050389,5.861265884,1140,348
10/30/2010,735,2.84,2.88,0.54,2.3,31.36002,7.593598319,908,389
10/31/2010,624,2.98,2.84,1.06,1.92,26.1028651,4.939432913,735,390
11/1/2010,669,3.1,2.98,1.6,1.5,18.00149549,3.898988342,624,442
11/2/2010,713,3.12,3.1,2.38,0.74,8.009678085,5.865408478,669,668
11/3/2010,762,3.06,3.12,2.72,0.34,5.50067879,6.327440564,713,902
11/4/2010,734,3.04,3.06,2.86,0.18,4.997834627,5.841540554,762,1140
11/5/2010,673,2.96,3.04,2.88,0.08,4.855395023,7.568412351,734,908
11/6/2010,636,2.92,2.96,2.84,0.08,4.844605102,9.306473638,673,735
11/7/2010,612,2.9,2.92,2.98,-0.08,2.623618911,6.279515514,636,624
11/8/2010,588,2.88,2.9,3.1,-0.22,0.039923066,6.248572987,612,669
11/9/2010,607,2.86,2.88,3.12,-0.26,4.790513268,-1.591541307,588,713
11/10/2010,607,3.38,2.86,3.06,0.32,11.54324625,-3.974252822,607,762
11/11/2010,583,3.4,3.38,3.04,0.36,12.61840888,-4.564391047,607,734
11/12/2010,595,3.44,3.4,2.96,0.48,13.05204438,-3.993429036,583,673
11/13/2010,568,3.5,3.44,2.92,0.58,13.6422311,-3.99460026,595,636
11/14/2010,548,3.92,3.5,2.9,1.02,16.16632258,-3.471879152,568,612
11/15/2010,528,4.52,3.92,2.88,1.64,23.29718136,-0.697107234,548,588
11/16/2010,530,5.02,4.52,2.86,2.16,21.63264709,-0.77354412,528,607
11/17/2010,541,6.1,5.02,3.38,2.72,25.98723963,-2.706455376,530,607
11/18/2010,557,6.14,6.1,3.4,2.74,24.99882275,0.272816966,541,583
11/19/2010,554,6.16,6.14,3.44,2.72,24.58372279,2.762768394,557,595
11/20/2010,522,6.16,6.16,3.5,2.66,23.99353607,3.35073961,554,568
11/21/2010,544,6.18,6.16,3.92,2.26,24.25741701,-1.680508931,522,548
11/22/2010,541,7.04,6.18,4.52,2.52,28.27948508,-5.939707776,544,528
11/23/2010,541,7.1,7.04,5.02,2.08,27.10372607,-4.640372433,541,530
11/24/2010,538,7.12,7.1,6.1,1.02,19.08269005,-13.31786033,541,541
11/25/2010,330,7.24,7.12,6.14,1.1,20.77340634,-16.24023224,538,557
11/26/2010,279,7.26,7.24,6.16,1.1,20.99724216,-8.780854211,330,554
11/27/2010,392,7.26,7.26,6.16,1.1,21.03058326,-4.456392403,279,522
11/28/2010,478,7.28,7.26,6.18,1.1,18.77391773,-5.196061376,392,544
11/29/2010,519,7.64,7.28,7.04,0.6,11.11667301,-8.693700875,478,541
11/30/2010,517,7.84,7.64,7.1,0.74,9.828158903,-11.57364805,519,541
12/1/2010,519,7.84,7.84,7.12,0.72,7.147508274,-4.154420649,517,538
12/2/2010,518,8,7.84,7.24,0.76,6.591837426,0.448207786,519,330
12/3/2010,516,8.02,8,7.26,0.76,6.349466081,0.982544447,518,279
12/4/2010,513,8.16,8.02,7.26,0.9,7.374768769,0.893447846,516,392
12/5/2010,510,8.3,8.16,7.28,1.02,8.916542184,0.796018524,513,478
12/6/2010,500,8.4,8.3,7.64,0.76,5.861973287,-1.089536751,510,519
12/7/2010,506,8.84,8.4,7.84,1,9.285105717,-1.405264601,500,517
12/8/2010,476,9.2,8.84,7.84,1.36,10.68461311,-1.820630029,506,519
12/9/2010,495,9.22,9.2,8,1.22,9.486747598,-0.146714773,476,518
12/10/2010,494,9.28,9.22,8.02,1.26,9.576113458,-0.712051495,495,516
12/11/2010,492,9.6,9.28,8.16,1.44,11.79657319,-3.711264163,494,513
12/12/2010,481,9.72,9.6,8.3,1.42,10.269771,-0.886549087,492,510
12/13/2010,486,9.9,9.72,8.4,1.5,10.46451777,1.230056247,481,500
12/14/2010,486,9.92,9.9,8.84,1.08,6.379997963,1.42029731,486,506
12/15/2010,486,9.94,9.92,9.2,0.74,4.587315173,-3.369164693,486,476
12/16/2010,411,10.54,9.94,9.22,1.32,9.113162745,-9.855134009,486,495
12/17/2010,325,10.56,10.54,9.28,1.28,9.023796885,-12.21887348,411,494
12/18/2010,367,10.64,10.56,9.6,1.04,8.200846788,-5.631420214,325,492
12/19/2010,416,11.14,10.64,9.72,1.42,15.50830332,0.587990417,367,481
12/20/2010,422,12,11.14,9.9,2.1,30.1354628,-0.687440967,416,486
12/21/2010,422,13.1,12,9.92,3.18,51.54922745,-2.3093059,422,486
12/22/2010,421,13.68,13.1,9.94,3.74,64.2064039,0.513120329,422,486
12/23/2010,476,13.74,13.68,10.54,3.2,68.58258919,-0.521753893,421,411
12/24/2010,471,14.06,13.74,10.56,3.5,72.65825719,-4.377493955,476,325
12/25/2010,456,14.06,14.06,10.64,3.42,70.20210378,-5.830764714,471,367
12/26/2010,480,14.08,14.06,11.14,2.94,62.37250088,-5.207536447,456,416
12/27/2010,499,14.3,14.08,12,2.3,48.15181902,-6.114191045,480,422
12/28/2010,442,14.32,14.3,13.1,1.22,26.74348063,-9.44173565,499,422
12/29/2010,445,14.32,14.32,13.68,0.64,14.15998423,-6.363213308,442,421
12/30/2010,488,14.7,14.32,13.74,0.96,21.68412024,-11.32252931,445,476
12/31/2010,430,14.86,14.7,14.06,0.8,25.36700318,-20.96386857,488,471
1/1/2011,368,14.88,14.86,14.06,0.82,25.53331873,-20.09708921,430,456
1/2/2011,365,14.94,14.88,14.08,0.86,26.15332813,-15.1086225,368,480
1/3/2011,480,15.02,14.94,14.3,0.72,26.91273552,-10.92503443,365,499
1/4/2011,467,15.02,15.02,14.32,0.7,27.6838988,-12.26763903,480,442
1/5/2011,486,15.08,15.02,14.32,0.76,28.08574192,-8.878593661,467,445
1/6/2011,500,15.16,15.08,14.7,0.46,12.45947356,-7.243061231,486,488
1/7/2011,495,15.18,15.16,14.86,0.32,4.794095,-5.862934361,500,430
1/8/2011,508,15.18,15.18,14.88,0.3,4.627779452,-6.177169568,495,368
1/9/2011,508,15.52,15.18,14.94,0.58,8.669415302,-12.00383236,508,365
1/10/2011,476,15.78,15.52,15.02,0.76,9.98568571,-18.95037734,508,480
1/11/2011,473,15.8,15.78,15.02,0.78,9.567014898,-16.97161808,476,467
1/12/2011,478,15.86,15.8,15.08,0.78,9.079028248,-12.0982003,473,486
1/13/2011,524,15.9,15.86,15.16,0.74,8.972274972,-4.589929512,478,500
1/14/2011,521,16.02,15.9,15.18,0.84,10.54510695,-2.18735962,524,495
1/15/2011,521,16.2,16.02,15.18,1.02,12.02203144,-2.422158849,521,508
1/16/2011,521,16.34,16.2,15.52,0.82,7.747784575,-2.215135417,521,508
1/17/2011,529,16.88,16.34,15.78,1.1,8.863779859,0.800119447,521,476
1/18/2011,508,17.86,16.88,15.8,2.06,12.34522759,-1.81575912,529,473
1/19/2011,505,18.02,17.86,15.86,2.16,13.84950385,-5.77603099,508,478
1/20/2011,491,18.74,18.02,15.9,2.84,18.08848068,-9.805847062,505,524
1/21/2011,502,18.86,18.74,16.02,2.84,16.9560947,-5.689634945,491,521
1/22/2011,496,19.02,18.86,16.2,2.82,16.71798881,-5.258220637,502,521
1/23/2011,486,19.66,19.02,16.34,3.32,20.2979527,-8.469336144,496,521
1/24/2011,497,19.72,19.66,16.88,2.84,16.54913608,-7.726072504,486,529
1/25/2011,466,19.8,19.72,17.86,1.94,13.08521788,-9.046789593,497,508
1/26/2011,503,19.84,19.8,18.02,1.82,13.89348497,-5.214192964,466,505
1/27/2011,481,19.88,19.84,18.74,1.14,8.937435214,-4.702077716,503,491
1/28/2011,489,19.9,19.88,18.86,1.04,8.447862286,-1.99767549,481,502
1/29/2011,489,19.94,19.9,19.02,0.92,7.209043687,-2.628495199,489,496
1/30/2011,483,19.94,19.94,19.66,0.28,3.217549638,-2.397270995,489,486
1/31/2011,486,19.98,19.94,19.72,0.26,3.320136057,-10.49773558,483,497
2/1/2011,470,20.08,19.98,19.8,0.28,5.205404816,-23.13078826,486,466
2/2/2011,407,20.08,20.08,19.84,0.24,2.892861474,-25.19763509,470,503
2/3/2011,399,20.08,20.08,19.88,0.2,2.892861474,-17.85130194,407,481
2/4/2011,421,20.14,20.08,19.9,0.24,2.848816018,-11.42813506,399,489
2/5/2011,446,20.38,20.14,19.94,0.44,5.003251032,-5.764199062,421,489
2/6/2011,457,21.16,20.38,19.94,1.22,14.06087264,-8.048283485,446,483
2/7/2011,456,21.34,21.16,19.98,1.36,16.37692267,-7.041802996,457,486
2/8/2011,461,22.14,21.34,20.08,2.06,23.97997455,-14.136556,456,470
2/9/2011,446,22.24,22.14,20.08,2.16,24.46378994,-19.13257349,461,407
2/10/2011,458,22.32,22.24,20.08,2.24,24.51820529,-13.07261646,446,399
2/11/2011,480,22.36,22.32,20.14,2.22,24.52057748,-9.161142859,458,421
2/12/2011,495,22.42,22.36,20.38,2.04,22.36614246,-5.785570185,480,446
2/13/2011,513,22.5,22.42,21.16,1.34,13.38403821,-2.108677497,495,457
2/14/2011,517,22.56,22.5,21.34,1.22,10.47988919,-1.466454557,513,456
2/15/2011,513,22.64,22.56,22.14,0.5,0.659701228,-0.871289777,517,461
2/16/2011,513,22.66,22.64,22.24,0.42,0.180653281,0.354182469,513,446
2/17/2011,503,22.74,22.66,22.32,0.42,2.204138825,-4.640514189,513,458
2/18/2011,465,23.06,22.74,22.36,0.7,6.007955691,-3.993705754,503,480
2/19/2011,495,23.24,23.06,22.42,0.82,7.801091371,-0.350933831,465,495
2/20/2011,508,23.66,23.24,22.5,1.16,14.33122421,-3.762188987,495,513
2/21/2011,503,23.72,23.66,22.56,1.16,17.271134,-6.231605653,508,517
2/22/2011,492,23.92,23.72,22.64,1.28,17.51348038,-5.833605548,503,513
2/23/2011,495,23.96,23.92,22.66,1.3,17.53488328,-4.79348128,492,513
2/24/2011,507,24.04,23.96,22.74,1.3,15.82460021,-4.447487521,495,503
2/25/2011,589,24.2,24.04,23.06,1.14,15.81122982,-4.080245682,507,465
2/26/2011,662,24.66,24.2,23.24,1.42,20.95760066,-2.164199104,589,495
2/27/2011,592,24.9,24.66,23.66,1.24,14.99443907,-4.212482027,662,508
2/28/2011,581,24.94,24.9,23.72,1.22,12.05704322,-4.521634943,592,503
3/1/2011,658,25.02,24.94,23.92,1.1,11.79484994,-2.184458458,581,492
3/2/2011,753,25.06,25.02,23.96,1.1,11.7686796,-0.860876917,658,495
3/3/2011,888,25.12,25.06,24.04,1.08,11.88105854,-0.299126012,753,507
3/4/2011,812,25.32,25.12,24.2,1.12,11.09778101,-3.19118466,888,589
3/5/2011,747,25.4,25.32,24.66,0.74,4.285647248,-3.901322973,812,662
3/6/2011,1020,25.56,25.4,24.9,0.66,4.032121852,-1.366378836,747,592
3/7/2011,1090,26.16,25.56,24.94,1.22,9.812273413,0.830541889,1020,581
3/8/2011,976,26.62,26.16,25.02,1.6,14.28067,-3.125197183,1090,658
3/9/2011,943,26.98,26.62,25.06,1.92,18.66798244,-1.31822721,976,753
3/10/2011,1030,27.14,26.98,25.12,2.02,18.94814325,1.030960785,943,888
3/11/2011,1300,27.26,27.14,25.32,1.94,15.94464269,1.544398797,1030,812
3/12/2011,1360,27.34,27.26,25.4,1.94,15.82315651,1.704065609,1300,747
3/13/2011,1920,27.48,27.34,25.56,1.92,19.99246827,0.439240593,1360,1020
3/14/2011,1770,27.74,27.48,26.16,1.58,15.15349231,2.1404921,1920,1090
3/15/2011,1820,28.06,27.74,26.62,1.44,12.30267321,2.631600251,1770,976
3/16/2011,2540,28.16,28.06,26.98,1.18,8.01343712,4.843654803,1820,943
3/17/2011,2780,28.24,28.16,27.14,1.1,11.59745577,-1.411013712,2540,1030
3/18/2011,2430,28.9,28.24,27.26,1.64,19.67585709,-1.645144972,2780,1300
3/19/2011,2200,29.12,28.9,27.34,1.78,20.34262093,2.559516176,2430,1360
3/20/2011,2100,29.2,29.12,27.48,1.72,15.78434597,2.392498115,2200,1920
3/21/2011,2150,29.22,29.2,27.74,1.48,14.84065641,4.453594132,2100,1770
3/22/2011,2250,29.44,29.22,28.06,1.38,15.84983058,-1.397902541,2150,1820
3/23/2011,2360,29.62,29.44,28.16,1.46,17.68572341,-1.010321004,2250,2540
3/24/2011,2150,29.68,29.62,28.24,1.44,13.41707833,0.35064087,2360,2780
3/25/2011,1760,29.78,29.68,28.9,0.88,5.501843195,-0.71741726,2150,2430
3/26/2011,1700,30.26,29.78,29.12,1.14,9.837799413,-2.271149428,1760,2200
3/27/2011,1640,30.64,30.26,29.2,1.44,12.62133065,0.06224081,1700,2100
3/28/2011,1530,31,30.64,29.22,1.78,16.45280967,-0.83804396,1640,2150
3/29/2011,1560,31.74,31,29.44,2.3,19.57744594,-1.846111774,1530,2250
3/30/2011,1520,32.1,31.74,29.62,2.48,19.70709858,0.917876298,1560,2360
3/31/2011,1420,32.76,32.1,29.68,3.08,22.63301906,6.162552984,1520,2150
4/1/2011,1400,33.1,32.76,29.78,3.32,23.71659086,7.135558654,1420,1760
4/2/2011,1730,33.1,33.1,30.26,2.84,18.70798422,8.685980572,1400,1700
4/3/2011,2900,33.08,33.1,30.64,2.44,16.62770375,-0.611165953,1730,1640
4/4/2011,4990,33.54,33.08,31,2.54,23.273298,-4.604295613,2900,1530
4/5/2011,4490,33.7,33.54,31.74,1.96,18.17454507,4.253917837,4990,1560
4/6/2011,3460,33.72,33.7,32.1,1.62,18.43648087,1.938182993,4490,1520
4/7/2011,3700,34.04,33.72,32.76,1.28,20.93232069,4.960006237,3460,1420
4/8/2011,3630,34.14,34.04,33.1,1.04,20.93838958,5.018469788,3700,1400
4/9/2011,3650,34.08,34.14,33.1,0.98,23.06263058,2.36522377,3630,1730
4/10/2011,5360,34.26,34.08,33.08,1.18,27.95095915,-0.329414877,3650,2900
4/11/2011,4990,34.92,34.26,33.54,1.38,23.28708493,2.696273578,5360,4990
4/12/2011,3780,35.14,34.92,33.7,1.44,23.30897774,4.95448021,4990,4490
4/13/2011,3530,34.86,35.14,33.72,1.14,20.98342011,5.581456399,3780,3460
4/14/2011,3880,34.84,34.86,34.04,0.8,17.81734494,1.431145019,3530,3700
4/15/2011,4800,35.24,34.84,34.14,1.1,20.20996771,1.017948899,3880,3630
4/16/2011,4920,35.38,35.24,34.08,1.3,18.41298848,5.162088165,4800,3650
4/17/2011,4140,35.54,35.38,34.26,1.28,16.84887873,6.747467207,4920,5360
4/18/2011,4110,35.64,35.54,34.92,0.72,15.68240772,5.081524529,4140,4990
4/19/2011,5400,36.56,35.64,35.14,1.42,30.59306748,1.96201931,4110,3780
4/20/2011,10400,36.84,36.56,34.86,1.98,34.39021721,3.509674559,5400,3530
4/21/2011,8700,37.2,36.84,34.84,2.36,40.42184398,4.441241729,10400,3880
4/22/2011,9230,37.84,37.2,35.24,2.6,49.51522498,0.165371912,8700,4800
4/23/2011,11900,37.92,37.84,35.38,2.54,50.25604598,0.99276159,9230,4920
4/24/2011,9160,38.12,37.92,35.54,2.58,48.62721122,2.688231588,11900,4140
4/25/2011,7440,38.36,38.12,35.64,2.72,47.48978778,2.949081057,9160,4110
4/26/2011,7400,38.78,38.36,36.56,2.22,35.77643803,0.886385011,7440,5400
4/27/2011,7420,39.16,38.78,36.84,2.32,35.01869572,1.017757609,7400,10400
4/28/2011,6540,39.24,39.16,37.2,2.04,27.12698141,3.755699031,7420,8700
4/29/2011,5560,39.68,39.24,37.84,1.84,17.19751223,1.2351584,6540,9230
4/30/2011,5880,40.24,39.68,37.92,2.32,22.99926459,-2.172527237,5560,11900
5/1/2011,5970,40.3,40.24,38.12,2.18,21.7194266,-1.37260657,5880,9160
5/2/2011,5240,40.28,40.3,38.36,1.92,18.27511562,0.747374852,5970,7440
5/3/2011,4810,40.26,40.28,38.78,1.48,14.5622831,4.204544634,5240,7400
5/4/2011,4570,40.34,40.26,39.16,1.18,16.44826974,3.939369133,4810,7420
5/5/2011,5080,40,40.34,39.24,0.76,16.82403482,5.595403117,4570,6540
5/6/2011,5780,39.46,40,39.68,-0.22,14.00865278,10.13920571,5080,5560
5/7/2011,6550,38.8,39.46,40.24,-1.44,7.138817653,12.09776963,5780,5880
5/8/2011,8700,37.76,38.8,40.3,-2.54,6.020020809,12.85108689,6550,5970
5/9/2011,12300,36.64,37.76,40.28,-3.64,5.955027196,8.209367558,8700,5240
5/10/2011,14800,36.36,36.64,40.26,-3.9,8.653958027,4.866027702,12300,4810
5/11/2011,15600,36.02,36.36,40.34,-4.32,6.345188223,3.391505863,14800,4570
5/12/2011,13800,36.42,36.02,40,-3.58,12.60974008,6.804540435,15600,5080
5/13/2011,12500,36.34,36.42,39.46,-3.12,13.44357179,9.06027263,13800,5780
5/14/2011,11300,35.74,36.34,38.8,-3.06,13.44357179,8.819452876,12500,6550
5/15/2011,13300,35.36,35.74,37.76,-2.4,13.5714766,10.14766694,11300,8700
5/16/2011,15600,34.44,35.36,36.64,-2.2,13.58817648,11.46347309,13300,12300
5/17/2011,17600,33.76,34.44,36.36,-2.6,11.00188233,6.097081749,15600,14800
5/18/2011,19000,33.56,33.76,36.02,-2.46,14.30497002,5.196535011,17600,15600
5/19/2011,18900,33.7,33.56,36.42,-2.72,16.45844168,4.470119174,19000,13800
5/20/2011,17200,33.7,33.7,36.34,-2.64,21.34826367,4.371899627,18900,12500
5/21/2011,15200,34.32,33.7,35.74,-1.42,29.88419267,7.838334349,17200,11300
5/22/2011,14400,35.38,34.32,35.36,0.02,38.317225,9.883195697,15200,13300
5/23/2011,16600,35.32,35.38,34.44,0.88,40.86871347,9.233452017,14400,15600
5/24/2011,17100,35.16,35.32,33.76,1.4,45.88524178,6.412327656,16600,17600
5/25/2011,19000,34.88,35.16,33.56,1.32,42.23453596,8.880042358,17100,19000
5/26/2011,19200,34.64,34.88,33.7,0.94,33.11487353,9.435594376,19000,18900
5/27/2011,18300,34.38,34.64,33.7,0.68,27.74787743,6.781829655,19200,17200
5/28/2011,18400,34.34,34.38,34.32,0.02,22.12349765,6.906649631,18300,15200
5/29/2011,17500,34.2,34.34,35.38,-1.18,16.42494823,11.15550455,18400,14400
5/30/2011,16900,33.26,34.2,35.32,-2.06,14.90421044,5.492902766,17500,16600
5/31/2011,18200,32.7,33.26,35.16,-2.46,11.91229651,8.88679392,16900,17100
6/1/2011,19900,31.86,32.7,34.88,-3.02,9.742673467,13.82879094,18200,19000
6/2/2011,18300,31.24,31.86,34.64,-3.4,9.597418574,12.35150167,19900,19200
6/3/2011,19200,30.4,31.24,34.38,-3.98,9.240760964,8.482229542,18300,18300
6/4/2011,21200,29.66,30.4,34.34,-4.68,6.329211756,12.51876957,19200,18400
6/5/2011,23600,28.94,29.66,34.2,-5.26,3.466824033,15.12178158,21200,17500
6/6/2011,22600,28.04,28.94,33.26,-5.22,2.419373479,15.9540782,23600,16900
6/7/2011,23200,27.06,28.04,32.7,-5.64,0.099383083,12.0150833,22600,18200
6/8/2011,25000,26.16,27.06,31.86,-5.7,0,12.59150588,23200,19900
6/9/2011,26700,25.32,26.16,31.24,-5.92,0,11.03549814,25000,18300
6/10/2011,26100,24.4,25.32,30.4,-6,0.001006668,9.741003932,26700,19200
6/11/2011,24500,23.6,24.4,29.66,-6.06,0.001006668,13.46994044,26100,21200
6/12/2011,22500,22.62,23.6,28.94,-6.32,0.001006668,14.0281734,24500,23600
6/13/2011,20700,21.74,22.62,28.04,-6.3,0.001006668,13.65234401,22500,22600
6/14/2011,20000,20.66,21.74,27.06,-6.4,0.050990238,13.12530278,20700,23200
6/15/2011,20000,19.56,20.66,26.16,-6.6,0.050990238,13.88353919,20000,25000
6/16/2011,19500,18.46,19.56,25.32,-6.86,0.823514132,12.74677724,20000,26700
6/17/2011,19400,17.28,18.46,24.4,-7.12,6.874753134,10.37072576,19500,26100
6/18/2011,19800,16.66,17.28,23.6,-6.94,8.935234474,12.68049555,19400,24500
6/19/2011,20200,16,16.66,22.62,-6.62,10.31033212,11.22616737,19800,22500
6/20/2011,18600,15.38,16,21.74,-6.36,12.98367151,10.81841752,20200,20700
6/21/2011,17300,14.98,15.38,20.66,-5.68,16.56397774,12.40428707,18600,20000
6/22/2011,15800,14.12,14.98,19.56,-5.44,16.56397774,14.99281131,17300,20000
6/23/2011,15000,12.9,14.12,18.46,-5.56,15.91028522,17.9730937,15800,19500
6/24/2011,15200,11.8,12.9,17.28,-5.48,9.858039546,18.34984609,15000,19400
6/25/2011,15900,10.44,11.8,16.66,-6.22,7.797558206,17.45560877,15200,19800
6/26/2011,16400,9.5,10.44,16,-6.5,6.42246056,16.36433714,15900,20200
6/27/2011,16900,8.88,9.5,15.38,-6.5,3.749121168,15.46290891,16400,18600
6/28/2011,16200,8.58,8.88,14.98,-6.4,0.11883137,18.63295077,16900,17300
6/29/2011,15000,8.26,8.58,14.12,-5.86,0.119606245,19.73751929,16200,15800
6/30/2011,14500,7.88,8.26,12.9,-5.02,3.073820114,14.43541768,15000,15000
7/1/2011,15100,7.64,7.88,11.8,-4.16,9.287744539,15.46578052,14500,15200
7/2/2011,16000,7.3,7.64,10.44,-3.14,9.287762612,18.32921413,15100,15900
7/3/2011,14700,6.94,7.3,9.5,-2.56,9.287762612,20.03380591,16000,16400
7/4/2011,13400,6.56,6.94,8.88,-2.32,9.287762612,19.3095872,14700,16900
7/5/2011,12800,6.22,6.56,8.58,-2.36,11.04960981,16.61863533,13400,16200
7/6/2011,12400,5.98,6.22,8.26,-2.28,12.11789853,17.93507347,12800,15000
7/7/2011,11400,5.64,5.98,7.88,-2.24,9.48882626,18.22691435,12400,14500
7/8/2011,11100,5.32,5.64,7.64,-2.32,10.91293839,16.39563714,11400,15100
7/9/2011,12000,4.94,5.32,7.3,-2.36,18.32687926,17.21255748,11100,16000
7/10/2011,13900,4.58,4.94,6.94,-2.36,20.04113814,16.44741129,12000,14700
7/11/2011,13100,4.28,4.58,6.56,-2.28,22.53468538,17.67780551,13900,13400
7/12/2011,11000,3.88,4.28,6.22,-2.34,25.35488181,16.80527813,13100,12800
7/13/2011,10300,3.64,3.88,5.98,-2.34,28.36621993,17.7827008,11000,12400
7/14/2011,9970,3.18,3.64,5.64,-2.46,31.72770153,17.66805398,10300,11400
7/15/2011,9610,2.78,3.18,5.32,-2.54,24.0969023,18.14716492,9970,11100
7/16/2011,8620,2.4,2.78,4.94,-2.54,16.74935605,18.62447572,9610,12000
7/17/2011,7440,2.08,2.4,4.58,-2.5,15.08971201,21.14222452,8620,13900
7/18/2011,6920,1.66,2.08,4.28,-2.62,13.79829667,20.33534474,7440,13100
7/19/2011,7240,1.04,1.66,3.88,-2.84,13.9619214,19.3233208,6920,11000
7/20/2011,7330,0.64,1.04,3.64,-3,15.59839771,18.84410442,7240,10300
7/21/2011,7320,0.12,0.64,3.18,-3.06,11.87438937,18.95019992,7330,9970
7/22/2011,6490,0,0.12,2.78,-2.78,12.19452237,18.8540189,7320,9610
7/23/2011,5350,0,0,2.4,-2.4,12.12810967,19.12342759,6490,8620
7/24/2011,4480,0,0,2.08,-2.08,12.07349484,19.53437575,5350,7440
7/25/2011,3910,0,0,1.66,-1.66,10.87136294,20.6672105,4480,6920
7/26/2011,3450,0,0,1.04,-1.04,6.125694572,16.93742671,3910,7240
7/27/2011,3190,0,0,0.64,-0.64,2.172521306,18.26214274,3450,7330
7/28/2011,3470,0,0,0.12,-0.12,2.091075075,18.53783979,3190,7320
7/29/2011,2970,0,0,0,0,1.763704746,19.02688675,3470,6490
7/30/2011,2580,0,0,0,0,1.763704746,20.02893518,2970,5350
7/31/2011,2260,0,0,0,0,1.763704746,20.26907089,2580,4480
8/1/2011,2060,0,0,0,0,3.967642571,19.03783336,2260,3910
8/2/2011,1950,0,0,0,0,6.076008971,18.80254137,2060,3450
8/3/2011,1950,0,0,0,0,4.335930131,18.5642209,1950,3190
8/4/2011,1910,0,0,0,0,6.009327346,17.9123578,1950,3470
8/5/2011,1750,0,0,0,0,6.514783036,18.22647554,1910,2970
8/6/2011,1660,0,0,0,0,6.673750815,18.67890081,1750,2580
8/7/2011,1530,0,0,0,0,6.673750815,17.86252421,1660,2260
8/8/2011,1410,0,0,0,0,4.46981299,17.82049032,1530,2060
8/9/2011,1300,0,0,0,0,2.361446591,18.48400392,1410,1950
8/10/2011,1180,0,0,0,0,2.337820684,18.01185005,1300,1950
8/11/2011,1100,0,0,0,0,0.664423469,18.63061158,1180,1910
8/12/2011,1010,0,0,0,0,0.159368576,17.98609553,1100,1750
8/13/2011,942,0,0,0,0,0.000400797,18.09701782,1010,1660
8/14/2011,905,0,0,0,0,0.000400797,16.63560033,942,1530
8/15/2011,879,0,0,0,0,1.428302842,17.59038183,905,1410
8/16/2011,877,0,0,0,0,5.006148042,18.12904713,879,1300
8/17/2011,885,0,0,0,0,6.362630042,19.05590668,877,1180
8/18/2011,876,0,0,0,0,6.363030839,19.32357495,885,1100
8/19/2011,882,0,0,0,0,6.362630042,18.85159522,876,1010
8/20/2011,866,0,0,0,0,7.764361828,18.87670401,882,942
8/21/2011,972,0,0,0,0,7.764361828,19.49302341,866,905
8/22/2011,1010,0,0,0,0,6.43549794,20.22486769,972,879
8/23/2011,962,0,0,0,0,2.85765274,20.39039917,1010,877
8/24/2011,838,0,0,0,0,1.50117074,20.71062239,962,885
8/25/2011,672,0,0,0,0,1.500769943,20.51654305,838,876
8/26/2011,622,0,0,0,0,2.836648538,20.29731408,672,882
8/27/2011,619,0,0,0,0,1.584790132,20.31748696,622,866
8/28/2011,616,0,0,0,0,2.239878135,19.67155552,619,972
8/29/2011,588,0,0,0,0,6.921319164,18.19494403,616,1010
8/30/2011,593,0,0,0,0,8.169497205,18.45218756,588,962
8/31/2011,586,0,0,0,0,8.340754775,19.25779494,593,838
9/1/2011,606,0,0,0,0,9.890704195,18.89100604,586,672
9/2/2011,588,0,0,0,0,8.598575,17.25737777,606,622
9/3/2011,549,0,0,0,0,8.475531114,14.03359557,588,619
9/4/2011,508,0,0,0,0,7.82044311,14.55151432,549,616
9/5/2011,481,0,0,0,0,3.039963924,16.60943741,508,588
9/6/2011,481,0,0,0,0,2.942333576,13.09107012,481,593
9/7/2011,558,0,0,0,0,11.97977029,12.59804582,481,586
9/8/2011,511,0,0,0,0,11.55753182,13.32586212,558,606
9/9/2011,526,0,0,0,0,12.59481487,13.92486218,511,588
9/10/2011,629,0,0,0,0,12.56798538,14.32916173,526,549
9/11/2011,649,0,0,0,0,12.56798538,13.83535892,629,508
9/12/2011,603,0,0,0,0,12.63992871,13.82856012,649,481
9/13/2011,518,0,0,0,0,11.65586568,13.36460617,603,481
9/14/2011,472,0,0,0,0,2.823764326,13.11158044,518,558
9/15/2011,484,0,0,0,0,4.81860448,11.20671311,472,511
9/16/2011,475,0,0,0,0,8.90835345,11.65800663,484,526
9/17/2011,606,0,0,0,0,10.04226396,9.691364391,475,629
9/18/2011,821,0,0,0,0,14.8944091,10.51439717,606,649
9/19/2011,798,0,0,0,0,14.82246577,12.32902985,821,603
9/20/2011,867,0,0,0,0,14.65598111,11.53943714,798,518
9/21/2011,840,0,0,0,0,14.27938817,9.823149931,867,472
9/22/2011,751,0,0,0,0,11.15683707,11.3095564,840,484
9/23/2011,665,0,0,0,0,5.986055653,13.30180175,751,475
9/24/2011,618,0,0,0,0,4.852145145,14.86606099,665,606
9/25/2011,573,0,0,0,0,0,15.03701195,618,821
9/26/2011,538,0,0,0,0,0,14.4169934,573,798
9/27/2011,520,0,0,0,0,0,14.66805203,538,867
9/28/2011,491,0,0,0,0,0,14.7624926,520,840
9/29/2011,442,0,0,0,0,0,13.49115589,491,751
9/30/2011,428,0,0,0,0,0,14.24540271,442,665
10/1/2011,432,0,0,0,0,0,15.11125783,428,618
10/2/2011,432,0,0,0,0,0.018471202,14.45640556,432,573
10/3/2011,449,0,0,0,0,0.018471202,14.2342008,432,538
10/4/2011,450,0,0,0,0,0.890947415,12.46956926,449,520
10/5/2011,440,0,0,0,0,4.566776231,9.768816786,450,491
10/6/2011,472,0.02,0,0,0.02,6.723764688,4.065092505,440,442
10/7/2011,507,0.12,0.02,0,0.12,13.70571186,1.654566658,472,428
10/8/2011,559,0.02,0.12,0,0.02,14.19576851,0.484950353,507,432
10/9/2011,646,0.18,0.02,0,0.18,19.45148423,2.365314091,559,432
10/10/2011,699,0.18,0.18,0,0.18,19.47693912,5.377208566,646,449
10/11/2011,703,0.16,0.18,0,0.16,20.91002163,6.526211607,699,450
10/12/2011,683,0.36,0.16,0,0.36,20.57281258,6.72705444,703,440
10/13/2011,660,0.24,0.36,0.02,0.22,18.415931,7.915166949,683,472
10/14/2011,687,0.24,0.24,0.12,0.12,11.43547425,10.23348846,660,507
10/15/2011,729,0.2,0.24,0.02,0.18,10.94541759,11.97720363,687,559
10/16/2011,743,0.16,0.2,0.18,-0.02,5.67123067,12.48722374,729,646
10/17/2011,726,0.08,0.16,0.18,-0.1,6.845711338,5.447230263,743,699
10/18/2011,776,0.38,0.08,0.16,0.22,8.33458283,3.662064006,726,703
10/19/2011,804,0.36,0.38,0.36,0,4.995963071,6.059043308,776,683
10/20/2011,860,0.36,0.36,0.24,0.12,4.997599265,7.212341348,804,660
10/21/2011,883,0.3,0.36,0.24,0.06,4.996108847,7.741237772,860,687
10/22/2011,836,0.28,0.3,0.2,0.08,4.996108847,7.576068156,883,729
10/23/2011,797,0.24,0.28,0.16,0.08,4.996108847,7.914393721,836,743
10/24/2011,782,0.18,0.24,0.08,0.1,3.796173294,9.137676896,797,726
10/25/2011,774,0.2,0.18,0.38,-0.18,0.086655425,4.593955794,782,776
10/26/2011,780,0.46,0.2,0.36,0.1,6.852755417,-1.791661036,774,804
10/27/2011,781,0.52,0.46,0.36,0.16,8.755129804,-2.61721446,780,860
10/28/2011,812,0.58,0.52,0.3,0.28,8.766874988,-0.875677249,781,883
10/29/2011,815,0.62,0.58,0.28,0.34,9.002786706,2.208686666,812,836
10/30/2011,760,0.62,0.62,0.24,0.38,9.005238991,4.224604181,815,797
10/31/2011,723,0.62,0.62,0.18,0.44,9.005238991,5.021107408,760,782
11/1/2011,736,0.6,0.62,0.2,0.4,9.267458055,1.769568434,723,774
11/2/2011,764,0.84,0.6,0.46,0.38,10.81287687,-4.289237548,736,780
11/3/2011,681,0.88,0.84,0.52,0.36,9.232391833,-2.065450369,764,781
11/4/2011,695,0.9,0.88,0.58,0.32,9.828476027,4.353241172,681,812
11/5/2011,696,0.96,0.9,0.62,0.34,9.602756939,-0.77444652,695,815
11/6/2011,737,1.52,0.96,0.62,0.9,17.03180393,-4.799351842,696,760
11/7/2011,823,1.62,1.52,0.62,1,17.43547308,-2.186641257,737,723
11/8/2011,850,1.62,1.62,0.6,1.02,17.4684729,-4.298478601,823,736
11/9/2011,789,1.6,1.62,0.84,0.76,9.157125099,-3.931927715,850,764
11/10/2011,767,1.62,1.6,0.88,0.74,8.833492675,-1.213474267,789,681
11/11/2011,714,1.66,1.62,0.9,0.76,8.275432329,-0.58201308,767,695
11/12/2011,607,1.7,1.66,0.96,0.74,8.592313187,-0.301354964,714,696
11/13/2011,588,2.04,1.7,1.52,0.52,6.129249348,-0.982798399,607,737
11/14/2011,627,3.04,2.04,1.62,1.42,16.18157913,-0.666147875,588,823
11/15/2011,652,3.04,3.04,1.62,1.42,15.8014479,-1.508387916,627,850
11/16/2011,636,3.02,3.04,1.6,1.42,15.80127689,-5.224217702,652,789
11/17/2011,648,3.06,3.02,1.62,1.44,15.80127689,-0.72925968,636,767
11/18/2011,666,3.1,3.06,1.66,1.44,15.98253691,2.235468873,648,714
11/19/2011,638,3.16,3.1,1.7,1.46,18.99311295,-3.694487949,666,607
11/20/2011,769,3.84,3.16,2.04,1.8,22.17595436,-2.809518561,638,588
11/21/2011,781,4.06,3.84,3.04,1.02,15.46369908,-0.611229931,769,627
11/22/2011,739,4.36,4.06,3.04,1.32,18.86204879,-0.324875689,781,652
11/23/2011,754,4.36,4.36,3.02,1.34,18.86204879,1.160475513,739,636
11/24/2011,725,4.38,4.36,3.06,1.32,18.90410121,2.243184885,754,648
11/25/2011,701,4.4,4.38,3.1,1.3,18.67668008,-1.396401246,725,666
11/26/2011,647,4.48,4.4,3.16,1.32,16.31548547,-6.824486615,701,638
11/27/2011,640,4.48,4.48,3.84,0.64,8.164208637,-2.382891356,647,769
11/28/2011,621,4.56,4.48,4.06,0.5,4.586851427,0.88648694,640,781
11/29/2011,557,4.58,4.56,4.36,0.22,1.244157237,0.961551354,621,739
11/30/2011,578,4.58,4.58,4.36,0.22,1.244157237,0.203707106,557,754
12/1/2011,583,4.64,4.58,4.38,0.26,1.227367634,-5.697143606,578,725
12/2/2011,455,4.68,4.64,4.4,0.28,1.92021755,-7.584783077,583,701
12/3/2011,464,4.9,4.68,4.48,0.42,4.252882011,-9.296979125,455,647
12/4/2011,404,5,4.9,4.48,0.52,5.502014275,-10.95152901,464,640
12/5/2011,390,5.02,5,4.56,0.46,5.348931162,-16.20449283,404,621
12/6/2011,393,5,5.02,4.58,0.42,5.293275647,-14.00244252,390,557
12/7/2011,432,4.98,5,4.58,0.4,5.298249271,-7.622900744,393,578
12/8/2011,531,5,4.98,4.64,0.36,5.474173707,-6.003002132,432,583
12/9/2011,533,5.06,5,4.68,0.38,4.959315979,-5.628050916,531,455
12/10/2011,533,5.06,5.06,4.9,0.16,1.65019659,-4.850819399,533,464
12/11/2011,533,5.04,5.06,5,0.04,0.404832866,-4.387291579,533,404
12/12/2011,541,5.06,5.04,5.02,0.04,0.391529529,-3.023827128,533,390
12/13/2011,585,5.1,5.06,5,0.1,0.614764591,-2.055273073,541,393
12/14/2011,585,5.2,5.1,4.98,0.22,1.854490746,-4.815762567,585,432
12/15/2011,548,5.32,5.2,5,0.32,2.308368265,-6.459068008,585,531
12/16/2011,507,5.36,5.32,5.06,0.3,2.136497906,-7.341437191,548,533
12/17/2011,513,5.36,5.36,5.06,0.3,2.136497906,-5.3105782,507,533
12/18/2011,543,5.38,5.36,5.04,0.34,2.132729366,-4.036924679,513,533
12/19/2011,563,5.38,5.38,5.06,0.32,2.132729366,-5.959028478,543,541
12/20/2011,546,5.38,5.38,5.1,0.28,1.909494305,-6.847946614,563,585
12/21/2011,530,5.38,5.38,5.2,0.18,0.66480368,-6.853743356,546,585
12/22/2011,531,5.6,5.38,5.32,0.28,2.152726283,-9.837674348,530,548
12/23/2011,506,5.62,5.6,5.36,0.26,2.329171562,-11.05231411,531,507
12/24/2011,500,5.62,5.62,5.36,0.26,2.342356372,-8.905463677,506,513
12/25/2011,554,5.66,5.62,5.38,0.28,2.345562748,-5.371835573,500,543
12/26/2011,560,5.66,5.66,5.38,0.28,2.615837409,-4.485266317,554,563
12/27/2011,564,5.66,5.66,5.38,0.28,2.615837409,-3.783919327,560,546
12/28/2011,546,5.66,5.66,5.38,0.28,2.615828255,-2.769175051,564,530
12/29/2011,576,5.72,5.66,5.6,0.12,1.099608752,1.250672706,546,531
12/30/2011,557,5.8,5.72,5.62,0.18,1.368622572,1.693229336,576,506
12/31/2011,532,5.82,5.8,5.62,0.2,1.49195236,-3.627229129,557,500
1/1/2012,473,5.84,5.82,5.66,0.18,1.488745984,-3.987104929,532,554
1/2/2012,505,5.88,5.84,5.66,0.22,1.298844054,-0.922598916,473,560
1/3/2012,512,5.86,5.88,5.66,0.2,1.298844054,0.269044172,505,564
1/4/2012,505,5.86,5.86,5.66,0.2,1.298844054,-0.847877986,512,546
1/5/2012,507,5.86,5.86,5.72,0.14,0.672076175,0.990083503,505,576
1/6/2012,507,5.86,5.86,5.8,0.06,0.216887328,-1.040959228,507,557
1/7/2012,504,5.86,5.86,5.82,0.04,0.178235607,-5.138541231,507,532
1/8/2012,487,6.02,5.86,5.84,0.18,2.135116718,-7.574223269,504,473
1/9/2012,475,6.02,6.02,5.88,0.14,2.054743988,-4.345894679,487,505
1/10/2012,487,6.08,6.02,5.86,0.22,2.060188048,-3.070345423,475,512
1/11/2012,490,6.14,6.08,5.86,0.28,2.506303312,-9.567913243,487,505
1/12/2012,431,6.26,6.14,5.86,0.4,2.643534652,-10.55927936,490,507
1/13/2012,438,6.3,6.26,5.86,0.44,2.699075337,-6.42808504,431,507
1/14/2012,480,6.34,6.3,5.86,0.48,2.848182892,-1.619238439,438,504
1/15/2012,488,6.42,6.34,6.02,0.4,1.245119432,-0.600600576,480,487
1/16/2012,495,6.42,6.42,6.02,0.4,1.245119432,-7.40405913,488,475
1/17/2012,459,6.68,6.42,6.08,0.6,5.024477259,-13.9421896,495,487
1/18/2012,461,6.68,6.68,6.14,0.54,4.618263246,-6.685906646,459,490
1/19/2012,498,6.76,6.68,6.26,0.5,5.388426933,1.124378079,461,431
1/20/2012,503,6.94,6.76,6.3,0.64,6.583358916,1.36997367,498,438
1/21/2012,488,7.42,6.94,6.34,1.08,8.264787664,0.963162709,503,480
1/22/2012,488,7.98,7.42,6.42,1.56,14.90608033,-4.30404236,488,488
1/23/2012,459,8.5,7.98,6.42,2.08,17.51016849,-4.129935271,488,495
1/24/2012,484,8.58,8.5,6.68,1.9,16.35789577,-5.712631513,459,459
1/25/2012,457,8.66,8.58,6.68,1.98,17.08833256,-5.218356278,484,461
1/26/2012,479,8.78,8.66,6.76,2.02,16.57454383,-1.880462795,457,498
1/27/2012,484,9.12,8.78,6.94,2.18,17.71201629,-6.55632403,479,503
1/28/2012,433,9.22,9.12,7.42,1.8,15.84938362,-7.461820596,484,488
1/29/2012,457,9.28,9.22,7.98,1.3,9.036264346,-3.275330581,433,488
1/30/2012,473,9.32,9.28,8.5,0.82,6.43278446,-1.448569786,457,459
1/31/2012,473,9.34,9.32,8.58,0.76,3.809520628,-2.958939051,473,484
2/1/2012,459,9.32,9.34,8.66,0.66,3.039182588,-3.343719948,473,457
2/2/2012,464,9.34,9.32,8.78,0.56,2.645576293,-2.952501182,459,479
2/3/2012,457,9.38,9.34,9.12,0.26,0.554314102,-4.780456361,464,484
2/4/2012,439,9.34,9.38,9.22,0.12,0.4885476,-6.238375959,457,433
2/5/2012,437,9.34,9.34,9.28,0.06,0.306556547,-5.140006102,439,457
2/6/2012,452,9.32,9.34,9.32,0,0.305948279,-6.282575626,437,473
2/7/2012,446,9.3,9.32,9.34,-0.04,0.296682939,-6.929881281,452,473
2/8/2012,439,9.32,9.3,9.32,0,0.296682939,-4.367394082,446,459
2/9/2012,468,9.58,9.32,9.34,0.24,3.24165391,-2.818784757,439,464
2/10/2012,459,9.9,9.58,9.38,0.52,5.013954239,-3.634759542,468,457
2/11/2012,457,10.52,9.9,9.34,1.18,10.2486636,-0.446170998,459,439
2/12/2012,457,10.62,10.52,9.34,1.28,10.55470648,-0.708833492,457,437
2/13/2012,468,11,10.62,9.32,1.68,15.25199915,-1.786603857,457,452
2/14/2012,464,11.38,11,9.3,2.08,19.35359668,-3.374333006,468,446
2/15/2012,459,11.78,11.38,9.32,2.46,23.44203913,-4.341958834,464,439
2/16/2012,460,11.82,11.78,9.58,2.24,21.54683924,-4.115552281,459,468
2/17/2012,449,11.94,11.82,9.9,2.04,19.8651921,-5.694105457,460,459
2/18/2012,462,12.04,11.94,10.52,1.52,15.98751185,-5.266355564,449,457
2/19/2012,467,12.12,12.04,10.62,1.5,15.694712,-4.862104745,462,457
2/20/2012,465,12.6,12.12,11,1.6,17.64292594,-7.721634923,467,468
2/21/2012,467,12.9,12.6,11.38,1.52,15.19124339,-3.634295312,465,464
2/22/2012,472,14.02,12.9,11.78,2.24,17.84194555,1.243460997,467,459
2/23/2012,474,14.38,14.02,11.82,2.56,19.34141933,-4.57562716,472,460
2/24/2012,463,14.66,14.38,11.94,2.72,20.5669007,-5.980045536,474,449
2/25/2012,470,14.66,14.66,12.04,2.62,19.3425905,-2.838943233,463,462
2/26/2012,473,14.66,14.66,12.12,2.54,19.37787486,-7.756450074,470,467
2/27/2012,463,14.62,14.66,12.6,2.02,12.73236824,-2.508361579,473,465
2/28/2012,509,14.76,14.62,12.9,1.86,15.89658677,-4.0420335,463,467
2/29/2012,482,15.54,14.76,14.02,1.52,16.25680897,-5.42627205,509,472
3/1/2012,546,15.74,15.54,14.38,1.36,17.74619807,-7.012695115,482,474
3/2/2012,554,16.14,15.74,14.66,1.48,20.07034186,-10.16042019,546,463
3/3/2012,589,16.38,16.14,14.66,1.72,20.83259482,-6.958697677,554,470
3/4/2012,619,16.74,16.38,14.66,2.08,23.63408961,-0.333415179,589,473
3/5/2012,601,16.84,16.74,14.62,2.22,23.79369602,1.412907898,619,463
3/6/2012,716,16.86,16.84,14.76,2.1,18.98660802,3.903437694,601,509
3/7/2012,881,16.82,16.86,15.54,1.28,11.88724122,-0.319376928,716,482
3/8/2012,1160,16.72,16.82,15.74,0.98,7.848607251,-1.437724887,881,546
3/9/2012,1360,16.74,16.72,16.14,0.6,3.91164597,1.428102686,1160,554
3/10/2012,1260,16.8,16.74,16.38,0.42,3.016674095,3.632032246,1360,589
3/11/2012,1350,16.8,16.8,16.74,0.06,0.166651921,3.494972505,1260,619
3/12/2012,1440,16.72,16.8,16.84,-0.12,0.007045509,4.916739785,1350,601
3/13/2012,1640,16.64,16.72,16.86,-0.22,0,6.025004857,1440,716
3/14/2012,2000,16.56,16.64,16.82,-0.26,0,6.292544958,1640,881
3/15/2012,2410,16.4,16.56,16.72,-0.32,0,7.348084598,2000,1160
3/16/2012,2340,16.22,16.4,16.74,-0.52,0,7.997214104,2410,1360
3/17/2012,2380,15.9,16.22,16.8,-0.9,0,8.526370139,2340,1260
3/18/2012,2540,15.64,15.9,16.8,-1.16,0,4.22865186,2380,1350
3/19/2012,2830,15.62,15.64,16.72,-1.1,2.943458376,-3.332840708,2540,1440
3/20/2012,2730,15.62,15.62,16.64,-1.02,5.45085675,-3.323996522,2830,1640
3/21/2012,2120,15.7,15.62,16.56,-0.86,5.461928947,3.261228319,2730,2000
3/22/2012,1700,15.74,15.7,16.4,-0.66,5.461928947,5.541509391,2120,2410
3/23/2012,1510,15.72,15.74,16.22,-0.5,5.461928947,9.429814157,1700,2340
3/24/2012,1490,15.28,15.72,15.9,-0.62,5.461928947,9.211601967,1510,2380
3/25/2012,1710,14.92,15.28,15.64,-0.72,5.461928947,10.86918008,1490,2540
3/26/2012,2020,14.5,14.92,15.62,-1.12,2.518470572,6.797673251,1710,2830
3/27/2012,2180,14.28,14.5,15.62,-1.34,0.011072198,4.084388012,2020,2730
3/28/2012,2300,14,14.28,15.7,-1.7,0,7.809512087,2180,2120
3/29/2012,2100,13.54,14,15.74,-2.2,0.00894579,7.054682469,2300,1700
3/30/2012,2120,13.16,13.54,15.72,-2.56,0.00894579,9.088251697,2100,1510
3/31/2012,2510,12.64,13.16,15.28,-2.64,0.00894579,11.48358846,2120,1490
4/1/2012,2780,11.94,12.64,14.92,-2.98,0.00894579,9.384476006,2510,1710
4/2/2012,3230,11.24,11.94,14.5,-3.26,1.012032724,1.138916649,2780,2020
4/3/2012,3990,11.08,11.24,14.28,-3.2,1.675003635,4.498504564,3230,2180
4/4/2012,3920,10.9,11.08,14,-3.1,1.675003635,6.521124361,3990,2300
4/5/2012,3070,10.56,10.9,13.54,-2.98,1.666057845,8.953964945,3920,2100
4/6/2012,2770,10.36,10.56,13.16,-2.8,1.666057845,3.288193265,3070,2120
4/7/2012,2950,10.34,10.36,12.64,-2.3,1.666057845,0.676523402,2770,2510
4/8/2012,2980,10.3,10.34,11.94,-1.64,1.666057845,6.228953115,2950,2780
4/9/2012,2770,10.12,10.3,11.24,-1.12,0.662970911,8.703753223,2980,3230
4/10/2012,2720,9.72,10.12,11.08,-1.36,0,10.80315885,2770,3990
4/11/2012,2820,9.3,9.72,10.9,-1.6,0,11.72645716,2720,3920
4/12/2012,2900,8.82,9.3,10.56,-1.74,0.760135705,4.739070743,2820,3070
4/13/2012,3340,9.08,8.82,10.36,-1.28,4.771429015,3.116859818,2900,2770
4/14/2012,3590,9.24,9.08,10.34,-1.1,6.425499435,3.668384145,3340,2950
4/15/2012,3140,9.42,9.24,10.3,-0.88,9.803744069,3.052909139,3590,2980
4/16/2012,2970,9.72,9.42,10.12,-0.4,14.84442256,3.379099801,3140,2770
4/17/2012,2630,9.74,9.72,9.72,0.02,15.04006799,4.815041475,2970,2720
4/18/2012,2420,9.78,9.74,9.3,0.48,15.0765881,6.388408917,2630,2820
4/19/2012,2250,10.2,9.78,8.82,1.38,20.24919105,5.491549088,2420,2900
4/20/2012,2210,10.3,10.2,9.08,1.22,17.99867259,7.414843768,2250,3340
4/21/2012,2360,10.22,10.3,9.24,0.98,16.34463099,10.82126169,2210,3590
4/22/2012,2230,9.96,10.22,9.42,0.54,12.96638635,12.45981016,2360,3140
4/23/2012,2190,9.68,9.96,9.72,-0.04,7.925707864,14.21401495,2230,2970
4/24/2012,2550,9.14,9.68,9.74,-0.6,7.730062428,14.58186931,2190,2630
4/25/2012,2950,8.84,9.14,9.78,-0.94,7.693542325,13.26414013,2550,2420
4/26/2012,3310,8.26,8.84,10.2,-1.94,2.074396227,13.12270316,2950,2250
4/27/2012,3840,7.74,8.26,10.3,-2.56,3.540126147,3.850133039,3310,2210
4/28/2012,4810,7.92,7.74,10.22,-2.3,5.15399572,2.151542559,3840,2360
4/29/2012,5360,7.86,7.92,9.96,-2.1,5.154604513,3.927067082,4810,2230
4/30/2012,3960,7.58,7.86,9.68,-2.1,5.192161028,7.866728511,5360,2190
5/1/2012,3270,7.12,7.58,9.14,-2.02,5.50862831,8.369500163,3960,2550
5/2/2012,3030,6.94,7.12,8.84,-1.9,8.581938449,10.30019615,3270,2950
5/3/2012,3000,6.8,6.94,8.26,-1.46,10.9861863,11.88814338,3030,3310
5/4/2012,3090,6.24,6.8,7.74,-1.5,7.759681527,12.29059585,3000,3840
5/5/2012,3400,5.8,6.24,7.92,-2.12,6.145783139,8.702348749,3090,4810
5/6/2012,3940,5.24,5.8,7.86,-2.62,6.145174346,5.826089617,3400,5360
5/7/2012,4420,4.86,5.24,7.58,-2.72,6.107617831,7.140741857,3940,3960
5/8/2012,4170,4.62,4.86,7.12,-2.5,5.846866594,8.030004904,4420,3270
5/9/2012,3530,4.28,4.62,6.94,-2.66,2.773556454,11.09137502,4170,3030
5/10/2012,3180,3.98,4.28,6.8,-2.82,0.055716045,13.01085932,3530,3000
5/11/2012,3260,3.74,3.98,6.24,-2.5,0.055716045,9.645486707,3180,3090
5/12/2012,3400,3.62,3.74,5.8,-2.18,0.055770553,9.66910642,3260,3400
5/13/2012,3350,3.58,3.62,5.24,-1.66,0.055770553,9.478125204,3400,3940
5/14/2012,3120,3.58,3.58,4.86,-1.28,0.055770553,11.35223133,3350,4420
5/15/2012,2860,3.42,3.58,4.62,-1.2,5.45084E-05,14.42161597,3120,4170
5/16/2012,2670,3.16,3.42,4.28,-1.12,5.45084E-05,14.19547035,2860,3530
5/17/2012,2870,3.04,3.16,3.98,-0.94,0.006893893,13.96009132,2670,3180
5/18/2012,2890,2.86,3.04,3.74,-0.88,0.078881385,13.73272144,2870,3260
5/19/2012,2980,2.7,2.86,3.62,-0.92,1.260576186,8.988056154,2890,3400
5/20/2012,3120,2.76,2.7,3.58,-0.82,2.809591101,11.38409133,2980,3350
5/21/2012,3130,2.6,2.76,3.58,-0.98,2.809591101,14.90929757,3120,3120
5/22/2012,2730,2.38,2.6,3.42,-1.04,2.809591101,16.80258023,3130,2860
5/23/2012,2570,2.06,2.38,3.16,-1.1,4.189034532,8.586849804,2730,2670
5/24/2012,2850,2.18,2.06,3.04,-0.86,7.127860273,7.178420275,2570,2870
5/25/2012,2930,2.32,2.18,2.86,-0.54,8.053194269,13.74148632,2850,2890
5/26/2012,2570,2.2,2.32,2.7,-0.5,6.87144496,13.41335388,2930,2980
5/27/2012,2260,1.96,2.2,2.76,-0.8,5.322430045,6.627188708,2570,3120
5/28/2012,2110,1.94,1.96,2.6,-0.66,5.374417019,8.166195424,2260,3130
5/29/2012,2000,1.74,1.94,2.38,-0.64,5.374417019,11.24576315,2110,2730
5/30/2012,1690,1.56,1.74,2.06,-0.5,3.994973589,12.97409075,2000,2570
5/31/2012,1570,1.32,1.56,2.18,-0.86,1.049308462,14.30804343,1690,2850
6/1/2012,1560,1.1,1.32,2.32,-1.22,0.051986974,17.28429686,1570,2930
6/2/2012,1580,0.8,1.1,2.2,-1.4,0.051986974,16.10469695,1560,2570
6/3/2012,1670,0.48,0.8,1.96,-1.48,0.517785043,17.87755934,1580,2260
6/4/2012,1750,0.12,0.48,1.94,-1.82,0.466054579,19.17770786,1670,2110
6/5/2012,1650,0.04,0.12,1.74,-1.7,0.466054579,17.06499745,1750,2000
6/6/2012,1640,0.02,0.04,1.56,-1.54,0.466054579,11.66493263,1650,1690
6/7/2012,1550,0.02,0.02,1.32,-1.3,0.466054579,14.48090209,1640,1570
6/8/2012,1400,0.02,0.02,1.1,-1.08,0.466054579,16.61465991,1550,1560
6/9/2012,1210,0.02,0.02,0.8,-0.78,0.466054579,15.84800471,1400,1580
6/10/2012,1080,0,0.02,0.48,-0.48,0.00025651,8.535807638,1210,1670
6/11/2012,986,0,0,0.12,-0.12,0,10.87182658,1080,1750
6/12/2012,865,0,0,0.04,-0.04,0,14.11962331,986,1650
6/13/2012,731,0,0,0.02,-0.02,0,17.27809572,865,1640
6/14/2012,610,0,0,0.02,-0.02,0,17.76212177,731,1550
6/15/2012,535,0,0,0.02,-0.02,0,18.06364885,610,1400
6/16/2012,484,0,0,0.02,-0.02,0,17.00057912,535,1210
6/17/2012,437,0,0,0,0,0,18.65345981,484,1080
6/18/2012,397,0,0,0,0,0,20.54885905,437,986
6/19/2012,371,0,0,0,0,0,17.85044394,397,865
6/20/2012,333,0,0,0,0,0,12.33198465,371,731
6/21/2012,306,0,0,0,0,0,16.7950408,333,610
6/22/2012,260,0,0,0,0,0,20.25506542,306,535
6/23/2012,231,0,0,0,0,0,21.05975078,260,484
6/24/2012,193,0,0,0,0,0,22.42437933,231,437
6/25/2012,179,0,0,0,0,0,22.75599228,193,397
6/26/2012,166,0,0,0,0,0,22.27551277,179,371
6/27/2012,161,0,0,0,0,0,21.18070122,166,333
6/28/2012,144,0,0,0,0,0.006145554,20.9428869,161,306
6/29/2012,123,0,0,0,0,0.006145554,21.78290543,144,260
6/30/2012,115,0,0,0,0,0.083641435,21.98448821,123,231
7/1/2012,89.4,0,0,0,0,0.083641435,22.12770398,115,193
7/2/2012,66.4,0,0,0,0,0.083641435,20.89135324,89.4,179
7/3/2012,62.9,0,0,0,0,0.25916042,21.45508619,66.4,166
7/4/2012,51.4,0,0,0,0,0.266043514,21.6673237,62.9,161
7/5/2012,46.0,0,0,0,0,1.009025919,20.26211464,51.4,144
7/6/2012,56.8,0,0,0,0,3.928404389,17.40786667,46.0,123
7/7/2012,62.5,0,0,0,0,8.036453048,18.9587184,56.8,115
7/8/2012,82.9,0,0,0,0,12.25763177,17.9945157,62.5,89.4
7/9/2012,133,0,0,0,0,13.39827698,19.41456361,82.9,66.4
7/10/2012,189,0,0,0,0,13.25875768,21.06097941,133,62.9
7/11/2012,247,0,0,0,0,13.77743793,20.99638477,189,51.4
7/12/2012,248,0,0,0,0,13.02965741,20.7188272,247,46.0
7/13/2012,199,0,0,0,0,10.11027894,21.33350358,248,56.8
7/14/2012,166,0,0,0,0,5.927531031,19.85972555,199,62.5
7/15/2012,154,0,0,0,0,6.228775994,17.90541925,166,82.9
7/16/2012,136,0,0,0,0,9.650469567,17.32655281,154,133
7/17/2012,135,0,0,0,0,11.40989704,18.15150628,136,189
7/18/2012,141,0,0,0,0,10.88528973,19.83237559,135,247
7/19/2012,173,0,0,0,0,10.90603982,21.80166353,141,248
7/20/2012,200,0,0,0,0,11.15182785,22.46316023,173,199
7/21/2012,210,0,0,0,0,11.65929495,21.40156175,200,166
7/22/2012,190,0,0,0,0,9.419075576,20.76019478,210,154
7/23/2012,151,0,0,0,0,5.388477541,21.22393485,190,136
7/24/2012,141,0,0,0,0,4.550214349,18.7126755,151,135
7/25/2012,116,0,0,0,0,9.23028268,18.62666149,141,141
7/26/2012,130,0,0,0,0,9.437391269,19.64491249,116,173
7/27/2012,114,0,0,0,0,9.231303521,20.25513431,130,200
7/28/2012,103,0,0,0,0,10.39629919,19.99807387,114,210
7/29/2012,116,0,0,0,0,8.202105046,18.1722332,103,190
7/30/2012,150,0,0,0,0,8.601652524,19.04123454,116,151
7/31/2012,151,0,0,0,0,9.468109012,20.08889809,150,141
8/1/2012,157,0,0,0,0,4.920323836,19.8336754,151,116
8/2/2012,146,0,0,0,0,6.226838692,20.31756735,157,130
8/3/2012,153,0,0,0,0,6.187138411,19.0655098,146,114
8/4/2012,139,0,0,0,0,4.511879008,17.7077568,153,103
8/5/2012,127,0,0,0,0,4.423868837,20.9013194,139,116
8/6/2012,123,0,0,0,0,3.492580611,20.26218202,127,150
8/7/2012,119,0,0,0,0,1.904617813,19.98101389,123,151
8/8/2012,101,0,0,0,0,1.771378623,20.96275098,119,157
8/9/2012,90.3,0,0,0,0,0.235657653,21.7479255,101,146
8/10/2012,94.4,0,0,0,0,0.240016707,21.23296971,90.3,153
8/11/2012,93.7,0,0,0,0,1.922810058,18.88004645,94.4,139
8/12/2012,89.6,0,0,0,0,2.613944521,18.65369867,93.7,127
8/13/2012,99.5,0,0,0,0,2.613944521,16.35691782,89.6,123
8/14/2012,107,0,0,0,0,3.518729148,17.8474688,99.5,119
8/15/2012,98.2,0,0,0,0,3.518729148,18.82070259,107,101
8/16/2012,82.9,0,0,0,0,3.518729148,18.36958347,98.2,90.3
8/17/2012,87.1,0,0,0,0,3.514370094,18.90517316,82.9,94.4
8/18/2012,91.1,0,0,0,0,1.832376734,17.97861743,87.1,93.7
8/19/2012,91.5,0,0,0,0,1.141242271,17.85781333,91.1,89.6
8/20/2012,77.4,0,0,0,0,1.141242271,17.25459114,91.5,99.5
8/21/2012,82.8,0,0,0,0,0.189618259,18.59142762,77.4,107
8/22/2012,83.2,0,0,0,0,0.189618259,17.01377262,82.8,98.2
8/23/2012,84.9,0,0,0,0,2.319397698,18.08283716,83.2,82.9
8/24/2012,79.1,0,0,0,0,2.779619676,18.17834543,84.9,87.1
8/25/2012,74.7,0,0,0,0,2.994999715,16.82961149,79.1,91.1
8/26/2012,72.0,0,0,0,0,2.994999715,18.8576519,74.7,91.5
8/27/2012,72.1,0,0,0,0,2.995587081,19.64885309,72.0,77.4
8/28/2012,82.5,0,0,0,0,2.806768813,20.97246833,72.1,82.8
8/29/2012,84.0,0,0,0,0,2.816564293,21.27414237,82.5,83.2
8/30/2012,76.1,0,0,0,0,0.686977236,20.14089628,84.0,84.9
8/31/2012,65.3,0,0,0,0,1.561331194,17.77638955,76.1,79.1
9/1/2012,57.7,0,0,0,0,2.591704797,17.44215853,65.3,74.7
9/2/2012,65.1,0,0,0,0,7.209400896,16.32319251,57.7,72.0
9/3/2012,69.8,0,0,0,0,9.022150493,16.51101552,65.1,72.1
9/4/2012,70.0,0,0,0,0,9.166486492,16.83355837,69.8,82.5
9/5/2012,101,0,0,0,0,9.156691013,15.71963613,70.0,84.0
9/6/2012,124,0,0,0,0,9.15649863,16.13717028,101,76.1
9/7/2012,112,0,0,0,0,7.839838263,14.02069695,124,65.3
9/8/2012,110,0,0,0,0,6.593284629,14.04221505,112,57.7
9/9/2012,104,0,0,0,0,1.975588531,15.73243698,110,65.1
9/10/2012,95.4,0,0,0,0,0.162251568,17.1573474,104,69.8
9/11/2012,85.4,0,0,0,0,0.017915568,13.94941047,95.4,70.0
9/12/2012,96.2,0,0,0,0,3.59949882,12.71305577,85.4,101
9/13/2012,113,0,0,0,0,3.613561986,11.88169505,96.2,124
9/14/2012,109,0,0,0,0,3.595646417,14.17978541,113,112
9/15/2012,102,0,0,0,0,3.595646417,15.17537435,109,110
9/16/2012,115,0,0,0,0,3.595646417,14.83015809,102,104
9/17/2012,118,0,0,0,0,3.595646417,12.61234607,115,95.4
9/18/2012,112,0,0,0,0,3.595646417,12.42430316,118,85.4
9/19/2012,99.4,0,0,0,0,0.014063166,13.66947898,112,96.2
9/20/2012,99.6,0,0,0,0,0,13.95516031,99.4,113
9/21/2012,111,0,0,0,0,0,14.04336375,99.6,109
9/22/2012,104,0,0,0,0,0,14.86155602,111,102
9/23/2012,94.6,0,0,0,0,0,15.06478396,104,115
9/24/2012,82.8,0,0,0,0,0.766779446,14.01386382,94.6,118
9/25/2012,76.0,0,0,0,0,1.567980818,10.7827908,82.8,112
9/26/2012,90.2,0,0,0,0,7.617751592,10.20473805,76.0,99.4
9/27/2012,99.8,0,0,0,0,13.61262043,10.38778571,90.2,99.6
9/28/2012,103,0,0,0,0,15.2303809,11.48328284,99.8,111
9/29/2012,118,0,0,0,0,15.2303809,12.09702275,103,104
9/30/2012,126,0,0,0,0,15.25716857,11.62430571,118,94.6
10/1/2012,121,0,0,0,0,14.49038913,11.71261871,126,82.8
10/2/2012,117,0,0,0,0,13.68918776,13.03844892,121,76.0
10/3/2012,119,0,0,0,0,7.639416982,10.29108704,117,90.2
10/4/2012,118,0,0,0,0,1.64454814,5.087224071,119,99.8
10/5/2012,122,0,0,0,0,0.02678767,3.713311157,118,103
10/6/2012,121,0,0,0,0,0.02678767,0.389895112,122,118
10/7/2012,114,0,0,0,0,0,1.264037184,121,126
10/8/2012,117,0,0,0,0,0,6.192861059,114,121
10/9/2012,113,0,0,0,0,0,8.507829793,117,117
10/10/2012,123,0,0,0,0,0,9.22888683,113,119
10/11/2012,128,0,0,0,0,0.00272542,11.55400022,123,118
10/12/2012,137,0,0,0,0,0.003334212,8.229167509,128,122
10/13/2012,145,0,0,0,0,3.661923976,5.509011139,137,121
10/14/2012,142,0.1,0,0,0.1,7.5176365,7.787983496,145,114
10/15/2012,160,0,0.1,0,0,7.518213647,8.788069956,142,117
10/16/2012,185,0,0,0,0,7.518213647,8.670833802,160,113
10/17/2012,217,0.1,0,0,0.1,9.851085287,3.301740576,185,123
10/18/2012,222,0.1,0.1,0,0.1,9.85597982,4.025873312,217,128
10/19/2012,230,0.1,0.1,0,0.1,9.946683865,7.222513563,222,137
10/20/2012,244,0.1,0.1,0,0.1,6.454550779,10.41062639,230,145
10/21/2012,255,0.04,0.1,0.1,-0.06,2.598838255,10.6045018,244,142
10/22/2012,244,0.04,0.04,0,0.04,2.668701986,10.42817803,255,160
10/23/2012,233,0,0.04,0,0,2.668701986,7.875802826,244,185
10/24/2012,230,0.02,0,0.1,-0.08,0.417290695,-0.490517167,233,217
10/25/2012,243,0.28,0.02,0.1,0.18,5.774359844,-3.421634598,230,222
10/26/2012,240,0.56,0.28,0.1,0.46,8.830119121,-3.626585473,243,230
10/27/2012,243,0.68,0.56,0.1,0.58,9.441714945,0.735909549,240,244
10/28/2012,256,0.76,0.68,0.04,0.72,9.884993987,5.250430676,243,255
10/29/2012,276,0.78,0.76,0.04,0.74,10.40121607,7.40599728,256,244
10/30/2012,303,0.78,0.78,0,0.78,10.40121607,7.428998148,276,233
10/31/2012,281,0.72,0.78,0.02,0.7,10.31975572,8.101498047,303,230
11/1/2012,280,0.7,0.72,0.28,0.42,4.955066619,7.868161846,281,243
11/2/2012,281,0.7,0.7,0.56,0.14,1.807994505,5.477702216,280,240
11/3/2012,290,0.66,0.7,0.68,-0.02,1.029942003,4.353357635,281,243
11/4/2012,287,0.62,0.66,0.76,-0.14,0.586662961,4.863046995,290,256
11/5/2012,296,0.62,0.62,0.78,-0.16,0,5.616126054,287,276
11/6/2012,289,0.62,0.62,0.78,-0.16,0,7.073096211,296,303
11/7/2012,267,0.62,0.62,0.72,-0.1,0,7.573160895,289,281
11/8/2012,261,0.6,0.62,0.7,-0.1,0,7.907877796,267,280
11/9/2012,247,0.6,0.6,0.7,-0.1,2.5254771,6.491210715,261,281
11/10/2012,284,0.6,0.6,0.66,-0.06,8.83157354,-3.098664405,247,290
11/11/2012,286,1.34,0.6,0.62,0.72,17.37514951,-9.055428044,284,287
11/12/2012,267,1.52,1.34,0.62,0.9,19.78511581,-7.726463824,286,296
11/13/2012,268,1.52,1.52,0.62,0.9,20.3367512,-2.95339301,267,289
11/14/2012,294,1.52,1.52,0.62,0.9,20.39573543,-0.498897979,268,267
11/15/2012,295,1.62,1.52,0.6,1.02,20.94274958,1.697525562,294,261
11/16/2012,246,1.64,1.62,0.6,1.04,18.41831573,2.554824441,295,247
11/17/2012,274,1.82,1.64,0.6,1.22,14.9849424,3.856378386,246,284
11/18/2012,282,1.9,1.82,1.34,0.56,7.608589194,4.577469529,274,286
11/19/2012,281,1.92,1.9,1.52,0.4,5.727446193,3.6946777,282,267
11/20/2012,272,1.88,1.92,1.52,0.36,5.175810809,3.946774543,281,268
11/21/2012,288,1.86,1.88,1.52,0.34,5.116826578,4.991974916,272,294
11/22/2012,279,1.82,1.86,1.62,0.2,4.569812425,1.136287509,288,295
11/23/2012,277,1.78,1.82,1.64,0.14,4.568769173,0.612219305,279,246
11/24/2012,263,1.78,1.78,1.82,-0.04,1.696046068,3.338115378,277,274
11/25/2012,252,1.78,1.78,1.9,-0.12,0.528823304,1.954303557,263,282
11/26/2012,245,1.78,1.78,1.92,-0.14,0,-1.177426815,252,281
11/27/2012,231,1.78,1.78,1.88,-0.1,0,0.733565277,245,272
11/28/2012,207,1.78,1.78,1.86,-0.08,0.074794974,2.363246897,231,288
11/29/2012,217,1.78,1.78,1.82,-0.04,0.074794974,3.646347887,207,279
11/30/2012,245,1.8,1.78,1.78,0.02,0.074794974,4.010134258,217,277
12/1/2012,222,1.86,1.8,1.78,0.08,0.18343538,4.888293741,245,263
12/2/2012,216,1.86,1.86,1.78,0.08,0.18343538,4.101795912,222,252
12/3/2012,252,1.94,1.86,1.78,0.16,2.374509929,-1.200276383,216,245
12/4/2012,264,2.16,1.94,1.78,0.38,3.392099375,-1.734331804,252,231
12/5/2012,253,2.22,2.16,1.78,0.44,3.714090334,2.504870362,264,207
12/6/2012,265,2.24,2.22,1.78,0.46,4.113850755,1.783169093,253,217
12/7/2012,260,2.3,2.24,1.8,0.5,4.355522044,-1.028398372,265,245
12/8/2012,226,2.38,2.3,1.86,0.52,4.735888684,-5.616632416,260,222
12/9/2012,169,2.66,2.38,1.86,0.8,6.639543025,-11.94122974,226,216
12/10/2012,104,2.68,2.66,1.94,0.74,5.272352373,-9.714366029,169,252
12/11/2012,79.4,3.2,2.68,2.16,1.04,9.36680218,-5.465123875,104,264
12/12/2012,135,3.5,3.2,2.22,1.28,10.73319508,-1.924145891,79.4,253
12/13/2012,180,3.52,3.5,2.24,1.28,10.33343466,-0.555006323,135,265
12/14/2012,173,3.52,3.52,2.3,1.22,10.09176337,-1.833435984,180,260
12/15/2012,179,3.7,3.52,2.38,1.32,11.24839572,-3.506029812,173,226
12/16/2012,179,4.18,3.7,2.66,1.52,13.44222397,-4.820240689,179,169
12/17/2012,167,4.54,4.18,2.68,1.86,17.32066251,-2.902482749,179,104
12/18/2012,167,5.08,4.54,3.2,1.88,18.86504321,-6.445794691,167,79.4
12/19/2012,147,5.72,5.08,3.5,2.22,26.23996238,-12.26614167,167,135
12/20/2012,76.9,5.78,5.72,3.52,2.26,28.42139353,-13.70255598,147,180
12/21/2012,135,5.82,5.78,3.52,2.3,29.14842559,-9.070009295,76.9,173
12/22/2012,171,5.84,5.82,3.7,2.14,27.73631663,-7.136317288,135,179
12/23/2012,188,5.84,5.84,4.18,1.66,23.63883404,-6.339397639,171,179
12/24/2012,195,5.96,5.84,4.54,1.42,21.20573376,-5.192984227,188,167
12/25/2012,186,6.44,5.96,5.08,1.36,22.27119887,-10.1784015,195,167
12/26/2012,170,6.46,6.44,5.72,0.74,14.29304544,-9.592922231,186,147
12/27/2012,198,6.82,6.46,5.78,1.04,16.50099856,-9.841187305,170,76.9
12/28/2012,188,7.12,6.82,5.82,1.3,18.86993345,-11.98332045,198,135
12/29/2012,147,7.28,7.12,5.84,1.44,19.8588112,-13.06827999,188,171
12/30/2012,177,7.32,7.28,5.84,1.48,20.13269104,-11.55076783,147,188
12/31/2012,204,7.38,7.32,5.96,1.42,18.64797046,0,177,195
1/1/2013,181,7.38,7.38,6.44,0.94,10.9260854,-14.61843913,204,186
1/2/2013,178,7.4,7.38,6.46,0.94,10.14872476,-14.01492459,181,170
1/3/2013,146,7.44,7.4,6.82,0.62,5.929973979,-16.14953498,178,198
1/4/2013,155,7.46,7.44,7.12,0.34,3.027529768,-13.21622634,146,188
1/5/2013,165,7.52,7.46,7.28,0.24,1.805121584,-12.39078642,155,147
1/6/2013,173,7.54,7.52,7.32,0.22,1.531241739,-9.475964135,165,177
1/7/2013,178,7.6,7.54,7.38,0.22,0.972886133,-8.513497107,173,204
1/8/2013,173,7.62,7.6,7.38,0.24,0.972886133,-6.152743806,178,181
1/9/2013,170,7.64,7.62,7.4,0.24,0.633531425,-4.727628594,173,178
1/10/2013,173,7.7,7.64,7.44,0.26,0.462897938,-2.927026445,170,146
1/11/2013,175,7.7,7.7,7.46,0.24,1.970623056,-9.358682582,173,155
1/12/2013,172,7.88,7.7,7.52,0.36,5.432640049,-17.43621321,175,165
1/13/2013,180,7.92,7.88,7.54,0.38,6.253053548,-20.11499417,172,173
1/14/2013,175,7.94,7.92,7.6,0.34,6.408854418,-23.1427597,180,178
1/15/2013,163,7.96,7.94,7.62,0.34,6.511731531,-18.89785799,175,173
1/16/2013,175,8.08,7.96,7.64,0.44,7.08555285,-11.44483944,163,170
1/17/2013,176,8.12,8.08,7.7,0.42,7.098461622,-9.587328894,175,173
1/18/2013,175,8.16,8.12,7.7,0.46,5.397213767,-8.495136233,176,175
1/19/2013,172,8.18,8.16,7.88,0.3,1.935196775,-7.291658827,175,172
1/20/2013,172,8.22,8.18,7.92,0.3,1.114783275,-7.218382792,172,180
1/21/2013,172,8.22,8.22,7.94,0.28,0.732836431,-7.199332808,172,175
1/22/2013,169,8.24,8.22,7.96,0.28,0.629959319,-5.344994092,172,163
1/23/2013,167,8.24,8.24,8.08,0.16,0.012908772,-4.03807612,169,175
1/24/2013,181,8.3,8.24,8.12,0.18,0.108847515,-1.796465177,167,176
1/25/2013,189,8.5,8.3,8.16,0.34,1.280818655,0.201856066,181,175
1/26/2013,201,8.62,8.5,8.18,0.44,1.875237709,1.680157067,189,172
1/27/2013,226,8.76,8.62,8.22,0.54,5.982593496,1.448347778,201,172
1/28/2013,212,9.02,8.76,8.22,0.8,11.60200435,-5.957375266,226,172
1/29/2013,201,9.34,9.02,8.24,1.1,17.57940144,-11.91643287,212,169
1/30/2013,183,9.44,9.34,8.24,1.2,20.05690714,-9.626056405,201,167
1/31/2013,217,10.14,9.44,8.3,1.84,25.67297341,-2.831033283,183,181
2/1/2013,216,10.7,10.14,8.5,2.2,26.35526839,-2.702962267,217,189
2/2/2013,203,11.18,10.7,8.62,2.56,27.38396922,-4.294756298,216,201
2/3/2013,206,11.2,11.18,8.76,2.44,23.27661343,-4.172308819,203,226
2/4/2013,201,11.2,11.2,9.02,2.18,17.65720257,-5.002970508,206,212
2/5/2013,206,11.22,11.2,9.34,1.88,11.67980548,-2.477415727,201,201
2/6/2013,222,11.26,11.22,9.44,1.82,9.386101532,-2.499169718,206,183
2/7/2013,214,11.4,11.26,10.14,1.26,4.221103252,-5.233573731,222,217
2/8/2013,208,11.44,11.4,10.7,0.74,2.378839036,-2.484889972,214,216
2/9/2013,221,11.52,11.44,11.18,0.34,4.337568057,-5.365771407,208,203
2/10/2013,205,11.86,11.52,11.2,0.66,8.491313114,-8.658770033,221,206
2/11/2013,213,12,11.86,11.2,0.8,9.925374777,-11.8098698,205,201
2/12/2013,184,12,12,11.22,0.78,10.30402745,-12.07145335,213,206
2/13/2013,217,12.08,12,11.26,0.82,10.91896781,-6.690495439,184,222
2/14/2013,213,12.24,12.08,11.4,0.84,11.85049114,-4.551045952,217,214
2/15/2013,206,12.72,12.24,11.44,1.28,14.85915473,-5.169696346,213,208
2/16/2013,187,12.96,12.72,11.52,1.44,11.8552465,-4.381973242,206,221
2/17/2013,194,13.06,12.96,11.86,1.2,7.744641054,-3.937888013,187,205
2/18/2013,205,13.18,13.06,12,1.18,7.262642399,-7.374617317,194,213
2/19/2013,182,13.22,13.18,12,1.22,7.057250332,-4.665509799,205,184
2/20/2013,210,13.32,13.22,12.08,1.24,6.563391146,-3.52287299,182,217
2/21/2013,214,13.34,13.32,12.24,1.1,5.501673794,-6.936241961,210,213
2/22/2013,203,13.44,13.34,12.72,0.72,3.182562019,-7.896862657,214,206
2/23/2013,180,13.56,13.44,12.96,0.6,3.942218095,-7.221526373,203,187
2/24/2013,224,13.86,13.56,13.06,0.8,8.358190561,-8.711143578,180,194
2/25/2013,199,13.94,13.86,13.18,0.76,10.03043541,-10.36420299,224,205
2/26/2013,211,14.04,13.94,13.22,0.82,10.66792175,-9.445100128,199,182
2/27/2013,189,14.14,14.04,13.32,0.82,11.92996206,-10.43734211,211,210
2/28/2013,187,14.14,14.14,13.34,0.8,11.73556378,-9.343480413,189,214
3/1/2013,221,14.24,14.14,13.44,0.8,12.21517393,-2.527753355,187,203
3/2/2013,203,14.48,14.24,13.56,0.92,12.07644289,-0.00106635,221,180
3/3/2013,217,14.56,14.48,13.86,0.7,7.654055996,0.675637741,203,224
3/4/2013,226,15.16,14.56,13.94,1.22,7.523413698,-5.14419261,217,199
3/5/2013,210,15.46,15.16,14.04,1.42,8.14348884,-5.507377088,226,211
3/6/2013,252,15.54,15.46,14.14,1.4,7.03645498,0.412548748,210,189
3/7/2013,267,15.58,15.54,14.14,1.44,6.999173281,2.672811079,252,187
3/8/2013,276,15.6,15.58,14.24,1.36,5.824775284,2.735250789,267,221
3/9/2013,274,15.6,15.6,14.48,1.12,7.343402648,-2.294634678,276,203
3/10/2013,258,15.74,15.6,14.56,1.18,9.85328965,-3.255559954,274,217
3/11/2013,252,15.84,15.74,15.16,0.68,7.370293727,-0.78975334,258,226
3/12/2013,291,16.08,15.84,15.46,0.62,7.722832218,1.677867192,252,210
3/13/2013,329,16.32,16.08,15.54,0.78,8.060847559,3.330070543,291,252
3/14/2013,365,16.26,16.32,15.58,0.68,7.862806062,5.374517027,329,267
3/15/2013,411,16.28,16.26,15.6,0.68,7.856040189,6.96874843,365,276
3/16/2013,495,16.2,16.28,15.6,0.6,5.138547121,4.505421964,411,274
3/17/2013,447,16.22,16.2,15.74,0.48,2.591934931,-0.327296613,495,258
3/18/2013,492,16.22,16.22,15.84,0.38,2.931591497,-2.569364808,447,252
3/19/2013,500,16.3,16.22,16.08,0.22,1.44775157,-1.062382407,492,291
3/20/2013,460,16.4,16.3,16.32,0.08,0.65661273,0.181814722,500,329
3/21/2013,437,16.7,16.4,16.26,0.44,2.409201619,-2.297104658,460,365
3/22/2013,442,17.24,16.7,16.28,0.96,7.758066615,-5.926409215,437,411
3/23/2013,520,17.4,17.24,16.2,1.2,10.19827619,-8.389162829,442,495
3/24/2013,563,17.54,17.4,16.22,1.32,11.58818923,-9.033043604,520,447
3/25/2013,533,17.7,17.54,16.22,1.48,11.7474374,-7.672981439,563,492
3/26/2013,510,17.78,17.7,16.3,1.48,11.92166641,-0.683268087,533,500
3/27/2013,518,17.92,17.78,16.4,1.52,12.93559558,3.566802265,510,460
3/28/2013,472,18.04,17.92,16.7,1.34,11.36872238,5.930297721,518,437
3/29/2013,489,17.94,18.04,17.24,0.7,6.059160608,6.201421319,472,442
3/30/2013,524,17.88,17.94,17.4,0.48,3.620348139,5.379155666,489,520
3/31/2013,592,17.86,17.88,17.54,0.32,2.411008494,5.363498338,524,563
4/1/2013,717,17.68,17.86,17.7,-0.02,1.903982453,5.16638066,592,533
4/2/2013,825,17.74,17.68,17.78,-0.04,5.793544521,3.822764825,717,510
4/3/2013,939,17.84,17.74,17.92,-0.08,7.714823948,4.954522723,825,518
4/4/2013,1130,17.68,17.84,18.04,-0.36,8.270468129,6.904114265,939,472
4/5/2013,1260,17.46,17.68,17.94,-0.48,8.234392656,6.918670759,1130,489
4/6/2013,1490,17.38,17.46,17.88,-0.5,10.03500907,4.592707204,1260,524
4/7/2013,1660,17.6,17.38,17.86,-0.26,13.55976447,4.619778195,1490,592
4/8/2013,1770,17.58,17.6,17.68,-0.1,15.69625595,3.70952035,1660,717
4/9/2013,1870,17.58,17.58,17.74,-0.16,16.47294351,-7.579723799,1770,825
4/10/2013,1560,17.7,17.58,17.84,-0.14,16.71037394,-6.407391612,1870,939
4/11/2013,1650,17.78,17.7,17.68,0.1,17.84784919,0.980654991,1560,1130
4/12/2013,1390,18.1,17.78,17.46,0.64,21.81610257,4.280999802,1650,1260
4/13/2013,1250,18.2,18.1,17.38,0.82,20.26817099,3.233264927,1390,1490
4/14/2013,1380,18.8,18.2,17.6,1.2,25.56418774,-1.657864714,1250,1660
4/15/2013,1390,18.94,18.8,17.58,1.36,28.15511356,-1.222602149,1380,1770
4/16/2013,1420,19.46,18.94,17.58,1.88,29.08392222,-3.255355118,1390,1870
4/17/2013,1430,19.86,19.46,17.7,2.16,37.3306203,-7.22247807,1420,1560
4/18/2013,1330,19.9,19.86,17.78,2.12,39.25747941,-7.68526985,1430,1650
4/19/2013,1250,19.96,19.9,18.1,1.86,35.666308,-2.173176158,1330,1390
4/20/2013,1140,20.18,19.96,18.2,1.98,39.91066683,2.435346363,1250,1250
4/21/2013,1180,20.68,20.18,18.8,1.88,39.20257158,3.908199484,1140,1380
4/22/2013,1560,20.88,20.68,18.94,1.94,35.96541407,0.764043269,1180,1390
4/23/2013,1960,21.48,20.88,19.46,2.02,32.77252629,-2.921621471,1560,1420
4/24/2013,1900,21.48,21.48,19.86,1.62,21.56098394,1.219257993,1960,1430
4/25/2013,1670,21.46,21.48,19.9,1.56,17.82676193,4.699167668,1900,1330
4/26/2013,1410,21.22,21.46,19.96,1.26,17.44645221,6.459315031,1670,1250
4/27/2013,1330,20.98,21.22,20.18,0.8,12.9561442,8.726688817,1410,1140
4/28/2013,1390,20.38,20.98,20.68,-0.3,4.662893896,10.41863919,1330,1180
4/29/2013,1640,19.62,20.38,20.88,-1.26,3.17008578,10.40063587,1390,1560
4/30/2013,2170,18.8,19.62,21.48,-2.68,0.294165611,6.961028141,1640,1960
5/1/2013,3390,18.68,18.8,21.48,-2.8,3.239750482,0.149384908,2170,1900
5/2/2013,4140,18.66,18.68,21.46,-2.8,3.87148279,0.227623904,3390,1670
5/3/2013,3860,18.6,18.66,21.22,-2.62,4.045224231,5.411211567,4140,1410
5/4/2013,3090,18.42,18.6,20.98,-2.56,4.118811286,8.42072605,3860,1330
5/5/2013,2830,18.12,18.42,20.38,-2.26,4.118811286,9.722598568,3090,1390
5/6/2013,3060,17.78,18.12,19.62,-1.84,4.118811286,8.949704511,2830,1640
5/7/2013,3460,17.32,17.78,18.8,-1.48,6.605038876,8.675587343,3060,2170
5/8/2013,4250,17.1,17.32,18.68,-1.58,5.222161043,7.132241028,3460,3390
5/9/2013,5330,16.86,17.1,18.66,-1.8,7.238346158,8.813361775,4250,4140
5/10/2013,5490,16.32,16.86,18.6,-2.28,7.259953584,9.358580621,5330,3860
5/11/2013,5730,15.54,16.32,18.42,-2.88,7.217781459,10.40970561,5490,3090
5/12/2013,6270,14.7,15.54,18.12,-3.42,7.232494857,13.13723843,5730,2830
5/13/2013,6740,13.88,14.7,17.78,-3.9,7.232494857,15.78790458,6270,3060
5/14/2013,7520,12.98,13.88,17.32,-4.34,4.746267267,16.40350397,6740,3460
5/15/2013,8830,12.26,12.98,17.1,-4.84,2.968999603,14.67393929,7520,4250
5/16/2013,9450,12.08,12.26,16.86,-4.78,1.433918632,13.66457517,8830,5330
5/17/2013,9270,11.44,12.08,16.32,-4.88,1.465682901,13.6262962,9450,5490
5/18/2013,9560,10.9,11.44,15.54,-4.64,1.666283669,9.13569845,9270,5730
5/19/2013,9690,10.78,10.9,14.7,-3.92,6.441799509,7.862256602,9560,6270
5/20/2013,8480,10.8,10.78,13.88,-3.08,10.51246582,6.432226696,9690,6740
5/21/2013,7370,11.2,10.8,12.98,-1.78,16.21693722,9.076016984,8480,7520
5/22/2013,6570,11.14,11.2,12.26,-1.12,16.248234,13.26689369,7370,8830
5/23/2013,5340,10.62,11.14,12.08,-1.46,15.06392532,15.7972344,6570,9450
5/24/2013,5130,9.5,10.62,11.44,-1.94,14.83681218,12.9586649,5340,9270
5/25/2013,6440,8.56,9.5,10.9,-2.34,14.59666372,14.15471928,5130,9560
5/26/2013,7420,7.68,8.56,10.78,-3.1,9.806434487,14.06519451,6440,9690
5/27/2013,7780,6.84,7.68,10.8,-3.96,5.735768172,12.75736043,7420,8480
5/28/2013,8020,6.2,6.84,11.2,-5,0.031296776,11.20268943,7780,7370
5/29/2013,7970,6.04,6.2,11.14,-5.1,2.702637275,7.828734048,8020,6570
5/30/2013,7350,6.22,6.04,10.62,-4.4,9.27970415,8.499862358,7970,5340
5/31/2013,6580,6.18,6.22,9.5,-3.32,9.833496855,8.209407676,7350,5130
6/1/2013,5330,5.92,6.18,8.56,-2.64,9.833496855,9.787701595,6580,6440
6/2/2013,4350,5.64,5.92,7.68,-2.04,9.833496855,14.13062399,5330,7420
6/3/2013,3730,5.08,5.64,6.84,-1.76,9.879620882,14.65671598,4350,7780
6/4/2013,3830,4.68,5.08,6.2,-1.52,9.879620882,12.40467528,3730,8020
6/5/2013,4700,4.42,4.68,6.04,-1.62,7.176983608,11.53258544,3830,7970
6/6/2013,5000,4.24,4.42,6.22,-1.98,0.599916732,14.24269659,4700,7350
6/7/2013,5080,3.98,4.24,6.18,-2.2,0.046124028,15.95119254,5000,6580
6/8/2013,4940,3.72,3.98,5.92,-2.2,0.046124028,17.11871656,5080,5330
6/9/2013,5240,3.4,3.72,5.64,-2.24,0.046124028,17.69906331,4940,4350
6/10/2013,5840,3.08,3.4,5.08,-2,0,20.41211796,5240,3730
6/11/2013,5960,2.7,3.08,4.68,-1.98,0,17.83470127,5840,3830
6/12/2013,5850,2.28,2.7,4.42,-2.14,0,17.86769741,5960,4700
6/13/2013,5310,1.96,2.28,4.24,-2.28,0,19.06979542,5850,5000
6/14/2013,4660,1.58,1.96,3.98,-2.4,0,15.47659481,5310,5080
6/15/2013,4110,1.18,1.58,3.72,-2.54,0,14.83570829,4660,4940
6/16/2013,3650,0.82,1.18,3.4,-2.58,0,16.06369257,4110,5240
6/17/2013,3140,0.54,0.82,3.08,-2.54,0.044551164,17.07963362,3650,5840
6/18/2013,2700,0.22,0.54,2.7,-2.48,0.044551164,17.84582861,3140,5960
6/19/2013,2400,0,0.22,2.28,-2.28,0.044551164,17.37653707,2700,5850
6/20/2013,2170,0,0,1.96,-1.96,0.044551164,14.84550517,2400,5310
6/21/2013,1920,0,0,1.58,-1.58,0.044551164,15.93558167,2170,4660
6/22/2013,1680,0,0,1.18,-1.18,0.044551164,15.39272423,1920,4110
6/23/2013,1520,0,0,0.82,-0.82,0.044551164,14.7897868,1680,3650
6/24/2013,1390,0,0,0.54,-0.54,0,16.73271773,1520,3140
6/25/2013,1220,0,0,0.22,-0.22,0,17.25849882,1390,2700
6/26/2013,1090,0,0,0,0,0,19.44347775,1220,2400
6/27/2013,974,0,0,0,0,0,21.3922234,1090,2170
6/28/2013,865,0,0,0,0,0,22.25987829,974,1920
6/29/2013,771,0,0,0,0,0,21.90902967,865,1680
6/30/2013,700,0,0,0,0,0.094302515,20.1136765,771,1520
7/1/2013,638,0,0,0,0,0.107288338,19.87159004,700,1390
7/2/2013,566,0,0,0,0,0.107288338,19.83235403,638,1220
7/3/2013,519,0,0,0,0,0.861331818,19.00992848,566,1090
7/4/2013,477,0,0,0,0,1.815905726,19.11480255,519,974
7/5/2013,459,0,0,0,0,2.945917861,19.23158835,477,865
7/6/2013,414,0,0,0,0,5.491116435,19.38983767,459,771
7/7/2013,385,0,0,0,0,6.243952543,19.29699014,414,700
7/8/2013,395,0,0,0,0,6.757862235,19.36761449,385,638
7/9/2013,440,0,0,0,0,6.818201684,20.76631225,395,566
7/10/2013,421,0,0,0,0,6.064158204,21.75428534,440,519
7/11/2013,375,0,0,0,0,5.109584296,21.53333553,421,477
7/12/2013,338,0,0,0,0,4.53320452,19.39455103,375,459
7/13/2013,324,0,0,0,0,3.465323241,19.03763512,338,414
7/14/2013,318,0,0,0,0,5.106979993,19.61694465,324,385
7/15/2013,305,0,0,0,0,4.599639348,21.28222438,318,395
7/16/2013,320,0,0,0,0,4.5392999,21.66320269,305,440
7/17/2013,314,0,0,0,0,4.5392999,21.73832177,320,421
7/18/2013,272,0,0,0,0,5.581594412,21.41105671,314,375
7/19/2013,233,0,0,0,0,6.635498322,21.39744136,272,338
7/20/2013,205,0,0,0,0,5.185789692,21.02776097,233,324
7/21/2013,199,0,0,0,0,2.696994317,20.98860298,205,318
7/22/2013,213,0,0,0,0,2.677439446,21.31344409,199,305
7/23/2013,239,0,0,0,0,2.706676599,21.07607064,213,320
7/24/2013,191,0,0,0,0,2.715847254,20.07535624,239,314
7/25/2013,181,0,0,0,0,2.214267878,18.53555466,191,272
7/26/2013,173,0,0,0,0,2.413089866,19.15285518,181,233
7/27/2013,149,0,0,0,0,2.434858309,18.78009173,173,205
7/28/2013,147,0,0,0,0,3.751425961,17.41540935,149,199
7/29/2013,140,0,0,0,0,7.545990271,16.77122786,147,213
7/30/2013,158,0,0,0,0,11.30017773,17.37043892,140,239
7/31/2013,152,0,0,0,0,12.17935695,19.48747166,158,191
8/1/2013,168,0,0,0,0,11.77978574,19.25134825,152,181
8/2/2013,221,0,0,0,0,10.95556867,19.12724673,168,173
8/3/2013,207,0,0,0,0,10.93891369,20.11174677,221,149
8/4/2013,189,0,0,0,0,10.3009464,19.44227694,207,147
8/5/2013,172,0,0,0,0,6.798518388,19.31948415,189,140
8/6/2013,167,0,0,0,0,4.955804919,18.26322195,172,158
8/7/2013,152,0,0,0,0,5.074712388,17.97393996,167,152
8/8/2013,150,0,0,0,0,4.966605971,17.40114867,152,168
8/9/2013,139,0,0,0,0,4.156803144,16.51563598,150,221
8/10/2013,152,0,0,0,0,4.656405099,17.06741787,139,207
8/11/2013,190,0,0,0,0,4.282752914,16.91560543,152,189
8/12/2013,169,0,0,0,0,3.990616613,16.84577822,190,172
8/13/2013,170,0,0,0,0,2.099928847,16.13960291,169,167
8/14/2013,168,0,0,0,0,2.932851398,16.52938815,170,152
8/15/2013,160,0,0,0,0,2.933791332,18.48373864,168,150
8/16/2013,155,0,0,0,0,2.76145297,19.98076418,160,139
8/17/2013,142,0,0,0,0,2.229128888,20.86122536,155,152
8/18/2013,148,0,0,0,0,1.92418071,20.32462487,142,190
8/19/2013,149,0,0,0,0,1.961836072,21.01976985,148,169
8/20/2013,130,0,0,0,0,1.914409855,20.5246367,149,170
8/21/2013,125,0,0,0,0,0.667899796,19.62477591,130,168
8/22/2013,124,0,0,0,0,0.641898156,18.78188848,125,160
8/23/2013,129,0,0,0,0,0.810222319,18.74139295,124,155
8/24/2013,113,0,0,0,0,3.960142618,17.15728998,129,142
8/25/2013,122,0,0,0,0,4.233053076,16.76331138,113,148
8/26/2013,139,0,0,0,0,5.394752504,17.89828342,122,149
8/27/2013,153,0,0,0,0,5.712522629,18.91612975,139,130
8/28/2013,174,0,0,0,0,6.697189888,19.90032827,153,125
8/29/2013,154,0,0,0,0,6.774175213,20.31566278,174,124
8/30/2013,158,0,0,0,0,6.608399385,20.67452029,154,129
8/31/2013,164,0,0,0,0,3.795231034,20.30453773,158,113
9/1/2013,159,0,0,0,0,4.822674434,19.98882849,164,122
9/2/2013,147,0,0,0,0,3.625062067,20.34227355,159,139
9/3/2013,135,0,0,0,0,3.385881005,20.39150358,147,153
9/4/2013,135,0,0,0,0,1.819979402,21.11532275,135,174
9/5/2013,122,0,0,0,0,2.242937452,20.97340217,135,154
9/6/2013,133,0,0,0,0,2.744918636,21.35861323,122,158
9/7/2013,133,0,0,0,0,3.488445458,19.91118347,133,164
9/8/2013,132,0,0,0,0,3.307177024,17.08555031,133,159
9/9/2013,140,0,0,0,0,8.283046521,13.2782828,132,147
9/10/2013,169,0,0,0,0,20.16937887,13.97990556,140,135
9/11/2013,220,0.04,0,0,0.04,25.97736329,15.2872639,169,135
9/12/2013,228,0,0.04,0,0,35.35604198,16.38114665,220,122
9/13/2013,211,0,0,0,0,38.02092384,15.18524492,228,133
9/14/2013,328,0,0,0,0,41.0986268,13.77564094,211,133
9/15/2013,505,0,0,0,0,42.08618611,13.82061591,328,132
9/16/2013,463,0,0,0,0,45.22566684,14.95800913,505,140
9/17/2013,458,0,0,0,0,33.28110921,15.578213,463,169
9/18/2013,405,0,0,0.04,-0.04,28.61533075,14.10380381,458,220
9/19/2013,461,0,0,0,0,20.4399481,9.218754686,405,228
9/20/2013,432,0,0,0,0,17.28201394,11.25109682,461,211
9/21/2013,419,0,0,0,0,13.21619896,13.90944933,432,328
9/22/2013,413,0,0,0,0,11.12344465,11.43812664,419,505
9/23/2013,394,0,0,0,0,12.32396029,8.801251593,413,463
9/24/2013,338,0,0,0,0,13.79217544,10.54763967,394,458
9/25/2013,307,0,0,0,0,12.65106329,11.10105384,338,405
9/26/2013,353,0,0,0,0,11.11523621,9.021865872,307,461
9/27/2013,444,0,0,0,0,15.57078768,3.248401792,353,432
9/28/2013,421,0.32,0,0,0.32,23.67147461,4.45816258,444,419
9/29/2013,382,0.24,0.32,0,0.24,23.66557661,8.520275857,421,413
9/30/2013,382,0.18,0.24,0,0.18,14.35830952,12.05810112,382,394
10/1/2013,412,0,0.18,0,0,12.86713343,12.07111806,382,338
10/2/2013,402,0,0,0,0,12.92436258,11.53469,412,307
10/3/2013,447,0,0,0,0,12.76288547,5.56532265,402,353
10/4/2013,527,0.4,0,0,0.4,25.05488251,-2.135147684,447,444
10/5/2013,520,0.88,0.4,0.32,0.56,24.0316757,-0.762200252,527,421
10/6/2013,524,0.82,0.88,0.24,0.58,24.03821232,4.118135833,520,382
10/7/2013,536,0.72,0.82,0.18,0.54,24.11505445,8.818227228,524,382
10/8/2013,714,0.4,0.72,0,0.4,24.11505445,9.798648032,536,412
10/9/2013,727,0.3,0.4,0,0.3,24.044296,8.922764174,714,402
10/10/2013,731,0.24,0.3,0,0.24,24.03038499,5.378088963,727,447
10/11/2013,755,0.6,0.24,0.4,0.2,19.70277561,4.040712003,731,527
10/12/2013,767,1.36,0.6,0.88,0.48,19.985958,4.670615459,755,520
10/13/2013,796,1.26,1.36,0.82,0.44,20.50910114,7.390064852,767,524
10/14/2013,866,1.44,1.26,0.72,0.72,26.85861245,1.421161989,796,536
10/15/2013,865,2.18,1.44,0.4,1.78,35.18235775,-0.032556232,866,714
10/16/2013,913,2.14,2.18,0.3,1.84,35.30499883,-0.18066623,865,727
10/17/2013,965,2.08,2.14,0.24,1.84,35.38419771,1.942694334,913,731
10/18/2013,923,2.26,2.08,0.6,1.66,24.2629895,0.646851812,965,755
10/19/2013,839,2.24,2.26,1.36,0.88,16.85900798,3.298561901,923,767
10/20/2013,787,2.18,2.24,1.26,0.92,16.3694034,2.656873918,839,796
10/21/2013,761,2.28,2.18,1.44,0.84,10.96961314,3.327779757,787,866
10/22/2013,736,2.16,2.28,2.18,-0.02,2.645867838,5.6741818,761,865
10/23/2013,735,2.16,2.16,2.14,0.02,2.523226756,7.226362019,736,913
10/24/2013,694,2.16,2.16,2.08,0.08,2.444027881,7.484423181,735,965
10/25/2013,662,2.14,2.16,2.26,-0.12,1.133819728,7.080960578,694,923
10/26/2013,646,2.1,2.14,2.24,-0.14,1.084971997,6.505040929,662,839
10/27/2013,639,2.08,2.1,2.18,-0.1,1.03690438,6.42091261,646,787
10/28/2013,634,2.04,2.08,2.28,-0.24,0.000833775,6.984816116,639,761
10/29/2013,629,2.04,2.04,2.16,-0.12,0.11558058,2.596382305,634,736
10/30/2013,665,2.4,2.04,2.16,0.24,6.819024744,-0.058250309,629,735
10/31/2013,675,2.68,2.4,2.16,0.52,10.64997582,-0.279705952,665,694
11/1/2013,689,3.22,2.68,2.14,1.08,14.73975188,2.135954049,675,662
11/2/2013,689,3.42,3.22,2.1,1.32,15.96154579,3.565591519,689,646
11/3/2013,687,3.38,3.42,2.08,1.3,16.03799872,0.380985158,689,639
11/4/2013,678,3.78,3.38,2.04,1.74,20.7959837,-6.512272252,687,634
11/5/2013,657,4.06,3.78,2.04,2.02,27.3055431,-7.367066064,678,629
11/6/2013,676,4.14,4.06,2.4,1.74,21.4058737,-3.768882085,657,665
11/7/2013,630,4.38,4.14,2.68,1.7,19.83342441,1.138617111,676,675
11/8/2013,614,4.42,4.38,3.22,1.2,15.75685381,4.367229646,630,689
11/9/2013,593,4.36,4.42,3.42,0.94,14.5350599,4.827614099,614,689
11/10/2013,621,4.36,4.36,3.38,0.98,14.45860696,5.186327389,593,687
11/11/2013,621,4.34,4.36,3.78,0.56,9.69978821,5.075167739,621,678
11/12/2013,625,4.32,4.34,4.06,0.26,3.075481999,4.285878774,621,657
11/13/2013,609,4.28,4.32,4.14,0.14,2.271707237,3.61164213,625,676
11/14/2013,580,4.34,4.28,4.38,-0.04,0.393293709,2.153832416,609,630
11/15/2013,581,4.36,4.34,4.42,-0.06,0.388745465,1.757572598,580,614
11/16/2013,586,4.78,4.36,4.36,0.42,3.886701413,-2.38507816,581,593
11/17/2013,602,5.6,4.78,4.36,1.24,12.77782077,-1.308215047,586,621
11/18/2013,616,5.76,5.6,4.34,1.42,14.70082853,0.655248394,602,621
11/19/2013,625,5.74,5.76,4.32,1.42,14.7170234,1.163177315,616,625
11/20/2013,585,6.14,5.74,4.28,1.86,18.83241259,1.559019739,625,609
11/21/2013,597,6.24,6.14,4.34,1.9,21.06777041,-5.424971495,585,580
11/22/2013,616,6.48,6.24,4.36,2.12,25.0682891,-8.241127618,597,581
11/23/2013,587,6.52,6.48,4.78,1.74,22.07007249,-3.608039211,616,586
11/24/2013,539,6.5,6.52,5.6,0.9,13.51134781,-3.031520179,587,602
11/25/2013,523,6.46,6.5,5.76,0.7,11.7417944,-2.843811928,539,616
11/26/2013,523,6.44,6.46,5.74,0.7,11.72559953,-3.71551682,523,625
11/27/2013,507,6.44,6.44,6.14,0.3,7.610210332,-1.784349635,523,585
11/28/2013,468,6.44,6.44,6.24,0.2,4.99476427,-0.743404054,507,597
11/29/2013,474,6.46,6.44,6.48,-0.02,0.985588364,-0.762804872,468,616
11/30/2013,473,6.46,6.46,6.52,-0.06,0.485849027,-2.510927983,474,587
12/1/2013,452,6.46,6.46,6.5,-0.04,0.153454349,-2.128082001,473,539
12/2/2013,471,6.58,6.46,6.46,0.12,0.595884239,0.784992802,452,523
12/3/2013,504,6.64,6.58,6.44,0.2,1.228294946,-5.852108422,471,523
12/4/2013,265,7.16,6.64,6.44,0.72,15.11734501,-18.16668244,504,507
12/5/2013,308,7.32,7.16,6.44,0.88,18.72682867,-21.55435441,265,468
12/6/2013,314,7.34,7.32,6.46,0.88,18.79736539,-20.09777422,308,474
12/7/2013,314,7.4,7.34,6.46,0.94,19.71877698,-13.91039918,314,473
12/8/2013,318,7.64,7.4,6.46,1.18,22.67174692,-14.24395894,314,452
12/9/2013,313,7.84,7.64,6.58,1.26,24.48306813,-17.69110738,318,471
12/10/2013,323,7.86,7.84,6.64,1.22,24.52714054,-13.03471316,313,504
12/11/2013,341,7.88,7.86,7.16,0.72,11.02396253,-10.69313953,323,265
12/12/2013,351,7.9,7.88,7.32,0.58,7.414478875,-7.691542566,341,308
12/13/2013,374,7.94,7.9,7.34,0.6,7.374638714,-8.41836765,351,314
12/14/2013,387,7.94,7.94,7.4,0.54,6.672062208,-8.547443764,374,314
12/15/2013,410,7.98,7.94,7.64,0.34,3.727892897,-4.268750051,387,318
12/16/2013,432,7.98,7.98,7.84,0.14,1.320687444,-1.992315009,410,313
12/17/2013,442,8,7.98,7.86,0.14,0.644204328,-2.846221785,432,323
12/18/2013,443,8.06,8,7.88,0.18,0.258332271,-1.119540171,442,341
12/19/2013,443,8.08,8.06,7.9,0.18,0.288297139,-1.449727791,443,351
12/20/2013,434,8.14,8.08,7.94,0.2,1.942119622,-7.673627368,443,374
12/21/2013,420,8.36,8.14,7.94,0.42,4.179736537,-9.45345202,434,387
12/22/2013,394,8.5,8.36,7.98,0.52,6.153753315,-7.656570852,420,410
12/23/2013,399,9.16,8.5,7.98,1.18,11.12397665,-4.135657215,394,432
12/24/2013,399,9.64,9.16,8,1.64,14.05265153,-5.444176783,399,442
12/25/2013,381,10.1,9.64,8.06,2.04,16.35172958,-8.625891377,399,443
12/26/2013,354,10.1,10.1,8.08,2.02,16.42475306,-6.183000212,381,443
12/27/2013,351,10.1,10.1,8.14,1.96,14.74044178,-3.634172152,354,434
12/28/2013,378,10.16,10.1,8.36,1.8,12.28398977,-5.006452485,351,420
12/29/2013,408,10.18,10.16,8.5,1.68,10.51379943,-8.744880582,378,394
12/30/2013,409,10.2,10.18,9.16,1.04,5.543576094,-4.808320142,408,399
12/31/2013,396,10.24,10.2,9.64,0.6,3.10337546,-2.629802953,409,399
1/1/2014,396,10.72,10.24,10.1,0.62,4.785713437,-4.3059293,396,381
1/2/2014,387,11.18,10.72,10.1,1.08,7.969736371,-5.263343594,396,354
1/3/2014,384,11.22,11.18,10.1,1.12,8.373543786,-3.524619435,387,351
1/4/2014,384,11.46,11.22,10.16,1.3,11.1605325,-8.605606935,384,378
1/5/2014,389,12.04,11.46,10.18,1.86,13.82752703,-13.00371507,384,408
1/6/2014,378,12.26,12.04,10.2,2.06,15.05940772,-11.72300776,389,409
1/7/2014,375,12.32,12.26,10.24,2.08,15.92415682,-6.713610276,378,396
1/8/2014,376,12.54,12.32,10.72,1.82,14.07140497,-4.974758131,375,396
1/9/2014,397,12.72,12.54,11.18,1.54,12.83432722,-5.463461857,376,387
1/10/2014,380,13.36,12.72,11.22,2.14,19.23948753,-6.384348896,397,384
1/11/2014,364,14.04,13.36,11.46,2.58,21.6475517,-0.854515093,380,384
1/12/2014,371,14.16,14.04,12.04,2.12,22.04348921,-3.498210484,364,389
1/13/2014,388,14.88,14.16,12.26,2.62,26.01673668,-4.265418247,371,378
1/14/2014,401,15.6,14.88,12.32,3.28,28.88232615,-3.088342183,388,375
1/15/2014,388,15.86,15.6,12.54,3.32,27.28407441,-4.00482277,401,376
1/16/2014,375,15.88,15.86,12.72,3.16,25.28323134,-4.488842718,388,397
1/17/2014,366,15.86,15.88,13.36,2.5,18.47405587,-4.413527117,375,380
1/18/2014,358,15.86,15.86,14.04,1.82,13.27900298,-3.917549521,366,364
1/19/2014,354,15.84,15.86,14.16,1.68,10.00344388,-2.787452018,358,371
1/20/2014,358,15.84,15.84,14.88,0.96,4.798315729,-3.254005111,354,388
1/21/2014,347,15.84,15.84,15.6,0.24,0.579502902,-4.539663543,358,401
1/22/2014,352,15.84,15.84,15.86,-0.02,0.049090468,-4.811283573,347,388
1/23/2014,337,15.84,15.84,15.88,-0.04,0,-7.754596672,352,375
1/24/2014,347,15.84,15.84,15.86,-0.02,0,-6.981059535,337,366
1/25/2014,347,15.86,15.84,15.86,0,0,-3.186405837,347,358
1/26/2014,369,15.88,15.86,15.84,0.04,0,-3.777974268,347,354
1/27/2014,378,15.88,15.88,15.84,0.04,0.090532273,-8.473981198,369,358
1/28/2014,376,16.06,15.88,15.84,0.22,1.235425486,-12.09442322,378,347
1/29/2014,354,16.1,16.06,15.84,0.26,1.235792603,-5.254474053,376,352
1/30/2014,370,16.82,16.1,15.84,0.98,9.464067321,-3.125823353,354,337
1/31/2014,375,17.94,16.82,15.84,2.1,17.464724,-5.557743357,370,347
2/1/2014,372,18.08,17.94,15.86,2.22,19.41288915,-9.23118959,375,347
2/2/2014,365,18.24,18.08,15.88,2.36,20.05904612,-10.33623254,372,369
2/3/2014,365,18.3,18.24,15.88,2.42,20.62805398,-8.273176372,365,378
2/4/2014,365,18.42,18.3,16.06,2.36,20.92426252,-12.41323178,365,376
2/5/2014,365,18.56,18.42,16.1,2.46,22.28519877,-15.89788481,365,354
2/6/2014,374,18.76,18.56,16.82,1.94,14.74683894,-12.92844375,365,370
2/7/2014,379,19.1,18.76,17.94,1.16,9.665263394,-6.148658281,374,375
2/8/2014,387,19.48,19.1,18.08,1.4,11.76478118,-2.251053367,379,372
2/9/2014,384,20.44,19.48,18.24,2.2,16.39110122,0.66974146,387,365
2/10/2014,385,21.5,20.44,18.3,3.2,21.19356351,-1.557352844,384,365
2/11/2014,390,21.72,21.5,18.42,3.3,21.28905702,-4.653565796,385,365
2/12/2014,398,21.84,21.72,18.56,3.28,20.3777423,-2.5780191,390,365
2/13/2014,405,22.24,21.84,18.76,3.48,21.50099545,1.064804366,398,374
2/14/2014,409,22.56,22.24,19.1,3.46,19.73906623,0.291644624,405,379
2/15/2014,414,22.78,22.56,19.48,3.3,16.31168599,4.299881957,409,387
2/16/2014,418,22.82,22.78,20.44,2.38,11.04416419,2.404871943,414,384
2/17/2014,423,22.94,22.82,21.5,1.44,6.840438475,-1.407213534,418,385
2/18/2014,432,23.12,22.94,21.72,1.4,5.5367311,0.772387424,423,390
2/19/2014,439,23.16,23.12,21.84,1.32,5.132825716,-1.162286356,432,398
2/20/2014,446,23.56,23.16,22.24,1.32,5.329424648,-6.878236781,439,405
2/21/2014,456,23.68,23.56,22.56,1.12,4.597700338,-2.828969132,446,409
2/22/2014,462,23.7,23.68,22.78,0.92,4.145487497,-2.139974528,456,414
2/23/2014,470,23.94,23.7,22.82,1.12,5.112490266,0.825954815,462,418
2/24/2014,501,24,23.94,22.94,1.06,4.407018873,2.738398568,470,423
2/25/2014,521,24.04,24,23.12,0.92,4.178760899,1.05120308,501,432
2/26/2014,577,24.08,24.04,23.16,0.92,4.169478797,-1.683948147,521,439
2/27/2014,624,24.2,24.08,23.56,0.64,2.279632068,1.250791862,577,446
2/28/2014,670,24.66,24.2,23.68,0.98,7.015621898,1.704114781,624,456
3/1/2014,731,25.42,24.66,23.7,1.72,12.76222516,1.971132888,670,462
3/2/2014,866,25.62,25.42,23.94,1.68,15.88018402,1.159613111,731,470
3/3/2014,968,25.78,25.62,24,1.78,16.06088297,2.645029181,866,501
3/4/2014,1040,25.9,25.78,24.04,1.86,16.20825745,2.07938137,968,521
3/5/2014,1090,26.24,25.9,24.08,2.16,20.61049687,1.27579026,1040,577
3/6/2014,1120,26.36,26.24,24.2,2.16,20.97013037,3.708965594,1090,624
3/7/2014,1110,26.52,26.36,24.66,1.86,18.1226228,0.415055389,1120,670
3/8/2014,1130,26.8,26.52,25.42,1.38,14.34833899,0.640966815,1110,731
3/9/2014,1050,26.84,26.8,25.62,1.22,10.31277946,3.345102618,1130,866
3/10/2014,1010,27,26.84,25.78,1.22,9.748737616,5.351934978,1050,968
3/11/2014,911,27.26,27,25.9,1.36,11.67925719,-3.055016172,1010,1040
3/12/2014,921,27.62,27.26,26.24,1.38,11.20214484,-3.414523933,911,1090
3/13/2014,1000,27.82,27.62,26.36,1.46,10.98165497,0.764743051,921,1120
3/14/2014,930,27.88,27.82,26.52,1.36,8.667745107,1.245545391,1000,1110
3/15/2014,851,27.98,27.88,26.8,1.18,6.852500083,-0.277411129,930,1130
3/16/2014,838,28.06,27.98,26.84,1.22,6.876750518,1.068670136,851,1050
3/17/2014,872,28.48,28.06,27,1.48,7.514678606,1.930520164,838,1010
3/18/2014,870,28.64,28.48,27.26,1.38,8.639425746,-2.894894375,872,911
3/19/2014,878,28.92,28.64,27.62,1.3,7.000054717,-2.353797728,870,921
3/20/2014,887,29.04,28.92,27.82,1.22,7.109759533,1.305578151,878,1000
3/21/2014,845,29.16,29.04,27.88,1.28,7.151335069,1.574603718,887,930
3/22/2014,825,29.2,29.16,27.98,1.22,7.645692324,-0.816877141,845,851
3/23/2014,852,29.38,29.2,28.06,1.32,10.38979759,0.134118529,825,838
3/24/2014,919,29.46,29.38,28.48,0.98,9.69243121,1.665566417,852,872
3/25/2014,876,29.48,29.46,28.64,0.84,6.495216177,4.365272235,919,870
3/26/2014,853,29.72,29.48,28.92,0.8,4.328440781,4.075343693,876,878
3/27/2014,878,29.94,29.72,29.04,0.9,6.872086244,0.538834416,853,887
3/28/2014,1060,30.4,29.94,29.16,1.24,10.86360032,-0.576774715,878,845
3/29/2014,1200,30.62,30.4,29.2,1.42,11.27184564,2.836103867,1060,825
3/30/2014,1230,30.96,30.62,29.38,1.58,9.23374007,4.096231116,1200,852
3/31/2014,1170,31.34,30.96,29.46,1.88,16.6249409,0.309467936,1230,919
4/1/2014,1210,31.98,31.34,29.48,2.5,23.36186918,1.544646091,1170,876
4/2/2014,1400,32.34,31.98,29.72,2.62,30.90723431,-0.986329657,1210,853
4/3/2014,1420,32.64,32.34,29.94,2.7,34.26757891,-1.538673261,1400,878
4/4/2014,1400,32.68,32.64,30.4,2.28,30.86955139,-0.057494653,1420,1060
4/5/2014,1340,32.7,32.68,30.62,2.08,29.65685579,2.24891328,1400,1200
4/6/2014,1230,32.74,32.7,30.96,1.78,29.32890525,1.833393445,1340,1230
4/7/2014,1210,32.94,32.74,31.34,1.6,23.46281644,3.160001352,1230,1170
4/8/2014,1290,33,32.94,31.98,1.02,17.90847743,6.566965263,1210,1210
4/9/2014,1310,33.06,33,32.34,0.72,10.21411564,8.907212083,1290,1400
4/10/2014,1480,32.64,33.06,32.64,0,3.941356887,8.139077693,1310,1420
4/11/2014,2170,32.26,32.64,32.68,-0.42,3.306294801,8.645505265,1480,1400
4/12/2014,3230,31.78,32.26,32.7,-0.92,3.291223538,8.618084292,2170,1340
4/13/2014,4300,31.54,31.78,32.74,-1.2,6.166888325,-1.745124781,3230,1230
4/14/2014,5280,31.9,31.54,32.94,-1.04,13.33401869,-5.674981507,4300,1210
4/15/2014,5330,32.02,31.9,33,-0.98,12.3242583,2.393543821,5280,1290
4/16/2014,3960,31.9,32.02,33.06,-1.16,12.46067104,2.965646928,5330,1310
4/17/2014,3520,31.7,31.9,32.64,-0.94,12.46067104,4.899981573,3960,1480
4/18/2014,3350,31.32,31.7,32.26,-0.94,12.85441083,10.2323581,3520,2170
4/19/2014,3620,30.84,31.32,31.78,-0.94,12.85457796,8.661803996,3350,3230
4/20/2014,4750,30.44,30.84,31.54,-1.1,9.656310662,9.122439992,3620,4300
4/21/2014,5870,30.06,30.44,31.9,-1.84,1.02910673,9.34245297,4750,5280
4/22/2014,6940,29.48,30.06,32.02,-2.54,0.84622178,11.10713605,5870,5330
4/23/2014,8320,28.76,29.48,31.9,-3.14,1.916770335,3.707500607,6940,3960
4/24/2014,9450,28.72,28.76,31.7,-2.98,3.35145695,3.284021485,8320,3520
4/25/2014,8970,28.42,28.72,31.32,-2.9,3.478117656,8.547076741,9450,3350
4/26/2014,7720,27.88,28.42,30.84,-2.96,3.501750097,7.207589308,8970,3620
4/27/2014,7950,27.34,27.88,30.44,-3.1,5.44040281,2.292545987,7720,4750
4/28/2014,8770,27.3,27.34,30.06,-2.76,6.325345995,0.860606494,7950,5870
4/29/2014,7880,27.32,27.3,29.48,-2.16,7.203065716,0.947754799,8770,6940
4/30/2014,6440,27.5,27.32,28.76,-1.26,8.002930581,1.424301885,7880,8320
5/1/2014,5600,27.58,27.5,28.72,-1.14,6.72360655,3.445294254,6440,9450
5/2/2014,4980,27.48,27.58,28.42,-0.94,6.206172475,8.935208014,5600,8970
5/3/2014,4560,27.16,27.48,27.88,-0.72,6.182372904,11.96274235,4980,7720
5/4/2014,5000,26.66,27.16,27.34,-0.68,4.109832928,13.6422239,4560,7950
5/5/2014,7140,25.94,26.66,27.3,-1.36,3.04982716,12.3836691,5000,8770
5/6/2014,9670,25.68,25.94,27.32,-1.64,2.172107439,10.92435966,7140,7880
5/7/2014,10200,25.14,25.68,27.5,-2.36,0.158496136,7.663671884,9670,6440
5/8/2014,10200,24.78,25.14,27.58,-2.8,0.392470374,4.535193108,10200,5600
5/9/2014,9550,24.86,24.78,27.48,-2.62,1.414685599,4.682601837,10200,4980
5/10/2014,8360,25.24,24.86,27.16,-1.92,7.157273068,4.72074563,9550,4560
5/11/2014,7790,25.54,25.24,26.66,-1.12,19.23857688,0.150380897,8360,5000
5/12/2014,7670,25.98,25.54,25.94,0.04,35.42381915,-0.095662178,7790,7140
5/13/2014,7040,25.84,25.98,25.68,0.16,38.24300768,0.737345245,7670,9670
5/14/2014,5980,25.54,25.84,25.14,0.4,38.24300768,4.231242534,7040,10200
5/15/2014,5420,25.26,25.54,24.78,0.48,37.93491984,7.949236435,5980,10200
5/16/2014,5140,24.82,25.26,24.86,-0.04,37.43617171,9.892154738,5420,9550
5/17/2014,5010,24.42,24.82,25.24,-0.82,33.35908968,11.43767982,5140,8360
5/18/2014,5200,23.72,24.42,25.54,-1.82,21.33856558,14.58582076,5010,7790
5/19/2014,6750,23.2,23.72,25.98,-2.78,5.153323318,13.23530866,5200,7670
5/20/2014,8940,22.72,23.2,25.84,-3.12,2.33413479,12.22945114,6750,7040
5/21/2014,10700,22.12,22.72,25.54,-3.42,2.33413479,13.09904463,8940,5980
5/22/2014,11500,21.7,22.12,25.26,-3.56,2.252885804,13.60300186,10700,5420
5/23/2014,11700,21.24,21.7,24.82,-3.58,2.275812983,12.54506857,11500,5140
5/24/2014,11700,20.56,21.24,24.42,-3.86,4.516379424,11.80226988,11700,5010
5/25/2014,12600,19.94,20.56,23.72,-3.78,8.73132939,10.94321245,11700,5200
5/26/2014,14000,19.46,19.94,23.2,-3.74,16.45868284,12.50021047,12600,6750
5/27/2014,15000,18.46,19.46,22.72,-4.26,16.84882543,15.57893033,14000,8940
5/28/2014,14900,17.22,18.46,22.12,-4.9,17.21784867,17.1567742,15000,10700
5/29/2014,15100,15.84,17.22,21.7,-5.86,17.21784867,17.06332832,14900,11500
5/30/2014,15700,14.74,15.84,21.24,-6.5,16.94992834,13.98934177,15100,11700
5/31/2014,16300,14.4,14.74,20.56,-6.16,17.31782872,14.89114185,15700,11700
6/1/2014,16500,13.54,14.4,19.94,-6.4,13.83164215,14.97705554,16300,12600
6/2/2014,15500,12.46,13.54,19.46,-7,6.104288694,13.83580753,16500,14000
6/3/2014,14900,11.52,12.46,18.46,-6.94,5.714313237,16.40283153,15500,15000
6/4/2014,14500,10.4,11.52,17.22,-6.82,5.345289991,15.22100235,14900,14900
6/5/2014,13400,9.42,10.4,15.84,-6.42,5.345289991,14.35740035,14500,15100
6/6/2014,12800,8.58,9.42,14.74,-6.16,5.063849625,14.70276886,13400,15700
6/7/2014,12100,7.78,8.58,14.4,-6.62,0.789877368,14.36149045,12800,16300
6/8/2014,11500,6.9,7.78,13.54,-6.64,0.00016713,9.096843916,12100,16500
6/9/2014,10900,6.92,6.9,12.46,-5.54,5.814350755,9.554372335,11500,15500
6/10/2014,9810,6.72,6.92,11.52,-4.8,5.81712622,14.17699988,10900,14900
6/11/2014,8380,6.54,6.72,10.4,-3.86,5.906832854,15.5280387,9810,14500
6/12/2014,8030,6.22,6.54,9.42,-3.2,5.932329455,14.89221891,8380,13400
6/13/2014,8130,5.96,6.22,8.58,-2.62,5.952502377,16.76746149,8030,12800
6/14/2014,8260,5.6,5.96,7.78,-2.18,5.952502377,11.27885565,8130,12100
6/15/2014,8520,5.34,5.6,6.9,-1.56,5.952502377,10.50902668,8260,11500
6/16/2014,7560,5.24,5.34,6.92,-1.68,0.138318752,14.25078801,8520,10900
6/17/2014,6520,4.98,5.24,6.72,-1.74,0.135376158,12.71229604,7560,9810
6/18/2014,6130,4.64,4.98,6.54,-1.9,0.162613872,8.541293089,6520,8380
6/19/2014,5890,4.38,4.64,6.22,-1.84,0.142776525,10.19887776,6130,8030
6/20/2014,5370,4.1,4.38,5.96,-1.86,0.135518174,14.83198167,5890,8130
6/21/2014,4890,3.82,4.1,5.6,-1.78,0.135518174,17.17411725,5370,8260
6/22/2014,4680,3.56,3.82,5.34,-1.78,0.135518174,16.27563314,4890,8520
6/23/2014,4460,3.24,3.56,5.24,-2,0.241142438,15.77762224,4680,7560
6/24/2014,4290,2.94,3.24,4.98,-2.04,0.310976063,16.70062037,4460,6520
6/25/2014,4090,2.58,2.94,4.64,-2.06,0.194198282,18.64645869,4290,6130
6/26/2014,4000,2.2,2.58,4.38,-2.18,0.188539028,18.5376082,4090,5890
6/27/2014,3990,1.78,2.2,4.1,-2.32,1.106164308,13.64648046,4000,5370
6/28/2014,3740,1.48,1.78,3.82,-2.34,2.259488633,14.23804433,3990,4890
6/29/2014,3590,1.06,1.48,3.56,-2.5,2.42754736,17.4700787,3740,4680
6/30/2014,3480,0.6,1.06,3.24,-2.64,2.321923095,16.7482795,3590,4460
7/1/2014,3160,0,0.6,2.94,-2.94,2.25208947,14.79955107,3480,4290
7/2/2014,2840,0,0,2.58,-2.58,2.251922902,17.09701925,3160,4090
7/3/2014,2460,0,0,2.2,-2.2,2.251922902,19.34854566,2840,4000
7/4/2014,2230,0,0,1.78,-1.78,1.321383052,19.91396583,2460,3990
7/5/2014,2050,0,0,1.48,-1.48,0.239521668,20.00475695,2230,3740
7/6/2014,1860,0,0,1.06,-1.06,0.08862274,21.00398237,2050,3590
7/7/2014,1720,0,0,0.6,-0.6,0.08862274,21.17078578,1860,3480
7/8/2014,1540,0,0,0,0,0.08862274,20.44912426,1720,3160
7/9/2014,1400,0,0,0,0,0.08862274,20.91060463,1540,2840
7/10/2014,1270,0,0,0,0,0.269835023,19.63033458,1400,2460
7/11/2014,1190,0,0,0,0,1.739114595,19.4514619,1270,2230
7/12/2014,1160,0,0,0,0,5.104259756,19.19952971,1190,2050
7/13/2014,1230,0,0,0,0,7.391615093,19.94697168,1160,1860
7/14/2014,1350,0,0,0,0,7.391615093,20.04809153,1230,1720
7/15/2014,1290,0,0,0,0,7.417321526,18.95469076,1350,1540
7/16/2014,1200,0,0,0,0,8.321239934,17.15462825,1290,1400
7/17/2014,1080,0,0,0,0,9.667610803,16.43727622,1200,1270
7/18/2014,1050,0,0,0,0,8.281373335,19.39116825,1080,1190
7/19/2014,1040,0,0,0,0,4.844765232,20.17873056,1050,1160
7/20/2014,922,0,0,0,0,2.540250098,20.29703104,1040,1230
7/21/2014,813,0,0,0,0,2.544791246,20.25666659,922,1350
7/22/2014,759,0,0,0,0,2.519084813,21.33909078,813,1290
7/23/2014,768,0,0,0,0,1.615166405,22.25718048,759,1200
7/24/2014,810,0,0,0,0,0.090990278,21.39780622,768,1080
7/25/2014,763,0,0,0,0,1.166100475,21.37862607,810,1050
7/26/2014,599,0,0,0,0,2.308863939,20.8550981,763,1040
7/27/2014,495,0,0,0,0,2.830079648,20.08047728,599,922
7/28/2014,473,0,0,0,0,2.8255385,19.99574129,495,813
7/29/2014,551,0,0,0,0,2.962770192,16.13730826,473,759
7/30/2014,580,0,0,0,0,13.64702619,15.33567369,551,768
7/31/2014,541,0,0,0,0,20.00316293,16.62732565,580,810
8/1/2014,760,0,0,0,0,19.24023992,18.06568109,541,763
8/2/2014,1140,0,0,0,0,18.12349646,18.30363522,760,599
8/3/2014,832,0,0,0,0,17.60228075,19.39935258,1140,495
8/4/2014,721,0,0,0,0,18.06049878,17.15563496,832,473
8/5/2014,636,0,0,0,0,23.18439768,17.1305972,721,551
8/6/2014,556,0,0,0,0,14.56096949,17.06176553,636,580
8/7/2014,505,0,0,0,0,9.468077419,16.30685784,556,541
8/8/2014,534,0,0,0,0,9.74326583,16.20396645,505,760
8/9/2014,524,0,0,0,0,9.9030023,16.7299528,534,1140
8/10/2014,478,0,0,0,0,9.930243406,17.55819701,524,832
8/11/2014,456,0,0,0,0,9.575768941,18.79204473,478,721
8/12/2014,427,0,0,0,0,4.314805482,19.51954409,456,636
8/13/2014,389,0,0,0,0,2.253977673,18.59820639,427,556
8/14/2014,390,0,0,0,0,5.024825798,17.42159994,389,505
8/15/2014,406,0,0,0,0,9.055719216,17.88697287,390,534
8/16/2014,368,0,0,0,0,10.42558065,18.53451532,406,524
8/17/2014,451,0,0,0,0,10.39833954,18.86924597,368,478
8/18/2014,491,0,0,0,0,10.29459598,18.79481451,451,456
8/19/2014,444,0,0,0,0,10.29442885,15.05198693,491,427
8/20/2014,413,0,0,0,0,16.45150421,15.13057505,444,389
8/21/2014,464,0,0,0,0,20.84302937,14.56779246,413,390
8/22/2014,426,0,0,0,0,17.03055907,14.5699905,464,406
8/23/2014,491,0,0,0,0,19.62434356,10.73812279,426,368
8/24/2014,664,0,0,0,0,30.124888,12.25783257,491,451
8/25/2014,953,0,0,0,0,37.22163965,14.40645958,664,491
8/26/2014,1090,0,0,0,0,43.60791782,13.78399215,953,444
8/27/2014,943,0,0,0,0,44.67677155,12.55149128,1090,413
8/28/2014,1410,0,0,0,0,47.62241305,14.07000753,943,464
8/29/2014,2220,0,0,0,0,49.88030338,15.21618069,1410,426
8/30/2014,1450,0,0,0,0,46.24617265,15.34729893,2220,491
8/31/2014,1240,0,0,0,0,37.28505872,13.141019,1450,664
9/1/2014,1030,0,0,0,0,32.23106877,12.55197649,1240,953
9/2/2014,978,0,0,0,0,25.84479059,15.40316023,1030,1090
9/3/2014,868,0,0,0,0,18.61902864,17.63168839,978,943
9/4/2014,756,0,0,0,0,7.244362159,15.25133487,868,1410
9/5/2014,664,0,0,0,0,4.240373806,13.96213128,756,2220
9/6/2014,551,0,0,0,0,5.022425181,14.33209147,664,1450
9/7/2014,484,0,0,0,0,4.055263343,15.01505073,551,1240
9/8/2014,439,0,0,0,0,2.434598721,14.35930163,484,1030
9/9/2014,497,0,0,0,0,11.14438162,11.30844197,439,978
9/10/2014,545,0,0,0,0,24.94400644,11.62775492,497,868
9/11/2014,504,0,0,0,0,26.77698825,9.848316232,545,756
9/12/2014,872,0,0,0,0,26.63424545,6.356028687,504,664
9/13/2014,880,0,0,0,0,25.58098686,11.61226848,872,551
9/14/2014,705,0,0,0,0,25.00899743,14.71243859,880,484
9/15/2014,606,0,0,0,0,24.60612312,15.45662139,705,439
9/16/2014,535,0,0,0,0,15.89634022,16.54590406,606,497
9/17/2014,496,0,0,0,0,2.09654827,17.14412242,535,545
9/18/2014,461,0,0,0,0,0.263566464,17.40973829,496,504
9/19/2014,429,0,0,0,0,0.263607284,16.57560672,461,872
9/20/2014,399,0,0,0,0,0.019542825,15.39780552,429,880
9/21/2014,387,0,0,0,0,0.019263579,13.3044753,399,705
9/22/2014,428,0,0,0,0,3.282922129,12.95518784,387,606
9/23/2014,387,0,0,0,0,9.281026163,14.6379771,428,535
9/24/2014,374,0,0,0,0,9.356433073,15.71893235,387,496
9/25/2014,427,0,0,0,0,9.356433073,17.1329462,374,461
9/26/2014,482,0,0,0,0,9.356392254,17.29929851,427,429
9/27/2014,475,0,0,0,0,9.356392254,15.59768642,482,399
9/28/2014,573,0,0,0,0,14.3239549,10.2989563,475,387
9/29/2014,782,0,0,0,0,21.97186035,7.970250808,573,428
9/30/2014,1070,0.14,0,0,0.14,20.78015186,6.021869062,782,387
10/1/2014,999,0.3,0.14,0,0.3,27.78310241,4.3117516,1070,374
10/2/2014,955,0.42,0.3,0,0.42,34.09362524,4.721551302,999,427
10/3/2014,969,0.38,0.42,0,0.38,34.15483959,6.118640223,955,482
10/4/2014,1010,0.28,0.38,0,0.28,34.157083,8.204229302,969,475
10/5/2014,929,0.28,0.28,0,0.28,29.19553338,9.411899954,1010,573
10/6/2014,835,0.24,0.28,0,0.24,18.2786514,10.6178232,929,782
10/7/2014,754,0.2,0.24,0.14,0.06,13.47810802,11.14168692,835,1070
10/8/2014,713,0.14,0.2,0.3,-0.16,6.416701382,11.69379963,754,999
10/9/2014,689,0,0.14,0.42,-0.42,0.119996991,9.784493739,713,955
10/10/2014,657,0.08,0,0.38,-0.3,2.022450292,10.02740087,689,969
10/11/2014,633,0,0.08,0.28,-0.28,2.384456362,9.423226829,657,1010
10/12/2014,622,0.04,0,0.28,-0.24,3.839186903,4.594815606,633,929
10/13/2014,721,0.34,0.04,0.24,0.1,9.115496897,4.535949349,622,835
10/14/2014,720,0.26,0.34,0.2,0.06,9.220722547,7.614885274,721,754
10/15/2014,739,0.22,0.26,0.14,0.08,9.251774253,10.82488752,720,713
10/16/2014,743,0.16,0.22,0,0.16,9.351853542,9.840428495,739,689
10/17/2014,766,0,0.16,0.08,-0.08,7.388185892,9.63541529,743,657
10/18/2014,802,0,0,0,0,7.023936406,10.39584119,766,633
10/19/2014,790,0,0,0.04,-0.04,5.563192841,10.7388238,802,622
10/20/2014,753,0,0,0.34,-0.34,0.272978072,10.73993763,790,721
10/21/2014,720,0,0,0.26,-0.26,0.163166781,8.775862806,753,720
10/22/2014,731,0.06,0,0.22,-0.16,5.539167441,7.395655907,720,739
10/23/2014,659,0,0.06,0.16,-0.16,5.574296741,8.759824317,731,743
10/24/2014,676,0,0,0,0,5.598171852,11.5023024,659,766
10/25/2014,802,0,0,0,0,5.605617871,11.50688224,676,802
10/26/2014,830,0.02,0,0,0.02,5.672564554,8.151853954,802,790
10/27/2014,767,0.32,0.02,0,0.32,8.318340682,2.091805655,830,753
10/28/2014,734,0.3,0.32,0,0.3,8.982592195,2.372924565,767,720
10/29/2014,763,0.28,0.3,0.06,0.22,3.561528698,5.085705377,734,731
10/30/2014,784,0.24,0.28,0,0.24,3.455249166,7.121890159,763,659
10/31/2014,747,0.24,0.24,0,0.24,3.437274939,9.04808708,784,676
11/1/2014,730,0.22,0.24,0,0.22,3.803611921,9.962304249,747,802
11/2/2014,763,0.2,0.22,0.02,0.18,5.251589485,3.984084633,730,830
11/3/2014,849,0.54,0.2,0.32,0.22,12.55885322,-0.631170589,763,767
11/4/2014,840,0.76,0.54,0.3,0.46,15.35979688,-0.677294665,849,734
11/5/2014,873,0.8,0.76,0.28,0.52,15.68613946,3.155310462,840,763
11/6/2014,857,0.8,0.8,0.24,0.56,15.66349832,5.705280477,873,784
11/7/2014,807,0.76,0.8,0.24,0.52,15.73568371,5.821937256,857,747
11/8/2014,764,0.7,0.76,0.22,0.48,15.36190071,4.721485353,807,730
11/9/2014,679,0.68,0.7,0.2,0.48,13.84697646,6.290788892,764,763
11/10/2014,692,0.68,0.68,0.54,0.14,3.896386115,-1.39037943,679,849
11/11/2014,727,1.16,0.68,0.76,0.4,1.987915891,-8.695403939,692,840
11/12/2014,655,1.18,1.16,0.8,0.38,1.79108361,-14.70478976,727,873
11/13/2014,445,1.2,1.18,0.8,0.4,2.118918247,-12.43115033,655,857
11/14/2014,455,1.72,1.2,0.76,0.96,6.938115236,-2.915918944,445,807
11/15/2014,548,2,1.72,0.7,1.3,10.21086684,-8.802345423,455,764
11/16/2014,625,2.5,2,0.68,1.82,14.66569208,-14.40716132,548,679
11/17/2014,535,2.54,2.5,0.68,1.86,14.84381416,-9.598756614,625,692
11/18/2014,467,2.56,2.54,1.16,1.4,13.28582269,-6.394707021,535,727
11/19/2014,564,2.58,2.56,1.18,1.4,13.54707905,-1.376489887,467,655
11/20/2014,580,2.58,2.58,1.2,1.38,13.19913807,-0.612180634,564,445
11/21/2014,622,2.6,2.58,1.72,0.88,8.338784544,-0.065774459,580,455
11/22/2014,668,2.6,2.6,2,0.6,5.066032944,0.109963058,622,548
11/23/2014,702,3.48,2.6,2.5,0.98,7.078342769,-4.696032102,668,625
11/24/2014,651,4,3.48,2.54,1.46,11.8105284,-5.474981544,702,535
11/25/2014,615,4.58,4,2.56,2.02,15.97499751,-4.187809496,651,467
11/26/2014,581,5.4,4.58,2.58,2.82,22.24041293,2.276671517,615,564
11/27/2014,591,5.54,5.4,2.58,2.96,22.49325338,2.629913925,581,580
11/28/2014,654,5.52,5.54,2.6,2.92,22.53366606,4.039930335,591,622
11/29/2014,750,5.54,5.52,2.6,2.94,22.53366606,3.770867349,654,668
11/30/2014,763,5.5,5.54,3.48,2.02,16.06679714,1.668183943,750,702
12/1/2014,749,5.5,5.5,4,1.5,11.52543447,0.975312718,763,651
12/2/2014,723,5.54,5.5,4.58,0.96,7.533545919,2.245756081,749,615
12/3/2014,741,5.58,5.54,5.4,0.18,0.874424137,1.026853286,723,581
12/4/2014,731,5.62,5.58,5.54,0.08,0.790190824,2.148276779,741,591
12/5/2014,693,5.64,5.62,5.52,0.12,0.728064263,2.183012437,731,654
12/6/2014,697,5.7,5.64,5.54,0.16,0.728064263,2.216843478,693,750
12/7/2014,683,5.72,5.7,5.5,0.22,0.727965243,1.836367512,697,763
12/8/2014,648,5.76,5.72,5.5,0.26,0.356570685,1.737497851,683,749
12/9/2014,645,5.76,5.76,5.54,0.22,0.183990124,1.361406712,648,723
12/10/2014,594,5.72,5.76,5.58,0.14,0.183990124,1.769948519,645,741
12/11/2014,524,5.74,5.72,5.62,0.12,0.015382988,2.379129521,594,731
12/12/2014,507,5.72,5.74,5.64,0.08,0.000334259,3.429061456,524,693
12/13/2014,595,5.74,5.72,5.7,0.04,0.211754944,2.324817795,507,697
12/14/2014,659,5.9,5.74,5.72,0.18,5.152081117,-2.539267045,595,683
12/15/2014,637,6.5,5.9,5.76,0.74,12.95391343,-6.198187159,659,648
12/16/2014,525,6.62,6.5,5.76,0.86,13.47128585,-5.471229638,637,645
12/17/2014,413,6.82,6.62,5.72,1.1,16.47207791,-4.554494999,525,594
12/18/2014,405,6.94,6.82,5.74,1.2,16.60296964,-5.319246856,413,524
12/19/2014,480,6.94,6.94,5.72,1.22,16.85036792,-5.611158457,405,507
12/20/2014,524,6.98,6.94,5.74,1.24,16.99131682,-4.063653031,480,595
12/21/2014,526,7.16,6.98,5.9,1.26,15.30719725,-1.437429627,524,659
12/22/2014,559,8.64,7.16,6.5,2.14,19.65191934,-3.44229213,526,637
12/23/2014,494,8.94,8.64,6.62,2.32,21.46962799,-7.48032429,559,525
12/24/2014,359,9.02,8.94,6.82,2.2,18.70067794,-7.605524371,494,413
12/25/2014,351,9.14,9.02,6.94,2.2,20.20951314,-5.657670857,359,405
12/26/2014,310,9.48,9.14,6.94,2.54,26.80795838,-10.15479933,351,480
12/27/2014,368,9.5,9.48,6.98,2.52,27.89536771,-12.72560961,310,524
12/28/2014,392,9.58,9.5,7.16,2.42,25.75467962,-10.52991636,368,526
12/29/2014,417,10.06,9.58,8.64,1.42,18.56259859,-13.21274553,392,559
12/30/2014,321,10.08,10.06,8.94,1.14,17.3369025,-19.07340013,417,494
12/31/2014,278,10.06,10.08,9.02,1.04,17.12223005,-18.60227811,321,359
1/1/2015,285,10.08,10.06,9.14,0.94,15.7610254,-14.73658815,278,351
1/2/2015,335,10.08,10.08,9.48,0.6,9.188398137,-11.59966877,285,310
1/3/2015,368,10.1,10.08,9.5,0.6,7.748619224,-8.902019423,335,368
1/4/2015,420,10.32,10.1,9.58,0.74,8.019257578,-6.966430978,368,392
1/5/2015,468,10.34,10.32,10.06,0.28,3.552074888,-2.023425821,420,417
1/6/2015,531,10.6,10.34,10.08,0.52,3.260305225,0.920005215,468,321
1/7/2015,530,10.64,10.6,10.06,0.58,3.271111295,0.63529641,531,278
1/8/2015,525,10.64,10.64,10.08,0.56,2.992589022,0.253882052,530,285
1/9/2015,519,10.64,10.64,10.08,0.56,2.719205629,-3.497869338,525,335
1/10/2015,524,10.72,10.64,10.1,0.62,2.719205629,-2.093181938,519,368
1/11/2015,524,10.76,10.72,10.32,0.44,1.865967091,-0.931371844,524,420
1/12/2015,529,11.06,10.76,10.34,0.72,4.315585886,-0.349949587,524,468
1/13/2015,504,11.14,11.06,10.6,0.54,3.603926605,-1.876154607,529,531
1/14/2015,513,11.14,11.14,10.64,0.5,3.575950973,-5.423072859,504,530
1/15/2015,509,11.16,11.14,10.64,0.52,3.575950973,-4.949680991,513,525
1/16/2015,530,11.2,11.16,10.64,0.56,3.575950973,-3.219845331,509,519
1/17/2015,601,11.26,11.2,10.72,0.54,3.862355818,-2.642589794,530,524
1/18/2015,547,11.26,11.26,10.76,0.5,3.361638212,-0.57559485,601,524
1/19/2015,568,11.28,11.26,11.06,0.22,0.443698255,-1.049847008,547,529
1/20/2015,564,11.44,11.28,11.14,0.3,0.752402267,-4.924003677,568,504
1/21/2015,590,11.44,11.44,11.14,0.3,0.757051513,-9.208530032,564,513
1/22/2015,491,11.44,11.44,11.16,0.28,0.757051513,-10.41391331,590,509
1/23/2015,506,11.44,11.44,11.2,0.24,0.757051513,-5.441322629,491,530
1/24/2015,508,11.42,11.44,11.26,0.16,0.476013599,-5.554777203,506,601
1/25/2015,479,11.38,11.42,11.26,0.12,0.741627666,-0.035722528,508,547
1/26/2015,458,11.4,11.38,11.28,0.12,0.722658132,2.356558823,479,568
1/27/2015,496,11.42,11.4,11.44,-0.02,0.307998092,3.196379259,458,564
1/28/2015,488,11.42,11.42,11.44,-0.02,0.383222708,1.398947499,496,590
1/29/2015,531,11.42,11.42,11.44,-0.02,0.427316659,1.920981607,488,491
1/30/2015,557,11.5,11.42,11.44,0.06,0.502565839,1.346217759,531,506
1/31/2015,588,11.58,11.5,11.42,0.16,1.534015198,-0.977163235,557,508
2/1/2015,595,11.64,11.58,11.38,0.26,1.558921329,-4.222288429,588,479
2/2/2015,651,11.72,11.64,11.4,0.32,2.458146701,0.417348799,595,458
2/3/2015,636,12.12,11.72,11.42,0.7,4.514734915,2.996157516,651,496
2/4/2015,656,12.56,12.12,11.42,1.14,8.491134353,1.644028297,636,488
2/5/2015,647,13.84,12.56,11.42,2.42,14.92971333,3.786377651,656,531
2/6/2015,684,13.98,13.84,11.5,2.48,14.85491038,5.176957653,647,557
2/7/2015,850,14,13.98,11.58,2.42,13.81809409,5.368456259,684,588
2/8/2015,835,14.02,14,11.64,2.38,13.49520604,4.524139093,850,595
2/9/2015,808,14.02,14.02,11.72,2.3,12.59598067,4.965661693,835,651
2/10/2015,850,14.14,14.02,12.12,2.02,12.32298422,1.411734109,808,636
2/11/2015,796,14.36,14.14,12.56,1.8,9.100975019,0.998440962,850,656
2/12/2015,802,14.34,14.36,13.84,0.5,2.618435686,2.319409284,796,647
2/13/2015,796,14.36,14.34,13.98,0.38,2.617989465,3.971806811,802,684
2/14/2015,738,14.36,14.36,14,0.36,2.618123064,5.034813033,796,850
2/15/2015,752,14.42,14.36,14.02,0.4,2.634502527,0.015273501,738,835
2/16/2015,768,14.46,14.42,14.02,0.44,2.849033646,-4.57831381,752,808
2/17/2015,712,14.64,14.46,14.14,0.5,1.200451162,-5.056800636,768,850
2/18/2015,691,14.66,14.64,14.36,0.3,0.515747823,-0.364190522,712,796
2/19/2015,657,14.66,14.66,14.34,0.32,0.515614224,3.17408529,691,802
2/20/2015,621,14.7,14.66,14.36,0.34,0.656009432,-1.062071524,657,796
2/21/2015,615,15.2,14.7,14.36,0.84,3.997762013,-4.550057431,621,738
2/22/2015,618,15.46,15.2,14.42,1.04,6.514952751,-9.491371666,615,752
2/23/2015,376,15.56,15.46,14.46,1.1,6.904925375,-8.347811367,618,768
2/24/2015,503,15.52,15.56,14.64,0.88,6.789376167,-4.648151191,376,712
2/25/2015,591,15.62,15.52,14.66,0.96,7.342324568,-4.613052846,503,691
2/26/2015,552,15.84,15.62,14.66,1.18,8.93460723,-8.266501556,591,657
2/27/2015,461,16,15.84,14.7,1.3,10.14546307,-8.439496967,552,621
2/28/2015,545,16,16,15.2,0.8,6.831179141,-4.966014,461,615
3/1/2015,636,16.1,16,15.46,0.64,8.386237955,-4.069854008,545,618
3/2/2015,615,16.42,16.1,15.56,0.86,13.95135892,0.391790953,636,376
3/3/2015,682,17.1,16.42,15.52,1.58,28.27040722,-5.12609189,615,503
3/4/2015,717,17.6,17.1,15.62,1.98,35.10976935,-11.03701956,682,591
3/5/2015,653,17.6,17.6,15.84,1.76,33.57786925,-6.720820894,717,552
3/6/2015,592,17.68,17.6,16,1.68,32.86269458,-1.82014952,653,461
3/7/2015,561,17.72,17.68,16,1.72,33.11712158,0.605676406,592,545
3/8/2015,600,17.82,17.72,16.1,1.72,29.02904792,2.167930797,561,636
3/9/2015,613,17.84,17.82,16.42,1.42,22.85942321,1.927327352,600,615
3/10/2015,637,17.82,17.84,17.1,0.72,8.520914832,3.061278328,613,682
3/11/2015,739,17.8,17.82,17.6,0.2,0.979043545,3.849584298,637,717
3/12/2015,716,17.7,17.8,17.6,0.1,0.930859301,3.845489524,739,653
3/13/2015,718,17.7,17.7,17.68,0.02,0.294782926,5.084433772,716,592
3/14/2015,722,17.72,17.7,17.72,0,0.012753674,5.413265398,718,561
3/15/2015,731,17.62,17.72,17.82,-0.2,0.024290865,9.09790831,722,600
3/16/2015,762,17.46,17.62,17.84,-0.38,0.024290865,9.643906941,731,613
3/17/2015,843,17.18,17.46,17.82,-0.64,0.024290865,8.725492194,762,637
3/18/2015,994,16.94,17.18,17.8,-0.86,0.024290865,7.135115519,843,739
3/19/2015,1260,16.74,16.94,17.7,-0.96,0.165162599,4.329764007,994,716
3/20/2015,1570,16.86,16.74,17.7,-0.84,0.17446109,5.110780895,1260,718
3/21/2015,1800,16.74,16.86,17.72,-0.98,0.17446109,6.953101479,1570,722
3/22/2015,1920,16.5,16.74,17.62,-1.12,0.162368546,6.764452625,1800,731
3/23/2015,1990,16.14,16.5,17.46,-1.32,0.162368546,5.557387683,1920,762
3/24/2015,2120,16.38,16.14,17.18,-0.8,3.051460242,1.702727924,1990,843
3/25/2015,2270,16.88,16.38,16.94,-0.06,6.422031386,0.518196661,2120,994
3/26/2015,2230,17.26,16.88,16.74,0.52,7.76169741,3.055763753,2270,1260
3/27/2015,2050,17.26,17.26,16.86,0.4,8.186406913,7.493809641,2230,1570
3/28/2015,1830,17.08,17.26,16.74,0.34,8.186406913,9.746580385,2050,1800
3/29/2015,1900,16.64,17.08,16.5,0.14,8.186406913,6.997885437,1830,1920
3/30/2015,2370,16.44,16.64,16.14,0.3,8.186406913,7.836020545,1900,1990
3/31/2015,2850,16.14,16.44,16.38,-0.24,5.297315217,9.60986192,2370,2120
4/1/2015,2990,15.54,16.14,16.88,-1.34,1.926744074,5.492879316,2850,2270
4/2/2015,3240,15.3,15.54,17.26,-1.96,0.434007994,0.227585946,2990,2230
4/3/2015,3430,15.28,15.3,17.26,-1.98,1.162853677,-1.284022419,3240,2050
4/4/2015,3150,15.66,15.28,17.08,-1.42,1.207229867,2.871784293,3430,1830
4/5/2015,2780,15.68,15.66,16.64,-0.96,1.301822337,6.626258153,3150,1900
4/6/2015,2490,15.24,15.68,16.44,-1.2,1.301822337,7.759286349,2780,2370
4/7/2015,2420,15.1,15.24,16.14,-1.04,1.301822337,5.564562513,2490,2850
4/8/2015,2450,15.04,15.1,15.54,-0.5,1.301822337,3.419558348,2420,2990
4/9/2015,2550,14.76,15.04,15.3,-0.54,5.816673349,2.032277145,2450,3240
4/10/2015,2550,15.2,14.76,15.28,-0.08,4.860338038,5.059904343,2550,3430
4/11/2015,2450,15.2,15.2,15.66,-0.46,4.839645102,6.919262528,2550,3150
4/12/2015,2300,15.06,15.2,15.68,-0.62,4.749004711,5.640589429,2450,2780
4/13/2015,2250,14.9,15.06,15.24,-0.34,4.85382687,6.770526477,2300,2490
4/14/2015,2280,14.5,14.9,15.1,-0.6,5.280869581,8.426371303,2250,2420
4/15/2015,2370,13.9,14.5,15.04,-1.14,7.049696217,-0.175546201,2280,2450
4/16/2015,2640,13.92,13.9,14.76,-0.84,3.543847166,0.985371274,2370,2550
4/17/2015,2950,13.98,13.92,15.2,-1.22,6.234546493,2.478923362,2640,2550
4/18/2015,2690,14.36,13.98,15.2,-0.84,9.514828029,1.44129785,2950,2450
4/19/2015,2550,14.86,14.36,15.06,-0.2,20.40838729,3.364555897,2690,2300
4/20/2015,2490,15,14.86,14.9,0.1,21.40434045,4.64128823,2550,2250
4/21/2015,2420,14.98,15,14.5,0.48,21.3060614,7.055701696,2490,2280
4/22/2015,2390,14.86,14.98,13.9,0.96,19.54994309,8.739063028,2420,2370
4/23/2015,2350,14.68,14.86,13.92,0.76,18.55518118,8.026838377,2390,2640
4/24/2015,2360,14.4,14.68,13.98,0.42,15.65796348,6.888654006,2350,2950
4/25/2015,2390,14.18,14.4,14.36,-0.18,13.42008814,5.716529943,2360,2690
4/26/2015,2520,14.38,14.18,14.86,-0.48,7.135848964,5.960935128,2390,2550
4/27/2015,2640,14.28,14.38,15,-0.72,10.44969821,6.206775777,2520,2490
4/28/2015,2840,14.04,14.28,14.98,-0.94,11.07024642,7.395271197,2640,2420
4/29/2015,3120,13.68,14.04,14.86,-1.18,11.07701095,10.67464972,2840,2390
4/30/2015,3270,12.92,13.68,14.68,-1.76,11.09300382,12.29730581,3120,2350
5/1/2015,3880,12.44,12.92,14.4,-1.96,11.09300382,11.19827003,3270,2360
5/2/2015,4600,11.96,12.44,14.18,-2.22,10.30697462,11.65938843,3880,2390
5/3/2015,5250,11.6,11.96,14.38,-2.78,6.306867562,11.21755846,4600,2520
5/4/2015,5770,11.16,11.6,14.28,-3.12,2.223339921,9.962930324,5250,2640
5/5/2015,5930,10.98,11.16,14.04,-3.06,1.80185934,9.868011991,5770,2840
5/6/2015,6110,10.52,10.98,13.68,-3.16,7.697939594,7.725527931,5930,3120
5/7/2015,6860,10.3,10.52,12.92,-2.62,18.79488041,7.385018575,6110,3270
5/8/2015,9390,10.24,10.3,12.44,-2.2,21.93298299,7.537213205,6860,3880
5/9/2015,9630,10.16,10.24,11.96,-1.8,31.28491693,4.045650851,9390,4600
5/10/2015,9300,10.4,10.16,11.6,-1.2,37.65693606,1.81478041,9630,5250
5/11/2015,8960,10.7,10.4,11.16,-0.46,42.13940065,5.709880896,9300,5770
5/12/2015,7290,10.66,10.7,10.98,-0.32,42.32482633,10.77865893,8960,5930
5/13/2015,6270,10.22,10.66,10.52,-0.3,36.99369548,10.53574453,7290,6110
5/14/2015,5760,10.02,10.22,10.3,-0.28,26.3259985,9.657236977,6270,6860
5/15/2015,5760,9.64,10.02,10.24,-0.6,25.70662461,5.717305024,5760,9390
5/16/2015,5720,9.9,9.64,10.16,-0.26,20.98630481,5.425614329,5760,9630
5/17/2015,5840,9.92,9.9,10.4,-0.48,21.40463801,6.758804652,5720,9300
5/18/2015,5890,10.06,9.92,10.7,-0.64,23.57443632,9.049797457,5840,8960
5/19/2015,6290,9.86,10.06,10.66,-0.8,30.14042839,5.749617557,5890,7290
5/20/2015,6690,10.12,9.86,10.22,-0.1,41.11986974,7.349248718,6290,6270
5/21/2015,8370,10.12,10.12,10.02,0.1,42.63914841,9.064747775,6690,5760
5/22/2015,7460,9.88,10.12,9.64,0.24,44.08292724,8.027235466,8370,5760
5/23/2015,7300,9.98,9.88,9.9,0.08,46.71984353,7.530968775,7460,5720
5/24/2015,8000,9.92,9.98,9.92,0,43.88416216,4.562574618,7300,5840
5/25/2015,8590,10.12,9.92,10.06,0.06,45.73241288,8.160204432,8000,5890
5/26/2015,9170,10.1,10.12,9.86,0.24,41.13902763,9.410152038,8590,6290
5/27/2015,7940,9.74,10.1,10.12,-0.38,34.20478043,11.00907494,9170,6690
5/28/2015,8560,9.18,9.74,10.12,-0.94,35.42749515,9.644932716,7940,8370
5/29/2015,8620,8.64,9.18,9.88,-1.24,35.95700691,8.88390503,8560,7460
5/30/2015,9020,8.36,8.64,9.98,-1.62,30.37438134,11.83481768,8620,7300
5/31/2015,8580,7.52,8.36,9.92,-2.4,26.4054481,15.96030258,9020,8000
6/1/2015,8390,6.54,7.52,10.12,-3.58,17.76455388,16.94573643,8580,8590
6/2/2015,9270,6.02,6.54,10.1,-4.08,15.37685185,15.48034871,8390,9170
6/3/2015,9880,5.26,6.02,9.74,-4.48,10.74723544,15.3402523,9270,7940
6/4/2015,10100,5.06,5.26,9.18,-4.12,7.545765306,14.95440184,9880,8560
6/5/2015,9620,4.82,5.06,8.64,-3.82,3.053746015,13.99475985,10100,8620
6/6/2015,9150,4.7,4.82,8.36,-3.66,1.120774989,12.2123296,9620,9020
6/7/2015,8600,4.54,4.7,7.52,-2.98,0.729893602,12.58718768,9150,8580
6/8/2015,8130,4.32,4.54,6.54,-2.22,0.7895357,14.71918607,8600,8390
6/9/2015,7750,4.08,4.32,6.02,-1.94,0.499946282,16.4423537,8130,9270
6/10/2015,7450,3.84,4.08,5.26,-1.42,0.50798797,14.0767968,7750,9880
6/11/2015,7460,3.76,3.84,5.06,-1.3,2.570626709,11.93473579,7450,10100
6/12/2015,7740,3.52,3.76,4.82,-1.3,9.212922883,14.70527763,7460,9620
6/13/2015,8290,3.24,3.52,4.7,-1.46,9.232100841,16.58314276,7740,9150
6/14/2015,7700,2.92,3.24,4.54,-1.62,9.196641437,16.15119518,8290,8600
6/15/2015,7050,2.68,2.92,4.32,-1.64,9.03369976,16.61910421,7700,8130
6/16/2015,6510,2.34,2.68,4.08,-1.74,12.29220316,16.94543735,7050,7750
6/17/2015,6180,1.96,2.34,3.84,-1.88,14.43413879,18.18007721,6510,7450
6/18/2015,6470,1.58,1.96,3.76,-2.18,12.37150005,19.26597818,6180,7460
6/19/2015,6000,1.22,1.58,3.52,-2.3,5.729203875,19.82212889,6470,7740
6/20/2015,5190,0.8,1.22,3.24,-2.44,5.677031842,18.96115849,6000,8290
6/21/2015,4570,0.38,0.8,2.92,-2.54,5.504469803,20.5044118,5190,7700
6/22/2015,4080,0,0.38,2.68,-2.68,5.417053056,19.78707464,4570,7050
6/23/2015,3700,0,0,2.34,-2.34,2.149977318,19.83079219,4080,6510
6/24/2015,3250,0,0,1.96,-1.96,0,20.6253272,3700,6180
6/25/2015,2850,0,0,1.58,-1.58,0,20.12264586,3250,6470
6/26/2015,2520,0,0,1.22,-1.22,0,19.22262295,2850,6000
6/27/2015,2310,0,0,0.8,-0.8,0,20.58630124,2520,5190
6/28/2015,2140,0,0,0.38,-0.38,0.149523973,21.57259788,2310,4570
6/29/2015,1910,0,0,0,0,0.149523973,21.07335292,2140,4080
6/30/2015,1720,0,0,0,0,0.149523973,21.91582642,1910,3700
7/1/2015,1600,0,0,0,0,0.301564508,20.14134323,1720,3250
7/2/2015,1410,0,0,0,0,0.460710359,20.40794273,1600,2850
7/3/2015,1380,0,0,0,0,0.473761228,20.58615034,1410,2520
7/4/2015,1290,0,0,0,0,0.473761228,20.86254334,1380,2310
7/5/2015,1200,0,0,0,0,1.930239401,15.93482324,1290,2140
7/6/2015,1180,0,0,0,0,8.167507429,16.64631804,1200,1910
7/7/2015,1180,0,0,0,0,12.8405503,15.49600083,1180,1720
7/8/2015,1430,0,0,0,0,23.04110044,14.18628007,1180,1600
7/9/2015,1960,0,0,0,0,35.24310664,15.28627258,1430,1410
7/10/2015,2590,0,0,0,0,38.34645823,15.52400231,1960,1380
7/11/2015,2430,0,0,0,0,38.46472531,15.81013988,2590,1290
7/12/2015,1850,0,0,0,0,38.92195657,17.66457846,2430,1200
7/13/2015,1490,0,0,0,0,32.79283675,18.6976659,1850,1180
7/14/2015,1330,0,0,0,0,29.82308399,17.77019287,1490,1180
7/15/2015,1180,0,0,0,0,21.46290317,16.91519794,1330,1430
7/16/2015,1110,0,0,0,0,10.2899111,16.63923621,1180,1960
7/17/2015,1010,0,0,0,0,7.20847013,17.98586032,1110,2590
7/18/2015,944,0,0,0,0,7.194766355,16.04795573,1010,2430
7/19/2015,874,0,0,0,0,6.4088528,15.7449573,944,1850
7/20/2015,843,0,0,0,0,6.31020615,16.49287741,874,1490
7/21/2015,809,0,0,0,0,4.821809041,15.77838189,843,1330
7/22/2015,774,0,0,0,0,4.325713931,17.0256983,809,1180
7/23/2015,690,0,0,0,0,3.790796388,18.31243809,774,1110
7/24/2015,683,0,0,0,0,3.755834898,18.80984259,690,1010
7/25/2015,616,0,0,0,0,3.651271592,18.64474427,683,944
7/26/2015,548,0,0,0,0,2.373951748,19.92301287,616,874
7/27/2015,505,0,0,0,0,2.364450186,18.83884443,548,843
7/28/2015,436,0,0,0,0,2.149557193,14.27088206,505,809
7/29/2015,401,0,0,0,0,0.653242437,16.02295373,436,774
7/30/2015,370,0,0,0,0,0,18.25784551,401,690
7/31/2015,347,0,0,0,0,0,19.75560105,370,683
8/1/2015,328,0,0,0,0,0,19.72603361,347,616
8/2/2015,296,0,0,0,0,0,19.83973842,328,548
8/3/2015,289,0,0,0,0,2.684178945,17.08200661,296,505
8/4/2015,285,0,0,0,0,7.784970682,17.03643191,289,436
8/5/2015,278,0,0,0,0,7.792409475,19.22803813,285,401
8/6/2015,271,0,0,0,0,7.792409475,17.74247273,278,370
8/7/2015,309,0,0,0,0,7.792409475,16.08539039,271,347
8/8/2015,285,0,0,0,0,7.890287919,16.64900623,309,328
8/9/2015,266,0,0,0,0,7.900929809,16.29921374,285,296
8/10/2015,256,0,0,0,0,5.233644887,18.12181579,266,289
8/11/2015,245,0,0,0,0,0.13285315,18.68293155,256,285
8/12/2015,237,0,0,0,0,0.570815919,19.01153535,245,278
8/13/2015,222,0,0,0,0,0.616376498,19.96108185,237,271
8/14/2015,215,0,0,0,0,0.620591749,21.46544013,222,309
8/15/2015,191,0,0,0,0,1.118361182,21.43867375,215,285
8/16/2015,177,0,0,0,0,2.314399823,19.9417029,191,266
8/17/2015,180,0,0,0,0,4.09792014,17.83799359,177,256
8/18/2015,187,0,0,0,0,4.102778869,13.40778398,180,245
8/19/2015,177,0,0,0,0,3.657377307,11.99524062,187,237
8/20/2015,192,0,0,0,0,3.624238306,16.01910862,177,222
8/21/2015,174,0,0,0,0,3.620023055,17.73280342,192,215
8/22/2015,171,0,0,0,0,3.024375178,17.47493501,174,191
8/23/2015,154,0,0,0,0,1.817694647,16.00938925,171,177
8/24/2015,157,0,0,0,0,0.017280307,18.84576462,154,180
8/25/2015,149,0,0,0,0,0.012421579,20.47006032,157,187
8/26/2015,143,0,0,0,0,0.01472987,18.46443809,149,177
8/27/2015,164,0,0,0,0,4.08872314,17.015396,143,192
8/28/2015,162,0,0,0,0,8.542961554,16.39879064,164,174
8/29/2015,149,0,0,0,0,8.641141473,18.8553673,162,171
8/30/2015,170,0,0,0,0,8.699638644,18.76590786,149,154
8/31/2015,222,0,0,0,0,10.894285,16.56852879,170,157
9/1/2015,245,0,0,0,0,14.28191287,16.65137604,222,149
9/2/2015,220,0,0,0,0,15.15308995,17.16496115,245,143
9/3/2015,215,0,0,0,0,11.82296031,16.85164411,220,164
9/4/2015,236,0,0,0,0,7.540268526,15.76669144,215,162
9/5/2015,227,0,0,0,0,7.965119524,15.84429222,236,149
9/6/2015,187,0,0,0,0,9.148781255,14.00468672,227,170
9/7/2015,182,0,0,0,0,7.351920428,14.55613199,187,222
9/8/2015,188,0,0,0,0,4.325783802,13.37454876,182,245
9/9/2015,184,0,0,0,0,3.477535341,14.72344838,188,220
9/10/2015,195,0,0,0,0,2.721250133,15.61306769,184,215
9/11/2015,188,0,0,0,0,2.549703498,15.34293489,195,236
9/12/2015,187,0,0,0,0,2.026672582,16.83416401,188,227
9/13/2015,177,0,0,0,0,0.78451368,16.35862076,187,187
9/14/2015,169,0,0,0,0,0.386728151,14.82961147,177,182
9/15/2015,173,0,0,0,0,3.827451828,13.43496816,169,188
9/16/2015,193,0,0,0,0,9.258783923,12.67159029,173,184
9/17/2015,294,0,0,0,0,15.47257111,10.86411623,193,195
9/18/2015,314,0,0,0,0,20.91218534,9.683239507,294,188
9/19/2015,378,0,0,0,0,22.23242872,10.62624336,314,187
9/20/2015,394,0,0,0,0,22.23242872,12.19602902,378,177
9/21/2015,382,0,0,0,0,22.29358455,14.61445998,394,169
9/22/2015,384,0,0,0,0,18.49136963,15.40162397,382,173
9/23/2015,348,0,0,0,0,13.03480063,16.30301146,384,193
9/24/2015,299,0,0,0,0,6.821013444,16.0821252,348,294
9/25/2015,278,0,0,0,0,1.381399211,16.3974807,299,314
9/26/2015,263,0,0,0,0,0.061155829,17.04575886,278,378
9/27/2015,249,0,0,0,0,0.061155829,16.81826806,263,394
9/28/2015,214,0,0,0,0,0,15.17087598,249,382
9/29/2015,225,0,0,0,0,0.130501752,15.69809819,214,384
9/30/2015,217,0,0,0,0,0.147217125,15.37460637,225,348
10/1/2015,213,0,0,0,0,0.147217125,17.6528299,217,299
10/2/2015,226,0,0,0,0,0.252564219,13.9533385,213,278
10/3/2015,223,0,0,0,0,0.254056204,10.38657078,226,263
10/4/2015,224,0,0,0,0,0.297391177,11.39287394,223,249
10/5/2015,238,0,0,0,0,0.297391177,9.699842723,224,214
10/6/2015,255,0,0,0,0,0.96095256,11.37374312,238,225
10/7/2015,269,0,0,0,0,0.994321889,10.98181227,255,217
10/8/2015,281,0,0,0,0,0.994321889,11.16871888,269,213
10/9/2015,286,0,0,0,0,0.888974796,11.57332041,281,226
10/10/2015,279,0,0,0,0,0.88748281,13.46764141,286,223
10/11/2015,277,0,0,0,0,0.844147838,13.32671802,279,224
10/12/2015,279,0,0,0,0,0.844147838,11.32670394,277,238
10/13/2015,270,0,0,0,0,0.050084703,12.3100861,279,255
10/14/2015,270,0,0,0,0,0,12.79093417,270,269
10/15/2015,264,0,0,0,0,0,11.77315564,270,281
10/16/2015,279,0,0,0,0,0,11.51979704,264,286
10/17/2015,287,0,0,0,0,0,12.2995576,279,279
10/18/2015,280,0,0,0,0,0,11.39737952,287,277
10/19/2015,259,0,0,0,0,2.207919253,10.31130428,280,279
10/20/2015,256,0,0,0,0,6.938531074,8.940876435,259,270
10/21/2015,260,0,0,0,0,8.3234874,9.05775278,256,270
10/22/2015,252,0,0,0,0,8.519109953,4.305655569,260,264
10/23/2015,257,0.36,0,0,0.36,19.49268516,5.780985539,252,279
10/24/2015,297,0.3,0.36,0,0.3,20.9153639,5.959400329,257,287
10/25/2015,337,0.28,0.3,0,0.28,20.96581631,7.61067443,297,280
10/26/2015,456,0.24,0.28,0,0.24,20.85810206,7.444135557,337,259
10/27/2015,516,0.32,0.24,0,0.32,18.92333826,3.402697261,456,256
10/28/2015,487,0.38,0.32,0,0.38,18.57375938,2.165010109,516,260
10/29/2015,481,0.4,0.38,0,0.4,18.48308694,4.066920797,487,252
10/30/2015,524,0.4,0.4,0.36,0.04,10.65529448,3.865210646,481,257
10/31/2015,518,0.52,0.4,0.3,0.22,10.06352498,5.575425374,524,297
11/1/2015,500,0.52,0.52,0.28,0.24,10.05697338,7.56473888,518,337
11/2/2015,485,0.46,0.52,0.24,0.22,7.956768377,9.136579527,500,456
11/3/2015,477,0.42,0.46,0.32,0.1,5.160920356,7.902429719,485,516
11/4/2015,571,0.38,0.42,0.38,0,11.16091555,2.514323421,477,487
11/5/2015,620,0.78,0.38,0.4,0.38,19.60168649,-1.755109599,571,481
11/6/2015,691,1.34,0.78,0.4,0.94,23.6571798,-2.403864773,620,524
11/7/2015,648,1.86,1.34,0.52,1.34,27.84105972,-2.392631888,691,518
11/8/2015,580,1.86,1.86,0.52,1.34,28.8483795,0.802330148,648,500
11/9/2015,549,1.88,1.86,0.46,1.42,28.87109133,3.168553417,580,485
11/10/2015,499,1.94,1.88,0.42,1.52,29.19997506,2.043239638,549,477
11/11/2015,513,2.14,1.94,0.38,1.76,30.1324657,-3.414780863,499,571
11/12/2015,483,2.42,2.14,0.78,1.64,23.05168575,-3.64276992,513,620
11/13/2015,466,2.4,2.42,1.34,1.06,15.85040971,-2.025094476,483,691
11/14/2015,473,2.42,2.4,1.86,0.56,10.94857501,1.072448853,466,648
11/15/2015,433,2.44,2.42,1.86,0.58,9.897488025,1.525100239,473,580
11/16/2015,418,2.46,2.44,1.88,0.58,10.01473337,-1.450840957,433,549
11/17/2015,393,2.9,2.46,1.94,0.96,12.85776306,-3.195010496,418,499
11/18/2015,412,2.9,2.9,2.14,0.76,5.196891785,-0.495499385,393,513
11/19/2015,417,3.04,2.9,2.42,0.62,4.31623663,-0.340899427,412,483
11/20/2015,439,3.24,3.04,2.4,0.84,5.707013836,-3.002871937,417,466
11/21/2015,424,3.38,3.24,2.42,0.96,6.346315282,-6.698092864,439,473
11/22/2015,379,3.4,3.38,2.44,0.96,6.476798022,-1.042853993,424,433
11/23/2015,344,3.42,3.4,2.46,0.96,6.354409649,0.881743865,379,418
11/24/2015,305,3.42,3.42,2.9,0.52,3.259520624,1.907653838,344,393
11/25/2015,331,3.44,3.42,2.9,0.54,3.175686073,1.312616693,305,412
11/26/2015,346,3.46,3.44,3.04,0.42,3.133174013,-8.177840551,331,417
11/27/2015,240,3.5,3.46,3.24,0.26,3.972942617,-9.578438258,346,439
11/28/2015,274,3.62,3.5,3.38,0.24,5.282844277,-8.837079567,240,424
11/29/2015,280,3.68,3.62,3.4,0.28,6.45225192,-9.832470396,274,379
11/30/2015,293,3.76,3.68,3.42,0.34,8.972583009,-11.13766627,280,344
12/1/2015,274,3.88,3.76,3.42,0.46,10.37869323,-10.58555962,293,305
12/2/2015,262,3.88,3.88,3.44,0.44,10.16143924,-8.012202124,274,331
12/3/2015,286,3.88,3.88,3.46,0.42,10.2612769,-3.505742469,262,346
12/4/2015,296,3.88,3.88,3.5,0.38,8.055126712,-0.616800569,286,240
12/5/2015,304,3.92,3.88,3.62,0.3,5.992969136,-4.20976361,296,274
12/6/2015,309,3.92,3.92,3.68,0.24,4.695649732,-3.506431362,304,280
12/7/2015,309,3.94,3.92,3.76,0.18,2.157749839,-1.757947139,309,293
12/8/2015,309,4.08,3.94,3.88,0.2,1.169549838,1.047861067,309,274
12/9/2015,303,4.12,4.08,3.88,0.24,1.171700028,1.841737824,309,262
12/10/2015,301,4.14,4.12,3.88,0.26,0.538033689,0.59411093,303,286
12/11/2015,315,4.2,4.14,3.88,0.32,3.804803325,-2.755433684,301,296
12/12/2015,304,4.86,4.2,3.92,0.94,11.75035986,-5.994613888,315,304
12/13/2015,286,4.94,4.86,3.92,1.02,13.24098507,-8.466304763,304,309
12/14/2015,304,4.96,4.94,3.94,1.02,13.4070298,-5.697283967,286,309
12/15/2015,305,5.34,4.96,4.08,1.26,20.45764119,-8.148967766,304,309
12/16/2015,290,5.68,5.34,4.12,1.56,24.11593049,-9.164368021,305,303
12/17/2015,281,6.02,5.68,4.14,1.88,27.9811596,-10.58439748,290,301
12/18/2015,288,6.26,6.02,4.2,2.06,26.66378358,-5.941863942,281,315
12/19/2015,301,6.36,6.26,4.86,1.5,19.28856389,-3.272334554,288,304
12/20/2015,309,6.42,6.36,4.94,1.48,18.05658958,-3.662891302,301,286
12/21/2015,304,6.68,6.42,4.96,1.72,20.56170116,-4.114768683,309,304
12/22/2015,307,7.2,6.68,5.34,1.86,19.69845724,-3.724605726,304,305
12/23/2015,304,7.88,7.2,5.68,2.2,25.84425708,-8.69105918,307,290
12/24/2015,256,8.44,7.88,6.02,2.42,27.95753191,-12.63797072,304,281
12/25/2015,310,8.46,8.44,6.26,2.2,27.36406294,-10.72300222,256,288
12/26/2015,276,8.82,8.46,6.36,2.46,32.31078643,-14.78476009,310,301
12/27/2015,238,8.84,8.82,6.42,2.42,32.1611892,-16.11606826,276,309
12/28/2015,279,8.88,8.84,6.68,2.2,29.6224337,-15.20629654,238,304
12/29/2015,304,8.92,8.88,7.2,1.72,22.9401316,-13.08266095,279,307
12/30/2015,296,8.96,8.92,7.88,1.08,13.59130724,-13.86630803,304,304
12/31/2015,276,8.96,8.96,8.44,0.52,8.051430575,-15.76663333,296,256
1/1/2016,252,8.96,8.96,8.46,0.5,6.671110309,-16.54465271,276,310
1/2/2016,253,8.96,8.96,8.82,0.14,1.368279142,-13.7637456,252,276
1/3/2016,297,8.98,8.96,8.84,0.14,1.648131196,-9.301609244,253,238
1/4/2016,304,9,8.98,8.88,0.12,1.515730394,-6.405106143,297,279
1/5/2016,301,9.04,9,8.92,0.12,1.515730394,-5.187364542,304,304
1/6/2016,317,9.04,9.04,8.96,0.08,1.288580387,-2.977978026,301,296
1/7/2016,320,9.08,9.04,8.96,0.12,2.577703201,-3.096848319,317,276
1/8/2016,303,9.38,9.08,8.96,0.42,7.329794122,-6.072153793,320,252
1/9/2016,313,9.38,9.38,8.96,0.42,8.110684896,-8.175645892,303,253
1/10/2016,288,9.5,9.38,8.98,0.52,8.550457971,-10.10826555,313,297
1/11/2016,260,9.54,9.5,9,0.54,8.762668478,-12.29944087,288,304
1/12/2016,258,9.6,9.54,9.04,0.56,8.762668478,-10.68494216,260,301
1/13/2016,293,9.64,9.6,9.04,0.6,8.526767234,-7.443216749,258,317
1/14/2016,302,9.68,9.64,9.08,0.6,6.819856183,-8.566046544,293,320
1/15/2016,308,9.98,9.68,9.38,0.6,4.106321157,-8.046943585,302,303
1/16/2016,306,10.3,9.98,9.38,0.92,5.916413637,-9.155631577,308,313
1/17/2016,308,11,10.3,9.5,1.5,14.31071713,-4.667411113,306,288
1/18/2016,300,11.78,11,9.54,2.24,22.4147372,-3.140973738,308,260
1/19/2016,310,12.14,11.78,9.6,2.54,28.3210813,-4.485660577,300,258
1/20/2016,283,12.32,12.14,9.64,2.68,30.48266192,-5.423969969,310,293
1/21/2016,276,12.92,12.32,9.68,3.24,36.42743709,-7.780241703,283,302
1/22/2016,253,12.96,12.92,9.98,2.98,34.45340581,-5.798812437,276,308
1/23/2016,293,13.04,12.96,10.3,2.74,32.17532202,-4.033362018,253,306
1/24/2016,300,13.04,13.04,11,2.04,23.83825611,-4.664783037,293,308
1/25/2016,290,13.44,13.04,11.78,1.66,20.03080037,-7.096718159,300,300
1/26/2016,241,13.68,13.44,12.14,1.54,15.98397311,-10.78905653,290,310
1/27/2016,264,13.68,13.68,12.32,1.36,13.83311656,-7.877966493,241,283
1/28/2016,296,13.76,13.68,12.92,0.84,8.083175281,-5.150571044,264,276
1/29/2016,304,13.78,13.76,12.96,0.82,8.773054768,-3.464275738,296,253
1/30/2016,304,14.14,13.78,13.04,1.1,11.10166635,-2.30774723,304,293
1/31/2016,307,15.22,14.14,13.04,2.18,18.80634484,-8.685312816,304,300
2/1/2016,306,15.46,15.22,13.44,2.02,17.77885377,-8.045066642,307,290
2/2/2016,308,15.78,15.46,13.68,2.1,23.41114779,-10.2313068,306,241
2/3/2016,304,15.88,15.78,13.68,2.2,25.13485139,-13.98868276,308,264
2/4/2016,284,16,15.88,13.76,2.24,25.19607558,-13.53462386,304,296
2/5/2016,324,16.22,16,13.78,2.44,26.66204185,-10.39059839,284,304
2/6/2016,327,16.34,16.22,14.14,2.2,25.62296332,-8.116054592,324,304
2/7/2016,299,16.38,16.34,15.22,1.16,17.06550437,-6.130959304,327,307
2/8/2016,296,16.38,16.38,15.46,0.92,13.58422061,-4.692128293,299,306
2/9/2016,288,16.4,16.38,15.78,0.62,6.092409743,-4.04284541,296,308
2/10/2016,291,16.4,16.4,15.88,0.52,4.357714872,-2.756476908,288,304
2/11/2016,304,16.44,16.4,16,0.44,4.072872552,-1.742216393,291,284
2/12/2016,318,16.46,16.44,16.22,0.24,1.852502189,0.295774916,304,324
2/13/2016,318,16.5,16.46,16.34,0.16,0.035840511,-0.965674356,318,327
2/14/2016,322,16.52,16.5,16.38,0.14,0,-3.035889412,318,299
2/15/2016,318,16.8,16.52,16.38,0.42,1.346820407,0.212548854,322,296
2/16/2016,322,17.26,16.8,16.4,0.86,2.85593428,1.646815388,318,288
2/17/2016,307,17.28,17.26,16.4,0.88,2.950025716,2.060964007,322,291
2/18/2016,318,17.34,17.28,16.44,0.9,3.050540126,1.124975924,307,304
2/19/2016,322,17.68,17.34,16.46,1.22,8.900027335,-2.179930435,318,318
2/20/2016,307,17.74,17.68,16.5,1.24,9.216624431,-1.417246261,322,318
2/21/2016,318,17.84,17.74,16.52,1.32,9.216891629,-2.885185166,307,322
2/22/2016,314,17.9,17.84,16.8,1.1,7.870071223,-2.912426908,318,318
2/23/2016,314,17.98,17.9,17.26,0.72,6.565630939,-4.621923807,314,322
2/24/2016,318,18.04,17.98,17.28,0.76,6.471539502,-5.81985481,314,307
2/25/2016,337,18.1,18.04,17.34,0.76,6.382849139,-2.395253899,318,318
2/26/2016,345,18.14,18.1,17.68,0.46,0.709221982,-0.339850436,337,322
2/27/2016,341,18.16,18.14,17.74,0.42,0.392624886,1.605785122,345,307
2/28/2016,352,18.18,18.16,17.84,0.34,0.397211262,0.399431656,341,318
2/29/2016,352,18.22,18.18,17.9,0.32,0.397211262,-0.693311205,352,314
3/1/2016,369,18.28,18.22,17.98,0.3,0.610882312,-1.2958743,352,314
3/2/2016,369,18.38,18.28,18.04,0.34,1.26973431,2.172466751,369,318
3/3/2016,406,18.54,18.38,18.1,0.44,2.062712518,2.208994483,369,337
3/4/2016,425,18.6,18.54,18.14,0.46,2.003209645,3.935007005,406,345
3/5/2016,444,18.62,18.6,18.16,0.46,2.003209645,4.687431646,425,341
3/6/2016,478,18.7,18.62,18.18,0.52,2.042824861,2.824766125,444,352
3/7/2016,492,18.84,18.7,18.22,0.62,6.892578064,-0.668527089,478,352
3/8/2016,545,19.2,18.84,18.28,0.92,12.0680584,-1.308834565,492,369
3/9/2016,613,19.26,19.2,18.38,0.88,14.23334559,-1.780565283,545,369
3/10/2016,742,19.44,19.26,18.54,0.9,15.64161822,1.594422957,613,406
3/11/2016,850,19.7,19.44,18.6,1.1,16.28168449,5.879114498,742,425
3/12/2016,898,19.72,19.7,18.62,1.1,16.28479788,6.380994168,850,444
3/13/2016,935,19.56,19.72,18.7,0.86,16.24032909,3.713111274,898,478
3/14/2016,1040,19.56,19.56,18.84,0.72,11.60382442,0.890050203,935,492
3/15/2016,1040,20.2,19.56,19.2,1,11.12380911,-3.40047753,1040,545
3/16/2016,1120,20.66,20.2,19.26,1.4,10.63494629,-3.362135061,1040,613
3/17/2016,1080,21.3,20.66,19.44,1.86,11.66730033,-2.411940654,1120,742
3/18/2016,962,22.28,21.3,19.7,2.58,14.70743902,-4.636893576,1080,850
3/19/2016,869,22.36,22.28,19.72,2.64,15.07437944,-4.071928043,962,898
3/20/2016,827,22.4,22.36,19.56,2.84,15.07437944,0.791997046,869,935
3/21/2016,757,22.58,22.4,19.56,3.02,15.60484289,5.798561234,827,1040
3/22/2016,716,22.68,22.58,20.2,2.48,10.69164908,3.079845975,757,1040
3/23/2016,800,22.74,22.68,20.66,2.08,17.18793246,-1.509374978,716,1120
3/24/2016,941,23.22,22.74,21.3,1.92,20.56215718,-1.843979753,800,1080
3/25/2016,1070,23.6,23.22,22.28,1.32,19.34035812,-3.048129129,941,962
3/26/2016,1010,24.02,23.6,22.36,1.66,21.32590302,-3.286493259,1070,869
3/27/2016,964,24.12,24.02,22.4,1.72,21.32590302,-0.897649046,1010,827
3/28/2016,890,24.4,24.12,22.58,1.82,21.13481458,4.027892476,964,757
3/29/2016,859,24.4,24.4,22.68,1.72,21.40828601,2.342258533,890,716
3/30/2016,925,24.56,24.4,22.74,1.82,17.361828,-2.452937892,859,800
3/31/2016,1080,24.94,24.56,23.22,1.72,16.53606612,-1.393982043,925,941
4/1/2016,1150,25.14,24.94,23.6,1.54,16.72774175,-0.901829126,1080,1070
4/2/2016,1090,25.16,25.14,24.02,1.14,14.55659827,2.511765841,1150,1010
4/3/2016,1040,25.2,25.16,24.12,1.08,14.799261,5.640578784,1090,964
4/4/2016,1020,24.98,25.2,24.4,0.58,14.24835341,7.601223749,1040,890
4/5/2016,1130,24.7,24.98,24.4,0.3,14.1928266,3.627489929,1020,859
4/6/2016,1550,24.84,24.7,24.56,0.28,10.1917093,4.788450095,1130,925
4/7/2016,1800,24.74,24.84,24.94,-0.2,4.398084728,7.464078022,1550,1080
4/8/2016,1740,24.52,24.74,25.14,-0.62,1.683891606,8.326029466,1800,1150
4/9/2016,2030,24.14,24.52,25.16,-1.02,1.499436376,7.826018282,1740,1090
4/10/2016,2490,23.92,24.14,25.2,-1.28,4.63380636,7.761188159,2030,1040
4/11/2016,2990,23.7,23.92,24.98,-1.28,8.813741643,7.580799297,2490,1020
4/12/2016,4220,23.38,23.7,24.7,-1.32,8.623109824,8.615917884,2990,1130
4/13/2016,5520,23.04,23.38,24.84,-1.8,8.075074194,9.240441473,4220,1550
4/14/2016,6280,22.56,23.04,24.74,-2.18,8.339410566,7.215952745,5520,1800
4/15/2016,7100,22.3,22.56,24.52,-2.22,19.2064364,1.389251056,6280,1740
4/16/2016,7880,22.72,22.3,24.14,-1.42,25.67814278,-0.379346302,7100,2030
4/17/2016,6910,22.92,22.72,23.92,-1,27.25373612,-0.599981267,7880,2490
4/18/2016,5160,23.16,22.92,23.7,-0.54,24.93452359,0.818783953,6910,2990
4/19/2016,4270,23.3,23.16,23.38,-0.08,24.86664226,1.092843338,5160,4220
4/20/2016,4070,23.3,23.3,23.04,0.26,25.61689309,6.470174191,4270,5520
4/21/2016,3740,23.34,23.3,22.56,0.78,26.19571327,8.537427509,4070,6280
4/22/2016,3660,23,23.34,22.3,0.7,15.27644185,11.38118047,3740,7100
4/23/2016,4060,22.4,23,22.72,-0.32,9.017238673,8.875736,3660,7880
4/24/2016,5450,22,22.4,22.92,-0.92,6.044318785,5.677520744,4060,6910
4/25/2016,7160,22.84,22,23.16,-0.32,10.67002401,6.825351502,5450,5160
4/26/2016,6810,22.96,22.84,23.3,-0.34,17.34515936,1.543451057,7160,4270
4/27/2016,6450,23.52,22.96,23.3,0.22,26.54631691,3.060416316,6810,4070
4/28/2016,7260,23.8,23.52,23.34,0.46,27.6743838,2.034480939,6450,3740
4/29/2016,5940,24.06,23.8,23,1.06,34.04074984,2.522472888,7260,3660
4/30/2016,5610,24.4,24.06,22.4,2,37.89677567,1.895780044,5940,4060
5/1/2016,5480,24.48,24.4,22,2.48,36.80649368,3.832626992,5610,5450
5/2/2016,4810,24.42,24.48,22.84,1.58,30.38925442,4.909421643,5480,7160
5/3/2016,4240,24.1,24.42,22.96,1.14,23.56397301,8.086262099,4810,6810
5/4/2016,4290,23.48,24.1,23.52,-0.04,13.37661584,11.2066074,4240,6450
5/5/2016,5270,22.7,23.48,23.8,-1.1,11.4051252,13.30735781,4290,7260
5/6/2016,7210,21.84,22.7,24.06,-2.22,5.038759157,12.3377067,5270,5940
5/7/2016,9200,21.34,21.84,24.4,-3.06,3.593674739,5.37773685,7210,5610
5/8/2016,10700,21.94,21.34,24.48,-2.54,14.64392827,4.104698773,9200,5480
5/9/2016,12300,23.24,21.94,24.42,-1.18,38.60311012,7.733605883,10700,4810
5/10/2016,12500,23.44,23.24,24.1,-0.66,47.42142829,4.974782823,12300,4240
5/11/2016,13500,23.1,23.44,23.48,-0.38,48.44678646,4.429492623,12500,4290
5/12/2016,13000,22.96,23.1,22.7,0.26,48.45164003,7.791555221,13500,5270
5/13/2016,10100,22.6,22.96,21.84,0.76,48.61774811,10.93640411,13000,7210
5/14/2016,9870,22.08,22.6,21.34,0.74,45.9943035,10.95803899,10100,9200
5/15/2016,11200,21.62,22.08,21.94,-0.32,34.06133888,8.355482303,9870,10700
5/16/2016,13200,22.04,21.62,23.24,-1.2,16.57694015,6.417492698,11200,12300
5/17/2016,15100,22.58,22.04,23.44,-0.86,17.48185421,7.999091773,13200,12500
5/18/2016,15600,22.58,22.58,23.1,-0.52,18.76547788,8.776415218,15100,13500
5/19/2016,13900,22.22,22.58,22.96,-0.74,19.46229136,10.867318,15600,13000
5/20/2016,13400,21.84,22.22,22.6,-0.76,20.18143846,13.29452268,13900,10100
5/21/2016,14100,21.26,21.84,22.08,-0.82,20.18143846,12.1016802,13400,9870
5/22/2016,14800,20.74,21.26,21.62,-0.88,20.52439222,7.712807663,14100,11200
5/23/2016,15000,20.5,20.74,22.04,-1.54,14.50164509,7.311142149,14800,13200
5/24/2016,13900,20.14,20.5,22.58,-2.44,4.768645175,10.17096442,15000,15100
5/25/2016,12300,19.48,20.14,22.58,-3.1,2.462523421,9.14379318,13900,15600
5/26/2016,11400,19.24,19.48,22.22,-2.98,1.760856368,8.362138482,12300,13900
5/27/2016,10700,18.88,19.24,21.84,-2.96,1.470899173,8.480766549,11400,13400
5/28/2016,9820,18.56,18.88,21.26,-2.7,3.172587829,9.589391994,10700,14100
5/29/2016,9040,17.94,18.56,20.74,-2.8,3.160269077,11.2639004,9820,14800
5/30/2016,8850,17.3,17.94,20.5,-3.2,2.725460259,11.41282679,9040,15000
5/31/2016,9280,16.24,17.3,20.14,-3.9,2.834175651,10.97604698,8850,13900
6/1/2016,10100,15.22,16.24,19.48,-4.26,2.831315563,12.20613124,9280,12300
6/2/2016,10600,13.82,15.22,19.24,-5.42,2.831315563,14.21065353,10100,11400
6/3/2016,10900,12.56,13.82,18.88,-6.32,2.236017572,15.47220479,10600,10700
6/4/2016,11300,11.38,12.56,18.56,-7.18,0.534328916,15.75710825,10900,9820
6/5/2016,12000,10.26,11.38,17.94,-7.68,0.197536067,16.91224421,11300,9040
6/6/2016,12800,8.96,10.26,17.3,-8.34,0.109404228,17.76350658,12000,8850
6/7/2016,13000,8.06,8.96,16.24,-8.18,0.358583418,17.12389044,12800,9280
6/8/2016,12900,7.32,8.06,15.22,-7.9,0.645632858,16.8417095,13000,10100
6/9/2016,12800,6.66,7.32,13.82,-7.16,2.459440293,18.43048692,12900,10600
6/10/2016,12400,5.9,6.66,12.56,-6.66,2.689769481,19.17808544,12800,10900
6/11/2016,12400,5.2,5.9,11.38,-6.18,2.689769481,17.73316383,12400,11300
6/12/2016,12400,4.8,5.2,10.26,-5.46,2.81300273,15.88130282,12400,12000
6/13/2016,12100,4.52,4.8,8.96,-4.44,4.15723633,13.07073911,12400,12800
6/14/2016,11300,4.3,4.52,8.06,-3.76,4.53748243,12.96215239,12100,13000
6/15/2016,10100,4,4.3,7.32,-3.32,4.250432989,16.94040428,11300,12900
6/16/2016,8960,3.66,4,6.66,-3,2.436625555,17.02668674,10100,12800
6/17/2016,8320,3.3,3.66,5.9,-2.6,2.206296367,17.61784432,8960,12400
6/18/2016,7750,2.94,3.3,5.2,-2.26,2.206296367,18.46576628,8320,12400
6/19/2016,7300,2.6,2.94,4.8,-2.2,2.08250788,19.63446713,7750,12400
6/20/2016,6780,2.18,2.6,4.52,-2.34,0.73827428,20.3779472,7300,12100
6/21/2016,6400,1.76,2.18,4.3,-2.54,0,21.77913755,6780,11300
6/22/2016,5940,1.24,1.76,4,-2.76,0,20.00036662,6400,10100
6/23/2016,5590,0.84,1.24,3.66,-2.82,0.180065422,19.62380633,5940,8960
6/24/2016,4880,0.48,0.84,3.3,-2.82,0.769332029,20.10045384,5590,8320
6/25/2016,4370,0.14,0.48,2.94,-2.8,1.204675768,16.91877908,4880,7750
6/26/2016,4040,0,0.14,2.6,-2.6,1.204675768,16.41107649,4370,7300
6/27/2016,3580,0,0,2.18,-2.18,1.204675768,18.44702459,4040,6780
6/28/2016,2980,0,0,1.76,-1.76,1.204675768,20.40895317,3580,6400
6/29/2016,2540,0,0,1.24,-1.24,1.215774654,19.24564448,2980,5940
6/30/2016,2230,0,0,0.84,-0.84,3.383323664,16.69399557,2540,5590
7/1/2016,2120,0,0,0.48,-0.48,6.229509551,16.17358311,2230,4880
7/2/2016,2250,0,0,0.14,-0.14,8.694907603,16.80984897,2120,4370
7/3/2016,2200,0,0,0,0,11.63434907,17.49336594,2250,4040
7/4/2016,2220,0,0,0,0,12.0984493,18.32324091,2200,3580
7/5/2016,2060,0,0,0,0,12.95675558,19.08352185,2220,2980
7/6/2016,1810,0,0,0,0,13.38984216,18.91289389,2060,2540
7/7/2016,1700,0,0,0,0,11.10986624,17.78681086,1810,2230
7/8/2016,1580,0,0,0,0,7.674413742,19.04212008,1700,2120
7/9/2016,1370,0,0,0,0,4.773671951,19.88682203,1580,2250
7/10/2016,1190,0,0,0,0,1.834230487,19.52172763,1370,2200
7/11/2016,1070,0,0,0,0,1.370130251,13.65749381,1190,2220
7/12/2016,990,0,0,0,0,0.511823978,15.07428022,1070,2060
7/13/2016,896,0,0,0,0,0.067638506,17.11874548,990,1810
7/14/2016,803,0,0,0,0,0,17.31665135,896,1700
7/15/2016,715,0,0,0,0,0,18.59033019,803,1580
7/16/2016,633,0,0,0,0,0,20.58607408,715,1370
7/17/2016,589,0,0,0,0,0,20.92593266,633,1190
7/18/2016,549,0,0,0,0,0,17.66299187,589,1070
7/19/2016,558,0,0,0,0,1.54052818,19.79764808,549,990
7/20/2016,507,0,0,0,0,1.893924221,19.63844151,558,896
7/21/2016,509,0,0,0,0,2.29867377,19.985461,507,803
7/22/2016,493,0,0,0,0,3.169836384,19.96095993,509,715
7/23/2016,470,0,0,0,0,3.373271597,20.57839345,493,633
7/24/2016,469,0,0,0,0,3.373271597,20.28702983,470,589
7/25/2016,437,0,0,0,0,3.377180704,20.50860205,469,549
7/26/2016,407,0,0,0,0,1.847738104,20.84445177,437,558
7/27/2016,379,0,0,0,0,1.875342395,20.57484498,407,507
7/28/2016,359,0,0,0,0,1.470592846,20.25975918,379,509
7/29/2016,347,0,0,0,0,0.599430232,19.98259775,359,493
7/30/2016,319,0,0,0,0,0.395995019,20.37513914,347,470
7/31/2016,307,0,0,0,0,0.395995019,18.91440612,319,469
8/1/2016,297,0,0,0,0,1.258308345,19.46339449,307,437
8/2/2016,284,0,0,0,0,1.247222765,20.7253118,297,407
8/3/2016,278,0,0,0,0,0.928125688,20.6397208,284,379
8/4/2016,290,0,0,0,0,1.091659295,17.25817913,278,359
8/5/2016,278,0,0,0,0,1.614710443,18.69529461,290,347
8/6/2016,256,0,0,0,0,1.722609422,18.624425,278,319
8/7/2016,255,0,0,0,0,4.511604297,18.661663,256,307
8/8/2016,254,0,0,0,0,7.121538481,18.56501921,255,297
8/9/2016,257,0,0,0,0,7.811701166,20.47482122,254,284
8/10/2016,270,0,0,0,0,7.914686893,19.0318169,257,278
8/11/2016,265,0,0,0,0,8.082804166,16.97894781,270,290
8/12/2016,260,0,0,0,0,7.685938753,15.1410053,265,278
8/13/2016,261,0,0,0,0,7.592918862,16.63725753,260,256
8/14/2016,244,0,0,0,0,4.803923986,17.85763429,261,255
8/15/2016,223,0,0,0,0,1.32776737,18.27411809,244,254
8/16/2016,216,0,0,0,0,0.637604684,18.51236607,223,257
8/17/2016,192,0,0,0,0,0.472849301,18.75056974,216,270
8/18/2016,178,0,0,0,0,0.317737501,16.4232299,192,265
8/19/2016,171,0,0,0,0,1.123457782,14.63110047,178,260
8/20/2016,166,0,0,0,0,1.313889354,13.68900681,171,261
8/21/2016,156,0,0,0,0,1.313889354,17.06165582,166,244
8/22/2016,171,0,0,0,0,1.313889354,17.60100908,156,223
8/23/2016,172,0,0,0,0,1.313889354,16.17777736,171,216
8/24/2016,155,0,0,0,0,2.055285361,14.64902082,172,192
8/25/2016,149,0,0,0,0,2.006608003,12.62176242,155,178
8/26/2016,153,0,0,0,0,1.124313239,13.23730812,149,171
8/27/2016,154,0,0,0,0,1.999698857,14.28814819,153,166
8/28/2016,159,0,0,0,0,2.00261666,16.26250906,154,156
8/29/2016,161,0,0,0,0,2.00261666,16.63829575,159,171
8/30/2016,163,0,0,0,0,2.00261666,17.06306804,161,172
8/31/2016,147,0,0,0,0,1.261087054,18.17873263,163,155
9/1/2016,148,0,0,0,0,1.133225332,18.65270288,147,149
9/2/2016,143,0,0,0,0,1.435624992,18.27902081,148,153
9/3/2016,138,0,0,0,0,1.770261963,17.08224286,143,154
9/4/2016,148,0,0,0,0,10.67342596,14.78023635,138,159
9/5/2016,166,0,0,0,0,15.14823732,14.36095037,148,161
9/6/2016,203,0,0,0,0,15.14823732,14.24355248,166,163
9/7/2016,207,0,0,0,0,15.17535792,14.68280823,203,147
9/8/2016,179,0,0,0,0,15.17535792,14.23097581,207,148
9/9/2016,167,0,0,0,0,14.82334701,11.97966368,179,143
9/10/2016,168,0,0,0,0,13.40801376,12.60053549,167,138
9/11/2016,164,0,0,0,0,4.501931968,15.18033427,168,148
9/12/2016,166,0,0,0,0,0.060733575,15.37655598,164,166
9/13/2016,157,0,0,0,0,0.064629322,13.13336435,166,203
9/14/2016,150,0,0,0,0,1.442013081,12.02944374,157,207
9/15/2016,153,0,0,0,0,4.674119958,8.686577687,150,179
9/16/2016,168,0,0,0,0,4.677101888,9.429141044,153,167
9/17/2016,178,0.04,0,0,0.04,4.677101888,10.99846795,168,168
9/18/2016,177,0.04,0.04,0,0.04,4.692800033,13.98925966,178,164
9/19/2016,169,0,0.04,0,0,4.705421353,16.31727797,177,166
9/20/2016,168,0,0,0,0,4.701525606,16.04977784,169,157
9/21/2016,158,0,0,0,0,3.297021248,13.47632198,168,150
9/22/2016,164,0,0,0,0,1.813593924,15.45637972,158,153
9/23/2016,178,0,0,0,0,6.754934531,7.257975335,164,168
9/24/2016,220,0,0,0.04,-0.04,12.6307052,4.702699359,178,178
9/25/2016,277,0.26,0,0.04,0.22,17.30836986,7.689210886,220,177
9/26/2016,331,0.16,0.26,0,0.16,17.28645058,10.63036343,277,169
9/27/2016,277,0,0.16,0,0,17.40614169,12.89389303,331,168
9/28/2016,284,0,0,0,0,17.40614169,14.24678141,277,158
9/29/2016,271,0,0,0,0,15.65746214,12.50960322,284,164
9/30/2016,261,0,0,0,0,13.68727045,13.05564443,271,178
10/1/2016,265,0,0,0,0,10.76121381,12.56019428,261,220
10/2/2016,256,0,0,0.26,-0.26,6.45796469,12.71265103,265,277
10/3/2016,250,0,0,0.16,-0.16,7.109019217,6.597181672,256,331
10/4/2016,257,0.18,0,0,0.18,12.4267258,3.774290349,250,277
10/5/2016,258,0.18,0.18,0,0.18,12.49087851,4.420858729,257,284
10/6/2016,318,0.18,0.18,0,0.18,14.60583917,3.083110026,258,271
10/7/2016,338,0.2,0.18,0,0.2,11.69542261,4.57403344,318,261
10/8/2016,366,0.18,0.2,0,0.18,8.953696766,8.377884759,338,265
10/9/2016,349,0.18,0.18,0,0.18,8.658064185,10.14126481,366,256
10/10/2016,349,0.12,0.18,0,0.12,8.060063857,10.67199613,349,250
10/11/2016,352,0.08,0.12,0.18,-0.1,3.825448954,9.653470264,349,257
10/12/2016,355,0.24,0.08,0.18,0.06,6.540873743,7.406881885,352,258
10/13/2016,346,0.18,0.24,0.18,0,4.460929642,9.73135834,355,318
10/14/2016,352,0.18,0.18,0.2,-0.02,4.397215357,12.59494084,346,338
10/15/2016,452,0.06,0.18,0.18,-0.12,4.189227167,13.34124178,352,366
10/16/2016,452,0,0.06,0.18,-0.18,4.094746067,10.70063008,452,349
10/17/2016,436,0,0,0.12,-0.12,4.078868111,6.349373367,452,349
10/18/2016,401,0.26,0,0.08,0.18,6.868074784,3.904667826,436,352
10/19/2016,373,0.48,0.26,0.24,0.24,6.289327281,2.086489461,401,355
10/20/2016,386,0.42,0.48,0.18,0.24,6.525026676,2.641509891,373,346
10/21/2016,402,0.46,0.42,0.18,0.28,6.878658349,7.65426199,386,352
10/22/2016,427,0.48,0.46,0.06,0.42,7.102936942,10.07615616,402,452
10/23/2016,434,0.34,0.48,0,0.34,7.103070541,10.94984651,427,452
10/24/2016,411,0.28,0.34,0,0.28,7.1036525,11.24008967,434,436
10/25/2016,422,0.26,0.28,0.26,0,4.145984558,8.655118087,411,401
10/26/2016,424,0.22,0.26,0.48,-0.26,2.358090627,8.609004046,422,373
10/27/2016,434,0.18,0.22,0.42,-0.24,2.08737467,10.97127246,424,386
10/28/2016,458,0.12,0.18,0.46,-0.34,2.245014839,11.88392428,434,402
10/29/2016,519,0.06,0.12,0.48,-0.42,2.469660894,10.57710976,458,427
10/30/2016,505,0.06,0.06,0.34,-0.28,2.737583282,11.54917484,519,434
10/31/2016,480,0.06,0.06,0.28,-0.22,2.763633766,6.914481765,505,411
11/1/2016,468,0.06,0.06,0.26,-0.2,4.871904858,5.585046582,480,422
11/2/2016,507,0.06,0.06,0.22,-0.16,9.037047414,4.380608538,468,424
11/3/2016,505,0,0.06,0.18,-0.18,9.054554228,5.498875968,507,434
11/4/2016,497,0,0,0.12,-0.12,8.565060078,7.462382437,505,458
11/5/2016,520,0,0,0.06,-0.06,8.11613543,6.508128378,497,519
11/6/2016,527,0,0,0.06,-0.06,7.887104099,7.491021143,520,505
11/7/2016,495,0,0,0.06,-0.06,7.798980393,6.543398316,527,480
11/8/2016,457,0,0,0.06,-0.06,4.656387781,6.677350276,495,468
11/9/2016,437,0,0,0.06,-0.06,0.078309162,7.759597465,457,507
11/10/2016,423,0,0,0,0,0.060802348,7.984890821,437,505
11/11/2016,403,0,0,0,0,0.039024656,7.078790098,423,497
11/12/2016,388,0,0,0,0,0.039024656,6.595985038,403,520
11/13/2016,382,0,0,0,0,0,5.917863174,388,527
11/14/2016,377,0,0,0,0,0,6.702854627,382,495
11/15/2016,368,0,0,0,0,0,8.447003869,377,457
11/16/2016,368,0,0,0,0,0.025396903,8.760749595,368,437
11/17/2016,367,0,0,0,0,0.025396903,-1.030405487,368,423
11/18/2016,364,0.32,0,0,0.32,3.000768445,-5.405915289,367,403
11/19/2016,361,0.34,0.32,0,0.34,3.033023783,1.014121152,364,388
11/20/2016,366,0.46,0.34,0,0.46,3.330916915,5.021400782,361,382
11/21/2016,362,0.46,0.46,0,0.46,6.110082459,3.928282893,366,377
11/22/2016,389,0.68,0.46,0,0.68,12.12912745,-0.350345215,362,368
11/23/2016,402,0.92,0.68,0,0.92,13.50240532,-0.456140088,389,368
11/24/2016,536,1.14,0.92,0,1.14,16.08588167,-3.816472079,402,367
11/25/2016,510,1.52,1.14,0.32,1.2,15.8848643,-2.415931044,536,364
11/26/2016,471,1.52,1.52,0.34,1.18,16.0685512,0.284631101,510,361
11/27/2016,400,1.58,1.52,0.46,1.12,16.55991951,-1.915877283,471,366
11/28/2016,358,2.36,1.58,0.46,1.9,24.06638695,-4.886235492,400,362
11/29/2016,310,2.8,2.36,0.68,2.12,25.06219964,-6.848575365,358,389
11/30/2016,310,2.9,2.8,0.92,1.98,24.94767596,-8.443585989,310,402
12/1/2016,313,2.92,2.9,1.14,1.78,22.7091524,-6.806095424,310,536
12/2/2016,285,3,2.92,1.52,1.48,20.87056167,-8.598934144,313,510
12/3/2016,220,3.02,3,1.52,1.5,20.93978901,-8.318034446,285,471
12/4/2016,292,3.12,3.02,1.58,1.54,20.71097192,-5.615696683,220,400
12/5/2016,292,3.2,3.12,2.36,0.84,10.48454626,-8.699286939,292,358
12/6/2016,281,3.3,3.2,2.8,0.5,3.958241655,-12.73627136,292,310
12/7/2016,279,3.52,3.3,2.9,0.62,4.680594838,-14.50217546,281,310
12/8/2016,218,3.6,3.52,2.92,0.68,4.607600883,-13.02057676,279,313
12/9/2016,272,4.02,3.6,3,1.02,7.4942324,-3.449364451,218,285
12/10/2016,341,4.46,4.02,3.02,1.44,9.488481579,0.247830786,272,220
12/11/2016,366,5.04,4.46,3.12,1.92,17.64880821,-4.072241008,341,292
12/12/2016,341,5.62,5.04,3.2,2.42,22.42465024,-6.56752425,366,292
12/13/2016,354,5.58,5.62,3.3,2.28,21.95833401,-8.601685698,341,281
12/14/2016,375,5.6,5.58,3.52,2.08,19.99763577,-3.962730816,354,279
12/15/2016,375,5.84,5.6,3.6,2.24,22.57814102,1.998284539,375,218
12/16/2016,375,6.04,5.84,4.02,2.02,22.75850502,-1.882291454,375,272
12/17/2016,325,6.96,6.04,4.46,2.5,37.58944121,-14.32714183,375,341
12/18/2016,260,6.96,6.96,5.04,1.92,29.26012244,-14.49244506,325,366
12/19/2016,260,6.96,6.96,5.62,1.34,25.25356676,-10.89918914,260,341
12/20/2016,403,7.12,6.96,5.58,1.54,26.36271646,-3.293909751,260,354
12/21/2016,422,7.2,7.12,5.6,1.6,26.66024182,-2.459492216,403,375
12/22/2016,417,7.34,7.2,5.84,1.5,24.33172476,-2.769597252,422,375
12/23/2016,403,7.66,7.34,6.04,1.62,24.4009437,-2.35903069,417,375
12/24/2016,389,7.74,7.66,6.96,0.78,8.340432116,1.20082366,403,325
12/25/2016,389,7.82,7.74,6.96,0.86,8.58085248,-3.794034769,389,260
12/26/2016,375,8.16,7.82,6.96,1.2,12.28145237,-8.772508739,389,260
12/27/2016,354,8.16,8.16,7.12,1.04,11.23334124,-8.472669958,375,403
12/28/2016,412,8.24,8.16,7.2,1.04,11.89798885,-6.132748252,354,422
12/29/2016,393,8.56,8.24,7.34,1.22,12.34195604,-6.441253703,412,417
12/30/2016,403,8.6,8.56,7.66,0.94,8.270367177,-3.937258083,393,403
12/31/2016,393,8.6,8.6,7.74,0.86,7.225054131,0,403,389
1/1/2017,403,8.6,8.6,7.82,0.78,6.593181562,-5.213338548,393,389
1/2/2017,398,8.68,8.6,8.16,0.52,2.854050364,-5.291395909,403,375
1/3/2017,403,9.02,8.68,8.16,0.86,16.29910945,-7.346602785,398,354
1/4/2017,403,9.36,9.02,8.24,1.12,21.53758316,-7.39682954,403,412
1/5/2017,393,10.9,9.36,8.56,2.34,34.1898237,-17.5152033,403,393
1/6/2017,333,11,10.9,8.6,2.4,36.45362348,-22.1136824,393,403
1/7/2017,303,11,11,8.6,2.4,36.7712028,-15.09992984,333,393
1/8/2017,422,11.16,11,8.6,2.56,39.38003172,-5.135040948,303,403
1/9/2017,475,12.1,11.16,8.68,3.42,45.78008605,-0.292686944,422,398
1/10/2017,493,13.12,12.1,9.02,4.1,42.81039486,-3.7209678,475,403
1/11/2017,504,13.42,13.12,9.36,4.06,40.02428206,-2.517075777,493,403
1/12/2017,459,14.4,13.42,10.9,3.5,39.18791318,-3.061884189,504,393
1/13/2017,529,14.82,14.4,11,3.82,44.70260742,-2.104320007,459,333
1/14/2017,548,15.08,14.82,11,4.08,48.62243678,-2.563326233,529,303
1/15/2017,548,15.12,15.08,11.16,3.96,46.13113651,-5.260666904,548,422
1/16/2017,523,15.12,15.12,12.1,3.02,38.94111981,-8.710307787,548,475
1/17/2017,470,15.12,15.12,13.12,2,28.38581647,-9.456943744,523,493
1/18/2017,389,15.04,15.12,13.42,1.62,24.92547657,-7.743413945,470,504
1/19/2017,386,15.08,15.04,14.4,0.68,12.14249229,-6.205231754,389,459
1/20/2017,445,15.26,15.08,14.82,0.44,7.526889686,-5.743237729,386,529
1/21/2017,409,15.52,15.26,15.08,0.44,4.910580665,-5.175487581,445,548
1/22/2017,455,15.7,15.52,15.12,0.58,7.795374599,-6.837896889,409,548
1/23/2017,461,16.02,15.7,15.12,0.9,10.58009519,-2.854698227,455,523
1/24/2017,450,16.32,16.02,15.12,1.2,30.15876637,-8.296952674,461,470
1/25/2017,434,16.48,16.32,15.04,1.44,37.28268696,-11.88904212,450,389
1/26/2017,419,16.64,16.48,15.08,1.56,39.99270858,-14.27405413,434,386
1/27/2017,405,16.68,16.64,15.26,1.42,37.18047654,-14.72222782,419,445
1/28/2017,395,16.7,16.68,15.52,1.18,35.59536319,-11.27874053,405,409
1/29/2017,409,16.74,16.7,15.7,1.04,33.19513881,-7.264801354,395,455
1/30/2017,414,16.86,16.74,16.02,0.84,30.97851589,-4.489738687,409,461
1/31/2017,386,16.9,16.86,16.32,0.58,11.59995465,-2.312196134,414,450
2/1/2017,390,16.94,16.9,16.48,0.46,4.47603407,-0.976255362,386,434
2/2/2017,414,16.96,16.94,16.64,0.32,1.765210851,-4.045701814,390,419
2/3/2017,429,17.48,16.96,16.68,0.8,5.04772129,-0.871655793,414,405
2/4/2017,445,17.64,17.48,16.7,0.94,5.612736463,0.218603746,429,395
2/5/2017,455,17.82,17.64,16.74,1.08,5.522701131,1.412957615,445,409
2/6/2017,461,17.9,17.82,16.86,1.04,5.054376316,1.436674843,455,414
2/7/2017,455,17.9,17.9,16.9,1,5.017514486,1.621928185,461,386
2/8/2017,489,17.94,17.9,16.94,1,6.6872131,2.537647025,455,390
2/9/2017,483,18.02,17.94,16.96,1.06,7.853514229,5.727880932,489,414
2/10/2017,507,18.12,18.02,17.48,0.64,5.436029077,6.305738937,483,429
2/11/2017,513,18.32,18.12,17.64,0.68,7.596133152,-0.597938223,507,445
2/12/2017,538,18.7,18.32,17.82,0.88,15.51466397,-3.76018953,513,455
2/13/2017,551,18.82,18.7,17.9,0.92,15.58694399,-3.705798491,538,461
2/14/2017,538,18.86,18.82,17.9,0.96,15.42035589,-3.215080131,551,455
2/15/2017,519,18.86,18.86,17.94,0.92,13.75065728,-2.028694821,538,489
2/16/2017,489,18.86,18.86,18.02,0.84,12.58435615,1.101560879,519,483
2/17/2017,429,19.02,18.86,18.12,0.9,11.37097976,2.207244696,489,507
2/18/2017,507,19.08,19.02,18.32,0.76,8.853644312,3.050976652,429,513
2/19/2017,519,19.14,19.08,18.7,0.44,0.668329287,1.638308168,507,538
2/20/2017,513,19.2,19.14,18.82,0.38,5.236971725,0.564860766,519,551
2/21/2017,531,19.24,19.2,18.86,0.38,6.658797423,3.913536743,513,538
2/22/2017,489,19.36,19.24,18.86,0.5,8.07102422,-0.179458793,531,519
2/23/2017,525,19.68,19.36,18.86,0.82,14.75259882,-5.207188585,489,489
2/24/2017,501,19.86,19.68,19.02,0.84,19.7926883,-9.012709012,525,429
2/25/2017,519,20.08,19.86,19.08,1,21.96460442,-11.53507487,501,507
2/26/2017,507,20.24,20.08,19.14,1.1,22.23313247,-10.41346477,519,519
2/27/2017,531,20.3,20.24,19.2,1.1,19.38201077,-5.715739324,507,513
2/28/2017,532,20.76,20.3,19.24,1.52,29.5347431,-8.455834202,531,531
3/1/2017,520,20.84,20.76,19.36,1.48,29.56300317,-7.962290785,532,489
3/2/2017,565,20.92,20.84,19.68,1.24,23.11514009,-6.472179545,520,525
3/3/2017,607,21,20.92,19.86,1.14,18.23157792,-2.5404977,565,501
3/4/2017,667,21.12,21,20.08,1.04,16.15261451,1.535486469,607,519
3/5/2017,733,21.14,21.12,20.24,0.9,15.6506329,2.523728696,667,507
3/6/2017,720,21.2,21.14,20.3,0.9,16.23134921,-4.741941319,733,531
3/7/2017,747,21.48,21.2,20.76,0.72,6.121693595,-4.951353239,720,532
3/8/2017,840,21.56,21.48,20.84,0.72,5.624943594,2.076908027,747,520
3/9/2017,878,21.64,21.56,20.92,0.72,5.740729496,4.667490852,840,565
3/10/2017,997,21.72,21.64,21,0.72,5.598373771,6.004716741,878,607
3/11/2017,1350,21.84,21.72,21.12,0.72,6.013113191,5.08193998,997,667
3/12/2017,1260,21.82,21.84,21.14,0.68,6.04481669,2.796975783,1350,733
3/13/2017,1320,21.78,21.82,21.2,0.58,3.606285928,2.638685234,1260,720
3/14/2017,1350,21.76,21.78,21.48,0.28,2.18159349,7.381497199,1320,747
3/15/2017,1250,21.64,21.76,21.56,0.08,1.237856627,8.410176907,1350,840
3/16/2017,1220,21.46,21.64,21.64,-0.18,0.888359206,8.160621807,1250,878
3/17/2017,1400,21.1,21.46,21.72,-0.62,0.8714903,8.295591705,1220,997
3/18/2017,1770,20.8,21.1,21.84,-1.04,0.11549775,10.35825002,1400,1350
3/19/2017,2040,20.38,20.8,21.82,-1.44,0.071969136,10.13972542,1770,1260
3/20/2017,2200,19.82,20.38,21.78,-1.96,0.040209978,9.613719434,2040,1320
3/21/2017,2590,19.44,19.82,21.76,-2.32,0,9.971033051,2200,1350
3/22/2017,2750,19.08,19.44,21.64,-2.56,0,9.870826718,2590,1250
3/23/2017,2910,18.72,19.08,21.46,-2.74,0.038678437,6.54000383,2750,1220
3/24/2017,3280,18.42,18.72,21.1,-2.68,0.384109683,5.152587297,2910,1400
3/25/2017,3360,18.4,18.42,20.8,-2.4,0.55010479,5.671908975,3280,1770
3/26/2017,3190,18.4,18.4,20.38,-1.98,1.711910246,3.665544172,3360,2040
3/27/2017,2960,18.44,18.4,19.82,-1.38,2.265911717,4.492487429,3190,2200
3/28/2017,2840,18.38,18.44,19.44,-1.06,6.741622736,2.495066173,2960,2590
3/29/2017,2670,18.54,18.38,19.08,-0.54,10.3323702,3.502974402,2840,2750
3/30/2017,2560,18.44,18.54,18.72,-0.28,10.29831589,6.482052585,2670,2910
3/31/2017,2410,18.28,18.44,18.42,-0.14,12.64081118,4.635872995,2560,3280
4/1/2017,2500,18.2,18.28,18.4,-0.2,18.03663822,3.625329498,2410,3360
4/2/2017,2750,18.02,18.2,18.4,-0.38,16.8796128,3.326839509,2500,3190
4/3/2017,2780,18.18,18.02,18.44,-0.26,19.96983392,1.533309731,2750,2960
4/4/2017,2810,18.16,18.18,18.38,-0.22,15.71124804,-1.489863993,2780,2840
4/5/2017,2600,18.22,18.16,18.54,-0.32,13.77182464,-0.078148919,2810,2670
4/6/2017,2330,18.16,18.22,18.44,-0.28,14.87335593,6.028406543,2600,2560
4/7/2017,2040,18.1,18.16,18.28,-0.18,12.18542939,9.207704552,2330,2410
4/8/2017,1960,17.9,18.1,18.2,-0.3,6.629448796,7.97325589,2040,2500
4/9/2017,2240,17.58,17.9,18.02,-0.44,8.203614273,-0.081136559,1960,2750
4/10/2017,2860,17.66,17.58,18.18,-0.52,7.591189468,0.461782476,2240,2780
4/11/2017,3000,17.8,17.66,18.16,-0.36,7.820923768,4.718441039,2860,2810
4/12/2017,2500,17.66,17.8,18.22,-0.56,6.240879768,8.233731571,3000,2600
4/13/2017,2290,17.46,17.66,18.16,-0.7,5.134724356,11.2679011,2500,2330
4/14/2017,2370,16.92,17.46,18.1,-1.18,5.134724356,7.666054871,2290,2040
4/15/2017,3370,16.26,16.92,17.9,-1.64,5.128882798,4.86710392,2370,1960
4/16/2017,4770,15.84,16.26,17.58,-1.74,3.549937291,6.93728134,3370,2240
4/17/2017,4990,15.46,15.84,17.66,-2.2,0.518139503,9.388730894,4770,2860
4/18/2017,4760,14.96,15.46,17.8,-2.84,0.071280059,9.409147209,4990,3000
4/19/2017,5050,14.62,14.96,17.66,-3.04,1.572407389,5.731313628,4760,2500
4/20/2017,5780,14.74,14.62,17.46,-2.72,2.290492571,5.284848567,5050,2290
4/21/2017,6030,15.16,14.74,16.92,-1.76,9.427649339,2.618087293,5780,2370
4/22/2017,5260,15.52,15.16,16.26,-0.74,13.06524436,4.447919242,6030,3370
4/23/2017,4640,15.66,15.52,15.84,-0.18,13.19549401,8.60617695,5260,4770
4/24/2017,4000,15.68,15.66,15.46,0.22,17.01193169,5.514377777,4640,4990
4/25/2017,4030,16.4,15.68,14.96,1.44,26.1588194,2.331277201,4000,4760
4/26/2017,4990,16.5,16.4,14.62,1.88,27.87242609,2.398917667,4030,5050
4/27/2017,5050,16.88,16.5,14.74,2.14,31.53652893,1.647508901,4990,5780
4/28/2017,4420,17.5,16.88,15.16,2.34,29.83860662,0.128043799,5050,6030
4/29/2017,4250,17.58,17.5,15.52,2.06,28.37702378,0.174046559,4420,5260
4/30/2017,3620,17.64,17.58,15.66,1.98,28.50294881,1.117063693,4250,4640
5/1/2017,3190,17.7,17.64,15.68,2.02,25.85125999,6.064936472,3620,4000
5/2/2017,2950,17.56,17.7,16.4,1.16,16.76997187,6.018167607,3190,4030
5/3/2017,2840,17.56,17.56,16.5,1.06,15.44946533,7.139245456,2950,4990
5/4/2017,2800,17.5,17.56,16.88,0.62,11.09025967,10.27744703,2840,5050
5/5/2017,2740,17.38,17.5,17.5,-0.12,5.761197394,13.28531724,2800,4420
5/6/2017,2980,17.14,17.38,17.58,-0.44,3.677492189,14.50209091,2740,4250
5/7/2017,4130,16.88,17.14,17.64,-0.76,3.424954541,13.07593619,2980,3620
5/8/2017,5840,16.58,16.88,17.7,-1.12,2.939192358,12.1615323,4130,3190
5/9/2017,7190,16.32,16.58,17.56,-1.24,5.561507714,11.13222837,5840,2950
5/10/2017,7590,16.12,16.32,17.56,-1.44,7.047610619,8.993655735,7190,2840
5/11/2017,8660,15.96,16.12,17.5,-1.54,9.723210957,10.21415591,7590,2800
5/12/2017,8770,15.54,15.96,17.38,-1.84,9.643134132,12.99306151,8660,2740
5/13/2017,8860,14.88,15.54,17.14,-2.26,9.554567929,12.52059423,8770,2980
5/14/2017,9690,13.64,14.88,16.88,-3.24,9.550930892,9.497240782,8860,4130
5/15/2017,10700,12.98,13.64,16.58,-3.6,8.871944214,11.41678316,9690,5840
5/16/2017,10300,12.14,12.98,16.32,-4.18,6.200487592,8.361209014,10700,7190
5/17/2017,9640,11.82,12.14,16.12,-4.3,2.881053734,3.19398142,10300,7590
5/18/2017,8940,12.16,11.82,15.96,-3.8,10.37925784,-0.164699816,9640,8660
5/19/2017,8100,13.04,12.16,15.54,-2.5,21.89317804,2.136833189,8940,8770
5/20/2017,7190,13.26,13.04,14.88,-1.62,23.95817737,4.205886403,8100,8860
5/21/2017,6570,13.3,13.26,13.64,-0.34,24.24649423,7.084775798,7190,9690
5/22/2017,5610,13.36,13.3,12.98,0.38,25.97984466,6.775495204,6570,10700
5/23/2017,5080,13.3,13.36,12.14,1.16,28.18383068,6.897300372,5610,10300
5/24/2017,4730,13.2,13.3,11.82,1.38,28.99329618,12.590876,5080,9640
5/25/2017,4280,12.6,13.2,12.16,0.44,19.12687513,9.938520414,4730,8940
5/26/2017,4710,12,12.6,13.04,-1.04,11.74062106,10.01847225,4280,8100
5/27/2017,6120,11.76,12,13.26,-1.5,13.95215806,7.640449249,4710,7190
5/28/2017,6680,11.88,11.76,13.3,-1.42,16.17628321,9.069060399,6120,6570
5/29/2017,6700,11.84,11.88,13.36,-1.52,14.5941571,10.76891111,6680,5610
5/30/2017,6020,11.54,11.84,13.3,-1.76,12.37436793,12.79567866,6700,5080
5/31/2017,5970,10.32,11.54,13.2,-2.88,11.47807459,14.48760952,6020,4730
6/1/2017,6310,9.42,10.32,12.6,-3.18,11.50247109,14.17868331,5970,4280
6/2/2017,6940,8.82,9.42,12,-3.18,10.53476649,13.64747595,6310,4710
6/3/2017,7820,8.36,8.82,11.76,-3.4,6.511439805,14.35069275,6940,6120
6/4/2017,8590,7.74,8.36,11.88,-4.14,3.998997786,16.81800712,7820,6680
6/5/2017,8940,7.18,7.74,11.84,-4.66,3.84777347,17.22723838,8590,6700
6/6/2017,9460,6.52,7.18,11.54,-5.02,3.901859955,17.31903925,8940,6020
6/7/2017,9620,6.28,6.52,10.32,-4.04,4.020077675,17.75288871,9460,5970
6/8/2017,9950,5.98,6.28,9.42,-3.44,4.330792532,18.14883688,9620,6310
6/9/2017,9960,5.7,5.98,8.82,-3.12,1.140735637,17.74201413,9950,6940
6/10/2017,9880,5.38,5.7,8.36,-2.98,0.883785222,17.70613646,9960,7820
6/11/2017,9640,4.94,5.38,7.74,-2.8,0.883785222,17.04094316,9880,8590
6/12/2017,9820,4.54,4.94,7.18,-2.64,0.883785222,14.71369396,9640,8940
6/13/2017,9250,4.22,4.54,6.52,-2.3,0.829043567,7.899525549,9820,9460
6/14/2017,8230,3.96,4.22,6.28,-2.32,0.665477105,12.09395143,9250,9620
6/15/2017,6510,3.78,3.96,5.98,-2.2,0,14.68845097,8230,9950
6/16/2017,5720,3.54,3.78,5.7,-2.16,0.014036279,17.01363787,6510,9960
6/17/2017,5470,3.22,3.54,5.38,-2.16,0.014036279,15.92610633,5720,9880
6/18/2017,5650,2.86,3.22,4.94,-2.08,0.014036279,15.32243148,5470,9640
6/19/2017,5730,2.54,2.86,4.54,-2,0.014036279,16.73082492,5650,9820
6/20/2017,5430,2.2,2.54,4.22,-2.02,0.014036279,19.94821758,5730,9250
6/21/2017,5020,1.84,2.2,3.96,-2.12,0.014036279,20.22168999,5430,8230
6/22/2017,4850,1.42,1.84,3.78,-2.36,0.092807322,19.13050397,5020,6510
6/23/2017,4610,0.9,1.42,3.54,-2.64,0.091795218,14.87206365,4850,5720
6/24/2017,4300,0.54,0.9,3.22,-2.68,0.091795218,14.32701788,4610,5470
6/25/2017,3690,0.24,0.54,2.86,-2.62,0.091795218,16.01568895,4300,5650
6/26/2017,3170,0.06,0.24,2.54,-2.48,0.091795218,18.19629258,3690,5730
6/27/2017,2740,0,0.06,2.2,-2.2,0.091795218,18.63529712,3170,5430
6/28/2017,2490,0,0,1.84,-1.84,0.091969207,17.00276453,2740,5020
6/29/2017,2300,0,0,1.42,-1.42,0.085727497,14.76592487,2490,4850
6/30/2017,2110,0,0,0.9,-0.9,0.072703323,13.22168249,2300,4610
7/1/2017,1870,0,0,0.54,-0.54,0.072703323,16.58947697,2110,4300
7/2/2017,1680,0,0,0.24,-0.24,0.072703323,18.91401463,1870,3690
7/3/2017,1540,0,0,0.06,-0.06,0.072703323,18.94972189,1680,3170
7/4/2017,1430,0,0,0,0,0.072703323,19.85626162,1540,2740
7/5/2017,1310,0,0,0,0,0.072529334,21.60098591,1430,2490
7/6/2017,1240,0,0,0,0,0,21.54403882,1310,2300
7/7/2017,1170,0,0,0,0,0,20.53839373,1240,2110
7/8/2017,1090,0,0,0,0,0.070479297,19.8674505,1170,1870
7/9/2017,959,0,0,0,0,0.278573577,21.22986799,1090,1680
7/10/2017,906,0,0,0,0,0.278573577,20.57887734,959,1540
7/11/2017,866,0,0,0,0,1.033554078,19.28432552,906,1430
7/12/2017,826,0,0,0,0,2.543666147,19.02840475,866,1310
7/13/2017,782,0,0,0,0,3.031455145,20.12220261,826,1240
7/14/2017,788,0,0,0,0,3.031455145,20.97658602,782,1170
7/15/2017,765,0,0,0,0,2.960975848,21.61586471,788,1090
7/16/2017,708,0,0,0,0,2.752881568,21.11418634,765,959
7/17/2017,649,0,0,0,0,2.944193986,21.48891483,708,906
7/18/2017,573,0,0,0,0,2.201513997,21.97614764,649,866
7/19/2017,525,0,0,0,0,0.793682879,21.65033488,573,826
7/20/2017,499,0,0,0,0,2.791863103,20.58890784,525,782
7/21/2017,453,0,0,0,0,4.715300912,19.89863136,499,788
7/22/2017,466,0,0,0,0,8.880248286,19.56943917,453,765
7/23/2017,477,0,0,0,0,8.944349824,20.34957265,466,708
7/24/2017,593,0,0,0,0,8.781568594,20.86050674,477,649
7/25/2017,613,0,0,0,0,8.99213719,17.23396343,593,573
7/26/2017,501,0,0,0,0,14.68019014,18.33575011,613,525
7/27/2017,443,0,0,0,0,18.38782378,19.42976937,501,499
7/28/2017,483,0,0,0,0,17.36596911,19.47462623,443,453
7/29/2017,672,0,0,0,0,13.20102174,19.96818797,483,466
7/30/2017,587,0,0,0,0,13.16123355,19.13272041,672,477
7/31/2017,512,0,0,0,0,13.13466093,19.32105525,587,593
8/1/2017,450,0,0,0,0,12.91179182,19.73928448,512,613
8/2/2017,408,0,0,0,0,7.122196131,19.88063065,450,501
8/3/2017,381,0,0,0,0,0.95487487,18.90982291,408,443
8/4/2017,340,0,0,0,0,0.053291726,19.69951194,381,483
8/5/2017,319,0,0,0,0,0.692326171,18.50819106,340,672
8/6/2017,292,0,0,0,0,2.086890112,17.54981874,319,587
8/7/2017,269,0,0,0,0,2.108315776,16.08113236,292,512
8/8/2017,289,0,0,0,0,3.168284217,15.70241783,269,450
8/9/2017,298,0,0,0,0,6.532735427,14.80678983,289,408
8/10/2017,304,0,0,0,0,8.661506128,15.93747924,298,381
8/11/2017,319,0,0,0,0,8.90726172,17.48132719,304,340
8/12/2017,349,0,0,0,0,8.269384024,17.09530603,319,319
8/13/2017,334,0,0,0,0,6.932540776,17.59908546,349,292
8/14/2017,302,0,0,0,0,9.306993271,17.18805676,334,269
8/15/2017,291,0,0,0,0,13.97751741,14.36804088,302,289
8/16/2017,317,0,0,0,0,13.9543668,13.79678697,291,298
8/17/2017,301,0,0,0,0,11.7993145,16.59992804,317,304
8/18/2017,325,0,0,0,0,11.55355891,17.59427558,301,319
8/19/2017,343,0,0,0,0,11.55240216,18.54081132,325,349
8/20/2017,280,0,0,0,0,11.47036811,18.70004968,343,334
8/21/2017,248,0,0,0,0,9.072531392,18.53665287,280,302
8/22/2017,218,0,0,0,0,3.342038814,18.44769316,248,291
8/23/2017,200,0,0,0,0,0,17.84505974,218,317
8/24/2017,184,0,0,0,0,0.774041369,16.51881368,200,301
8/25/2017,164,0,0,0,0,0.997765564,17.69185943,184,325
8/26/2017,186,0,0,0,0,0.997765564,19.04808845,164,343
8/27/2017,152,0,0,0,0,0.997765564,19.3589427,186,280
8/28/2017,144,0,0,0,0,0.997765564,19.42148726,152,248
8/29/2017,148,0,0,0,0,0.997765564,19.81511467,144,218
8/30/2017,153,0,0,0,0,0.997765564,19.47169862,148,200
8/31/2017,141,0,0,0,0,0.223724195,18.20304199,153,184
9/1/2017,138,0,0,0,0,0.468581855,16.89304517,141,164
9/2/2017,133,0,0,0,0,0.468581855,19.05473257,138,186
9/3/2017,133,0,0,0,0,0.468581855,19.9119441,133,152
9/4/2017,145,0,0,0,0,0.468581855,18.95129731,133,144
9/5/2017,138,0,0,0,0,0.468581855,15.47950905,145,148
9/6/2017,143,0,0,0,0,0.468581855,16.17928291,138,153
9/7/2017,142,0,0,0,0,0.468581855,17.14253651,143,141
9/8/2017,129,0,0,0,0,0,17.86946,142,138
9/9/2017,102,0,0,0,0,0,18.42576937,129,133
9/10/2017,98.7,0,0,0,0,0.015801923,18.1602981,102,133
9/11/2017,98.5,0,0,0,0,0.110862895,18.40235389,98.7,145
9/12/2017,95.1,0,0,0,0,0.432441365,18.62682251,98.5,138
9/13/2017,94.6,0,0,0,0,0.812933095,17.86661963,95.1,143
9/14/2017,99.6,0,0,0,0,0.819957177,15.39603915,94.6,142
9/15/2017,114,0,0,0,0,4.633591331,9.268881364,99.6,129
9/16/2017,140,0,0,0,0,10.66144276,8.940835769,114,102
9/17/2017,155,0,0,0,0,11.52169424,9.723481304,140,98.7
9/18/2017,153,0,0,0,0,12.39109761,12.31282221,155,98.5
9/19/2017,174,0,0,0,0,12.18382278,10.09796497,153,95.1
9/20/2017,252,0.1,0,0,0.1,15.38389054,10.55716837,174,94.6
9/21/2017,232,0,0.1,0,0,15.99239831,15.41931475,252,99.6
9/22/2017,214,0,0,0,0,12.17876416,10.52334963,232,114
9/23/2017,210,0,0,0,0,7.536479449,6.509950836,214,140
9/24/2017,236,0,0,0,0,10.58384503,5.855175647,210,155
9/25/2017,227,0,0,0,0,10.69199982,4.273345795,236,153
9/26/2017,242,0,0,0,0,10.59544493,5.627410923,227,174
9/27/2017,279,0,0,0.1,-0.1,7.191691095,8.024514767,242,252
9/28/2017,333,0,0,0,0,8.363382868,7.937780805,279,232
9/29/2017,376,0,0,0,0,12.37913299,7.880050357,333,214
9/30/2017,359,0,0,0,0,14.59843483,8.110291866,376,210
10/1/2017,381,0.26,0,0,0.26,25.35725248,2.483051043,359,236
10/2/2017,421,0.98,0.26,0,0.98,44.36197192,0.204728859,381,227
10/3/2017,628,1.42,0.98,0,1.42,54.68888754,2.798267955,421,242
10/4/2017,925,1.44,1.42,0,1.44,55.49382731,10.47562489,628,279
10/5/2017,842,1.14,1.44,0,1.14,53.70780608,9.519674332,925,333
10/6/2017,684,0.78,1.14,0,0.78,49.94750047,5.128780434,842,376
10/7/2017,644,0.82,0.78,0,0.82,46.34338499,8.011699366,684,359
10/8/2017,744,0.72,0.82,0.26,0.46,31.66792576,7.319042474,644,381
10/9/2017,782,0.74,0.72,0.98,-0.24,14.51063744,0.700437939,744,421
10/10/2017,675,0.86,0.74,1.42,-0.56,5.401144687,2.959207405,782,628
10/11/2017,628,0.84,0.86,1.44,-0.6,4.587999384,7.730816364,675,925
10/12/2017,605,0.78,0.84,1.14,-0.36,4.591575646,7.444927264,628,842
10/13/2017,554,0.74,0.78,0.78,-0.04,4.336131136,5.580888131,605,684
10/14/2017,538,0.12,0.74,0.82,-0.7,4.335378044,1.108060115,554,644
10/15/2017,526,0.14,0.12,0.72,-0.58,4.423710801,3.739264328,538,744
10/16/2017,517,0.16,0.14,0.74,-0.58,1.525011758,8.081520742,526,782
10/17/2017,492,0.12,0.16,0.86,-0.74,0.289840132,8.752130488,517,675
10/18/2017,448,0.1,0.12,0.84,-0.74,0.121240015,9.618793954,492,628
10/19/2017,430,0.02,0.1,0.78,-0.76,0.116461361,10.30890583,448,605
10/20/2017,426,0.02,0.02,0.74,-0.72,0.116461361,7.73884254,430,554
10/21/2017,445,0.5,0.02,0.12,0.38,4.527242364,0.189126081,426,538
10/22/2017,425,0.5,0.5,0.14,0.36,4.548275582,4.66590458,445,526
10/23/2017,450,0.52,0.5,0.16,0.36,4.529218795,6.359892129,425,517
10/24/2017,483,0.36,0.52,0.12,0.24,4.529218795,5.075908378,450,492
10/25/2017,481,0.3,0.36,0.1,0.2,4.529218795,7.72408783,483,448
10/26/2017,488,0.26,0.3,0.02,0.24,4.529218795,1.511073502,481,430
10/27/2017,471,0.2,0.26,0.02,0.18,4.529218795,-0.530108349,488,426
10/28/2017,481,0.22,0.2,0.5,-0.28,0.125052568,4.521776716,471,445
10/29/2017,473,0.22,0.22,0.5,-0.28,0.008909193,5.946626269,481,425
10/30/2017,452,0.22,0.22,0.52,-0.3,0.088509075,0.534659058,473,450
10/31/2017,439,0.24,0.22,0.36,-0.12,0.404556732,1.861205638,452,483
11/1/2017,432,0.24,0.24,0.3,-0.06,0.406976477,6.747419025,439,481
11/2/2017,430,0.22,0.24,0.26,-0.04,0.935591099,8.316067125,432,488
11/3/2017,430,0.18,0.22,0.2,-0.02,0.936392693,7.510721056,430,471
11/4/2017,421,0.18,0.18,0.22,-0.04,0.929777918,5.055051001,430,481
11/5/2017,436,0.76,0.18,0.22,0.54,7.359003634,2.440481112,421,473
11/6/2017,457,1.6,0.76,0.22,1.38,13.75299348,1.317997648,436,452
11/7/2017,493,1.86,1.6,0.24,1.62,16.30279697,-2.016628912,457,439
11/8/2017,558,1.98,1.86,0.24,1.74,16.98644774,-2.121170905,493,432
11/9/2017,571,1.98,1.98,0.22,1.76,16.48156892,2.742120974,558,430
11/10/2017,553,2,1.98,0.18,1.82,16.65139358,4.237806473,571,430
11/11/2017,497,2,2,0.18,1.82,16.65139358,1.650720438,553,421
11/12/2017,451,1.98,2,0.76,1.22,10.22216787,2.404454696,497,436
11/13/2017,468,1.98,1.98,1.6,0.38,3.746283723,6.275185515,451,457
11/14/2017,479,1.98,1.98,1.86,0.12,0.880432576,4.124318494,468,493
11/15/2017,463,1.94,1.98,1.98,-0.04,0.194362061,2.25072951,479,558
11/16/2017,462,1.96,1.94,1.98,-0.02,0.170626252,6.358465203,463,571
11/17/2017,466,1.96,1.96,2,-0.04,0.941565576,1.58785996,462,553
11/18/2017,470,2.76,1.96,2,0.76,10.76854689,-6.2390086,466,497
11/19/2017,482,2.8,2.76,1.98,0.82,10.84465811,-3.296571779,470,451
11/20/2017,484,2.84,2.8,1.98,0.86,10.98829279,-0.638449473,482,468
11/21/2017,479,2.94,2.84,1.98,0.96,12.11085842,3.343752517,484,479
11/22/2017,427,3.24,2.94,1.94,1.3,13.40618255,5.449392247,479,463
11/23/2017,470,3.24,3.24,1.96,1.28,13.40618255,6.693454326,427,462
11/24/2017,538,3.2,3.24,1.96,1.24,12.46461698,6.004302321,470,466
11/25/2017,558,3.14,3.2,2.76,0.38,2.674231105,4.381353907,538,470
11/26/2017,571,3.14,3.14,2.8,0.34,2.598119884,7.590392267,558,482
11/27/2017,577,3.12,3.14,2.84,0.28,2.454485201,6.583717031,571,484
11/28/2017,561,3.12,3.12,2.94,0.18,1.331919577,1.476142536,577,479
11/29/2017,544,3.12,3.12,3.24,-0.12,0.036595441,1.603332009,561,427
11/30/2017,524,3.12,3.12,3.24,-0.12,0.036595441,1.646848664,544,470
12/1/2017,513,3.06,3.12,3.2,-0.14,0.036595441,0.978064276,524,538
12/2/2017,503,3.08,3.06,3.14,-0.06,0,3.809770918,513,558
12/3/2017,478,3.1,3.08,3.14,-0.04,0.112258693,2.676758778,503,571
12/4/2017,458,3.62,3.1,3.12,0.5,6.875035547,-6.584770078,478,577
12/5/2017,465,3.94,3.62,3.12,0.82,10.99661384,-8.809135077,458,561
12/6/2017,360,3.98,3.94,3.12,0.86,11.00511234,-9.968534909,465,544
12/7/2017,262,4.02,3.98,3.12,0.9,11.00511234,-10.16179233,360,524
12/8/2017,273,4.08,4.02,3.06,1.02,11.88598021,-4.166161333,262,513
12/9/2017,308,4.08,4.08,3.08,1,11.88598021,-3.247428628,273,503
12/10/2017,330,4.08,4.08,3.1,0.98,11.77372152,-2.113056042,308,478
12/11/2017,328,4.08,4.08,3.62,0.46,5.010944665,-1.274820184,330,458
12/12/2017,320,4.1,4.08,3.94,0.16,0.899986081,0.393158076,328,465
12/13/2017,325,4.1,4.1,3.98,0.12,0.892773702,-1.254700127,320,360
12/14/2017,352,4.14,4.1,4.02,0.12,1.84560547,-4.775304535,325,262
12/15/2017,351,4.14,4.14,4.08,0.06,1.129640989,-2.616489253,352,273
12/16/2017,356,4.16,4.14,4.08,0.08,1.129640989,-2.172793356,351,308
12/17/2017,380,4.16,4.16,4.08,0.08,1.129640989,-4.440885862,356,330
12/18/2017,377,4.16,4.16,4.08,0.08,1.129640989,-2.49174807,380,328
12/19/2017,364,4.16,4.16,4.1,0.06,1.119021283,-0.989894374,377,320
12/20/2017,408,4.2,4.16,4.1,0.1,1.117735161,0.51747025,364,325
12/21/2017,366,4.22,4.2,4.14,0.08,1.045610593,-8.069494525,408,352
12/22/2017,332,4.22,4.22,4.14,0.08,1.803636804,-9.423893989,366,351
12/23/2017,436,4.24,4.22,4.16,0.08,2.75421952,-7.785420637,332,356
12/24/2017,461,5.1,4.24,4.16,0.94,8.973250785,-10.87048996,436,380
12/25/2017,487,5.36,5.1,4.16,1.2,13.23767137,-3.776796949,461,377
12/26/2017,502,5.96,5.36,4.16,1.8,17.80782174,-3.594984036,487,364
12/27/2017,505,5.96,5.96,4.2,1.76,17.80782174,-3.22322279,502,408
12/28/2017,518,6.02,5.96,4.22,1.8,16.97998186,-0.768583655,505,366
12/29/2017,463,6,6.02,4.22,1.78,16.05705226,2.587125393,518,332
12/30/2017,446,5.98,6,4.24,1.74,15.10646954,1.952943731,463,436
12/31/2017,442,5.9,5.98,5.1,0.8,8.88743828,-4.253699597,446,461
1/1/2018,415,5.88,5.9,5.36,0.52,4.623017697,-5.815828622,442,487
1/2/2018,379,5.88,5.88,5.96,-0.08,0.052867326,-7.485172222,415,502
1/3/2018,402,5.84,5.88,5.96,-0.12,0.052867326,-4.145658057,379,505
1/4/2018,404,5.86,5.84,6.02,-0.16,0,-2.558163861,402,518
1/5/2018,392,5.84,5.86,6,-0.16,0,-1.08455843,404,463
1/6/2018,403,5.86,5.84,5.98,-0.12,0,-0.997878458,392,446
1/7/2018,418,6.48,5.86,5.9,0.58,4.882480717,-1.921917286,403,442
1/8/2018,425,6.58,6.48,5.88,0.7,4.957272247,-0.739347111,418,415
1/9/2018,471,6.64,6.58,5.88,0.76,5.114371453,1.727295428,425,379
1/10/2018,477,6.92,6.64,5.84,1.08,7.525564811,-0.499808986,471,402
1/11/2018,455,7.52,6.92,5.86,1.66,13.44941591,-4.161853718,477,404
1/12/2018,461,7.68,7.52,5.84,1.84,15.15911465,-1.388211426,455,392
1/13/2018,480,8.2,7.68,5.86,2.34,20.57146409,-2.25217518,461,403
1/14/2018,473,8.3,8.2,6.48,1.82,15.85484308,-1.911415909,480,418
1/15/2018,454,8.3,8.3,6.58,1.72,15.78005156,-6.861594036,473,425
1/16/2018,410,8.26,8.3,6.64,1.62,15.62295235,-7.856950501,454,471
1/17/2018,391,8.26,8.26,6.92,1.34,13.21175899,-3.621103024,410,477
1/18/2018,399,8.34,8.26,7.52,0.82,7.29757571,-0.983369666,391,455
1/19/2018,410,8.42,8.34,7.68,0.74,5.713990189,2.1733652,399,461
1/20/2018,421,8.44,8.42,8.2,0.24,0.323995073,-2.154782459,410,480
1/21/2018,458,8.72,8.44,8.3,0.42,10.40941352,-8.212512742,421,473
1/22/2018,462,8.86,8.72,8.3,0.56,24.44532831,-11.14852974,458,454
1/23/2018,455,8.94,8.86,8.26,0.68,27.11910875,-8.437768452,462,410
1/24/2018,445,9.04,8.94,8.26,0.78,27.52236802,-6.204854015,455,391
1/25/2018,443,9.06,9.04,8.34,0.72,27.51745158,-3.293763559,445,399
1/26/2018,447,9.12,9.06,8.42,0.7,28.42030845,-6.874261042,443,410
1/27/2018,452,9.34,9.12,8.44,0.9,28.55440781,-7.608765058,447,421
1/28/2018,460,9.42,9.34,8.72,0.7,18.43644426,-2.809546446,452,458
1/29/2018,478,9.46,9.42,8.86,0.6,4.774145704,-1.038254691,460,462
1/30/2018,490,9.46,9.46,8.94,0.52,2.122596167,1.849616392,478,455
1/31/2018,490,9.48,9.46,9.04,0.44,1.73784341,0.53785869,490,445
2/1/2018,485,9.48,9.48,9.06,0.42,1.735827314,-0.221657837,490,443
2/2/2018,477,9.56,9.48,9.12,0.44,0.755373141,1.513610233,485,447
2/3/2018,466,9.76,9.56,9.34,0.42,1.613320681,2.375067406,477,452
2/4/2018,455,10.22,9.76,9.42,0.8,2.766316604,2.640134005,466,460
2/5/2018,451,10.46,10.22,9.46,1,3.65255977,1.529547495,455,478
2/6/2018,452,10.8,10.46,9.46,1.34,4.936911077,-1.333952366,451,490
2/7/2018,463,10.92,10.8,9.48,1.44,5.822191788,-1.014682935,452,490
2/8/2018,469,10.96,10.92,9.48,1.48,5.830961719,1.487329077,463,485
2/9/2018,476,11.02,10.96,9.56,1.46,5.825707787,2.729824823,469,477
2/10/2018,475,11.08,11.02,9.76,1.32,5.006259855,-4.912611499,476,466
2/11/2018,389,11.26,11.08,10.22,1.04,5.027563171,-6.904756592,475,455
2/12/2018,422,11.32,11.26,10.46,0.86,3.768512008,-3.187427119,389,451
2/13/2018,419,11.76,11.32,10.8,0.96,7.008623258,-1.016241899,422,452
2/14/2018,406,11.94,11.76,10.92,1.02,7.837450819,0.557367586,419,463
2/15/2018,386,12.24,11.94,10.96,1.28,18.64026569,-5.202556282,406,469
2/16/2018,336,13.02,12.24,11.02,2,24.18147606,-8.714296111,386,476
2/17/2018,258,13.06,13.02,11.08,1.98,24.58180465,-3.395913758,336,475
2/18/2018,234,13.14,13.06,11.26,1.88,23.33172432,0.769803811,258,389
2/19/2018,208,13.14,13.14,11.32,1.82,25.28679505,-9.430151263,234,422
2/20/2018,196,13.44,13.14,11.76,1.68,26.41458892,-15.12504764,208,419
2/21/2018,208,13.46,13.44,11.94,1.52,24.9518991,-13.20118274,196,406
2/22/2018,247,13.58,13.46,12.24,1.34,15.02273672,-9.341057263,208,386
2/23/2018,298,13.78,13.58,13.02,0.76,11.11944503,-7.700286301,247,336
2/24/2018,340,14.04,13.78,13.06,0.98,12.08761201,-11.57016208,298,258
2/25/2018,355,14.22,14.04,13.14,1.08,14.12949287,-9.146139182,340,234
2/26/2018,357,14.36,14.22,13.14,1.22,13.0478969,-4.248624139,355,208
2/27/2018,355,14.4,14.36,13.44,0.96,7.641564143,-2.873365198,357,196
2/28/2018,347,14.4,14.4,13.46,0.94,7.371639185,-4.269675735,355,208
3/1/2018,344,14.4,14.4,13.58,0.82,6.486481474,-2.164439932,347,247
3/2/2018,351,14.4,14.4,13.78,0.62,5.095263908,2.285295088,344,298
3/3/2018,374,14.4,14.4,14.04,0.36,3.537303614,4.885494323,351,340
3/4/2018,407,14.46,14.4,14.22,0.24,1.441484873,-1.587058562,374,355
3/5/2018,456,14.82,14.46,14.36,0.46,3.165091061,-7.330667493,407,357
3/6/2018,501,15.04,14.82,14.4,0.64,3.465454951,-6.146335364,456,355
3/7/2018,546,15.1,15.04,14.4,0.7,3.904852672,-3.049770563,501,347
3/8/2018,581,15.1,15.1,14.4,0.7,3.970852783,1.504726855,546,344
3/9/2018,584,15.16,15.1,14.4,0.76,3.730186473,2.400331918,581,351
3/10/2018,577,15.16,15.16,14.4,0.76,3.753890017,-0.133281401,584,374
3/11/2018,736,15.18,15.16,14.46,0.72,3.793861007,0.87821571,577,407
3/12/2018,729,15.24,15.18,14.82,0.42,1.19597183,3.087990761,736,456
3/13/2018,685,15.26,15.24,15.04,0.22,0.627453358,3.869212192,729,501
3/14/2018,658,15.28,15.26,15.1,0.18,0.192307068,6.293633081,685,546
3/15/2018,751,15.3,15.28,15.1,0.2,2.22773424,2.483666967,658,581
3/16/2018,884,15.5,15.3,15.16,0.34,6.973484957,0.298285311,751,584
3/17/2018,1030,15.82,15.5,15.16,0.66,7.728438806,2.124709005,884,577
3/18/2018,1080,15.86,15.82,15.18,0.68,7.799373531,-1.620004912,1030,736
3/19/2018,964,16.1,15.86,15.24,0.86,18.09197387,-2.46923268,1080,729
3/20/2018,859,16.3,16.1,15.26,1.04,20.218412,-0.640275265,964,685
3/21/2018,814,16.44,16.3,15.28,1.16,21.15295442,3.32274523,859,658
3/22/2018,760,16.52,16.44,15.3,1.22,19.4408663,6.72128985,814,751
3/23/2018,745,16.6,16.52,15.5,1.1,17.06999007,3.913798171,760,884
3/24/2018,771,17.46,16.6,15.82,1.64,26.30763791,3.785488056,745,1030
3/25/2018,1350,17.5,17.46,15.86,1.64,26.3878459,3.402793665,771,1080
3/26/2018,1630,17.5,17.5,16.1,1.4,16.45412338,-1.46505244,1350,964
3/27/2018,1550,17.5,17.5,16.3,1.2,14.33513794,-1.250972891,1630,859
3/28/2018,1380,17.6,17.5,16.44,1.16,13.93068321,-0.212384777,1550,814
3/29/2018,1220,18.04,17.6,16.52,1.52,17.11549323,0.284300671,1380,760
3/30/2018,1190,18.2,18.04,16.6,1.6,15.22614301,2.802110621,1220,745
3/31/2018,1120,18.24,18.2,17.46,0.78,5.841798901,6.370097678,1190,771
4/1/2018,1000,18.3,18.24,17.5,0.8,6.177684338,6.963340766,1120,1350
4/2/2018,1090,18.36,18.3,17.5,0.86,6.229543154,3.868692596,1000,1630
4/3/2018,1400,18.32,18.36,17.5,0.82,6.532939066,-3.334202534,1090,1550
4/4/2018,1700,18.3,18.32,17.6,0.7,6.067372939,1.732818522,1400,1380
4/5/2018,1570,18.26,18.3,18.04,0.22,2.75307119,3.934553546,1700,1220
4/6/2018,1310,18.34,18.26,18.2,0.14,3.121692296,3.186418021,1570,1190
4/7/2018,1190,19.46,18.34,18.24,1.22,13.23530992,5.581153262,1310,1120
4/8/2018,1600,20.08,19.46,18.3,1.78,21.71292952,3.315111973,1190,1000
4/9/2018,3090,20.92,20.08,18.36,2.56,26.8396856,3.805782358,1600,1090
4/10/2018,3540,21.38,20.92,18.32,3.06,28.74313863,5.613770806,3090,1400
4/11/2018,2700,21.3,21.38,18.3,3,29.10514794,10.63378664,3540,1700
4/12/2018,2270,20.94,21.3,18.26,2.68,28.8453005,6.021075007,2700,1570
4/13/2018,2280,21.04,20.94,18.34,2.7,29.68205167,-1.394161162,2270,1310
4/14/2018,2570,21.16,21.04,19.46,1.7,21.16159668,1.255917197,2280,1190
4/15/2018,2460,21.18,21.16,20.08,1.1,13.06129822,5.480552336,2570,1600
4/16/2018,2150,21,21.18,20.92,0.08,7.52380551,9.611850052,2460,3090
4/17/2018,1980,20.72,21,21.38,-0.66,5.309503877,2.551935862,2150,3540
4/18/2018,2090,21.02,20.72,21.3,-0.28,8.648210706,0.34172595,1980,2700
4/19/2018,2390,21.08,21.02,20.94,0.14,9.004511183,6.85184103,2090,2270
4/20/2018,2180,20.72,21.08,21.04,-0.32,7.747824777,4.08382512,2390,2280
4/21/2018,2110,20.72,20.72,21.16,-0.44,11.50695554,6.057360111,2180,2570
4/22/2018,2300,20.64,20.72,21.18,-0.54,10.68856776,8.700474941,2110,2460
4/23/2018,2430,20.38,20.64,21,-0.62,10.71823514,8.408829174,2300,2150
4/24/2018,2520,20.02,20.38,20.72,-0.7,10.75361216,3.406986912,2430,1980
4/25/2018,3530,19.88,20.02,21.02,-1.14,6.985401073,4.715452984,2520,2090
4/26/2018,4220,19.44,19.88,21.08,-1.64,6.709659801,7.242593772,3530,2390
4/27/2018,4450,19.18,19.44,20.72,-1.54,6.226152888,9.661213104,4220,2180
4/28/2018,5010,18.56,19.18,20.72,-2.16,0.236409811,12.08695733,4450,2110
4/29/2018,5720,17.82,18.56,20.64,-2.82,0.146881661,11.30724315,5010,2300
4/30/2018,6200,17.22,17.82,20.38,-3.16,0.117214277,7.104102464,5720,2430
5/1/2018,6940,16.96,17.22,20.02,-3.06,0.36851367,4.287003351,6200,2520
5/2/2018,6450,17.1,16.96,19.88,-2.78,5.173656632,6.064931486,6940,3530
5/3/2018,5430,17.18,17.1,19.44,-2.26,11.141214,6.764205826,6450,4220
5/4/2018,4900,17.14,17.18,19.18,-2.04,14.2355923,8.745012004,5430,4450
5/5/2018,4740,16.9,17.14,18.56,-1.66,14.51136647,11.22949523,4900,5010
5/6/2018,4520,16.66,16.9,17.82,-1.16,14.51350726,13.29173819,4740,5720
5/7/2018,5080,16.36,16.66,17.22,-0.86,14.56112515,14.21977673,4520,6200
5/8/2018,6340,15.78,16.36,16.96,-1.18,14.27444874,12.68925948,5080,6940
5/9/2018,7140,14.96,15.78,17.1,-2.14,9.468027722,12.95570414,6340,6450
5/10/2018,8190,14.04,14.96,17.18,-3.14,3.419911148,13.53628172,7140,5430
5/11/2018,8510,13.02,14.04,17.14,-4.12,0.827353094,11.88415258,8190,4900
5/12/2018,9130,12.4,13.02,16.9,-4.5,0.663637472,11.96565236,8510,4740
5/13/2018,9180,11.6,12.4,16.66,-5.06,0.670120641,9.708353782,9130,4520
5/14/2018,8710,11.1,11.6,16.36,-5.26,0.751534785,9.613573472,9180,5080
5/15/2018,8370,10.86,11.1,15.78,-4.92,0.762399528,11.40268316,8710,6340
5/16/2018,7530,10.1,10.86,14.96,-4.86,0.762399528,12.96957407,8370,7140
5/17/2018,7030,9.34,10.1,14.04,-4.7,0.762399528,13.1357852,7530,8190
5/18/2018,7260,8.62,9.34,13.02,-4.4,0.260579285,11.71340585,7030,8510
5/19/2018,7330,8.12,8.62,12.4,-4.28,0.159680586,9.781196829,7260,9130
5/20/2018,7070,8.04,8.12,11.6,-3.56,1.976828673,10.34259451,7330,9180
5/21/2018,6550,7.6,8.04,11.1,-3.5,3.332922515,12.86856456,7070,8710
5/22/2018,6120,6.9,7.6,10.86,-3.96,3.351295259,12.20694012,6550,8370
5/23/2018,6200,6.28,6.9,10.1,-3.82,5.141798666,11.42858125,6120,7530
5/24/2018,6540,5.92,6.28,9.34,-3.42,5.65775425,13.58036456,6200,7030
5/25/2018,6580,5.34,5.92,8.62,-3.28,5.675986023,15.9911027,6540,7260
5/26/2018,6660,5.02,5.34,8.12,-3.1,5.664826177,16.67709007,6580,7330
5/27/2018,6850,4.7,5.02,8.04,-3.34,3.83905413,15.61744505,6660,7070
5/28/2018,6760,4.44,4.7,7.6,-3.16,2.353928251,12.40549533,6850,6550
5/29/2018,6460,4.26,4.44,6.9,-2.64,2.624955724,11.61620484,6760,6120
5/30/2018,5950,4.06,4.26,6.28,-2.22,1.413321233,14.35727224,6460,6200
5/31/2018,5160,3.78,4.06,5.92,-2.14,0.89736565,16.08877472,5950,6540
6/1/2018,4940,3.44,3.78,5.34,-1.9,0.879133876,13.17894635,5160,6580
6/2/2018,4870,3.2,3.44,5.02,-1.82,0.879133876,11.67036678,4940,6660
6/3/2018,4310,2.96,3.2,4.7,-1.74,0.879133876,15.05780767,4870,6850
6/4/2018,3900,2.74,2.96,4.44,-1.7,0.879811092,17.11349262,4310,6760
6/5/2018,3560,2.38,2.74,4.26,-1.88,0.579546132,19.32228511,3900,6460
6/6/2018,3540,2.04,2.38,4.06,-2.02,0.000677216,18.2290854,3560,5950
6/7/2018,3380,1.72,2.04,3.78,-2.06,0.000677216,18.19268342,3540,5160
6/8/2018,3150,1.34,1.72,3.44,-2.1,0.000677216,17.9937122,3380,4940
6/9/2018,2900,0.98,1.34,3.2,-2.22,0.000677216,18.50578742,3150,4870
6/10/2018,2680,0.56,0.98,2.96,-2.4,0.000677216,16.3023135,2900,4310
6/11/2018,2450,0.14,0.56,2.74,-2.6,0,13.22862195,2680,3900
6/12/2018,2200,0,0.14,2.38,-2.38,0,16.07676529,2450,3560
6/13/2018,1990,0,0,2.04,-2.04,0,18.67109461,2200,3540
6/14/2018,1720,0,0,1.72,-1.72,0,19.84616598,1990,3380
6/15/2018,1560,0,0,1.34,-1.34,0,19.87231565,1720,3150
6/16/2018,1460,0,0,0.98,-0.98,0.185781895,17.52871945,1560,2900
6/17/2018,1410,0,0,0.56,-0.56,2.334297678,15.95283019,1460,2680
6/18/2018,1340,0,0,0.14,-0.14,9.589450035,16.13245367,1410,2450
6/19/2018,1510,0,0,0,0,9.636977227,13.63942232,1340,2200
6/20/2018,1450,0,0,0,0,10.04101109,14.3035998,1510,1990
6/21/2018,1250,0,0,0,0,10.04101109,17.27767413,1450,1720
6/22/2018,1070,0,0,0,0,10.04101109,16.7941677,1250,1560
6/23/2018,901,0,0,0,0,9.884795984,15.68092849,1070,1460
6/24/2018,822,0,0,0,0,8.188028709,13.6712717,901,1410
6/25/2018,711,0,0,0,0,1.75713003,16.33125665,822,1340
6/26/2018,632,0,0,0,0,1.709602838,19.88074722,711,1510
6/27/2018,666,0,0,0,0,1.30556898,21.35483513,632,1450
6/28/2018,607,0,0,0,0,1.30556898,21.09307409,666,1250
6/29/2018,526,0,0,0,0,1.30556898,18.06267646,607,1070
6/30/2018,453,0,0,0,0,1.276002187,14.35901912,526,901
7/1/2018,383,0,0,0,0,0.829185148,15.34700932,453,822
7/2/2018,336,0,0,0,0,0.004931469,18.53151842,383,711
7/3/2018,302,0,0,0,0,0.004931469,19.93943943,336,632
7/4/2018,294,0,0,0,0,0.004931469,19.86549542,302,666
7/5/2018,241,0,0,0,0,0.004931469,21.53732446,294,607
7/6/2018,212,0,0,0,0,0.004931469,22.2836009,241,526
7/7/2018,199,0,0,0,0,0.325100215,22.80279833,212,453
7/8/2018,198,0,0,0,0,0.480303198,23.28672109,199,383
7/9/2018,198,0,0,0,0,0.480340071,23.77386614,198,336
7/10/2018,199,0,0,0,0,0.480340071,23.08477333,198,302
7/11/2018,223,0,0,0,0,0.841756212,21.23218833,199,294
7/12/2018,198,0,0,0,0,2.344464824,19.89825008,223,241
7/13/2018,190,0,0,0,0,2.344464824,21.54292405,198,212
7/14/2018,177,0,0,0,0,2.024296078,21.76507727,190,199
7/15/2018,164,0,0,0,0,1.864164833,20.25817862,177,198
7/16/2018,157,0,0,0,0,2.200823303,20.91440218,164,198
7/17/2018,157,0,0,0,0,2.214595935,20.61749985,157,199
7/18/2018,132,0,0,0,0,1.853179794,20.89874157,157,223
7/19/2018,121,0,0,0,0,0.350471182,21.63890049,132,198
7/20/2018,130,0,0,0,0,0.350471182,21.86854746,121,190
7/21/2018,142,0,0,0,0,0.350471182,22.70040093,130,177
7/22/2018,124,0,0,0,0,0.451238055,21.54561209,142,164
7/23/2018,94.2,0,0,0,0,1.118988099,20.24281144,124,157
7/24/2018,84.1,0,0,0,0,1.200683715,21.19306891,94.2,157
7/25/2018,89.8,0,0,0,0,1.200683715,20.05690905,84.1,132
7/26/2018,75.6,0,0,0,0,1.307094887,19.43848821,89.8,121
7/27/2018,70.5,0,0,0,0,1.307094887,19.50880316,75.6,130
7/28/2018,75.5,0,0,0,0,1.42153847,19.63334617,70.5,142
7/29/2018,68.7,0,0,0,0,1.452873672,18.62190949,75.5,124
7/30/2018,80.7,0,0,0,0,0.448428285,17.19591656,68.7,94.2
7/31/2018,80.1,0,0,0,0,0.352960037,18.83330962,80.7,84.1
8/1/2018,79.5,0,0,0,0,0.352960037,18.28566271,80.1,89.8
8/2/2018,73.8,0,0,0,0,0.279172984,19.63732663,79.5,75.6
8/3/2018,64.3,0,0,0,0,2.128987144,18.76869442,73.8,70.5
8/4/2018,75.0,0,0,0,0,6.532823124,19.10182618,64.3,75.5
8/5/2018,87.3,0,0,0,0,8.192211182,18.98856983,75.0,68.7
8/6/2018,132,0,0,0,0,8.650706452,17.09790845,87.3,80.7
8/7/2018,124,0,0,0,0,8.650706452,18.35518733,132,80.1
8/8/2018,114,0,0,0,0,8.650706452,19.33554703,124,79.5
8/9/2018,111,0,0,0,0,8.618082333,20.23513755,114,73.8
8/10/2018,118,0,0,0,0,6.768268173,21.03542165,111,64.3
8/11/2018,111,0,0,0,0,2.24998861,21.51782437,118,75.0
8/12/2018,93.2,0,0,0,0,0.458495271,22.10758642,111,87.3
8/13/2018,81.2,0,0,0,0,0,21.05597743,93.2,132
8/14/2018,76.4,0,0,0,0,0,19.13841688,81.2,124
8/15/2018,71.2,0,0,0,0,0.001438529,18.74050983,76.4,114
8/16/2018,68.2,0,0,0,0,0.003041717,19.5312113,71.2,111
8/17/2018,78.8,0,0,0,0,0.003041717,20.06489526,68.2,118
8/18/2018,77.1,0,0,0,0,1.679440696,16.72344307,78.8,111
8/19/2018,61.8,0,0,0,0,5.875164239,13.83345881,77.1,93.2
8/20/2018,44.6,0,0,0,0,5.88787271,16.31388735,61.8,81.2
8/21/2018,35.6,0,0,0,0,14.88730069,15.21789221,44.6,76.4
8/22/2018,82.2,0,0,0,0,19.51699696,15.92098663,35.6,71.2
8/23/2018,198,0,0,0,0,27.18971112,15.57330085,82.2,68.2
8/24/2018,214,0,0,0,0,28.62230203,16.95082012,198,78.8
8/25/2018,213,0,0,0,0,27.09020594,18.07422041,214,77.1
8/26/2018,179,0,0,0,0,23.27227052,18.16035079,213,61.8
8/27/2018,148,0,0,0,0,23.57436646,17.05876377,179,44.6
8/28/2018,138,0,0,0,0,14.58169325,14.32567099,148,35.6
8/29/2018,110,0,0,0,0,9.950558453,15.7584368,138,82.2
8/30/2018,93.2,0,0,0,0,2.281729664,17.26368643,110,198
8/31/2018,85.1,0,0,0,0,0.849138751,18.22718862,93.2,214
9/1/2018,83.0,0,0,0,0,0.704835861,16.60886172,85.1,213
9/2/2018,73.3,0,0,0,0,0.327047739,16.15166138,83.0,179
9/3/2018,66.7,0,0,0,0,0.012243328,16.11626697,73.3,148
9/4/2018,44.3,0,0,0,0,0.008898008,16.07484624,66.7,138
9/5/2018,35.8,0,0,0,0,0.008898008,16.17041801,44.3,110
9/6/2018,52.8,0,0,0,0,0.114470994,16.75618993,35.8,93.2
9/7/2018,47.3,0,0,0,0,0.309710982,15.8844511,52.8,85.1
9/8/2018,51.4,0,0,0,0,0.309710982,16.31259172,47.3,83.0
9/9/2018,63.1,0,0,0,0,0.356988532,16.61150422,51.4,73.3
9/10/2018,71.6,0,0,0,0,0.356988532,17.5202411,63.1,66.7
9/11/2018,76.5,0,0,0,0,0.359200821,18.77380504,71.6,44.3
9/12/2018,71.3,0,0,0,0,0.359200821,18.29107276,76.5,35.8
9/13/2018,68.6,0,0,0,0,0.248139273,17.72169112,71.3,52.8
9/14/2018,73.2,0,0,0,0,0.052899286,17.49172875,68.6,47.3
9/15/2018,69.0,0,0,0,0,0.052899286,17.99806037,73.2,51.4
9/16/2018,63.9,0,0,0,0,0.005621735,18.59372997,69.0,63.1
9/17/2018,56.1,0,0,0,0,0.005621735,18.43834515,63.9,71.6
9/18/2018,56.4,0,0,0,0,0.500775453,18.54677861,56.1,76.5
9/19/2018,53.5,0,0,0,0,0.500775453,16.8768756,56.4,71.3
9/20/2018,53.8,0,0,0,0,0.500775453,13.16341911,53.5,68.6
9/21/2018,50.7,0,0,0,0,0.500775453,12.62682835,53.8,73.2
9/22/2018,44.2,0,0,0,0,0.500775453,14.10785092,50.7,69.0
9/23/2018,37.6,0,0,0,0,0.500775453,14.42238918,44.2,63.9
9/24/2018,39.3,0,0,0,0,4.335439033,11.41809978,37.6,56.1
9/25/2018,46.1,0,0,0,0,4.356293986,7.286398184,39.3,56.4
9/26/2018,49.0,0,0,0,0,4.356293986,9.55803775,46.1,53.5
9/27/2018,49.9,0,0,0,0,4.356293986,11.5381887,49.0,53.8
9/28/2018,48.1,0,0,0,0,4.366153823,12.95927788,49.9,50.7
9/29/2018,56.3,0,0,0,0,4.366153823,15.24071571,48.1,44.2
9/30/2018,54.4,0,0,0,0,4.366509196,15.21877779,56.3,37.6
10/1/2018,53.6,0,0,0,0,0.596577556,14.00830745,54.4,39.3
10/2/2018,61.6,0,0,0,0,0.074947151,12.83947259,53.6,46.1
10/3/2018,54.6,0,0,0,0,5.165913313,12.78721703,61.6,49.0
10/4/2018,96.7,0,0,0,0,11.79796444,8.986125331,54.6,49.9
10/5/2018,93.6,0,0,0,0,23.74593291,5.427439426,96.7,48.1
10/6/2018,144,0.18,0,0,0.18,28.48199145,3.915267753,93.6,56.3
10/7/2018,206,0.28,0.18,0,0.28,37.72551978,4.150231873,144,54.4
10/8/2018,357,0.16,0.28,0,0.16,44.38979382,2.021472578,206,53.6
10/9/2018,486,0.26,0.16,0,0.26,55.01328448,2.190490327,357,61.6
10/10/2018,503,0.3,0.26,0,0.3,54.29292049,0.684941806,486,54.6
10/11/2018,590,0.66,0.3,0,0.66,53.7159017,1.518022548,503,96.7
10/12/2018,502,1.14,0.66,0,1.14,45.37466622,3.916154454,590,93.6
10/13/2018,415,1.1,1.14,0.18,0.92,40.65834452,2.892931021,502,144
10/14/2018,482,1.32,1.1,0.28,1.04,32.96178449,-4.165115529,415,206
10/15/2018,499,1.32,1.32,0.16,1.16,26.48115038,-2.83516668,482,357
10/16/2018,387,1.34,1.32,0.26,1.08,16.06495732,2.56618471,499,486
10/17/2018,356,1.38,1.34,0.3,1.08,12.17892734,5.576478191,387,503
10/18/2018,325,1.32,1.38,0.66,0.66,6.131105845,5.184333704,356,590
10/19/2018,300,1.3,1.32,1.14,0.16,2.514513026,6.06847082,325,502
10/20/2018,286,1.26,1.3,1.1,0.16,2.520106549,7.878910676,300,415
10/21/2018,304,1.14,1.26,1.32,-0.18,1.031455285,8.90212689,286,482
10/22/2018,321,1.06,1.14,1.32,-0.26,0.783217023,9.825862444,304,499
10/23/2018,318,0.98,1.06,1.34,-0.36,0.628844249,8.362685551,321,387
10/24/2018,313,0.88,0.98,1.38,-0.5,2.120123281,6.928151695,318,356
10/25/2018,317,0.78,0.88,1.32,-0.54,2.18694927,5.478831549,313,325
10/26/2018,331,0.74,0.78,1.3,-0.56,2.18694927,5.728078062,317,300
10/27/2018,337,0.66,0.74,1.26,-0.6,2.161618898,8.519357329,331,286
10/28/2018,365,0.6,0.66,1.14,-0.54,2.102946489,9.539348797,337,304
10/29/2018,350,0.6,0.6,1.06,-0.46,2.10281289,8.381114328,365,321
10/30/2018,329,0.6,0.6,0.98,-0.38,2.049888057,1.653854801,350,318
10/31/2018,312,0.6,0.6,0.88,-0.28,0.07403683,-1.0022123,329,313
11/1/2018,316,0.66,0.6,0.78,-0.12,1.634715536,1.012492201,312,317
11/2/2018,318,0.82,0.66,0.74,0.08,2.484893222,5.005515494,316,331
11/3/2018,311,1.2,0.82,0.66,0.54,4.037918242,2.176265125,318,337
11/4/2018,292,1.64,1.2,0.6,1.04,5.65351549,-0.897135086,311,365
11/5/2018,307,2.76,1.64,0.6,2.16,13.6521725,0.202788525,292,350
11/6/2018,316,3.06,2.76,0.6,2.46,15.04028841,-1.541181061,307,329
11/7/2018,334,3.2,3.06,0.6,2.6,15.89804637,-2.674182813,316,312
11/8/2018,354,3.26,3.2,0.66,2.6,14.76814527,-4.642821965,334,316
11/9/2018,330,3.26,3.26,0.82,2.44,14.09327445,-4.369718106,354,318
11/10/2018,312,3.26,3.26,1.2,2.06,12.63301976,-2.236140573,330,311
11/11/2018,309,3.26,3.26,1.64,1.62,11.01761514,-6.648878761,312,292
11/12/2018,220,3.28,3.26,2.76,0.52,3.106347499,-8.091141106,309,307
11/13/2018,202,3.26,3.28,3.06,0.2,1.718365196,-3.933373811,220,316
11/14/2018,192,3.28,3.26,3.2,0.08,0.979430432,0.004365882,202,334
11/15/2018,213,3.32,3.28,3.26,0.06,0.517228333,1.306617282,192,354
11/16/2018,225,3.32,3.32,3.26,0.06,0.34192147,1.361951604,213,330
11/17/2018,270,3.34,3.32,3.26,0.08,0.339879968,-4.547843398,225,312
11/18/2018,281,3.58,3.34,3.26,0.32,2.212447076,-6.979217741,270,309
11/19/2018,235,3.58,3.58,3.28,0.3,2.125057708,-2.863690116,281,220
11/20/2018,218,3.58,3.58,3.26,0.32,2.152163138,-0.120798299,235,202
11/21/2018,238,3.6,3.58,3.28,0.32,2.033339935,0.55004251,218,192
11/22/2018,266,3.6,3.6,3.32,0.28,3.490529222,-1.25561469,238,213
11/23/2018,283,4.08,3.6,3.32,0.76,7.131801789,-1.837625325,266,225
11/24/2018,291,4.46,4.08,3.34,1.12,10.15153933,-2.116541776,283,270
11/25/2018,303,5.46,4.46,3.58,1.88,16.57543064,-6.512101655,291,281
11/26/2018,279,5.48,5.46,3.58,1.9,16.70316109,-6.418671542,303,235
11/27/2018,252,5.52,5.48,3.58,1.94,17.22665902,-3.314931858,279,218
11/28/2018,280,5.6,5.52,3.6,2,17.60583305,-1.111004579,252,238
11/29/2018,310,5.96,5.6,3.6,2.36,21.79226928,-0.559274047,280,266
11/30/2018,312,6.32,5.96,4.08,2.24,23.02431087,-2.01419599,310,283
12/1/2018,298,6.64,6.32,4.46,2.18,23.95270499,-6.583588254,312,291
12/2/2018,269,6.9,6.64,5.46,1.44,17.42676327,-9.418333328,298,303
12/3/2018,235,6.9,6.9,5.48,1.42,18.03684738,-9.361598177,269,279
12/4/2018,205,7.12,6.9,5.52,1.6,20.45635692,-11.50132513,235,252
12/5/2018,179,7.18,7.12,5.6,1.58,20.51538736,-10.34491368,205,280
12/6/2018,261,7.44,7.18,5.96,1.48,17.14171067,-5.558346943,179,310
12/7/2018,318,7.56,7.44,6.32,1.24,12.98902721,-3.609694806,261,312
12/8/2018,332,7.6,7.56,6.64,0.96,9.282467008,-2.999382769,318,298
12/9/2018,333,7.7,7.6,6.9,0.8,7.836688448,-5.281277021,332,269
12/10/2018,355,7.76,7.7,6.9,0.86,7.101455009,-5.755898388,333,235
12/11/2018,372,7.78,7.76,7.12,0.66,4.14759959,-3.699746883,355,205
12/12/2018,353,7.78,7.78,7.18,0.6,3.709395132,-5.785438835,372,179
12/13/2018,272,8.18,7.78,7.44,0.74,3.224515928,-8.171620026,353,261
12/14/2018,234,8.2,8.18,7.56,0.64,2.517089009,-5.109655453,272,318
12/15/2018,262,8.22,8.2,7.6,0.62,2.663893929,-2.36868536,234,332
12/16/2018,296,8.22,8.22,7.7,0.52,2.338963162,-0.757382242,262,333
12/17/2018,287,8.22,8.22,7.76,0.46,2.336382029,-1.396207567,296,355
12/18/2018,289,8.24,8.22,7.78,0.46,2.36162003,-1.74655389,287,372
12/19/2018,311,8.36,8.24,7.78,0.58,3.274604928,-2.516459395,289,353
12/20/2018,313,8.66,8.36,8.18,0.48,2.072637624,-3.985025188,311,272
12/21/2018,310,8.7,8.66,8.2,0.5,2.059433851,-2.346086869,313,234
12/22/2018,315,8.82,8.7,8.22,0.6,3.741278387,-7.017021133,310,262
12/23/2018,297,9.12,8.82,8.22,0.9,4.647764328,-7.123117454,315,296
12/24/2018,304,9.2,9.12,8.22,0.98,6.643918083,-4.144037003,297,287
12/25/2018,304,9.58,9.2,8.24,1.34,9.37836242,-2.889425862,304,289
12/26/2018,297,9.64,9.58,8.36,1.28,10.31313952,-6.308453992,304,311
12/27/2018,291,9.86,9.64,8.66,1.2,10.81761103,-12.47173484,297,313
12/28/2018,270,9.86,9.86,8.7,1.16,10.84132524,-13.96405631,291,310
12/29/2018,278,9.86,9.86,8.82,1.04,8.680375505,-13.8278747,270,315
12/30/2018,306,9.9,9.86,9.12,0.78,8.23923212,-7.436850765,278,297
12/31/2018,331,10.1,9.9,9.2,0.9,8.094475232,-13.75067875,306,304
1/1/2019,300,10.1,10.1,9.58,0.52,6.825063835,-17.9727262,331,304
1/2/2019,288,10.1,10.1,9.64,0.46,4.97730184,-14.97065454,300,297
1/3/2019,303,10.12,10.1,9.86,0.26,3.956202594,-9.864384715,288,291
1/4/2019,332,10.16,10.12,9.86,0.3,4.006751505,-4.829780606,303,270
1/5/2019,366,10.18,10.16,9.86,0.32,4.064472999,-3.487899492,332,278
1/6/2019,399,10.22,10.18,9.9,0.32,3.712090379,-3.299006761,366,306
1/7/2019,381,10.76,10.22,10.1,0.66,8.590286377,-3.855072496,399,331
1/8/2019,373,11.06,10.76,10.1,0.96,10.05628019,-2.879566405,381,300
1/9/2019,403,11.14,11.06,10.1,1.04,10.05628019,-1.698881127,373,288
1/10/2019,381,11.14,11.14,10.12,1.02,9.947193258,-1.974440415,403,303
1/11/2019,361,11.14,11.14,10.16,0.98,10.08318815,-4.400608742,381,332
1/12/2019,340,11.14,11.14,10.18,0.96,10.37243466,-7.086906373,361,366
1/13/2019,311,11.14,11.14,10.22,0.92,10.25947473,-8.939467731,340,399
1/14/2019,317,11.14,11.14,10.76,0.38,3.529881863,-9.628810688,311,381
1/15/2019,324,11.14,11.14,11.06,0.08,0.724722395,-6.659797942,317,373
1/16/2019,359,11.22,11.14,11.14,0.08,3.558404466,-3.362633462,324,403
1/17/2019,334,12.12,11.22,11.14,0.98,11.08081047,-1.820892231,359,381
1/18/2019,320,12.88,12.12,11.14,1.74,24.78873714,-3.738917411,334,361
1/19/2019,318,13.94,12.88,11.14,2.8,33.55718113,-6.93708903,320,340
1/20/2019,321,13.98,13.94,11.14,2.84,33.74784589,-2.780541409,318,311
1/21/2019,331,14.06,13.98,11.14,2.92,33.95448156,-4.031793929,321,317
1/22/2019,336,14.22,14.06,11.14,3.08,35.99097679,-9.081632806,331,324
1/23/2019,302,14.28,14.22,11.22,3.06,33.44815228,-10.86990137,336,359
1/24/2019,335,14.7,14.28,12.12,2.58,31.65264973,-6.540623192,302,334
1/25/2019,336,15.26,14.7,12.88,2.38,22.17342744,-6.044554304,335,320
1/26/2019,336,15.52,15.26,13.94,1.58,15.2279657,-5.37137034,336,318
1/27/2019,331,15.68,15.52,13.98,1.7,15.88223886,-3.876187905,336,321
1/28/2019,318,15.74,15.68,14.06,1.68,15.99174907,-8.975435051,331,331
1/29/2019,298,15.74,15.74,14.22,1.52,13.78775748,-10.31320847,318,336
1/30/2019,306,15.76,15.74,14.28,1.48,13.49689991,-9.654961449,298,302
1/31/2019,317,15.76,15.76,14.7,1.06,7.785954065,-6.638885797,306,335
2/1/2019,317,15.76,15.76,15.26,0.5,3.346991666,-4.211929802,317,336
2/2/2019,312,15.76,15.76,15.52,0.24,1.356408194,-2.402069697,317,336
2/3/2019,332,15.8,15.76,15.68,0.12,0.82043457,-0.142276425,312,331
2/4/2019,305,15.98,15.8,15.74,0.24,4.92626316,0.126123626,332,318
2/5/2019,287,16.06,15.98,15.74,0.32,6.147757738,-1.267743129,305,298
2/6/2019,302,16.56,16.06,15.76,0.8,16.26892307,-9.343160026,287,306
2/7/2019,275,16.88,16.56,15.76,1.12,20.63409445,-14.95933374,302,317
2/8/2019,271,17.02,16.88,15.76,1.26,22.83743292,-12.48203167,275,317
2/9/2019,327,17.12,17.02,15.76,1.36,23.24177058,-8.196622158,271,312
2/10/2019,342,17.12,17.12,15.8,1.32,22.98987864,-6.891326371,327,332
2/11/2019,316,17.14,17.12,15.98,1.16,18.7990501,-9.547749291,342,305
2/12/2019,301,17.2,17.14,16.06,1.14,18.0405373,-8.955770322,316,287
2/13/2019,331,17.28,17.2,16.56,0.72,7.960257353,-3.654330553,301,302
2/14/2019,295,18.02,17.28,16.88,1.14,11.51825942,0.264831385,331,275
2/15/2019,295,18.92,18.02,17.02,1.9,17.06009134,0.492808918,295,271
2/16/2019,297,19.24,18.92,17.12,2.12,20.73509386,-6.132478461,295,327
2/17/2019,291,19.64,19.24,17.12,2.52,22.97405663,-9.369840563,297,342
2/18/2019,293,19.76,19.64,17.14,2.62,22.82876769,-10.9322875,291,316
2/19/2019,303,19.84,19.76,17.2,2.64,24.14789977,-13.20115209,293,301
2/20/2019,300,19.92,19.84,17.28,2.64,24.79103337,-12.19770041,303,331
2/21/2019,292,20.02,19.92,18.02,2,17.83451727,-8.527187927,300,295
2/22/2019,285,20.06,20.02,18.92,1.14,11.27594846,-8.891992841,292,295
2/23/2019,304,20.14,20.06,19.24,0.9,8.114687728,-12.35923681,285,297
2/24/2019,309,20.18,20.14,19.64,0.54,6.05302079,-7.854098868,304,291
2/25/2019,312,20.24,20.18,19.76,0.48,6.055305885,-4.023134341,309,293
2/26/2019,294,20.24,20.24,19.84,0.4,4.608836913,-0.666035619,312,303
2/27/2019,295,20.26,20.24,19.92,0.34,3.931820704,-0.345853719,294,300
2/28/2019,289,20.44,20.26,20.02,0.42,4.184319024,0.13877376,295,292
3/1/2019,297,20.66,20.44,20.06,0.6,4.859899474,-1.136061802,289,285
3/2/2019,278,21.3,20.66,20.14,1.16,9.079897312,-4.534818994,297,304
3/3/2019,306,22.12,21.3,20.18,1.94,17.84419963,-10.25402417,278,309
3/4/2019,329,22.44,22.12,20.24,2.2,19.91718337,-11.57509184,306,312
3/5/2019,339,22.52,22.44,20.24,2.28,19.85764253,-7.099918665,329,294
3/6/2019,373,22.72,22.52,20.26,2.46,21.4392843,-0.557267071,339,295
3/7/2019,449,23.72,22.72,20.44,3.28,30.08868377,1.568791054,373,289
3/8/2019,596,23.84,23.72,20.66,3.18,30.0501092,-0.635327697,449,297
3/9/2019,635,24.8,23.84,21.3,3.5,34.38475397,-4.283324806,596,278
3/10/2019,583,25.14,24.8,22.12,3.02,27.62444521,-2.925969849,635,306
3/11/2019,600,25.26,25.14,22.44,2.82,28.1300448,-2.082273262,583,329
3/12/2019,627,25.44,25.26,22.52,2.92,29.59979469,-1.018371144,600,339
3/13/2019,674,25.98,25.44,22.72,3.26,40.16558104,-3.84758531,627,373
3/14/2019,685,26.36,25.98,23.72,2.64,39.00120226,-6.682017227,674,449
3/15/2019,712,26.4,26.36,23.84,2.56,37.18569837,-7.687513793,685,596
3/16/2019,720,26.46,26.4,24.8,1.66,27.81489531,-4.271349958,712,635
3/17/2019,727,26.56,26.46,25.14,1.42,26.0858106,-2.177745665,720,583
3/18/2019,746,26.6,26.56,25.26,1.34,23.423636,-1.726701938,727,600
3/19/2019,747,26.62,26.6,25.44,1.18,21.68872985,-3.336729602,746,627
3/20/2019,746,26.64,26.62,25.98,0.66,9.534298953,-2.304590664,747,674
3/21/2019,859,26.62,26.64,26.36,0.26,0.814164993,0.66136171,746,685
3/22/2019,992,26.6,26.62,26.4,0.2,1.32336939,-0.154033249,859,712
3/23/2019,1010,26.6,26.6,26.46,0.14,1.438951288,1.022202133,992,720
3/24/2019,1100,26.6,26.6,26.56,0.04,1.374409928,1.304526565,1010,727
3/25/2019,1260,26.72,26.6,26.6,0.12,2.580998708,1.11395131,1100,746
3/26/2019,1430,26.92,26.72,26.62,0.3,2.641760359,4.078472193,1260,747
3/27/2019,1350,26.9,26.92,26.64,0.26,2.650345689,6.638434923,1430,746
3/28/2019,1400,26.66,26.9,26.62,0.04,2.650345689,5.323852349,1350,859
3/29/2019,1570,26.58,26.66,26.6,-0.02,2.133037731,-0.285166857,1400,992
3/30/2019,1620,26.72,26.58,26.6,0.12,3.422518082,-1.908073825,1570,1010
3/31/2019,1480,26.9,26.72,26.6,0.3,2.977782417,-0.910155291,1620,1100
4/1/2019,1240,26.9,26.9,26.72,0.18,1.766642818,0.435346632,1480,1260
4/2/2019,1140,26.94,26.9,26.92,0.02,2.688504042,3.367714215,1240,1430
4/3/2019,1130,27.2,26.94,26.9,0.3,5.332495009,4.75669843,1140,1350
4/4/2019,1270,27.18,27.2,26.66,0.52,8.880968214,5.851949595,1130,1400
4/5/2019,1640,27.06,27.18,26.58,0.48,9.306777114,7.093027742,1270,1570
4/6/2019,2050,26.76,27.06,26.72,0.04,7.62042906,5.409520199,1640,1620
4/7/2019,2380,26.66,26.76,26.9,-0.24,8.963689442,5.180293837,2050,1480
4/8/2019,2740,26.5,26.66,26.9,-0.4,9.070593384,7.849811346,2380,1240
4/9/2019,3090,26.2,26.5,26.94,-0.74,8.077022725,8.078409329,2740,1140
4/10/2019,3760,25.84,26.2,27.2,-1.36,7.009066579,-0.679235098,3090,1130
4/11/2019,4340,25.98,25.84,27.18,-1.2,8.761646552,-2.629838292,3760,1270
4/12/2019,3780,26.22,25.98,27.06,-0.84,10.17740248,-1.127184928,4340,1640
4/13/2019,2890,26.44,26.22,26.76,-0.32,12.97295174,0.765756268,3780,2050
4/14/2019,2530,26.7,26.44,26.66,0.04,12.45558097,2.842369975,2890,2380
4/15/2019,2190,26.74,26.7,26.5,0.24,13.68453478,6.824537984,2530,2740
4/16/2019,1970,26.5,26.74,26.2,0.3,14.30620128,7.099751556,2190,3090
4/17/2019,2260,26.12,26.5,25.84,0.28,13.60074331,6.149739019,1970,3760
4/18/2019,2920,25.82,26.12,25.98,-0.16,8.443683073,7.932113204,2260,4340
4/19/2019,3900,25.56,25.82,26.22,-0.66,6.620277088,9.538325853,2920,3780
4/20/2019,4780,25.02,25.56,26.44,-1.42,3.824727831,11.2381776,3900,2890
4/21/2019,5430,24.22,25.02,26.7,-2.48,2.998838221,7.510726935,4780,2530
4/22/2019,6090,23.72,24.22,26.74,-3.02,3.008182251,7.499174928,5430,2190
4/23/2019,6140,23.4,23.72,26.5,-3.1,2.386515757,7.912298966,6090,1970
4/24/2019,6290,22.76,23.4,26.12,-3.36,1.507353572,9.907121891,6140,2260
4/25/2019,6990,22,22.76,25.82,-3.82,1.363360632,9.956231482,6290,2920
4/26/2019,7710,21.36,22,25.56,-4.2,1.345201788,10.11884837,6990,3900
4/27/2019,9210,20.98,21.36,25.02,-4.04,5.704506769,8.45847971,7710,4780
4/28/2019,11300,20.4,20.98,24.22,-3.82,6.345559885,7.236855624,9210,5430
4/29/2019,12100,20.16,20.4,23.72,-3.56,5.523052847,0.302021479,11300,6090
4/30/2019,10800,21.24,20.16,23.4,-2.16,22.49487955,3.235022236,12100,6140
5/1/2019,9940,22.22,21.24,22.76,-0.54,40.63808851,0.858354836,10800,6290
5/2/2019,10100,22.56,22.22,22,0.56,44.09279184,3.170563875,9940,6990
5/3/2019,8550,22.48,22.56,21.36,1.12,44.1978796,5.964257751,10100,7710
5/4/2019,6540,22.18,22.48,20.98,1.2,39.83857462,7.708429699,8550,9210
5/5/2019,5990,21.66,22.18,20.4,1.26,39.20924206,9.3097467,6540,11300
5/6/2019,6240,21.22,21.66,20.16,1.06,38.79796341,10.38839258,5990,12100
5/7/2019,7160,20.8,21.22,21.24,-0.44,21.85251557,9.60912281,6240,10800
5/8/2019,8420,20.42,20.8,22.22,-1.8,4.123921678,3.773298992,7160,9940
5/9/2019,9430,20.52,20.42,22.56,-2.04,2.580226941,3.041590708,8420,10100
5/10/2019,9130,20.84,20.52,22.48,-1.64,4.029607194,4.739470933,9430,8550
5/11/2019,7010,21,20.84,22.18,-1.18,4.262758483,6.483811124,9130,6540
5/12/2019,6010,20.64,21,21.66,-1.02,4.415295833,9.548774102,7010,5990
5/13/2019,5720,20.14,20.64,21.22,-1.08,4.323074028,12.16831783,6010,6240
5/14/2019,6590,19.66,20.14,20.8,-1.14,4.342611313,13.18999909,5720,7160
5/15/2019,8110,19.64,19.66,20.42,-0.78,3.952852252,13.46030904,6590,8420
5/16/2019,9310,19.74,19.64,20.52,-0.78,2.041843655,14.15196022,8110,9430
5/17/2019,10300,19.4,19.74,20.84,-1.44,0.726215389,7.750203594,9310,9130
5/18/2019,11400,19.44,19.4,21,-1.56,3.334680099,5.232776047,10300,7010
5/19/2019,10700,19.26,19.44,20.64,-1.38,3.843726721,5.730598554,11400,6010
5/20/2019,8950,19.14,19.26,20.14,-1,6.087297283,5.462523254,10700,5720
5/21/2019,7710,19.3,19.14,19.66,-0.36,14.13517111,2.605269562,8950,6590
5/22/2019,7380,19.7,19.3,19.64,0.06,22.30278433,4.032915821,7710,8110
5/23/2019,7160,19.76,19.7,19.74,0.02,28.0410997,5.595926245,7380,9310
5/24/2019,6210,19.56,19.76,19.4,0.16,34.43955732,6.624420338,7160,10300
5/25/2019,6670,19.38,19.56,19.44,-0.06,32.57515218,9.177046567,6210,11400
5/26/2019,5810,19.04,19.38,19.26,-0.22,32.04487407,11.0200146,6670,10700
5/27/2019,5590,18.62,19.04,19.14,-0.52,29.86634338,7.7970988,5810,8950
5/28/2019,6130,18.58,18.62,19.3,-0.72,27.64992821,4.537261971,5590,7710
5/29/2019,6800,19.24,18.58,19.7,-0.46,27.75112356,6.614256032,6130,7380
5/30/2019,7650,19.22,19.24,19.76,-0.54,23.45655241,8.619789137,6800,7160
5/31/2019,7160,19.08,19.22,19.56,-0.48,17.50285908,10.88751007,7650,6210
6/1/2019,6610,18.74,19.08,19.38,-0.64,17.04211156,13.08272736,7160,6670
6/2/2019,6640,18.3,18.74,19.04,-0.74,16.9550667,13.82608835,6610,5810
6/3/2019,7650,17.68,18.3,18.62,-0.94,17.32776885,13.42093489,6640,5590
6/4/2019,9040,16.94,17.68,18.58,-1.64,12.29537536,13.22503575,7650,6130
6/5/2019,9970,16.12,16.94,19.24,-3.12,4.238324212,14.46080296,9040,6800
6/6/2019,10600,15.26,16.12,19.22,-3.96,3.708789314,15.22049043,9970,7650
6/7/2019,11200,14.1,15.26,19.08,-4.98,3.146510067,15.94492841,10600,7160
6/8/2019,12400,12.9,14.1,18.74,-5.84,2.881163414,10.3121284,11200,6610
6/9/2019,13600,12.02,12.9,18.3,-6.28,2.825181856,7.331866371,12400,6640
6/10/2019,14000,11.44,12.02,17.68,-6.24,2.368245536,10.86339667,13600,7650
6/11/2019,12400,10.58,11.44,16.94,-6.36,1.523264221,12.92954915,14000,9040
6/12/2019,10800,9.76,10.58,16.12,-6.36,1.286650792,13.87154093,12400,9970
6/13/2019,10300,9.04,9.76,15.26,-6.22,0.372441481,15.1000686,10800,10600
6/14/2019,10500,8.24,9.04,14.1,-5.86,0.405841904,14.23433756,10300,11200
6/15/2019,11000,7.76,8.24,12.9,-5.14,2.578282603,14.1082726,10500,12400
6/16/2019,11300,7.46,7.76,12.02,-4.56,2.994200442,15.1566714,11000,13600
6/17/2019,11100,7.18,7.46,11.44,-4.26,3.491818425,14.29051808,11300,14000
6/18/2019,10900,6.96,7.18,10.58,-3.62,6.507705543,13.26525785,11100,12400
6/19/2019,11100,6.86,6.96,9.76,-2.9,13.97907439,14.52943873,10900,10800
6/20/2019,11500,6.6,6.86,9.04,-2.44,16.05556086,14.52573372,11100,10300
6/21/2019,11700,6.28,6.6,8.24,-1.96,29.13558127,6.850369227,11500,10500
6/22/2019,13400,7.26,6.28,7.76,-0.5,47.34232698,7.638422341,11700,11000
6/23/2019,15800,7.2,7.26,7.46,-0.26,51.84902358,8.704862774,13400,11300
6/24/2019,14500,7.44,7.2,7.18,0.26,56.95019598,13.24732677,15800,11100
6/25/2019,12900,7.26,7.44,6.96,0.3,54.8960844,15.67735018,14500,10900
6/26/2019,11400,6.8,7.26,6.86,-0.06,47.43562899,16.89013585,12900,11100
6/27/2019,10500,6.42,6.8,6.6,-0.18,45.35914252,17.39717236,11400,11500
6/28/2019,10200,6.12,6.42,6.28,-0.16,32.19434416,19.13301243,10500,11700
6/29/2019,10200,5.64,6.12,7.26,-1.62,11.56404106,19.99424149,10200,13400
6/30/2019,10400,5.2,5.64,7.2,-2,6.64142663,18.81189929,10200,15800
7/1/2019,10600,4.98,5.2,7.44,-2.46,2.815064884,18.1698406,10400,14500
7/2/2019,10500,4.54,4.98,7.26,-2.72,1.872532754,18.04627457,10600,12900
7/3/2019,10600,4.3,4.54,6.8,-2.5,2.044550476,18.58131071,10500,11400
7/4/2019,9460,3.92,4.3,6.42,-2.5,2.049520359,17.26329783,10600,10500
7/5/2019,8730,3.56,3.92,6.12,-2.56,1.979573093,16.35468049,9460,10200
7/6/2019,7720,3.2,3.56,5.64,-2.44,1.979573093,17.6740142,8730,10200
7/7/2019,6850,2.84,3.2,5.2,-2.36,1.979573093,17.39412741,7720,10400
7/8/2019,6230,2.56,2.84,4.98,-2.42,0.58412963,16.95876803,6850,10600
7/9/2019,5560,2.26,2.56,4.54,-2.28,0.834674758,16.41158799,6230,10500
7/10/2019,5020,1.88,2.26,4.3,-2.42,0.6517436,18.27707416,5560,10600
7/11/2019,4580,1.52,1.88,3.92,-2.4,0.646773717,20.49973142,5020,9460
7/12/2019,4110,1.1,1.52,3.56,-2.46,0.648871806,20.67133189,4580,8730
7/13/2019,3720,0.68,1.1,3.2,-2.52,0.674480064,20.45964781,4110,7720
7/14/2019,3460,0.34,0.68,2.84,-2.5,0.815919534,20.56587235,3720,6850
7/15/2019,3210,0.02,0.34,2.56,-2.54,0.438934353,19.91197428,3460,6230
7/16/2019,3010,0,0.02,2.26,-2.26,0.251646862,20.54672624,3210,5560
7/17/2019,2760,0,0,1.88,-1.88,0.251646862,20.44521104,3010,5020
7/18/2019,2460,0,0,1.52,-1.52,0.251646862,20.13146702,2760,4580
7/19/2019,2260,0,0,1.1,-1.1,0.249548773,20.76086776,2460,4110
7/20/2019,2020,0,0,0.68,-0.68,0.230433427,20.39588732,2260,3720
7/21/2019,1810,0,0,0.34,-0.34,0.199381312,20.38980973,2020,3460
7/22/2019,1680,0,0,0.02,-0.02,0.500957887,21.32402001,1810,3210
7/23/2019,1540,0,0,0,0,0.91982565,20.2743157,1680,3010
7/24/2019,1430,0,0,0,0,0.91982565,20.47087348,1540,2760
7/25/2019,1330,0,0,0,0,2.266621129,19.67327825,1430,2460
7/26/2019,1360,0,0,0,0,2.271013232,19.38109642,1330,2260
7/27/2019,1390,0,0,0,0,2.613969702,19.41672875,1360,2020
7/28/2019,1320,0,0,0,0,3.686414241,18.9457794,1390,1810
7/29/2019,1230,0,0,0,0,3.441279391,19.39653023,1320,1680
7/30/2019,1210,0,0,0,0,2.959750664,20.89610537,1230,1540
7/31/2019,1060,0,0,0,0,2.962308154,19.23448482,1210,1430
8/1/2019,996,0,0,0,0,4.138698605,18.0076538,1060,1330
8/2/2019,916,0,0,0,0,5.266839648,19.81188924,996,1360
8/3/2019,907,0,0,0,0,4.917390266,20.88430817,916,1390
8/4/2019,864,0,0,0,0,3.734558372,20.23325623,907,1320
8/5/2019,804,0,0,0,0,5.529261911,19.35174858,864,1230
8/6/2019,732,0,0,0,0,6.775061982,20.72704329,804,1210
8/7/2019,738,0,0,0,0,6.772504492,20.17336415,732,1060
8/8/2019,729,0,0,0,0,4.58690455,19.05839142,738,996
8/9/2019,751,0,0,0,0,10.1011378,18.87922164,729,916
8/10/2019,623,0,0,0,0,10.46072719,19.27297777,751,907
8/11/2019,597,0,0,0,0,10.49925561,18.24084961,623,864
8/12/2019,575,0,0,0,0,11.01842517,16.93795868,597,804
8/13/2019,546,0,0,0,0,9.766593572,17.28693671,575,732
8/14/2019,567,0,0,0,0,9.766593572,18.76686886,546,738
8/15/2019,552,0,0,0,0,9.429007583,18.76146277,567,729
8/16/2019,508,0,0,0,0,2.782241187,18.27291339,552,751
8/17/2019,464,0,0,0,0,2.447006364,17.45490478,508,623
8/18/2019,446,0,0,0,0,2.653315921,18.38948593,464,597
8/19/2019,400,0,0,0,0,0.283001092,19.73596011,446,575
8/20/2019,376,0,0,0,0,0.269192538,20.21042134,400,546
8/21/2019,343,0,0,0,0,0.269192538,19.80344539,376,567
8/22/2019,324,0,0,0,0,0.269192538,19.27856428,343,552
8/23/2019,284,0,0,0,0,0.323265767,18.92994207,324,508
8/24/2019,254,0,0,0,0,0.298911202,17.1114222,284,464
8/25/2019,255,0,0,0,0,0.054073229,19.08129188,254,446
8/26/2019,235,0,0,0,0,0.054073229,16.30583841,255,400
8/27/2019,204,0,0,0,0,0.054073229,15.11607999,235,376
8/28/2019,195,0,0,0,0,0.054073229,17.68293372,204,343
8/29/2019,169,0,0,0,0,0.054073229,18.62107121,195,324
8/30/2019,153,0,0,0,0,0.021514784,19.37230655,169,284
8/31/2019,154,0,0,0,0,0.097792047,19.62791673,153,254
9/1/2019,152,0,0,0,0,0.097792047,20.47328158,154,255
9/2/2019,146,0,0,0,0,0.097792047,20.69896766,152,235
9/3/2019,153,0,0,0,0,0.097792047,19.73267205,146,204
9/4/2019,166,0,0,0,0,0.097792047,20.88107344,153,195
9/5/2019,157,0,0,0,0,0.097792047,20.60720691,166,169
9/6/2019,155,0,0,0,0,0.765254906,19.44417858,157,153
9/7/2019,162,0,0,0,0,2.841691965,16.71654357,155,154
9/8/2019,178,0,0,0,0,2.871847399,15.28906255,162,152
9/9/2019,224,0,0,0,0,10.24949995,13.54050485,178,146
9/10/2019,250,0,0,0,0,10.41728909,13.54416046,224,153
9/11/2019,264,0,0,0,0,11.85546133,10.24791889,250,166
9/12/2019,330,0.1,0,0,0.1,21.92647099,9.543007885,264,157
9/13/2019,341,0,0.1,0,0,21.27862381,11.9783703,330,155
9/14/2019,339,0,0,0,0,19.53834444,14.40010299,341,162
9/15/2019,388,0,0,0,0,19.50818901,16.24060116,339,178
9/16/2019,391,0,0,0,0,12.13212864,16.13048178,388,224
9/17/2019,365,0,0,0,0,11.96433951,13.25003313,391,250
9/18/2019,330,0,0,0,0,10.92953402,12.64787912,365,264
9/19/2019,293,0,0,0.1,-0.1,0.85852436,15.8749913,330,330
9/20/2019,263,0,0,0,0,0.817393901,12.00727035,293,341
9/21/2019,253,0,0,0,0,0.404958941,7.707034943,263,339
9/22/2019,251,0,0,0,0,0.404958941,8.907593293,253,388
9/23/2019,253,0,0,0,0,0.403366755,12.63124239,251,391
9/24/2019,255,0,0,0,0,0.403366755,11.88647164,253,365
9/25/2019,257,0,0,0,0,0,12.64671569,255,330
9/26/2019,242,0,0,0,0,0,13.45191519,257,293
9/27/2019,224,0,0,0,0,0,12.93479792,242,263
9/28/2019,220,0,0,0,0,1.345697463,14.41070422,224,253
9/29/2019,211,0,0,0,0,2.018067278,13.09588566,220,251
9/30/2019,214,0,0,0,0,3.391144124,9.739318326,211,253
10/1/2019,210,0,0,0,0,3.395659771,9.409425341,214,255
10/2/2019,215,0,0,0,0,3.395659771,5.762921998,210,257
10/3/2019,238,0,0,0,0,3.395659771,8.893202615,215,242
10/4/2019,248,0,0,0,0,3.395659771,9.057452597,238,224
10/5/2019,239,0,0,0,0,2.049962308,4.474058785,248,220
10/6/2019,243,0,0,0,0,1.377592493,4.477983082,239,211
10/7/2019,277,0,0,0,0,0.004515646,7.845272882,243,214
10/8/2019,302,0,0,0,0,0,9.758827786,277,210
10/9/2019,314,0,0,0,0,0,6.73011503,302,215
10/10/2019,316,0.14,0,0,0.14,2.05030989,-5.134537472,314,238
10/11/2019,293,0.28,0.14,0,0.28,2.594686709,-3.331078434,316,248
10/12/2019,310,0.28,0.28,0,0.28,2.782025937,2.915068161,293,239
10/13/2019,322,0.28,0.28,0,0.28,2.782025937,5.453792254,310,243
10/14/2019,330,0.22,0.28,0,0.22,2.782025937,7.221399843,322,277
10/15/2019,344,0.16,0.22,0,0.16,2.782025937,6.954801327,330,302
10/16/2019,357,0.12,0.16,0,0.12,2.782025937,9.824176354,344,314
10/17/2019,364,0.16,0.12,0.14,0.02,0.731716047,10.16033245,357,316
10/18/2019,384,0.2,0.16,0.28,-0.08,1.415324027,4.330335744,364,293
10/19/2019,384,0.46,0.2,0.28,0.18,4.05391126,1.893293054,384,310
10/20/2019,397,0.84,0.46,0.28,0.56,8.405641511,-1.634402094,384,322
10/21/2019,392,1.92,0.84,0.22,1.7,16.99564898,-0.515670213,397,330
10/22/2019,415,2.42,1.92,0.16,2.26,22.37211543,1.418316699,392,344
10/23/2019,443,2.54,2.42,0.12,2.42,22.99032686,-0.107077973,415,357
10/24/2019,454,2.74,2.54,0.16,2.58,24.57363299,-2.718203173,443,364
10/25/2019,472,2.74,2.74,0.2,2.54,23.36314966,1.737484134,454,384
10/26/2019,489,2.76,2.74,0.46,2.3,20.77658343,3.554522644,472,384
10/27/2019,476,2.76,2.76,0.84,1.92,17.84895484,-7.384051264,489,397
10/28/2019,445,3.02,2.76,1.92,1.1,14.46016316,-11.90078534,476,392
10/29/2019,419,3.2,3.02,2.42,0.78,14.98312579,-12.78642575,445,415
10/30/2019,346,3.44,3.2,2.54,0.9,18.0840403,-15.84187014,419,443
10/31/2019,420,3.46,3.44,2.74,0.72,17.49184559,-8.8015693,346,454
11/1/2019,451,3.58,3.46,2.74,0.84,19.76256786,-5.229970918,420,472
11/2/2019,462,3.58,3.58,2.76,0.82,19.52320763,-2.959548263,451,489
11/3/2019,522,3.6,3.58,2.76,0.84,18.10326011,1.03194142,462,476
11/4/2019,564,3.62,3.6,3.02,0.6,12.90204433,2.783059266,522,445
11/5/2019,566,3.62,3.62,3.2,0.42,7.002615247,3.007319665,564,419
11/6/2019,564,3.62,3.62,3.44,0.18,3.2834893,3.189241587,566,346
11/7/2019,565,3.62,3.62,3.46,0.16,2.292377884,1.331041494,564,420
11/8/2019,571,3.62,3.62,3.58,0.04,0.004154143,4.17960698,565,451
11/9/2019,579,3.64,3.62,3.58,0.06,0.004154143,6.137491382,571,462
11/10/2019,566,3.64,3.64,3.6,0.04,0,4.379424745,579,522
11/11/2019,566,3.64,3.64,3.62,0.02,0.000286352,-3.107188673,566,564
11/12/2019,584,3.64,3.64,3.62,0.02,0.000286352,-0.913864568,566,566
11/13/2019,591,3.62,3.64,3.62,0,0.000286352,2.899558042,584,564
11/14/2019,583,3.62,3.62,3.62,0,0.000286352,2.03169311,591,565
11/15/2019,534,3.62,3.62,3.62,0,0.000286352,5.39602921,583,571
11/16/2019,499,3.62,3.62,3.64,-0.02,0.000286352,2.983070637,534,579
11/17/2019,468,3.66,3.62,3.64,0.02,0.079489987,1.528253528,499,566
11/18/2019,445,3.66,3.66,3.64,0.02,0.079203634,4.479238968,468,566
11/19/2019,444,3.66,3.66,3.64,0.02,0.079203634,6.138866016,445,584
11/20/2019,455,3.68,3.66,3.62,0.06,0.794879081,2.066147859,444,591
11/21/2019,464,3.96,3.68,3.62,0.34,6.485291842,-2.102415529,455,583
11/22/2019,489,4.18,3.96,3.62,0.56,10.31580132,-3.142911913,464,534
11/23/2019,501,4.2,4.18,3.62,0.58,11.09804007,-2.265395314,489,499
11/24/2019,533,4.22,4.2,3.66,0.56,11.01883644,-0.876375904,501,468
11/25/2019,497,4.26,4.22,3.66,0.6,12.0847274,-2.48433661,533,445
11/26/2019,443,4.72,4.26,3.66,1.06,21.88175815,-9.238562536,497,444
11/27/2019,331,4.92,4.72,3.68,1.24,23.54476569,-7.068863082,443,455
11/28/2019,388,4.96,4.92,3.96,1,19.68182432,0.926377276,331,464
11/29/2019,423,4.96,4.96,4.18,0.78,15.8530139,0.743122075,388,489
11/30/2019,428,5.34,4.96,4.2,1.14,22.84691241,-6.745083751,423,501
12/1/2019,437,5.84,5.34,4.22,1.62,29.14920257,-7.474278982,428,533
12/2/2019,404,5.84,5.84,4.26,1.58,28.23816429,-3.413540323,437,497
12/3/2019,438,5.94,5.84,4.72,1.22,18.71213336,-1.060619942,404,443
12/4/2019,512,6.04,5.94,4.92,1.12,16.34627187,-0.992361772,438,331
12/5/2019,573,6.06,6.04,4.96,1.1,18.60077169,-0.932007541,512,388
12/6/2019,576,6.5,6.06,4.96,1.54,24.73019875,-0.873985217,573,423
12/7/2019,539,6.54,6.5,5.34,1.2,16.95406149,-0.62569385,576,428
12/8/2019,529,6.58,6.54,5.84,0.74,10.74699132,-0.395639585,539,437
12/9/2019,517,7.14,6.58,5.84,1.3,15.13327818,-3.274612192,529,404
12/10/2019,489,7.44,7.14,5.94,1.5,16.56965516,-4.558453539,517,438
12/11/2019,450,7.44,7.44,6.04,1.4,16.55683367,-4.346946747,489,512
12/12/2019,442,7.54,7.44,6.06,1.48,14.61548669,-2.517012061,450,573
12/13/2019,432,8.24,7.54,6.5,1.74,16.23820369,-2.459142533,442,576
12/14/2019,401,8.68,8.24,6.54,2.14,22.37205694,-5.193160225,432,539
12/15/2019,366,9.62,8.68,6.58,3.04,31.87721126,-11.31099222,401,529
12/16/2019,330,9.62,9.62,7.14,2.48,27.38020481,-13.13391616,366,517
12/17/2019,299,9.64,9.62,7.44,2.2,25.67282801,-12.02094784,330,489
12/18/2019,286,9.64,9.64,7.44,2.2,25.67788911,-8.11893742,299,450
12/19/2019,348,9.66,9.64,7.54,2.12,23.53726487,-6.666113196,286,442
12/20/2019,366,9.66,9.66,8.24,1.42,15.78342176,-5.871366329,348,432
12/21/2019,372,9.68,9.66,8.68,1,9.703289448,-3.357991298,366,401
12/22/2019,385,9.74,9.68,9.62,0.12,0.25544906,-0.403966952,372,366
12/23/2019,408,9.76,9.74,9.62,0.14,0.211315964,-0.385774633,385,330
12/24/2019,422,9.76,9.76,9.64,0.12,0.211315964,0.086803942,408,299
12/25/2019,423,9.86,9.76,9.64,0.22,4.983853511,-2.902639655,422,286
12/26/2019,403,10,9.86,9.66,0.34,10.95478384,-6.440128585,423,348
12/27/2019,384,10.04,10,9.66,0.38,11.13578486,-9.971099657,403,366
12/28/2019,387,10.2,10.04,9.68,0.52,16.03823331,-11.47841209,384,372
12/29/2019,392,10.32,10.2,9.74,0.58,18.36451342,-13.71925682,387,385
12/30/2019,382,10.38,10.32,9.76,0.62,18.58421431,-13.13310672,392,408
12/31/2019,368,10.38,10.38,9.76,0.62,18.58421431,-12.23588497,382,422
1/1/2020,400,10.48,10.38,9.86,0.62,15.1847819,-6.642366827,368,423
1/2/2020,421,11.44,10.48,10,1.44,18.55991517,-5.421322382,400,403
1/3/2020,427,11.76,11.44,10.04,1.72,20.21163454,-5.832733215,421,384
1/4/2020,426,11.94,11.76,10.2,1.74,16.35813774,-4.882466599,427,387
1/5/2020,415,11.94,11.94,10.32,1.62,13.87932372,-6.104191819,426,392
1/6/2020,407,12.18,11.94,10.38,1.8,14.76408595,-6.847463231,415,382
1/7/2020,401,12.3,12.18,10.38,1.92,15.1205069,-4.213569971,407,368
1/8/2020,397,12.36,12.3,10.48,1.88,13.79745679,-4.353002514,401,400
1/9/2020,395,12.6,12.36,11.44,1.16,5.805061038,-7.013901788,397,421
1/10/2020,393,12.88,12.6,11.76,1.12,6.428074326,-11.4168905,395,427
1/11/2020,379,12.94,12.88,11.94,1,6.070222306,-11.63038408,393,426
1/12/2020,380,13.26,12.94,11.94,1.32,9.549025224,-8.738923283,379,415
1/13/2020,388,13.6,13.26,12.18,1.42,12.65115679,-7.010962145,380,407
1/14/2020,392,13.78,13.6,12.3,1.48,14.80240158,-5.012981725,388,401
1/15/2020,390,13.98,13.78,12.36,1.62,17.26930829,-8.236465952,392,397
1/16/2020,386,14.02,13.98,12.6,1.42,15.99314711,-4.575943408,390,395
1/17/2020,384,14.14,14.02,12.88,1.26,13.78308947,-6.552957082,386,393
1/18/2020,395,14.58,14.14,12.94,1.64,16.19059502,-9.478929475,384,379
1/19/2020,370,14.6,14.58,13.26,1.34,12.71664816,-8.092936829,395,380
1/20/2020,378,14.6,14.6,13.6,1,8.510053467,-6.438276487,370,388
1/21/2020,390,14.7,14.6,13.78,0.92,6.812461825,-3.166063886,378,392
1/22/2020,416,15.06,14.7,13.98,1.08,7.837772303,-3.856353688,390,390
1/23/2020,417,15.28,15.06,14.02,1.26,9.398931306,-4.251915621,416,386
1/24/2020,412,15.52,15.28,14.14,1.38,11.38487852,-3.199568132,417,384
1/25/2020,416,15.64,15.52,14.58,1.06,10.3893441,-2.414637891,412,395
1/26/2020,428,15.74,15.64,14.6,1.14,10.560224,-1.708863469,416,370
1/27/2020,409,15.78,15.74,14.6,1.18,13.40733629,-3.824652176,428,378
1/28/2020,404,16.34,15.78,14.7,1.64,17.13907844,-5.916364305,409,390
1/29/2020,385,16.4,16.34,15.06,1.34,14.08072386,-4.852635243,404,416
1/30/2020,392,16.52,16.4,15.28,1.24,13.73008531,-7.364520235,385,417
1/31/2020,399,16.82,16.52,15.52,1.3,14.53268,-7.376801514,392,412
2/1/2020,396,16.92,16.82,15.64,1.28,12.65276414,-3.022865127,399,416
2/2/2020,404,16.92,16.92,15.74,1.18,12.47702818,-1.016276531,396,428
2/3/2020,403,16.98,16.92,15.78,1.2,9.816001698,-6.114998425,404,409
2/4/2020,416,16.98,16.98,16.34,0.64,12.28950199,-15.8222226,403,404
2/5/2020,388,16.98,16.98,16.4,0.58,11.80070229,-15.77334399,416,385
2/6/2020,383,17.1,16.98,16.52,0.58,12.83059649,-7.591263392,388,392
2/7/2020,394,18.02,17.1,16.82,1.2,24.92815946,-2.292800242,383,399
2/8/2020,410,19.32,18.02,16.92,2.4,48.874266,-1.002522958,394,396
2/9/2020,426,19.64,19.32,16.92,2.72,52.89765579,-8.063597272,410,404
2/10/2020,413,19.78,19.64,16.98,2.8,53.56091914,-11.4002348,426,403
2/11/2020,409,19.82,19.78,16.98,2.84,46.54792722,-13.44665122,413,416
2/12/2020,396,19.82,19.82,16.98,2.84,47.02353022,-8.345571484,409,388
2/13/2020,400,19.98,19.82,17.1,2.88,45.7904071,-6.68667069,396,383
2/14/2020,405,20.24,19.98,18.02,2.22,32.06659594,-3.993119169,400,394
2/15/2020,396,20.28,20.24,19.32,0.96,7.910065964,-5.077247564,405,410
2/16/2020,396,20.56,20.28,19.64,0.92,5.033460776,-3.328654779,396,426
2/17/2020,398,21.76,20.56,19.78,1.98,12.36336109,-7.870602111,396,413
2/18/2020,392,22.14,21.76,19.82,2.32,13.39274399,-11.67810009,398,409
2/19/2020,389,22.16,22.14,19.82,2.34,12.91696195,-13.47044734,392,396
2/20/2020,394,22.16,22.16,19.98,2.18,11.83216375,-13.50402786,389,400
2/21/2020,398,22.18,22.16,20.24,1.94,10.49760657,-8.187310878,394,405
2/22/2020,421,22.28,22.18,20.28,2,10.55275189,-3.707716504,398,396
2/23/2020,457,22.32,22.28,20.56,1.76,10.65737658,-3.779852906,421,396
2/24/2020,465,22.58,22.32,21.76,0.82,6.455675335,-7.496822383,457,398
2/25/2020,450,23.1,22.58,22.14,0.96,8.46730633,-11.38933328,465,392
2/26/2020,456,23.16,23.1,22.16,1,8.476619161,-10.53810696,450,389
2/27/2020,487,23.16,23.16,22.16,1,8.479372833,-4.889577018,456,394
2/28/2020,538,23.22,23.16,22.18,1.04,8.517118591,-3.265569468,487,398
2/29/2020,550,23.28,23.22,22.28,1,8.395520854,-1.542651884,538,421
3/1/2020,563,23.32,23.28,22.32,1,7.159150104,-2.291239637,550,457
3/2/2020,597,23.46,23.32,22.58,0.88,5.024900118,-5.406681619,563,465
3/3/2020,637,23.48,23.46,23.1,0.38,1.984855085,-4.335022961,597,450
3/4/2020,603,23.48,23.48,23.16,0.32,1.975542254,-2.457129931,637,456
3/5/2020,714,23.48,23.48,23.16,0.32,1.97282578,-0.019935596,603,487
3/6/2020,827,23.54,23.48,23.22,0.32,1.865509769,1.725260363,714,538
3/7/2020,889,23.68,23.54,23.28,0.4,1.877308919,3.189113233,827,550
3/8/2020,967,23.6,23.68,23.32,0.28,1.964822823,2.299317963,889,563
3/9/2020,1090,23.64,23.6,23.46,0.18,3.949336356,2.081974129,967,597
3/10/2020,1160,23.72,23.64,23.48,0.24,4.321161901,1.798591427,1090,637
3/11/2020,1220,23.96,23.72,23.48,0.48,5.06588971,1.982378519,1160,603
3/12/2020,1210,24.16,23.96,23.48,0.68,6.763956378,2.642213525,1220,714
3/13/2020,1230,24.12,24.16,23.54,0.58,6.920735349,0.432799782,1210,827
3/14/2020,1260,24.22,24.12,23.68,0.54,9.133891861,2.781269785,1230,889
3/15/2020,1310,24.26,24.22,23.6,0.66,9.163056826,4.792364674,1260,967
3/16/2020,1400,24.22,24.26,23.64,0.58,5.335245054,4.341868917,1310,1090
3/17/2020,1540,24.16,24.22,23.72,0.44,4.960126025,4.849913627,1400,1160
3/18/2020,1860,24.12,24.16,23.96,0.16,4.232231692,3.149014791,1540,1220
3/19/2020,2220,24.14,24.12,24.16,-0.02,4.200276801,-0.751005494,1860,1210
3/20/2020,2320,24.46,24.14,24.12,0.34,11.76414463,-0.616289949,2220,1230
3/21/2020,2040,24.66,24.46,24.22,0.44,12.13223001,0.502074028,2320,1260
3/22/2020,1710,24.82,24.66,24.26,0.56,15.30664382,0.856076975,2040,1310
3/23/2020,1660,25.26,24.82,24.22,1.04,18.68563057,1.09973487,1710,1400
3/24/2020,1670,25.44,25.26,24.16,1.28,20.86430944,2.743667512,1660,1540
3/25/2020,1550,25.62,25.44,24.12,1.5,22.37267357,2.235962706,1670,1860
3/26/2020,1650,25.6,25.62,24.14,1.46,20.9714292,1.274855781,1550,2220
3/27/2020,1790,25.58,25.6,24.46,1.12,13.97272826,-2.844684433,1650,2320
3/28/2020,1840,25.68,25.58,24.66,1.02,13.37722223,-2.897677552,1790,2040
3/29/2020,1740,25.84,25.68,24.82,1.02,11.95445035,0.035413223,1840,1710
3/30/2020,1430,25.92,25.84,25.26,0.66,9.104612214,2.428029513,1740,1660
3/31/2020,1290,25.94,25.92,25.44,0.5,7.297784456,5.272135365,1430,1670
4/1/2020,1330,25.88,25.94,25.62,0.26,5.772586843,6.299962842,1290,1550
4/2/2020,1810,25.76,25.88,25.6,0.16,6.504956611,-2.937167914,1330,1650
4/3/2020,2440,25.92,25.76,25.58,0.34,10.67281939,-4.628390167,1810,1790
4/4/2020,2350,26.04,25.92,25.68,0.36,9.255487191,1.729302756,2440,1840
4/5/2020,1860,25.98,26.04,25.84,0.14,7.372127843,5.956261384,2350,1740
4/6/2020,1720,25.84,25.98,25.92,-0.08,6.842979236,7.314654782,1860,1430
4/7/2020,1920,25.58,25.84,25.94,-0.36,6.471128124,6.893887728,1720,1290
4/8/2020,2470,25.3,25.58,25.88,-0.58,6.471128124,7.085002626,1920,1330
4/9/2020,3230,24.92,25.3,25.76,-0.84,5.473853749,8.143751272,2470,1810
4/10/2020,3540,24.4,24.92,25.92,-1.52,0.580202813,7.742711797,3230,2440
4/11/2020,3760,24.12,24.4,26.04,-1.92,0,4.933381878,3540,2350
4/12/2020,3830,24.3,24.12,25.98,-1.68,2.402871537,-3.640297949,3760,1860
4/13/2020,4000,24.48,24.3,25.84,-1.36,3.621623041,-6.823715748,3830,1720
4/14/2020,3520,24.64,24.48,25.58,-0.94,4.290238873,-5.318605477,4000,1920
4/15/2020,2660,24.74,24.64,25.3,-0.56,5.246569788,-0.712678135,3520,2470
4/16/2020,2310,25.44,24.74,24.92,0.52,15.66117781,-3.871193908,2660,3230
4/17/2020,2200,25.92,25.44,24.4,1.52,20.80821544,-2.337247232,2310,3540
4/18/2020,2110,26.14,25.92,24.12,2.02,21.11514014,3.084264831,2200,3760
4/19/2020,2000,26.28,26.14,24.3,1.98,20.13992269,4.064008213,2110,3830
4/20/2020,2070,26.26,26.28,24.48,1.78,19.99583581,5.567417959,2000,4000
4/21/2020,2120,25.94,26.26,24.64,1.3,19.32721998,7.127167476,2070,3520
4/22/2020,2100,25.34,25.94,24.74,0.6,18.37088907,7.368392111,2120,2660
4/23/2020,2220,24.74,25.34,25.44,-0.7,8.132541489,6.431331768,2100,2310
4/24/2020,2570,24.82,24.74,25.92,-1.1,6.115182934,5.650331755,2220,2200
4/25/2020,3050,24.92,24.82,26.14,-1.22,7.637249545,7.428317145,2570,2110
4/26/2020,3300,24.76,24.92,26.28,-1.52,6.227614309,8.657899633,3050,2000
4/27/2020,3650,24.68,24.76,26.26,-1.58,7.304616571,10.27033178,3300,2070
4/28/2020,4550,23.96,24.68,25.94,-1.98,7.359107331,9.987936396,3650,2120
4/29/2020,6100,23.18,23.96,25.34,-2.16,7.359107331,11.20409171,4550,2100
4/30/2020,7830,22.32,23.18,24.74,-2.42,7.18284689,13.70367754,6100,2220
5/1/2020,8470,21.36,22.32,24.82,-3.46,5.144845547,12.01879893,7830,2570
5/2/2020,9960,20.44,21.36,24.92,-4.48,4.353188472,9.89964736,8470,3050
5/3/2020,12000,20.28,20.44,24.76,-4.48,13.17495644,9.353908631,9960,3300
5/4/2020,12700,20.06,20.28,24.68,-4.62,20.19331514,5.96010443,12000,3650
5/5/2020,12800,20.06,20.06,23.96,-3.9,24.62038651,7.213954683,12700,4550
5/6/2020,11700,19.84,20.06,23.18,-3.34,24.92752935,10.13418866,12800,6100
5/7/2020,9670,19.34,19.84,22.32,-2.98,24.92752935,6.19064463,11700,7830
5/8/2020,9310,18.92,19.34,21.36,-2.44,23.83585162,6.213463476,9670,8470
5/9/2020,8810,18.36,18.92,20.44,-2.08,22.79851738,6.933939392,9310,9960
5/10/2020,8470,18.2,18.36,20.28,-2.08,13.95873056,8.644433299,8810,12000
5/11/2020,8440,17.88,18.2,20.06,-2.18,4.870046075,9.431282778,8470,12700
5/12/2020,8920,18.04,17.88,20.06,-2.02,6.994803245,11.61758777,8440,12800
5/13/2020,9710,17.38,18.04,19.84,-2.46,6.747902088,10.23075193,8920,11700
5/14/2020,10500,16.94,17.38,19.34,-2.4,7.613050174,9.486804998,9710,9670
5/15/2020,10200,16.72,16.94,18.92,-2.2,10.58277898,9.070187898,10500,9310
5/16/2020,10100,16.54,16.72,18.36,-1.82,12.71845774,8.910959051,10200,8810
5/17/2020,9810,16.18,16.54,18.2,-2.02,12.71845774,13.52703907,10100,8470
5/18/2020,9100,15.52,16.18,17.88,-2.36,12.63711664,16.38950641,9810,8440
5/19/2020,9450,14.66,15.52,18.04,-3.38,6.030797334,15.9927717,9100,8920
5/20/2020,10700,13.68,14.66,17.38,-3.7,5.970555649,10.06162229,9450,9710
5/21/2020,11400,13.24,13.68,16.94,-3.7,5.105407563,8.016104881,10700,10500
5/22/2020,11200,12.66,13.24,16.72,-4.06,2.13567876,10.6811172,11400,10200
5/23/2020,9940,11.76,12.66,16.54,-4.78,0,8.777299984,11200,10100
5/24/2020,9100,11.22,11.76,16.18,-4.96,0.300529367,6.464027271,9940,9810
5/25/2020,8190,11.14,11.22,15.52,-4.38,0.650645228,7.698278754,9100,9100
5/26/2020,6990,10.9,11.14,14.66,-3.76,0.650645228,11.18617471,8190,9450
5/27/2020,5920,10.1,10.9,13.68,-3.58,1.027027044,13.87349707,6990,10700
5/28/2020,5730,9.5,10.1,13.24,-3.74,1.043616301,15.61918731,5920,11400
5/29/2020,6570,8.68,9.5,12.66,-3.98,1.055415451,17.86629238,5730,11200
5/30/2020,8030,7.78,8.68,11.76,-3.98,1.061585629,17.54285404,6570,9940
5/31/2020,9680,7.18,7.78,11.22,-4.04,0.775622578,17.42181687,8030,9100
6/1/2020,10700,6.54,7.18,11.14,-4.6,0.853242112,18.51040502,9680,8190
6/2/2020,11000,6.08,6.54,10.9,-4.82,0.854711701,17.72602136,10700,6990
6/3/2020,11400,5.68,6.08,10.1,-4.42,0.478329885,16.35151602,11000,5920
6/4/2020,10900,5.34,5.68,9.5,-4.16,0.461740628,17.29570775,11400,5730
6/5/2020,10100,4.94,5.34,8.68,-3.74,0.449941478,18.37677817,10900,6570
6/6/2020,9850,4.54,4.94,7.78,-3.24,0.900080243,12.3780989,10100,8030
6/7/2020,9910,4.18,4.54,7.18,-3,6.145517411,11.14048199,9850,9680
6/8/2020,10900,3.86,4.18,6.54,-2.68,6.969629355,7.246559865,9910,10700
6/9/2020,9150,3.94,3.86,6.08,-2.14,11.39099844,7.88741691,10900,11000
6/10/2020,8030,4,3.94,5.68,-1.68,12.98293354,10.90008075,9150,11400
6/11/2020,6840,3.82,4,5.34,-1.52,12.98293354,13.94490482,8030,10900
6/12/2020,5480,3.56,3.82,4.94,-1.38,13.03582005,17.47502658,6840,10100
6/13/2020,4560,3.22,3.56,4.54,-1.32,12.58278188,18.31881945,5480,9850
6/14/2020,4600,2.86,3.22,4.18,-1.32,7.334247072,16.36328835,4560,9910
6/15/2020,4600,2.42,2.86,3.86,-1.44,6.082399734,16.03265881,4600,10900
6/16/2020,4390,2.18,2.42,3.94,-1.76,1.659561055,16.4632896,4600,9150
6/17/2020,3590,1.78,2.18,4,-2.22,0.067625957,11.83195958,4390,8030
6/18/2020,3330,1.4,1.78,3.82,-2.42,0.067625957,10.74680231,3590,6840
6/19/2020,3160,1.06,1.4,3.56,-2.5,0.014739454,13.00221808,3330,5480
6/20/2020,2770,0.76,1.06,3.22,-2.46,0.011468673,13.66106537,3160,4560
6/21/2020,2530,0.42,0.76,2.86,-2.44,0,15.39715955,2770,4600
6/22/2020,2290,0.2,0.42,2.42,-2.22,0.065132679,16.23890399,2530,4600
6/23/2020,2110,0.04,0.2,2.18,-2.14,0.065132679,17.8289864,2290,4390
6/24/2020,1980,0.02,0.04,1.78,-1.76,0.065132679,19.30973488,2110,3590
6/25/2020,1860,0.02,0.02,1.4,-1.38,0.065132679,18.59501579,1980,3330
6/26/2020,1740,0.02,0.02,1.06,-1.04,0.587560637,16.77643272,1860,3160
6/27/2020,1700,0.02,0.02,0.76,-0.74,1.992950319,17.36134714,1740,2770
6/28/2020,1590,0,0.02,0.42,-0.42,1.998939295,18.27143942,1700,2530
6/29/2020,1480,0,0,0.2,-0.2,1.935518821,14.33685123,1590,2290
6/30/2020,1370,0,0,0.04,-0.04,2.908129563,10.54104911,1480,2110
7/1/2020,1260,0,0,0.02,-0.02,3.429531362,13.79968337,1370,1980
7/2/2020,1150,0,0,0.02,-0.02,3.453580983,17.56256984,1260,1860
7/3/2020,1090,0,0,0.02,-0.02,2.931153025,18.95061908,1150,1740
7/4/2020,1020,0,0,0.02,-0.02,1.525763344,20.02674973,1090,1700
7/5/2020,948,0,0,0,0,1.519774367,20.20182865,1020,1590
7/6/2020,857,0,0,0,0,1.518062162,20.07114687,948,1480
7/7/2020,782,0,0,0,0,0.54545142,20.54843108,857,1370
7/8/2020,689,0,0,0,0,0.024049622,18.87948188,782,1260
7/9/2020,629,0,0,0,0,0,18.70569648,689,1150
7/10/2020,574,0,0,0,0,0,19.84589901,629,1090
7/11/2020,509,0,0,0,0,0,20.40543181,574,1020
7/12/2020,458,0,0,0,0,0.004905756,20.34707715,509,948
7/13/2020,407,0,0,0,0,1.076198453,21.16042302,458,857
7/14/2020,374,0,0,0,0,1.804032478,19.68136431,407,782
7/15/2020,367,0,0,0,0,2.051170036,18.5416867,374,689
7/16/2020,358,0,0,0,0,2.051170036,19.64127869,367,629
7/17/2020,346,0,0,0,0,2.133971185,19.77848396,358,574
7/18/2020,321,0,0,0,0,2.160842135,20.8816281,346,509
7/19/2020,315,0,0,0,0,2.155936379,20.36218627,321,458
7/20/2020,312,0,0,0,0,1.110482185,19.66272446,315,407
7/21/2020,306,0,0,0,0,0.38264816,19.49517545,312,374
7/22/2020,297,0,0,0,0,0.135510602,18.59164546,306,367
7/23/2020,258,0,0,0,0,4.143066839,17.68292089,297,358
7/24/2020,251,0,0,0,0,6.473717663,17.73809324,258,346
7/25/2020,273,0,0,0,0,7.702024302,17.6719014,251,321
7/26/2020,266,0,0,0,0,7.9566362,19.21703937,273,315
7/27/2020,279,0,0,0,0,7.948088615,20.65953332,266,312
7/28/2020,278,0,0,0,0,8.852727395,17.86408676,279,306
7/29/2020,261,0,0,0,0,12.05049002,17.55060199,278,297
7/30/2020,254,0,0,0,0,8.066069099,17.81594327,261,258
7/31/2020,261,0,0,0,0,5.652617125,20.02563966,254,251
8/1/2020,240,0,0,0,0,4.397439537,20.95156621,261,273
8/2/2020,244,0,0,0,0,4.144425403,21.26956071,240,266
8/3/2020,230,0,0,0,0,4.127134485,22.20752065,244,279
8/4/2020,198,0,0,0,0,3.222495705,21.22592775,230,278
8/5/2020,177,0,0,0,0,0.024733077,21.19273366,198,261
8/6/2020,153,0,0,0,0,0.001597765,20.93152412,177,254
8/7/2020,136,0,0,0,0,0.001597765,19.49983568,153,261
8/8/2020,136,0,0,0,0,0.001597765,19.16486747,136,240
8/9/2020,127,0,0,0,0,0,19.45471385,136,244
8/10/2020,113,0,0,0,0,0,19.74678946,127,230
8/11/2020,96.6,0,0,0,0,0,20.08714791,113,198
8/12/2020,93.2,0,0,0,0,0,19.26439297,96.6,177
8/13/2020,91.0,0,0,0,0,0,19.76233859,93.2,153
8/14/2020,89.1,0,0,0,0,0,19.40425332,91.0,136
8/15/2020,76.1,0,0,0,0,0,19.12472863,89.1,136
8/16/2020,76.6,0,0,0,0,0,19.96649308,76.1,127
8/17/2020,68.2,0,0,0,0,0,21.03425992,76.6,113
8/18/2020,81.0,0,0,0,0,0,22.18336927,68.2,96.6
8/19/2020,64.8,0,0,0,0,0,21.67326018,81.0,93.2
8/20/2020,67.7,0,0,0,0,0,19.87084975,64.8,91.0
8/21/2020,66.3,0,0,0,0,0,19.91140068,67.7,89.1
8/22/2020,60.8,0,0,0,0,0,21.14761419,66.3,76.1
8/23/2020,60.5,0,0,0,0,0,21.79654598,60.8,76.6
8/24/2020,58.4,0,0,0,0,0,21.69647237,60.5,68.2
8/25/2020,50.0,0,0,0,0,0,21.94238739,58.4,81.0
8/26/2020,47.5,0,0,0,0,0.024325707,21.58556573,50.0,64.8
8/27/2020,58.1,0,0,0,0,0.024325707,21.48685518,47.5,67.7
8/28/2020,50.6,0,0,0,0,0.093684778,19.80844784,58.1,66.3
8/29/2020,44.3,0,0,0,0,0.125447038,17.81119396,50.6,60.8
8/30/2020,52.4,0,0,0,0,4.051093478,16.72660613,44.3,60.5
8/31/2020,58.8,0,0,0,0,4.122229072,13.51452898,52.4,58.4
9/1/2020,71.0,0,0,0,0,4.569008998,11.98064815,58.8,50.0
9/2/2020,93.8,0,0,0,0,4.5519794,15.86113459,71.0,47.5
9/3/2020,92.9,0,0,0,0,4.5519794,18.00539378,93.8,58.1
9/4/2020,96.3,0,0,0,0,4.482620329,19.15556681,92.9,50.6
9/5/2020,102,0,0,0,0,4.450858069,20.65588337,96.3,44.3
9/6/2020,103,0,0,0,0,0.525211629,20.01670774,102,52.4
9/7/2020,87.9,0,0,0,0,0.454076036,13.92927663,103,58.8
9/8/2020,115,0,0,0,0,2.385411283,1.633897534,87.9,71.0
9/9/2020,132,0.34,0,0,0.34,9.274892208,2.219867512,115,93.8
9/10/2020,173,0.2,0.34,0,0.2,9.795163906,3.798064125,132,92.9
9/11/2020,152,0.14,0.2,0,0.14,12.7428664,9.044499748,173,96.3
9/12/2020,154,0.12,0.14,0,0.12,12.92668852,12.38441853,152,102
9/13/2020,156,0.04,0.12,0,0.04,12.92674075,14.56902694,154,103
9/14/2020,134,0.04,0.04,0,0.04,12.92674075,15.7311336,156,87.9
9/15/2020,103,0.02,0.04,0,0.02,10.54862558,15.72661268,134,115
9/16/2020,141,0.02,0.02,0.34,-0.32,3.651848541,15.60438935,103,132
9/17/2020,152,0,0.02,0.2,-0.2,3.131576843,15.82871457,141,173
9/18/2020,144,0,0,0.14,-0.14,0.183874349,16.44014476,152,152
9/19/2020,125,0,0,0.12,-0.12,0.041335892,15.03361585,144,154
9/20/2020,141,0,0,0.04,-0.04,0.269090527,12.80491204,125,156
9/21/2020,140,0,0,0.04,-0.04,0.271522029,14.76990016,141,134
9/22/2020,128,0,0,0.02,-0.02,0.271522029,14.84969161,140,103
9/23/2020,126,0,0,0.02,-0.02,0.408719251,14.81381323,128,141
9/24/2020,126,0,0,0,0,0.408719251,16.30563156,126,152
9/25/2020,126,0,0,0,0,0.408719251,16.12078036,126,144
9/26/2020,130,0,0,0,0,0.367435586,13.86848418,126,125
9/27/2020,134,0,0,0,0,0.139628724,7.309541509,130,141
9/28/2020,125,0,0,0,0,0.137197222,5.61223481,134,140
9/29/2020,107,0,0,0,0,0.137197222,10.33414964,125,128
9/30/2020,131,0,0,0,0,0,11.73417548,107,126
10/1/2020,122,0,0,0,0,0,10.43717895,131,126
10/2/2020,130,0,0,0,0,0,11.24939383,122,126
10/3/2020,135,0,0,0,0,0,10.56159966,130,130
10/4/2020,135,0,0,0,0,0,12.53414628,135,134
10/5/2020,147,0,0,0,0,0,12.52871528,135,125
10/6/2020,163,0,0,0,0,0,12.95305699,147,107
10/7/2020,171,0,0,0,0,0,13.52890965,163,131
10/8/2020,174,0,0,0,0,0,13.39587052,171,122
10/9/2020,174,0,0,0,0,0.126925178,14.00519769,174,130
10/10/2020,175,0,0,0,0,0.126925178,13.49296239,174,135
10/11/2020,187,0,0,0,0,0.126925178,6.711112597,175,135
10/12/2020,186,0.24,0,0,0.24,2.844160757,6.35326127,187,147
10/13/2020,207,0.2,0.24,0,0.2,2.844160757,10.10690894,186,163
10/14/2020,228,0.08,0.2,0,0.08,2.844160757,7.797424563,207,171
10/15/2020,245,0.06,0.08,0,0.06,2.844160757,3.384741517,228,174
10/16/2020,241,0.06,0.06,0,0.06,2.717235579,5.198744004,245,174
10/17/2020,256,0.08,0.06,0,0.08,2.71786371,9.269194848,241,175
10/18/2020,252,0.08,0.08,0,0.08,2.762282383,11.01873347,256,187
10/19/2020,250,0.08,0.08,0.24,-0.16,0.045046804,9.710585108,252,186
10/20/2020,260,0.06,0.08,0.2,-0.14,0.070383055,9.14079553,250,207
10/21/2020,269,0.04,0.06,0.08,-0.04,0.070383055,10.22757604,260,228
10/22/2020,270,0.04,0.04,0.06,-0.02,0.070383055,2.166083196,269,245
10/23/2020,260,0.02,0.04,0.06,-0.04,0.070383055,-2.984766351,270,241
10/24/2020,265,0.04,0.02,0.08,-0.04,0.069754924,1.340156454,260,256
10/25/2020,264,0.14,0.04,0.08,0.06,1.897100329,-9.126605365,265,252
10/26/2020,214,0.8,0.14,0.08,0.72,10.72349158,-12.60291365,264,250
10/27/2020,239,0.88,0.8,0.06,0.82,12.68186319,-8.312950616,214,260
10/28/2020,223,0.98,0.88,0.04,0.94,13.4491849,-1.4092367,239,269
10/29/2020,233,1,0.98,0.04,0.96,13.47541942,2.329589951,223,270
10/30/2020,272,1,1,0.02,0.98,13.47541942,4.839255923,233,260
10/31/2020,364,1.02,1,0.04,0.98,13.47541942,5.489671432,272,265
11/1/2020,400,1.02,1.02,0.14,0.88,11.60365534,6.96150104,364,264
11/2/2020,373,0.96,1.02,0.8,0.16,2.777264087,8.463182047,400,214
11/3/2020,375,0.88,0.96,0.88,0,0.793556228,8.790885756,373,239
11/4/2020,366,0.82,0.88,0.98,-0.16,0.026234511,8.94915295,375,223
11/5/2020,360,0.7,0.82,1,-0.3,0,8.777470105,366,233
11/6/2020,352,0.6,0.7,1,-0.4,0,9.062810403,360,272
11/7/2020,335,0.58,0.6,1.02,-0.44,0,6.482442887,352,364
11/8/2020,368,0.6,0.58,1.02,-0.42,5.89558691,-0.316659364,335,400
11/9/2020,386,0.78,0.6,0.96,-0.18,11.99763512,-3.075030298,368,373
11/10/2020,392,1.14,0.78,0.88,0.26,16.20638655,-6.095952554,386,375
11/11/2020,373,1.28,1.14,0.82,0.46,17.59588889,-4.135581857,392,366
11/12/2020,382,1.46,1.28,0.7,0.76,19.7229972,-5.207413713,373,360
11/13/2020,357,1.56,1.46,0.6,0.96,19.8370978,-2.844289906,382,352
11/14/2020,347,1.88,1.56,0.58,1.3,23.81103476,-4.416470198,357,335
11/15/2020,310,2.34,1.88,0.6,1.74,21.15910631,-2.253880916,347,368
11/16/2020,301,2.46,2.34,0.78,1.68,15.65931069,4.250211889,310,386
11/17/2020,311,2.46,2.46,1.14,1.32,11.45055926,6.39352067,301,392
11/18/2020,324,2.46,2.46,1.28,1.18,10.06105692,7.487494754,311,373
11/19/2020,332,2.44,2.46,1.46,0.98,7.933948616,2.14459564,324,382
11/20/2020,337,2.38,2.44,1.56,0.82,7.911314436,0.373172101,332,357
11/21/2020,344,2.38,2.38,1.88,0.5,3.93737748,-1.131048827,337,347
11/22/2020,351,2.28,2.38,2.34,-0.06,0.693719013,-1.903791043,344,310
11/23/2020,342,2.3,2.28,2.46,-0.16,0.158196478,0.778625066,351,301
11/24/2020,347,2.44,2.3,2.46,-0.02,0.970549409,-2.650630956,342,311
11/25/2020,308,2.44,2.44,2.46,-0.02,0.970549409,-2.43122789,347,324
11/26/2020,269,2.44,2.44,2.44,0,0.970549409,-6.180712532,308,332
11/27/2020,248,2.4,2.44,2.38,0.02,1.466121093,-5.83932503,269,337
11/28/2020,202,2.46,2.4,2.38,0.08,1.466121093,-3.237723291,248,344
11/29/2020,188,2.46,2.46,2.28,0.18,1.466121093,-3.811036234,202,351
11/30/2020,197,2.46,2.46,2.3,0.16,1.399391039,-3.56317045,188,342
12/1/2020,220,2.48,2.46,2.44,0.04,1.045252738,-5.962788237,197,347
12/2/2020,241,2.86,2.48,2.44,0.42,5.220478097,-8.819835485,220,308
12/3/2020,256,2.86,2.86,2.44,0.42,5.220478097,-8.151634258,241,269
12/4/2020,264,2.86,2.86,2.4,0.46,4.635814384,-3.254736368,256,248
12/5/2020,269,2.86,2.86,2.46,0.4,4.638188779,-1.93260198,264,202
12/6/2020,276,2.86,2.86,2.46,0.4,4.638188779,-0.852495527,269,188
12/7/2020,283,2.86,2.86,2.46,0.4,4.638188779,-1.076691626,276,197
12/8/2020,288,2.88,2.86,2.48,0.4,4.179974149,-0.821518621,283,220
12/9/2020,289,2.88,2.88,2.86,0.02,0.00474879,0.129056941,288,241
12/10/2020,291,2.9,2.88,2.86,0.04,0.00474879,-2.705680323,289,256
12/11/2020,294,2.9,2.9,2.86,0.04,0.26766802,-5.606427165,291,264
12/12/2020,295,3.08,2.9,2.86,0.22,1.475424399,-10.23583304,294,269
12/13/2020,297,3.28,3.08,2.86,0.42,3.734987111,-12.17088364,295,276
12/14/2020,298,3.34,3.28,2.86,0.48,4.583182611,-8.344434968,297,283
12/15/2020,299,3.6,3.34,2.88,0.72,8.080118474,-7.712854143,298,288
12/16/2020,300,3.7,3.6,2.88,0.82,9.079342785,-6.543215238,299,289
12/17/2020,300,3.94,3.7,2.9,1.04,10.72461496,-6.119834989,300,291
12/18/2020,301,4.18,3.94,2.9,1.28,16.11528628,-5.930913984,300,294
12/19/2020,302,4.3,4.18,3.08,1.22,17.49146785,-6.224412853,301,295
12/20/2020,304,4.4,4.3,3.28,1.12,15.61602623,-4.214234756,302,297
12/21/2020,304,4.56,4.4,3.34,1.22,15.35043082,0.424124821,304,298
12/22/2020,305,4.62,4.56,3.6,1.02,12.02090188,-3.581530712,304,299
12/23/2020,305,4.98,4.62,3.7,1.28,14.57467384,-10.97799094,305,300
12/24/2020,305,5.16,4.98,3.94,1.22,13.29334032,-9.694578703,305,300
12/25/2020,305,5.16,5.16,4.18,0.98,7.712516182,-5.42287702,305,301
12/26/2020,305,5.2,5.16,4.3,0.9,5.179548538,-3.569726949,305,302
12/27/2020,305,5.56,5.2,4.4,1.16,6.725243462,-7.163430887,305,304
12/28/2020,305,5.76,5.56,4.56,1.2,6.641896223,-8.943427326,305,304
12/29/2020,305,6.14,5.76,4.62,1.52,14.25353027,-9.683926198,305,305
12/30/2020,305,6.2,6.14,4.98,1.22,12.94992972,-11.73997299,305,305
12/31/2020,305,6.26,6.2,5.16,1.1,13.19519615,0,305,305
1/1/2021,306,6.26,6.26,5.16,1.1,13.12005534,-7.932896643,305,305
1/2/2021,306,6.26,6.26,5.2,1.06,13.06671064,-9.02666443,306,305
1/3/2021,307,6.34,6.26,5.56,0.78,11.36892808,-7.434495834,306,305
1/4/2021,307,6.46,6.34,5.76,0.7,12.1893062,-4.492164977,307,305
1/5/2021,307,6.6,6.46,6.14,0.46,6.535950643,-5.126771123,307,305
1/6/2021,307,7.46,6.6,6.2,1.26,13.1932415,-8.169727505,307,305
1/7/2021,307,7.48,7.46,6.26,1.22,12.59426958,-5.99095919,307,305
1/8/2021,307,7.48,7.48,6.26,1.22,12.59426958,-7.32618103,307,306
1/9/2021,307,7.5,7.48,6.26,1.24,12.59426958,-9.469435833,307,306
1/10/2021,306,7.5,7.5,6.34,1.16,12.36223612,-10.14463361,307,307
1/11/2021,306,7.5,7.5,6.46,1.04,11.04260516,-9.930273932,306,307
1/12/2021,306,7.52,7.5,6.6,0.92,8.916919741,-7.233362375,306,307
1/13/2021,306,7.52,7.52,7.46,0.06,0.015801881,-3.484073541,306,307
1/14/2021,306,7.48,7.52,7.48,0,0.007610529,-6.582164519,306,307
1/15/2021,308,7.42,7.48,7.48,-0.06,0.007610529,-6.489768312,306,307
1/16/2021,310,7.48,7.42,7.5,-0.02,0.928064464,-3.125038994,308,307
1/17/2021,310,7.66,7.48,7.5,0.16,1.231268982,-2.025922126,310,306
1/18/2021,310,7.86,7.66,7.5,0.36,2.040397953,-5.153356423,310,306
1/19/2021,310,7.9,7.86,7.52,0.38,2.173175319,-7.127066256,310,306
1/20/2021,310,7.92,7.9,7.52,0.4,2.199974756,-5.287604456,310,306
1/21/2021,310,7.96,7.92,7.48,0.48,2.264983677,-2.966297747,310,306
1/22/2021,310,8.06,7.96,7.42,0.64,2.817169715,-1.560459444,310,308
1/23/2021,310,8.54,8.06,7.48,1.06,7.73099872,-2.698775159,310,310
1/24/2021,310,8.84,8.54,7.66,1.18,11.43871822,-5.735899045,310,310
1/25/2021,310,8.88,8.84,7.86,1.02,11.11944465,-7.139226825,310,310
1/26/2021,310,8.98,8.88,7.9,1.08,12.12812829,-9.901386192,310,310
1/27/2021,310,9.06,8.98,7.92,1.14,13.18304197,-7.645124133,310,310
1/28/2021,310,9.12,9.06,7.96,1.16,13.41733796,-1.481039027,310,310
1/29/2021,311,9.14,9.12,8.06,1.08,12.97739091,0.516381807,310,310
1/30/2021,312,9.2,9.14,8.54,0.66,7.958965908,-3.607506119,311,310
1/31/2021,312,9.54,9.2,8.84,0.7,6.073010354,-5.298961238,312,310
2/1/2021,312,9.56,9.54,8.88,0.68,5.58315495,-3.191949263,312,310
2/2/2021,313,9.62,9.56,8.98,0.64,4.536763104,-0.027801204,312,310
2/3/2021,313,9.68,9.62,9.06,0.62,3.528445923,-1.464808871,313,310
2/4/2021,314,10.16,9.68,9.12,1.04,6.529636675,-7.732603301,313,310
2/5/2021,314,10.44,10.16,9.14,1.3,7.932094787,-6.279300008,314,311
2/6/2021,315,11.38,10.44,9.2,2.18,13.1157896,-3.898682076,314,312
2/7/2021,316,11.72,11.38,9.54,2.18,11.92369048,-1.333881422,315,312
2/8/2021,317,11.72,11.72,9.56,2.16,11.95776359,-1.640933694,316,312
2/9/2021,320,11.7,11.72,9.62,2.08,11.87946766,-2.476267854,317,313
2/10/2021,322,12.12,11.7,9.68,2.44,14.66908303,-0.43541642,320,313
2/11/2021,324,12.22,12.12,10.16,2.06,12.45503817,-1.105802861,322,314
2/12/2021,325,12.6,12.22,10.44,2.16,14.08945702,-2.228271137,324,314
2/13/2021,328,13.9,12.6,11.38,2.52,19.11824175,-7.736563615,325,315
2/14/2021,332,14.18,13.9,11.72,2.46,23.76471444,-16.9308574,328,316
2/15/2021,335,14.18,14.18,11.72,2.46,24.32195697,-11.25574842,332,317
2/16/2021,339,14.66,14.18,11.7,2.96,29.67312928,-5.663838377,335,320
2/17/2021,342,15.08,14.66,12.12,2.96,30.94981573,-7.589173875,339,322
2/18/2021,344,15.18,15.08,12.22,2.96,30.53321606,-10.38831104,342,324
2/19/2021,347,15.28,15.18,12.6,2.68,27.69165268,-7.594821613,344,325
2/20/2021,349,15.56,15.28,13.9,1.66,18.36850518,-4.555613954,347,328
2/21/2021,350,15.74,15.56,14.18,1.56,14.28689523,-6.723075961,349,332
2/22/2021,352,16.06,15.74,14.18,1.88,14.47236068,-3.235006388,350,335
2/23/2021,354,16.18,16.06,14.66,1.52,9.279815697,-3.101951926,352,339
2/24/2021,356,16.18,16.18,15.08,1.1,5.134549215,-6.934940342,354,342
2/25/2021,359,16.18,16.18,15.18,1,4.890058418,-8.562518905,356,344
2/26/2021,363,16.18,16.18,15.28,0.9,4.670290417,-6.258441729,359,347
2/27/2021,368,16.46,16.18,15.56,0.9,5.863313908,-8.473482861,363,349
2/28/2021,372,16.68,16.46,15.74,0.94,5.901731485,-9.781328079,368,350
3/1/2021,379,16.68,16.68,16.06,0.62,5.124950393,-6.067426949,372,352
3/2/2021,384,16.78,16.68,16.18,0.6,5.321267713,-1.886542887,379,354
3/3/2021,389,16.8,16.78,16.18,0.62,5.323802794,1.093085829,384,356
3/4/2021,396,16.9,16.8,16.18,0.72,4.932355487,-0.201809304,389,359
3/5/2021,400,17.1,16.9,16.18,0.92,6.723992956,1.032847286,396,363
3/6/2021,403,17.14,17.1,16.46,0.68,3.825779479,3.486797719,400,368
3/7/2021,409,17.14,17.14,16.68,0.46,2.34457165,4.859544386,403,372
3/8/2021,420,17.14,17.14,16.68,0.46,2.34457165,5.637506738,409,379
3/9/2021,433,17.12,17.14,16.78,0.34,1.972853774,4.423953209,420,384
3/10/2021,451,17.22,17.12,16.8,0.42,8.05670786,-3.704284676,433,389
3/11/2021,472,17.48,17.22,16.9,0.58,14.09983035,-3.626184485,451,396
3/12/2021,494,17.54,17.48,17.1,0.44,14.37017033,-1.015513445,472,400
3/13/2021,522,17.64,17.54,17.14,0.5,14.98059819,0.314582816,494,403
3/14/2021,547,17.88,17.64,17.14,0.74,18.32547725,-2.544002812,522,409
3/15/2021,574,18.28,17.88,17.14,1.14,22.24247743,-0.174359666,547,420
3/16/2021,587,18.32,18.28,17.12,1.2,23.76954048,0.081933132,574,433
3/17/2021,575,18.54,18.32,17.22,1.32,19.83878463,-0.062126117,587,451
3/18/2021,604,18.56,18.54,17.48,1.08,13.77114446,1.491658186,575,472
3/19/2021,643,18.58,18.56,17.54,1.04,11.75026806,5.155206718,604,494
3/20/2021,650,18.58,18.58,17.64,0.94,11.13984021,5.386626856,643,522
3/21/2021,706,18.72,18.58,17.88,0.84,12.07896982,-0.857000876,650,547
3/22/2021,764,18.86,18.72,18.28,0.58,8.853502839,-1.412818926,706,574
3/23/2021,799,18.9,18.86,18.32,0.58,7.326439788,-1.43433355,764,587
3/24/2021,762,18.84,18.9,18.54,0.3,5.603927849,-1.576606166,799,575
3/25/2021,682,18.78,18.84,18.56,0.22,5.592490705,-2.076007504,762,604
3/26/2021,665,19,18.78,18.58,0.42,9.291560615,-0.163862601,682,643
3/27/2021,601,19.28,19,18.58,0.7,15.18905164,0.911018692,665,650
3/28/2021,565,19.42,19.28,18.72,0.7,11.36776956,3.529475175,601,706
3/29/2021,556,19.48,19.42,18.86,0.62,10.68158139,2.918952422,565,764
3/30/2021,518,19.4,19.48,18.9,0.5,10.68158139,-4.606635087,556,799
3/31/2021,528,19.32,19.4,18.84,0.48,10.24846001,-1.615023325,518,762
4/1/2021,589,19.32,19.32,18.78,0.54,10.24846001,4.138590642,528,682
4/2/2021,582,19.36,19.32,19,0.36,6.776884045,7.762841587,589,665
4/3/2021,531,19.16,19.36,19.28,-0.12,0.882516645,9.949432888,582,601
4/4/2021,546,18.9,19.16,19.42,-0.52,0.364848223,10.74978123,531,565
4/5/2021,645,18.56,18.9,19.48,-0.92,0.359503194,10.42442643,546,556
4/6/2021,846,18.02,18.56,19.4,-1.38,0.359503194,2.455780104,645,518
4/7/2021,1100,17.94,18.02,19.32,-1.38,2.455787057,4.481217672,846,528
4/8/2021,1370,17.96,17.94,19.32,-1.36,2.550545093,6.108610301,1100,589
4/9/2021,1210,17.72,17.96,19.36,-1.64,2.194165523,2.44556771,1370,582
4/10/2021,1020,17.62,17.72,19.16,-1.54,2.191041899,4.802563899,1210,531
4/11/2021,1040,17.34,17.62,18.9,-1.56,2.191041899,3.45096354,1020,546
4/12/2021,1000,17.1,17.34,18.56,-1.46,2.191041899,0.14749752,1040,645
4/13/2021,956,16.74,17.1,18.02,-1.28,2.191041899,1.199591442,1000,846
4/14/2021,995,16.48,16.74,17.94,-1.46,1.223355878,1.622112341,956,1100
4/15/2021,1050,16.28,16.48,17.96,-1.68,2.21734553,-1.195856846,995,1370
4/16/2021,1030,16.66,16.28,17.72,-1.06,4.768362011,-1.624774666,1050,1210
4/17/2021,1060,16.64,16.66,17.62,-0.98,4.857076139,-0.50980563,1030,1020
4/18/2021,1000,16.56,16.64,17.34,-0.78,4.857076139,1.894657686,1060,1040
4/19/2021,936,16.42,16.56,17.1,-0.68,4.869210412,0.583841525,1000,1000
4/20/2021,893,16.36,16.42,16.74,-0.38,5.415666429,-4.681924145,936,956
4/21/2021,859,16.46,16.36,16.48,-0.02,4.60512496,-2.235653399,893,995
4/22/2021,822,16.46,16.46,16.28,0.18,4.586650581,2.938620579,859,1050
4/23/2021,789,16.44,16.46,16.66,-0.22,2.403100237,4.355901284,822,1030
4/24/2021,765,16.34,16.44,16.64,-0.3,2.31580075,5.893986503,789,1060
4/25/2021,714,16.08,16.34,16.56,-0.48,2.31580075,9.5991434,765,1000
4/26/2021,692,15.56,16.08,16.42,-0.86,2.309544833,8.473786915,714,936
4/27/2021,693,15.12,15.56,16.36,-1.24,2.002825908,5.009266246,692,893
4/28/2021,893,15.32,15.12,16.46,-1.14,4.882235092,7.000947242,693,859
4/29/2021,1170,15.2,15.32,16.46,-1.26,3.842582064,9.549460153,893,822
4/30/2021,1260,14.68,15.2,16.44,-1.76,3.475115926,12.84601947,1170,789
5/1/2021,1440,13.88,14.68,16.34,-2.46,3.489410392,14.12541883,1260,765
5/2/2021,2250,13.34,13.88,16.08,-2.74,3.596322875,8.52244274,1440,714
5/3/2021,3080,13.16,13.34,15.56,-2.4,6.018773897,3.652195758,2250,692
5/4/2021,3400,13.56,13.16,15.12,-1.56,10.15698479,4.160439253,3080,693
5/5/2021,3010,13.64,13.56,15.32,-1.68,8.967853413,7.248463415,3400,893
5/6/2021,2370,13.62,13.64,15.2,-1.58,9.608292777,10.49171775,3010,1170
5/7/2021,2030,13.34,13.62,14.68,-1.34,9.665506526,13.92096348,2370,1260
5/8/2021,1960,12.98,13.34,13.88,-0.9,9.64979742,7.642561397,2030,1440
5/9/2021,2450,12.6,12.98,13.34,-0.74,9.61898026,4.32270873,1960,2250
5/10/2021,2840,12.42,12.6,13.16,-0.74,7.341951682,4.066143652,2450,3080
5/11/2021,2680,12.46,12.42,13.56,-1.1,6.524523712,3.607456929,2840,3400
5/12/2021,2370,12.74,12.46,13.64,-0.9,9.279596123,6.31514372,2680,3010
5/13/2021,2040,12.6,12.74,13.62,-1.02,8.63596292,10.19272706,2370,2370
5/14/2021,1770,12.06,12.6,13.34,-1.28,8.625433474,12.37247521,2040,2030
5/15/2021,1680,11.7,12.06,12.98,-1.28,8.663386194,12.5691655,1770,1960
5/16/2021,2080,11.34,11.7,12.6,-1.26,8.969469402,12.42183794,1680,2450
5/17/2021,2660,11.02,11.34,12.42,-1.4,8.90524628,11.47883128,2080,2840
5/18/2021,3260,10.72,11.02,12.46,-1.74,5.90305637,12.02708767,2660,2680
5/19/2021,3510,10.02,10.72,12.74,-2.72,1.193435037,13.66828774,3260,2370
5/20/2021,3780,9.04,10.02,12.6,-3.56,1.177970188,14.86288438,3510,2040
5/21/2021,4210,8.18,9.04,12.06,-3.88,1.133120121,12.59288054,3780,1770
5/22/2021,4780,7.78,8.18,11.7,-3.92,1.25186375,13.28183885,4210,1680
5/23/2021,4540,7.24,7.78,11.34,-4.1,1.763324231,8.71943295,4780,2080
5/24/2021,4850,6.92,7.24,11.02,-4.1,1.687777426,7.514914858,4540,2660
5/25/2021,4930,6.58,6.92,10.72,-4.14,1.129447322,9.632977276,4850,3260
5/26/2021,4160,6.02,6.58,10.02,-4,1.075662063,12.61492723,4930,3510
5/27/2021,3820,5.72,6.02,9.04,-3.32,1.289223691,10.56108441,4160,3780
5/28/2021,3420,5.2,5.72,8.18,-2.98,1.287389455,13.46806741,3820,4210
5/29/2021,3350,4.66,5.2,7.78,-3.12,1.130693106,13.8453549,3420,4780
5/30/2021,3300,4.12,4.66,7.24,-3.12,0.237054093,12.61324973,3350,4540
5/31/2021,3320,3.84,4.12,6.92,-3.08,1.725758726,11.75835399,3300,4850
6/1/2021,3240,3.4,3.84,6.58,-3.18,1.725758726,13.86881012,3320,4930
6/2/2021,3130,3.22,3.4,6.02,-2.8,1.901368308,15.32023537,3240,4160
6/3/2021,2960,3,3.22,5.72,-2.72,1.675845088,17.69842869,3130,3820
6/4/2021,2850,2.64,3,5.2,-2.56,1.675845088,19.67835632,2960,3420
6/5/2021,3020,2.36,2.64,4.66,-2.3,1.686746767,19.1843467,2850,3350
6/6/2021,3290,1.98,2.36,4.12,-2.14,3.087876847,19.10926086,3020,3300
6/7/2021,3320,1.54,1.98,3.84,-2.3,1.612907051,19.95746171,3290,3320
6/8/2021,3300,1.16,1.54,3.4,-2.24,1.612907051,17.94926306,3320,3240
6/9/2021,3010,0.76,1.16,3.22,-2.46,1.442641429,17.92639985,3300,3130
6/10/2021,2660,0.36,0.76,3,-2.64,1.442641429,16.47260822,3010,2960
6/11/2021,2310,0.04,0.36,2.64,-2.6,1.44798539,12.45855114,2660,2850
6/12/2021,2030,0.02,0.04,2.36,-2.34,1.437083711,17.53304382,2310,3020
6/13/2021,1780,0.02,0.02,1.98,-1.96,0.041297591,20.12981186,2030,3290
6/14/2021,1590,0,0.02,1.54,-1.54,0.02693356,21.50202532,1780,3320
6/15/2021,1400,0,0,1.16,-1.16,0.048533313,21.96883153,1590,3300
6/16/2021,1240,0.02,0,0.76,-0.74,0.070336671,23.12506747,1400,3010
6/17/2021,1120,0,0.02,0.36,-0.36,0.070336671,22.61249218,1240,2660
6/18/2021,970,0,0,0.04,-0.04,0.064992711,21.62440475,1120,2310
6/19/2021,853,0,0,0.02,-0.02,0.064992711,20.17547826,970,2030
6/20/2021,759,0,0,0.02,-0.02,0.407785633,18.64678933,853,1780
6/21/2021,674,0,0,0,0,0.396883954,15.98403662,759,1590
6/22/2021,631,0,0,0,0,0.39152984,20.44339327,674,1400
6/23/2021,550,0,0,0.02,-0.02,0.369726483,20.00237724,631,1240
6/24/2021,479,0.02,0,0,0.02,0.373752622,17.15244152,550,1120
6/25/2021,467,0.02,0.02,0,0.02,3.488906093,13.29013125,479,970
6/26/2021,490,0.04,0.02,0,0.04,8.42226667,13.05916826,467,853
6/27/2021,425,0.04,0.04,0,0.04,11.28893572,12.17564364,490,759
6/28/2021,406,0.04,0.04,0,0.04,12.49159566,13.84489218,425,674
6/29/2021,482,0.04,0.04,0,0.04,12.87941649,15.99890501,406,631
6/30/2021,523,0.02,0.04,0,0.02,12.99923925,17.34560382,482,550
7/1/2021,496,0.04,0.02,0.02,0.02,13.67927203,17.6261464,523,479
7/2/2021,423,0.04,0.04,0.02,0.02,11.33448476,19.25222381,496,467
7/3/2021,398,0.04,0.04,0.04,0,6.802402331,20.61518897,423,490
7/4/2021,371,0,0.04,0.04,-0.04,3.614739979,21.73496185,398,425
7/5/2021,336,0,0,0.04,-0.04,2.50260521,20.58786943,371,406
7/6/2021,330,0,0,0.04,-0.04,2.638485136,18.9629325,336,482
7/7/2021,283,0.02,0,0.02,0,2.513318417,21.49057175,330,523
7/8/2021,244,0,0.02,0.04,-0.04,1.829259489,23.52194532,283,496
7/9/2021,215,0,0,0.04,-0.04,1.058893292,23.5389359,244,423
7/10/2021,181,0,0,0.04,-0.04,0.657615143,19.44444536,215,398
7/11/2021,154,0,0,0,0,0.630471566,20.09173473,181,371
7/12/2021,128,0,0,0,0,0.539946389,22.14138283,154,336
7/13/2021,105,0,0,0,0,0.00534396,19.83413622,128,330
7/14/2021,91.0,0,0,0.02,-0.02,0.42360941,19.01070439,105,283
7/15/2021,90.8,0,0,0,0,1.292988764,19.15744579,91.0,244
7/16/2021,78.0,0,0,0,0,1.292988764,19.65261335,90.8,215
7/17/2021,69.9,0,0,0,0,1.319577954,20.91450929,78.0,181
7/18/2021,73.2,0,0,0,0,1.319577954,22.54536322,69.9,154
7/19/2021,67.2,0,0,0,0,1.330479632,23.41369572,73.2,128
7/20/2021,62.0,0,0,0,0,1.330479632,22.06772662,67.2,105
7/21/2021,56.6,0,0,0,0,2.923502487,21.67988137,62.0,91.0
7/22/2021,65.9,0,0,0,0,2.060402285,22.01671407,56.6,90.8
7/23/2021,56.4,0,0,0,0,2.812420806,21.5257109,65.9,78.0
7/24/2021,46.3,0,0,0,0,2.785831617,20.63065051,56.4,69.9
7/25/2021,42.0,0,0,0,0,2.785831617,22.36684378,46.3,73.2
7/26/2021,39.3,0,0,0,0,3.110766386,22.17107232,42.0,67.2
7/27/2021,32.0,0,0,0,0,3.105422425,23.02196516,39.3,62.0
7/28/2021,27.7,0,0,0,0,1.218385084,22.74225391,32.0,56.6
7/29/2021,22.2,0,0,0,0,2.859729229,21.82293836,27.7,65.9
7/30/2021,33.1,0,0,0,0,5.283899924,20.91186924,22.2,56.4
7/31/2021,230,0,0,0,0,8.754144719,18.86685024,33.1,46.3
8/1/2021,165,0,0,0,0,12.04685981,18.94718788,230,42.0
8/2/2021,94.5,0,0,0,0,11.76707395,18.25705346,165,39.3
8/3/2021,88.1,0,0,0,0,14.45878782,17.1494877,94.5,32.0
8/4/2021,165,0,0,0,0,18.26294405,17.58909829,88.1,27.7
8/5/2021,156,0,0,0,0,17.76877762,19.62540238,165,22.2
8/6/2021,138,0,0,0,0,14.6137511,19.80184364,156,33.1
8/7/2021,246,0,0,0,0,11.56958902,15.50166794,138,230
8/8/2021,199,0,0,0,0,8.277665578,18.62435721,246,165
8/9/2021,147,0,0,0,0,8.236789275,19.73662632,199,94.5
8/10/2021,100,0,0,0,0,5.545075404,18.38237324,147,88.1
8/11/2021,84.9,0,0,0,0,1.616668213,18.75343803,100,165
8/12/2021,79.7,0,0,0,0,0.463211351,20.70525025,84.9,156
8/13/2021,79.6,0,0,0,0,0.447927004,21.15530551,79.7,138
8/14/2021,67.3,0,0,0,0,0.021844289,22.14860167,79.6,246
8/15/2021,56.7,0,0,0,0,0.034183828,20.73444636,67.3,199
8/16/2021,47.5,0,0,0,0,0.450461276,19.6268037,56.7,147
8/17/2021,59.2,0,0,0,0,0.610376082,20.69337062,47.5,100
8/18/2021,44.8,0,0,0,0,1.805867,18.66160787,59.2,84.9
8/19/2021,53.9,0,0,0,0,8.600634699,12.39211841,44.8,79.7
8/20/2021,99.6,0,0,0,0,16.9295179,11.70878727,53.9,79.6
8/21/2021,87.6,0,0,0,0,17.16489075,14.14843819,99.6,67.3
8/22/2021,93.7,0,0,0,0,19.23971387,15.85630932,87.6,56.7
8/23/2021,92.5,0,0,0,0,20.02366422,17.7454609,93.7,47.5
8/24/2021,134,0,0,0,0,19.88726921,18.28329501,92.5,59.2
8/25/2021,152,0,0,0,0,18.79875938,18.0504894,134,44.8
8/26/2021,138,0,0,0,0,12.02881277,17.30350354,152,53.9
8/27/2021,137,0,0,0,0,8.035917147,17.2637761,138,99.6
8/28/2021,126,0,0,0,0,7.823851446,17.44398968,137,87.6
8/29/2021,114,0,0,0,0,5.735897148,17.47689316,126,93.7
8/30/2021,100,0,0,0,0,4.520495055,18.60341264,114,92.5
8/31/2021,88.6,0,0,0,0,4.496975257,19.31466004,100,134
9/1/2021,88.6,0,0,0,0,4.516056736,14.4426736,88.6,152
9/2/2021,89.6,0,0,0,0,10.39938417,16.43184473,88.6,138
9/3/2021,68.8,0,0,0,0,6.159924184,15.6454969,89.6,137
9/4/2021,61.4,0.02,0,0,0.02,7.520938633,14.88603477,68.8,126
9/5/2021,64.4,0,0.02,0,0,7.570563259,15.32147245,61.4,114
9/6/2021,83.8,0,0,0,0,7.590520589,17.54128595,64.4,100
9/7/2021,83.8,0,0,0,0,7.591312228,17.90811281,83.8,88.6
9/8/2021,80.2,0,0,0,0,7.47242786,18.54165871,83.8,88.6
9/9/2021,70.2,0,0,0,0,1.564279334,19.36061643,80.2,89.6
9/10/2021,75.0,0,0,0,0,1.461873389,20.04365294,70.2,68.8
9/11/2021,69.1,0,0,0.02,-0.02,0.079972605,17.56575501,75.0,61.4
9/12/2021,64.6,0,0,0,0,1.648454069,16.38103859,69.1,64.4
9/13/2021,59.4,0,0,0,0,2.753676207,15.76165365,64.6,83.8
9/14/2021,57.9,0,0,0,0,6.165986878,15.40003828,59.4,83.8
9/15/2021,66.6,0,0,0,0,6.159868437,15.79453049,57.9,80.2
9/16/2021,68.8,0,0,0,0,6.159868437,16.76265546,66.6,70.2
9/17/2021,63.0,0,0,0,0,6.159868437,16.14135473,68.8,75.0
9/18/2021,73.4,0,0,0,0,6.162791583,15.84915146,63.0,69.1
9/19/2021,80.5,0,0,0,0,5.244866013,12.32121448,73.4,64.6
9/20/2021,100,0.08,0,0,0.08,10.98061939,6.900173241,80.5,59.4
9/21/2021,81.1,0.02,0.08,0,0.02,8.55886113,7.180489486,100,57.9
9/22/2021,85.7,0,0.02,0,0,8.684889973,11.72364659,81.1,66.6
9/23/2021,70.8,0,0,0,0,8.742154016,12.77116746,85.7,68.8
9/24/2021,75.7,0,0,0,0,8.742154016,12.73232614,70.8,63.0
9/25/2021,99.9,0,0,0,0,8.736810055,14.56187896,75.7,73.4
9/26/2021,117,0,0,0,0,8.037421176,15.61398638,99.9,80.5
9/27/2021,123,0,0,0.08,-0.08,1.190766659,16.04891382,117,100
9/28/2021,120,0,0,0.02,-0.02,0.199422609,13.61426523,123,81.1
9/29/2021,153,0,0,0,0,11.26434202,7.070571468,120,85.7
9/30/2021,150,0,0,0,0,20.19152463,8.64138168,153,70.8
10/1/2021,142,0,0,0,0,20.31218157,9.400270204,150,75.7
10/2/2021,164,0,0,0,0,20.66037159,10.48855916,142,99.9
10/3/2021,217,0,0,0,0,20.65957995,11.38681725,164,117
10/4/2021,232,0,0,0,0,20.64530162,12.66655967,217,123
10/5/2021,205,0,0,0,0,20.64530162,13.78228021,232,120
10/6/2021,203,0,0,0,0,9.492968529,10.4906913,205,153
10/7/2021,203,0,0,0,0,0.550939438,10.89232245,203,150
10/8/2021,216,0.04,0,0,0.04,0.430282498,9.109821223,203,142
10/9/2021,210,0.04,0.04,0,0.04,4.791041271,6.893060219,216,164
10/10/2021,217,0.42,0.04,0,0.42,16.27165297,5.841245737,210,217
10/11/2021,207,0.42,0.42,0,0.42,18.20031313,6.207004298,217,232
10/12/2021,216,0.36,0.42,0,0.36,18.514805,1.928917975,207,205
10/13/2021,295,0.8,0.36,0,0.8,27.65501727,-1.696824431,216,203
10/14/2021,340,0.96,0.8,0,0.96,31.52069898,-0.813907715,295,203
10/15/2021,357,1.14,0.96,0.04,1.1,34.69392272,-0.081773185,340,216
10/16/2021,363,1.14,1.14,0.04,1.1,30.07746544,4.640433667,357,210
10/17/2021,349,1.14,1.14,0.42,0.72,18.76642412,8.250510227,363,217
10/18/2021,339,1.1,1.14,0.42,0.68,16.87128644,8.922246514,349,207
10/19/2021,332,1.06,1.1,0.36,0.7,18.94505112,2.980597956,339,216
10/20/2021,336,1.18,1.06,0.8,0.38,13.04733892,3.2356668,332,295
10/21/2021,367,1.14,1.18,0.96,0.18,9.172313777,6.494581569,336,340
10/22/2021,409,1.12,1.14,1.14,-0.02,6.00479039,7.625994955,367,357
10/23/2021,418,1.12,1.12,1.14,-0.02,5.912298887,6.063537005,409,363
10/24/2021,404,1.18,1.12,1.14,0.04,10.6865627,6.15113342,418,349
10/25/2021,384,1.36,1.18,1.1,0.26,13.81697607,11.8809059,404,339
10/26/2021,409,1.24,1.36,1.06,0.18,13.24556973,5.238396353,384,332
10/27/2021,412,2.04,1.24,1.18,0.86,21.87152692,1.052327507,409,336
10/28/2021,426,2.32,2.04,1.14,1.18,23.53031246,4.330914034,412,367
10/29/2021,531,2.24,2.32,1.12,1.12,23.52824915,6.317785683,426,409
10/30/2021,548,2.2,2.24,1.12,1.08,23.52824915,6.829419016,531,418
10/31/2021,501,2.16,2.2,1.18,0.98,18.58441496,5.40191824,548,404
11/1/2021,466,2.22,2.16,1.36,0.86,16.40412997,3.505179586,501,384
11/2/2021,469,2.38,2.22,1.24,1.14,17.37823568,3.778571038,466,409
11/3/2021,481,2.88,2.38,2.04,0.84,12.46166745,4.851938264,469,412
11/4/2021,508,2.94,2.88,2.32,0.62,11.65420624,5.850109034,481,426
11/5/2021,563,2.92,2.94,2.24,0.68,11.6505692,6.84523951,508,531
11/6/2021,582,2.9,2.92,2.2,0.7,11.6505692,8.337785575,563,548
11/7/2021,580,2.86,2.9,2.16,0.7,11.6662083,8.804117065,582,501
11/8/2021,563,2.82,2.86,2.22,0.6,10.68255743,5.107415065,580,466
11/9/2021,529,2.82,2.82,2.38,0.44,7.891601519,4.557070828,563,469
11/10/2021,512,3.06,2.82,2.88,0.18,5.529375268,1.262348035,529,481
11/11/2021,504,3.28,3.06,2.94,0.34,5.931764487,0.589231707,512,508
11/12/2021,502,3.82,3.28,2.92,0.9,9.165254885,3.6300228,504,563
11/13/2021,508,3.92,3.82,2.9,1.02,9.959840244,5.666841305,502,582
11/14/2021,502,3.9,3.92,2.86,1.04,9.944201144,4.708560654,508,580
11/15/2021,475,3.88,3.9,2.82,1.06,9.9711273,7.922412785,502,563
11/16/2021,466,3.88,3.88,2.82,1.06,9.978341646,4.346362658,475,529
11/17/2021,464,3.98,3.88,3.06,0.92,5.979426711,-3.701319129,466,512
11/18/2021,428,3.94,3.98,3.28,0.66,4.692639027,-1.152075101,464,504
11/19/2021,442,3.96,3.94,3.82,0.14,1.705774045,3.688902612,428,502
11/20/2021,459,4,3.96,3.92,0.08,1.263626305,0.638578597,442,508
11/21/2021,396,4.26,4,3.9,0.36,3.72478673,-1.468321803,459,502
11/22/2021,380,4.28,4.26,3.88,0.4,3.697860574,2.192204955,396,475
11/23/2021,431,4.28,4.28,3.88,0.4,3.690646228,1.728213662,380,466
11/24/2021,426,4.32,4.28,3.98,0.34,3.351910833,-3.694801263,431,464
11/25/2021,364,4.38,4.32,3.94,0.44,3.612897174,-3.557813244,426,428
11/26/2021,314,4.38,4.38,3.96,0.42,3.366271759,1.191363149,364,442
11/27/2021,341,4.4,4.38,4,0.4,3.241664439,1.532727699,314,459
11/28/2021,318,4.4,4.4,4.26,0.14,0.780504013,3.288110778,341,396
11/29/2021,322,4.4,4.4,4.28,0.12,0.780504013,4.948191595,318,380
11/30/2021,355,4.4,4.4,4.28,0.12,0.780504013,1.907671924,322,431
12/1/2021,404,4.4,4.4,4.32,0.08,0.48881664,4.693826058,355,426
12/2/2021,435,4.4,4.4,4.38,0.02,0.2278303,5.745892885,404,364
12/3/2021,421,4.4,4.4,4.38,0.02,0.2278303,5.139418236,435,314
12/4/2021,400,4.38,4.4,4.4,-0.02,0,3.711607039,421,341
12/5/2021,404,4.36,4.38,4.4,-0.04,0,1.41748194,400,318
12/6/2021,377,4.36,4.36,4.4,-0.04,0,-2.830917874,404,322
12/7/2021,359,4.36,4.36,4.4,-0.04,0.104664766,0.320334648,377,355
12/8/2021,343,4.36,4.36,4.4,-0.04,0.137178263,-1.113328672,359,404
12/9/2021,391,4.52,4.36,4.4,0.12,3.123016692,-1.81055129,343,435
12/10/2021,409,5.76,4.52,4.4,1.36,23.36741501,-8.871740968,391,421
12/11/2021,408,6.12,5.76,4.38,1.74,29.26356185,-10.97900032,409,400
12/12/2021,366,6.14,6.12,4.36,1.78,29.57974467,-5.350558753,408,404
12/13/2021,353,6.16,6.14,4.36,1.8,29.67420468,-1.203052477,366,377
12/14/2021,356,6.18,6.16,4.36,1.82,29.86479021,1.834262076,353,359
12/15/2021,349,6.18,6.18,4.36,1.82,31.85886256,-4.024930387,356,343
12/16/2021,341,6.46,6.18,4.52,1.94,34.3628615,-8.572543797,349,391
12/17/2021,342,6.92,6.46,5.76,1.16,19.698814,-8.599097713,341,409
12/18/2021,339,7.1,6.92,6.12,0.98,15.60609026,-9.809712432,342,408
12/19/2021,337,7.1,7.1,6.14,0.96,15.28990744,-6.038983397,339,366
12/20/2021,341,7.1,7.1,6.16,0.94,15.19544743,-3.743970072,337,353
12/21/2021,344,7.1,7.1,6.18,0.92,14.90019714,-2.387416709,341,356
12/22/2021,347,7.1,7.1,6.18,0.92,12.87361129,-2.543320617,344,349
12/23/2021,353,7.18,7.1,6.46,0.72,7.792423739,-0.378154837,347,341
12/24/2021,359,7.58,7.18,6.92,0.66,11.55864421,-1.121959209,353,342
12/25/2021,361,8.66,7.58,7.1,1.56,23.26055763,-1.999726003,359,339
12/26/2021,358,8.74,8.66,7.1,1.64,26.64206501,-5.051073292,361,337
12/27/2021,352,9.26,8.74,7.1,2.16,31.95557236,-7.749035291,358,341
12/28/2021,345,9.42,9.26,7.1,2.32,34.81398861,-10.06280103,352,344
12/29/2021,344,9.88,9.42,7.1,2.78,38.68792129,-9.72925268,345,347
12/30/2021,345,10.16,9.88,7.18,2.98,40.65346732,-5.264509652,344,353
12/31/2021,338,10.4,10.16,7.58,2.82,38.00077571,-7.345012097,345,359
1/1/2022,332,11,10.4,8.66,2.34,34.65429141,-15.01753334,338,361
1/2/2022,329,10.98,11,8.74,2.24,31.27278403,-13.73971714,332,358
1/3/2022,328,11,10.98,9.26,1.74,26.23054372,-9.083199207,329,352
1/4/2022,332,11.14,11,9.42,1.72,23.5880384,-6.410244579,328,345
1/5/2022,339,11.42,11.14,9.88,1.54,20.89295181,-4.196349971,332,344
1/6/2022,345,13.08,11.42,10.16,2.92,28.41886697,-1.710218415,339,345
1/7/2022,348,14.26,13.08,10.4,3.86,26.45920892,1.75135695,345,338
1/8/2022,349,14.26,14.26,11,3.26,16.98238968,-3.612305241,348,332
1/9/2022,343,14.78,14.26,10.98,3.8,20.55458085,-8.377394373,349,329
1/10/2022,338,14.76,14.78,11,3.76,20.2833138,-6.708919591,343,328
1/11/2022,336,14.8,14.76,11.14,3.66,20.12682982,-5.905296082,338,332
1/12/2022,333,14.8,14.8,11.42,3.38,18.94798372,-4.215543361,336,339
1/13/2022,331,14.84,14.8,13.08,1.76,9.06398743,-1.594099873,333,345
1/14/2022,332,14.88,14.84,14.26,0.62,4.379957551,-4.352311307,331,348
1/15/2022,329,14.94,14.88,14.26,0.68,3.929229793,-5.91837311,332,349
1/16/2022,328,14.94,14.94,14.78,0.16,0.357038622,-3.817123712,329,343
1/17/2022,328,14.94,14.94,14.76,0.18,0.357038622,-2.886296662,328,338
1/18/2022,330,14.94,14.94,14.8,0.14,0.297611688,-3.536802207,328,336
1/19/2022,332,14.94,14.94,14.8,0.14,0.297611688,-5.244900358,330,333
1/20/2022,332,14.94,14.94,14.84,0.1,0.495733916,-6.277235014,332,331
1/21/2022,333,15.08,14.94,14.88,0.2,2.901893738,-5.403445071,332,332
1/22/2022,331,15.1,15.08,14.94,0.16,4.111906175,-7.144950062,333,329
1/23/2022,329,15.1,15.1,14.94,0.16,4.111906175,-7.037754388,331,328
1/24/2022,325,15.14,15.1,14.94,0.2,4.111906175,-6.231032802,329,328
1/25/2022,322,15.14,15.14,14.94,0.2,4.519027111,-8.692577746,325,330
1/26/2022,321,15.14,15.14,14.94,0.2,4.795176263,-10.76059044,322,332
1/27/2022,321,15.14,15.14,14.94,0.2,4.750094352,-9.789188361,321,332
1/28/2022,320,15.08,15.14,15.08,0,2.296052015,-9.28214664,321,333
1/29/2022,320,15.08,15.08,15.1,-0.02,0.854734344,-6.304078766,320,331
1/30/2022,321,15.08,15.08,15.1,-0.02,0.865155066,-6.020519081,320,329
1/31/2022,322,15.06,15.08,15.14,-0.08,0.865155066,-5.983445348,321,325
2/1/2022,321,15.06,15.06,15.14,-0.08,0.45803413,-11.46051639,322,322
2/2/2022,317,14.92,15.06,15.14,-0.22,0.181884978,-15.04881827,321,321
2/3/2022,315,14.86,14.92,15.14,-0.28,0.012729949,-15.53283487,317,321
2/4/2022,313,14.86,14.86,15.08,-0.22,0.010420723,-10.87322859,315,320
2/5/2022,313,14.88,14.86,15.08,-0.2,0.010420723,-7.180270205,313,320
2/6/2022,314,14.88,14.88,15.08,-0.2,0.738793202,-6.443035095,313,321
2/7/2022,317,14.84,14.88,15.06,-0.22,0.738793202,-5.940937034,314,322
2/8/2022,320,14.88,14.84,15.06,-0.18,0.754463351,-3.763829606,317,321
2/9/2022,323,14.92,14.88,14.92,0,0.807049524,-2.344953957,320,317
2/10/2022,326,14.92,14.92,14.86,0.06,0.807049524,-1.246715271,323,315
2/11/2022,326,14.92,14.92,14.86,0.06,0.823561565,-3.947761854,326,313
2/12/2022,321,14.92,14.92,14.88,0.04,0.965053703,-7.038657297,326,313
2/13/2022,318,14.92,14.92,14.88,0.04,0.243033726,-3.003312432,321,314
2/14/2022,318,14.94,14.92,14.84,0.1,0.253719497,-1.294600521,318,317
2/15/2022,324,14.96,14.94,14.88,0.08,0.238049347,0.83083844,318,320
2/16/2022,322,14.96,14.96,14.92,0.04,2.592769542,-4.77890363,324,323
2/17/2022,321,15.12,14.96,14.92,0.2,5.932148332,-9.268089907,322,326
2/18/2022,321,15.2,15.12,14.92,0.28,6.957081993,-5.200034007,321,326
2/19/2022,317,15.36,15.2,14.92,0.44,7.100247543,-2.821331458,321,321
2/20/2022,313,15.42,15.36,14.92,0.5,7.083474319,-0.84197774,317,318
2/21/2022,309,15.54,15.42,14.94,0.6,7.359980699,-5.988817978,313,318
2/22/2022,298,15.76,15.54,14.96,0.8,17.37273921,-14.89156013,309,324
2/23/2022,294,15.9,15.76,14.96,0.94,19.25844636,-14.07856379,298,322
2/24/2022,293,16.04,15.9,15.12,0.92,21.58680907,-14.61005172,294,321
2/25/2022,294,16.04,16.04,15.2,0.84,21.39610156,-12.46734022,293,321
2/26/2022,289,16.06,16.04,15.36,0.7,21.20644399,-13.21757185,294,317
2/27/2022,288,16.08,16.06,15.42,0.66,21.34698372,-8.424527368,289,313
2/28/2022,290,16.22,16.08,15.54,0.68,21.62580343,-4.738605212,288,309
3/1/2022,292,16.24,16.22,15.76,0.48,11.61578299,-0.098001845,290,298
3/2/2022,300,16.34,16.24,15.9,0.44,7.33077533,2.42420903,292,294
3/3/2022,313,16.42,16.34,16.04,0.38,1.663033832,3.838706514,300,293
3/4/2022,325,16.48,16.42,16.04,0.44,0.812295636,2.77312458,313,294
3/5/2022,331,16.64,16.48,16.06,0.58,5.421036322,-2.478043939,325,289
3/6/2022,335,17.04,16.64,16.08,0.96,11.5767612,-7.282830681,331,288
3/7/2022,335,17.1,17.04,16.22,0.88,11.48616834,-10.84124377,335,290
3/8/2022,336,17.12,17.1,16.24,0.88,11.5313476,-9.244520266,335,292
3/9/2022,334,17.52,17.12,16.34,1.18,15.78057457,-10.54142747,336,300
3/10/2022,327,17.96,17.52,16.42,1.54,23.4638088,-14.75280079,334,313
3/11/2022,330,17.98,17.96,16.48,1.5,23.65150044,-12.70567635,327,325
3/12/2022,351,18.08,17.98,16.64,1.44,19.17324548,-4.147013176,330,331
3/13/2022,388,18.22,18.08,17.04,1.18,13.03917973,-1.582274242,351,335
3/14/2022,443,18.46,18.22,17.1,1.36,14.35752154,-1.82900968,388,335
3/15/2022,502,18.54,18.46,17.12,1.42,14.31069206,0.573153711,443,336
3/16/2022,531,18.66,18.54,17.52,1.14,10.44296708,0.291975491,502,334
3/17/2022,574,18.96,18.66,17.96,1,5.813835443,-1.578093388,531,327
3/18/2022,589,19.02,18.96,17.98,1.04,5.6261438,-2.195255541,574,330
3/19/2022,588,19.06,19.02,18.08,0.98,5.435678414,-0.016760246,589,351
3/20/2022,595,19.1,19.06,18.22,0.88,5.564317064,1.759090929,588,388
3/21/2022,619,19.12,19.1,18.46,0.66,4.747436773,-2.521447492,595,443
3/22/2022,630,19.1,19.12,18.54,0.56,4.746348915,-3.156183172,619,502
3/23/2022,714,19.16,19.1,18.66,0.5,4.606240202,-0.898678628,630,531
3/24/2022,918,19.2,19.16,18.96,0.24,1.667133007,3.21087708,714,574
3/25/2022,1070,19.26,19.2,19.02,0.24,1.667133007,5.927604737,918,589
3/26/2022,1010,19.16,19.26,19.06,0.1,1.632112553,9.21478782,1070,588
3/27/2022,1110,18.94,19.16,19.1,-0.16,1.341275043,9.8444163,1010,595
3/28/2022,1400,18.58,18.94,19.12,-0.54,0.364394529,8.505937476,1110,619
3/29/2022,1750,18.22,18.58,19.1,-0.88,1.449058159,2.63303083,1400,630
3/30/2022,1990,18.56,18.22,19.16,-0.6,9.262011186,0.932738508,1750,714
3/31/2022,2110,18.6,18.56,19.2,-0.6,9.312116196,2.524511719,1990,918
4/1/2022,1890,18.86,18.6,19.26,-0.4,12.69254819,2.522004837,2110,1070
4/2/2022,1580,18.9,18.86,19.16,-0.26,12.69254819,5.302445468,1890,1010
4/3/2022,1610,18.8,18.9,18.94,-0.14,12.84053064,4.373434575,1580,1110
4/4/2022,1670,18.86,18.8,18.58,0.28,12.9154335,3.605240429,1610,1400
4/5/2022,1840,18.82,18.86,18.22,0.6,11.84659947,0.465642443,1670,1750
4/6/2022,1710,18.76,18.82,18.56,0.2,4.368539981,-1.95206142,1840,1990
4/7/2022,1710,18.58,18.76,18.6,-0.02,4.203439581,0.843904133,1710,2110
4/8/2022,1410,18.34,18.58,18.86,-0.52,0.837323097,5.043742674,1710,1890
4/9/2022,1250,17.98,18.34,18.9,-0.92,0.948956058,5.806708357,1410,1580
4/10/2022,1250,17.84,17.98,18.8,-0.96,2.695317832,-1.003367394,1250,1610
4/11/2022,1420,17.68,17.84,18.86,-1.18,2.711555683,2.770260014,1250,1670
4/12/2022,1630,17.74,17.68,18.82,-1.08,6.400416891,-3.821107732,1420,1840
4/13/2022,1450,18.58,17.74,18.76,-0.18,12.85329059,-6.48525746,1630,1710
4/14/2022,1340,19.14,18.58,18.58,0.56,14.67062251,-2.116131791,1450,1710
4/15/2022,1310,19.46,19.14,18.34,1.12,15.37988523,3.034767806,1340,1410
4/16/2022,1190,19.5,19.46,17.98,1.52,15.36045054,4.966101783,1310,1250
4/17/2022,1160,19.7,19.5,17.84,1.86,16.0979722,4.180828114,1190,1250
4/18/2022,1310,20.44,19.7,17.68,2.76,18.86385623,7.107731145,1160,1420
4/19/2022,1370,20.26,20.44,17.74,2.52,15.15916542,8.798550774,1310,1630
4/20/2022,1390,19.78,20.26,18.58,1.2,8.582183498,6.595645756,1370,1450
4/21/2022,1660,19.4,19.78,19.14,0.26,6.764851581,10.34090883,1390,1340
4/22/2022,2300,18.68,19.4,19.46,-0.78,6.042339676,8.013287382,1660,1310
4/23/2022,2850,18.5,18.68,19.5,-1,11.8382582,1.168210343,2300,1190
4/24/2022,3850,19.94,18.5,19.7,0.24,19.36059542,1.302393943,2850,1160
4/25/2022,3680,20.38,19.94,20.44,-0.06,16.98473501,2.291354494,3850,1310
4/26/2022,3110,20.4,20.38,20.26,0.14,17.00190903,7.087061317,3680,1370
4/27/2022,2700,20.18,20.4,19.78,0.4,16.733347,10.68234095,3110,1390
4/28/2022,2580,19.74,20.18,19.4,0.34,16.733347,9.969030752,2700,1660
4/29/2022,2840,19.36,19.74,18.68,0.68,16.73228067,4.633271235,2580,2300
4/30/2022,3460,19.4,19.36,18.5,0.9,12.59279115,4.78849201,2840,2850
5/1/2022,3760,19.24,19.4,19.94,-0.7,2.43858804,8.167055472,3460,3850
5/2/2022,3310,18.86,19.24,20.38,-1.52,4.43401074,6.812625281,3760,3680
5/3/2022,3580,19.06,18.86,20.4,-1.34,8.049152036,5.689444719,3310,3110
5/4/2022,4000,19.02,19.06,20.18,-1.16,15.12308228,3.249467958,3580,2700
5/5/2022,3960,19.04,19.02,19.74,-0.7,18.40549367,8.124485805,4000,2580
5/6/2022,3890,19.12,19.04,19.36,-0.24,18.52000659,12.13025102,3960,2840
5/7/2022,3640,18.8,19.12,19.4,-0.6,16.77137931,10.2248091,3890,3460
5/8/2022,4830,18.74,18.8,19.24,-0.5,19.25947523,7.619959912,3640,3760
5/9/2022,6570,18.7,18.74,18.86,-0.16,18.37171966,3.729415455,4830,3310
5/10/2022,7050,18.94,18.7,19.06,-0.12,15.71054209,6.842974517,6570,3580
5/11/2022,6770,18.92,18.94,19.02,-0.1,8.887940436,11.47638581,7050,4000
5/12/2022,6500,18.42,18.92,19.04,-0.62,5.605529043,6.932366595,6770,3960
5/13/2022,8650,18.42,18.42,19.12,-0.7,5.491016127,6.568759121,6500,3890
5/14/2022,8250,17.96,18.42,18.8,-0.84,5.491016127,10.16048558,8650,3640
5/15/2022,7350,16.9,17.96,18.74,-1.84,3.00292021,13.14732575,8250,4830
5/16/2022,8130,15.92,16.9,18.7,-2.78,1.414088748,15.07552989,7350,6570
5/17/2022,9410,15.08,15.92,18.94,-3.86,0.442951,13.1855057,8130,7050
5/18/2022,10200,14,15.08,18.92,-4.92,0.483843644,12.36387125,9410,6770
5/19/2022,10800,12.96,14,18.42,-5.46,0.483843644,10.03363484,10200,6500
5/20/2022,11300,12.16,12.96,18.42,-6.26,2.848948304,1.423674892,10800,8650
5/21/2022,11200,12.66,12.16,17.96,-5.3,9.588105425,2.084656381,11300,8250
5/22/2022,9450,12.66,12.66,16.9,-4.24,9.588892997,5.177464773,11200,7350
5/23/2022,7240,12.48,12.66,15.92,-3.44,10.31589454,5.23994456,9450,8130
5/24/2022,5770,12.46,12.48,15.08,-2.62,11.58295886,6.142505949,7240,9410
5/25/2022,4980,12.42,12.46,14,-1.58,12.21640692,8.222977692,5770,10200
5/26/2022,4280,11.8,12.42,12.96,-1.16,12.30580392,13.14339686,4980,10800
5/27/2022,3960,10.74,11.8,12.16,-1.42,9.940699265,15.77209979,4280,11300
5/28/2022,4780,9.7,10.74,12.66,-2.96,3.201542144,12.81850897,3960,11200
5/29/2022,6600,9.08,9.7,12.66,-3.58,6.244688464,5.98507065,4780,9450
5/30/2022,7900,9.42,9.08,12.48,-3.06,22.16411873,4.727809299,6600,7240
5/31/2022,8760,9.68,9.42,12.46,-2.78,29.933769,5.774108447,7900,5770
6/1/2022,7130,9.7,9.68,12.42,-2.72,30.34108311,8.235340483,8760,4980
6/2/2022,5600,9.24,9.7,11.8,-2.56,30.25168611,11.66156631,7130,4280
6/3/2022,5050,8.4,9.24,10.74,-2.34,30.25168611,14.25243848,5600,3960
6/4/2022,4880,7.68,8.4,9.7,-2.02,30.25168611,14.85670746,5050,4780
6/5/2022,5090,6.82,7.68,9.08,-2.26,27.22752644,14.37886569,4880,6600
6/6/2022,5800,5.88,6.82,9.42,-3.54,11.69587357,13.46453238,5090,7900
6/7/2022,7070,5.56,5.88,9.68,-4.12,4.112173081,13.23594467,5800,8760
6/8/2022,8000,5.3,5.56,9.7,-4.4,2.587567266,14.03945955,7070,7130
6/9/2022,8240,5.04,5.3,9.24,-4.2,2.587567266,18.12175401,8000,5600
6/10/2022,7930,4.7,5.04,8.4,-3.7,2.587567266,18.85746922,8240,5050
6/11/2022,8100,4.34,4.7,7.68,-3.34,2.587567266,20.06697321,7930,4880
6/12/2022,8590,3.9,4.34,6.82,-2.92,2.56779305,20.1297143,8100,5090
6/13/2022,8810,3.46,3.9,5.88,-2.42,1.453014097,15.61530079,8590,5800
6/14/2022,8420,3.12,3.46,5.56,-2.44,0.580714873,10.23632254,8810,7070
6/15/2022,7180,2.98,3.12,5.3,-2.32,0.580714873,11.30947968,8420,8000
6/16/2022,5270,2.74,2.98,5.04,-2.3,0.580714873,16.47966243,7180,8240
6/17/2022,4370,2.38,2.74,4.7,-2.32,0.580714873,20.13068658,5270,7930
6/18/2022,4110,2.04,2.38,4.34,-2.3,1.107938946,18.55218966,4370,8100
6/19/2022,4200,1.62,2.04,3.9,-2.28,2.941973276,15.77238379,4110,8590
6/20/2022,4190,1.18,1.62,3.46,-2.28,4.197813187,11.23647726,4200,8810
6/21/2022,3850,0.82,1.18,3.12,-2.3,4.447935976,12.49536798,4190,8420
6/22/2022,3350,0.4,0.82,2.98,-2.58,4.447935976,16.20897814,3850,7180
6/23/2022,2890,0.16,0.4,2.74,-2.58,4.447935976,16.15341695,3350,5270
6/24/2022,2590,0.06,0.16,2.38,-2.32,5.23044742,14.54230419,2890,4370
6/25/2022,2380,0,0.06,2.04,-2.04,7.062537996,15.53309479,2590,4110
6/26/2022,2410,0,0,1.62,-1.62,5.228503666,16.49005481,2380,4200
6/27/2022,2230,0,0,1.18,-1.18,4.064105115,17.5679309,2410,4190
6/28/2022,2030,0,0,0.82,-0.82,3.233267453,18.70585735,2230,3850
6/29/2022,1880,0,0,0.4,-0.4,3.233267453,18.6017005,2030,3350
6/30/2022,1740,0,0,0.16,-0.16,7.374160035,16.74965816,1880,2890
7/1/2022,1610,0,0,0.06,-0.06,16.37170244,17.17932771,1740,2590
7/2/2022,1780,0,0,0,0,15.67772877,18.1157257,1610,2380
7/3/2022,1970,0,0,0,0,15.77546988,19.26982368,1780,2410
7/4/2022,1810,0,0,0,0,16.64916877,19.72818061,1970,2230
7/5/2022,1520,0,0,0,0,16.73212974,19.12645407,1810,2030
7/6/2022,1360,0,0,0,0,18.01155449,18.25518221,1520,1880
7/7/2022,1270,0,0,0,0,14.43757568,19.08886836,1360,1740
7/8/2022,1210,0,0,0,0,4.735603571,20.51275576,1270,1610
7/9/2022,1080,0,0,0,0,3.070262595,21.29739802,1210,1780
7/10/2022,959,0,0,0,0,2.972521478,21.55282211,1080,1970
7/11/2022,843,0,0,0,0,2.007381229,20.24348228,959,1810
7/12/2022,755,0,0,0,0,1.92442026,20.76437233,843,1520
7/13/2022,696,0,0,0,0,0.644995511,21.10073264,755,1360
7/14/2022,624,0,0,0,0,2.469847333,21.82659578,696,1270
7/15/2022,546,0,0,0,0,3.378663051,21.04903652,624,1210
7/16/2022,514,0,0,0,0,8.215537217,20.43881645,546,1080
7/17/2022,490,0,0,0,0,8.811493695,21.57755879,514,959
7/18/2022,488,0,0,0,0,8.811493695,22.53466283,490,843
7/19/2022,499,0,0,0,0,8.862368199,22.01825576,488,755
7/20/2022,446,0,0,0,0,8.955370829,20.70313084,499,696
7/21/2022,394,0,0,0,0,6.611331028,20.88061496,446,624
7/22/2022,338,0,0,0,0,5.624433569,21.70843058,394,546
7/23/2022,319,0,0,0,0,0.796484902,20.91150381,338,514
7/24/2022,313,0,0,0,0,2.15829596,15.70200605,319,490
7/25/2022,307,0,0,0,0,8.076164918,18.27664499,313,488
7/26/2022,287,0,0,0,0,8.025290414,20.12546385,307,499
7/27/2022,308,0,0,0,0,7.932287784,20.43067534,287,446
7/28/2022,354,0,0,0,0,7.884561993,18.83038713,308,394
7/29/2022,277,0,0,0,0,13.81428904,18.22985918,354,338
7/30/2022,262,0,0,0,0,14.43374906,19.5657035,277,319
7/31/2022,245,0,0,0,0,12.60022065,20.58674458,262,313
8/1/2022,232,0,0,0,0,6.724776025,21.32410899,245,307
8/2/2022,247,0,0,0,0,7.008673557,19.50442743,232,287
8/3/2022,247,0,0,0,0,9.056386557,19.23703638,247,308
8/4/2022,219,0,0,0,0,9.056386557,21.11341988,247,354
8/5/2022,191,0,0,0,0,3.126659511,21.23688334,219,277
8/6/2022,195,0,0,0,0,5.41363812,20.58103265,191,262
8/7/2022,196,0,0,0,0,5.298082777,18.85153738,195,245
8/8/2022,189,0,0,0,0,5.255658441,19.45548466,196,232
8/9/2022,165,0,0,0,0,4.971760908,20.52881454,189,247
8/10/2022,158,0,0,0,0,2.924047908,22.57283779,165,247
8/11/2022,157,0,0,0,0,2.924047908,22.34160488,158,219
8/12/2022,146,0,0,0,0,3.781177221,20.92638152,157,191
8/13/2022,132,0,0,0,0,1.657309042,20.33131173,146,195
8/14/2022,123,0,0,0,0,2.037325739,19.21559563,132,196
8/15/2022,109,0,0,0,0,7.400090882,18.10876242,123,189
8/16/2022,103,0,0,0,0,8.213924876,18.24690115,109,165
8/17/2022,96.2,0,0,0,0,8.744510153,18.2770877,103,158
8/18/2022,106,0,0,0,0,8.744510153,19.28384866,96.2,157
8/19/2022,197,0,0,0,0,7.88738084,18.3608535,106,146
8/20/2022,245,0,0,0,0,8.555270819,16.37962818,197,132
8/21/2022,223,0,0,0,0,9.906218058,16.29022324,245,123
8/22/2022,167,0,0,0,0,9.060322746,17.61618026,223,109
8/23/2022,131,0,0,0,0,8.246488751,18.51080881,167,103
8/24/2022,137,0,0,0,0,8.311535664,19.28687469,131,96.2
8/25/2022,133,0,0,0,0,8.541814782,18.11956501,137,106
8/26/2022,137,0,0,0,0,8.541814782,17.82654835,133,197
8/27/2022,129,0,0,0,0,8.123224854,17.10784905,137,245
8/28/2022,120,0,0,0,0,6.383577142,17.74305337,129,223
8/29/2022,117,0,0,0,0,1.868410981,17.57755033,120,167
8/30/2022,120,0,0,0,0,1.868410981,19.27355387,117,131
8/31/2022,103,0,0,0,0,1.272778791,20.08811132,120,137
9/1/2022,100,0,0,0,0,1.042499673,19.83520496,103,133
9/2/2022,82.1,0,0,0,0,1.042499673,19.98897857,100,137
9/3/2022,84.6,0,0,0,0,0.001703669,20.52180125,82.1,129
9/4/2022,82.3,0,0,0,0,0.001703669,20.79432644,84.6,120
9/5/2022,78.2,0,0,0,0,0,21.32257857,82.3,117
9/6/2022,84.5,0,0,0,0,0,21.07352514,78.2,120
9/7/2022,71.3,0,0,0,0,0,21.00466623,84.5,103
9/8/2022,80.5,0,0,0,0,0,19.83922827,71.3,100
9/9/2022,94.7,0,0,0,0,0.182873571,14.6691195,80.5,82.1
9/10/2022,83.9,0,0,0,0,0.194312853,11.19162903,94.7,84.6
9/11/2022,107,0,0,0,0,0.194312853,13.40899799,83.9,82.3
9/12/2022,119,0,0,0,0,0.194312853,15.65164458,107,78.2
9/13/2022,136,0,0,0,0,0.194312853,14.89627763,119,84.5
9/14/2022,142,0,0,0,0,0.509704794,13.79503862,136,71.3
9/15/2022,147,0,0,0,0,5.310739818,12.54250681,142,80.5
9/16/2022,166,0,0,0,0,11.9436559,11.98790834,147,94.7
9/17/2022,178,0,0,0,0,15.32034873,12.94309654,166,83.9
9/18/2022,188,0,0,0,0,18.13349403,14.80402419,178,107
9/19/2022,182,0,0,0,0,18.13349403,15.85605603,188,119
9/20/2022,219,0,0,0,0,18.13349403,15.71736684,182,136
9/21/2022,199,0,0,0,0,19.75010929,13.92051848,219,142
9/22/2022,193,0,0,0,0,23.02364716,12.68678511,199,147
9/23/2022,209,0,0,0,0,20.27795211,10.92356112,193,166
9/24/2022,222,0,0,0,0,16.88982,11.55050567,209,178
9/25/2022,230,0,0,0,0,14.0766747,12.62221084,222,188
9/26/2022,220,0,0,0,0,14.0766747,14.04888368,230,182
9/27/2022,218,0,0,0,0,14.0766747,14.89437932,220,219
9/28/2022,199,0,0,0,0,12.14777955,15.06723678,218,199
9/29/2022,190,0,0,0,0,4.073206653,14.10139315,199,193
9/30/2022,200,0,0,0,0,3.07288877,9.347878764,190,209
10/1/2022,233,0,0,0,0,17.65534982,8.053815525,200,222
10/2/2022,1210,0,0,0,0,26.81843994,10.49088505,233,230
10/3/2022,1010,0,0,0,0,36.41162841,9.761642794,1210,220
10/4/2022,624,0,0,0,0,37.17628772,9.743423097,1010,218
10/5/2022,546,0,0,0,0,37.1738818,9.267669834,624,199
10/6/2022,461,0,0,0,0,37.1738818,10.05276901,546,190
10/7/2022,396,0,0,0,0,34.10410508,9.884959279,461,200
10/8/2022,337,0,0,0,0,19.52164404,10.07925229,396,233
10/9/2022,311,0,0,0,0,10.35855392,10.04344957,337,1210
10/10/2022,285,0,0,0,0,0.765365449,10.30041018,311,1010
10/11/2022,263,0,0,0,0,0.000706134,9.466867205,285,624
10/12/2022,258,0,0,0,0,0,9.75283521,263,546
10/13/2022,257,0,0,0,0,0,8.269367718,258,461
10/14/2022,265,0,0,0,0,0,8.969062084,257,396
10/15/2022,255,0.06,0,0,0.06,0,7.986980502,265,337
10/16/2022,248,0.06,0.06,0,0.06,0,7.111858139,255,311
10/17/2022,253,0.06,0.06,0,0.06,0,7.619813941,248,285
10/18/2022,250,0.04,0.06,0,0.04,0,8.42256012,253,263
10/19/2022,256,0.06,0.04,0,0.06,0.007615143,9.599957995,250,258
10/20/2022,265,0.06,0.06,0,0.06,0.007615143,9.777652809,256,257
10/21/2022,253,0.06,0.06,0,0.06,0.007615143,8.777728792,265,265
10/22/2022,246,0.08,0.06,0.06,0.02,0.007615143,7.877274799,253,255
10/23/2022,291,0.2,0.08,0.06,0.14,8.188913116,-0.417851062,246,248
10/24/2022,301,0.76,0.2,0.06,0.7,20.06769178,-2.96194678,291,253
10/25/2022,311,0.82,0.76,0.04,0.78,21.18711814,-1.192395492,301,250
10/26/2022,322,0.9,0.82,0.06,0.84,23.33668641,-0.045109627,311,256
10/27/2022,337,1.24,0.9,0.06,1.18,28.5057221,-2.200780912,322,265
10/28/2022,338,1.24,1.24,0.06,1.18,28.72911087,-0.037743009,337,253
10/29/2022,347,1.26,1.24,0.08,1.18,28.72911087,1.462535272,338,246
10/30/2022,354,1.32,1.26,0.2,1.12,20.55802344,2.947776498,347,291
10/31/2022,349,1.26,1.32,0.76,0.5,8.679244773,3.292367174,354,301
11/1/2022,338,1.28,1.26,0.82,0.46,7.560610059,5.136209267,349,311
11/2/2022,337,1.32,1.28,0.9,0.42,5.44466118,5.046118301,338,322
11/3/2022,370,1.28,1.32,1.24,0.04,4.761364523,-2.669010502,337,337
11/4/2022,379,1.94,1.28,1.24,0.7,10.90485712,-6.056873035,370,338
11/5/2022,391,2.06,1.94,1.26,0.8,12.77530295,-0.854329078,379,347
11/6/2022,424,2.7,2.06,1.32,1.38,18.6090557,0.477934365,391,354
11/7/2022,451,3.06,2.7,1.26,1.8,24.42548869,6.217470474,424,349
11/8/2022,441,3,3.06,1.28,1.72,24.42469705,7.959122955,451,338
11/9/2022,427,2.94,3,1.32,1.62,24.38346252,2.751869437,441,337
11/10/2022,448,3.38,2.94,1.28,2.1,26.48216608,-6.027146411,427,370
11/11/2022,481,3.46,3.38,1.94,1.52,22.06678517,-7.549352245,448,379
11/12/2022,448,3.44,3.46,2.06,1.38,20.19633934,-5.551212087,481,391
11/13/2022,415,3.48,3.44,2.7,0.78,14.35237604,-3.76680015,448,424
11/14/2022,384,3.48,3.48,3.06,0.42,8.642057109,-6.607019225,415,451
11/15/2022,336,3.54,3.48,3,0.54,10.7346369,-8.716713319,384,441
11/16/2022,295,3.58,3.54,2.94,0.64,11.05148867,-7.643899573,336,427
11/17/2022,279,3.72,3.58,3.38,0.34,5.279277999,-7.444298308,295,448
11/18/2022,264,4.14,3.72,3.46,0.68,5.090920639,-11.45778289,279,481
11/19/2022,255,4.14,4.14,3.44,0.7,5.118432093,-9.66072283,264,448
11/20/2022,252,4.16,4.14,3.48,0.68,5.126982429,-5.378225542,255,415
11/21/2022,256,4.2,4.16,3.48,0.72,5.022666454,-2.967041337,252,384
11/22/2022,265,4.2,4.2,3.54,0.66,2.938868048,-2.493020029,256,336
11/23/2022,274,4.22,4.2,3.58,0.64,2.622016281,-4.564627826,265,295
11/24/2022,281,4.42,4.22,3.72,0.7,3.804414904,-3.835269959,274,279
11/25/2022,289,4.44,4.42,4.14,0.3,2.041271812,-1.971876901,281,264
11/26/2022,292,4.48,4.44,4.14,0.34,2.047034607,-1.847616058,289,255
11/27/2022,290,4.68,4.48,4.16,0.52,3.720718694,-3.216390802,292,252
11/28/2022,284,4.74,4.68,4.2,0.54,3.926432369,-3.973278948,290,256
11/29/2022,276,5.1,4.74,4.2,0.9,9.648411831,-9.738821467,284,265
11/30/2022,272,5.34,5.1,4.22,1.12,12.02910088,-7.049531957,276,274
12/1/2022,274,5.38,5.34,4.42,0.96,10.39656643,-1.4417669,272,281
12/2/2022,300,5.4,5.38,4.44,0.96,11.7765495,-6.005698345,274,289
12/3/2022,331,5.84,5.4,4.48,1.36,17.07637056,-8.391405438,300,292
12/4/2022,346,6.16,5.84,4.68,1.48,18.15266282,-1.661560432,331,290
12/5/2022,371,6.26,6.16,4.74,1.52,19.93992621,-1.763440437,346,284
12/6/2022,400,7.04,6.26,5.1,1.94,26.51628981,-5.993930763,371,276
12/7/2022,421,7.1,7.04,5.34,1.76,25.02774513,-8.15517224,400,272
12/8/2022,425,7.34,7.1,5.38,1.96,29.73567272,-7.47820982,421,274
12/9/2022,420,7.68,7.34,5.4,2.28,30.70586564,-7.682301784,425,300
12/10/2022,413,7.68,7.68,5.84,1.84,26.21598424,-6.535747927,420,331
12/11/2022,413,7.72,7.68,6.16,1.56,23.47506964,-2.184513676,413,346
12/12/2022,421,7.72,7.72,6.26,1.46,21.48029449,-2.94518138,413,371
12/13/2022,419,8.34,7.72,7.04,1.3,17.23509474,-8.883140181,421,400
12/14/2022,397,8.72,8.34,7.1,1.62,23.94131185,-8.90819767,419,421
12/15/2022,376,9.08,8.72,7.34,1.74,22.5945892,-12.57237058,397,425
12/16/2022,356,9.16,9.08,7.68,1.48,21.43648176,-16.39208008,376,420
12/17/2022,339,9.14,9.16,7.68,1.46,20.59326785,-14.51315161,356,413
12/18/2022,325,9.16,9.14,7.72,1.44,20.65198337,-12.07559117,339,413
12/19/2022,310,9.16,9.16,7.72,1.44,20.65198337,-12.04964898,325,421
12/20/2022,312,9.16,9.16,8.34,0.82,12.59005868,-8.815721768,310,419
12/21/2022,320,9.3,9.16,8.72,0.58,6.222431642,-9.02462735,312,397
12/22/2022,317,9.5,9.3,9.08,0.42,5.237774256,-19.48291643,320,376
12/23/2022,309,9.5,9.5,9.16,0.34,4.086540817,-13.42410739,317,356
12/24/2022,307,9.6,9.5,9.14,0.46,6.922195126,-5.358378031,309,339
12/25/2022,314,9.8,9.6,9.16,0.64,8.377771142,-2.910076457,307,325
12/26/2022,326,9.9,9.8,9.16,0.74,8.740871444,-1.090456565,314,310
12/27/2022,334,9.98,9.9,9.16,0.82,8.793972936,-0.857726267,326,312
12/28/2022,343,11.04,9.98,9.3,1.74,21.86732274,-3.773958821,334,320
12/29/2022,351,11.54,11.04,9.5,2.04,24.56031717,-8.092952787,343,317
12/30/2022,352,11.62,11.54,9.5,2.12,24.7570553,-7.536274542,351,309
12/31/2022,352,12.08,11.62,9.6,2.48,28.11781662,-1.695126657,352,307
1/1/2023,359,13.04,12.08,9.8,3.24,38.93807734,0.222632195,352,314
1/2/2023,366,13.38,13.04,9.9,3.48,51.16590526,-2.695734177,359,326
1/3/2023,373,13.5,13.38,9.98,3.52,60.54466686,-6.157754451,366,334
1/4/2023,371,13.88,13.5,11.04,2.84,50.20885893,-7.656935146,373,343
1/5/2023,360,14.02,13.88,11.54,2.48,45.46116651,-7.039432789,371,351
1/6/2023,357,14.1,14.02,11.62,2.48,48.37604396,-3.772168114,360,352
1/7/2023,362,14.8,14.1,12.08,2.72,50.37607892,-4.444167147,357,352
1/8/2023,360,14.92,14.8,13.04,1.88,38.17676628,-5.04141448,362,359
1/9/2023,359,14.98,14.92,13.38,1.6,25.72155033,-4.264855641,360,366
1/10/2023,365,15.34,14.98,13.5,1.84,19.85997819,-0.951824864,359,373
1/11/2023,373,15.92,15.34,13.88,2.04,23.14626698,-2.084131581,365,371
1/12/2023,376,16.86,15.92,14.02,2.84,28.82945126,-6.850608127,373,360
1/13/2023,373,16.86,16.86,14.1,2.76,25.71520559,-4.016614941,376,357
1/14/2023,365,16.9,16.86,14.8,2.1,17.52195281,-2.204510702,373,362
1/15/2023,360,16.92,16.9,14.92,2,17.36910111,-2.168251607,365,360
1/16/2023,362,17.4,16.92,14.98,2.42,20.40664259,-3.319262053,360,359
1/17/2023,369,17.54,17.4,15.34,2.2,18.2478542,-3.880513817,362,365
1/18/2023,376,17.86,17.54,15.92,1.94,14.83320494,-7.454812387,369,373
1/19/2023,371,18.12,17.86,16.86,1.26,10.46218866,-10.25544296,376,376
1/20/2023,359,18.12,18.12,16.86,1.26,10.42398362,-10.04459794,371,373
1/21/2023,350,18.12,18.12,16.9,1.22,10.45228418,-10.83035001,359,365
1/22/2023,342,18.14,18.12,16.92,1.22,10.55139494,-9.703153116,350,360
1/23/2023,336,18.14,18.14,17.4,0.74,7.378141186,-8.731265995,342,362
1/24/2023,330,18.14,18.14,17.54,0.6,5.991592783,-9.931258958,336,369
1/25/2023,324,18.26,18.14,17.86,0.4,3.190402143,-10.46189734,330,376
1/26/2023,323,18.38,18.26,18.12,0.26,2.724584722,-11.67266631,324,371
1/27/2023,330,18.76,18.38,18.12,0.64,6.638646066,-7.78318683,323,359
1/28/2023,331,19.82,18.76,18.12,1.7,17.92253806,-5.894263715,330,350
1/29/2023,327,20.48,19.82,18.14,2.34,24.08873766,-10.31316219,331,342
1/30/2023,320,21,20.48,18.14,2.86,32.32759777,-17.33994228,327,336
1/31/2023,306,21.2,21,18.14,3.06,36.37324154,-20.43380753,320,330
2/1/2023,294,21.22,21.2,18.26,2.96,35.39474234,-13.90574302,306,324
2/2/2023,288,21.28,21.22,18.38,2.9,33.86658534,-10.09309997,294,323
2/3/2023,286,21.28,21.28,18.76,2.52,30.04850715,-7.760239627,288,330
2/4/2023,290,21.38,21.28,19.82,1.56,19.08743377,-6.126123037,286,331
2/5/2023,298,21.38,21.38,20.48,0.9,12.83191982,-2.468749249,290,327
2/6/2023,305,21.68,21.38,21,0.68,7.942841583,-5.385354782,298,320
2/7/2023,305,22,21.68,21.2,0.8,6.158717299,-7.447499991,305,306
2/8/2023,301,22.06,22,21.22,0.84,6.235762125,-8.003090456,305,294
2/9/2023,294,22.32,22.06,21.28,1.04,8.439234273,-10.505717,301,288
2/10/2023,289,22.36,22.32,21.28,1.08,8.455876686,-10.50965211,294,286
2/11/2023,288,22.46,22.36,21.38,1.08,8.373763339,-5.779949237,289,290
2/12/2023,290,22.5,22.46,21.38,1.12,8.388940645,-5.537195757,288,298
2/13/2023,299,22.5,22.5,21.68,0.82,5.039158776,-5.882479241,290,305
2/14/2023,304,22.56,22.5,22,0.56,3.210553714,-8.867351996,299,305
2/15/2023,300,22.62,22.56,22.06,0.56,3.693506196,-13.01058066,304,301
2/16/2023,292,22.62,22.62,22.32,0.3,2.299254305,-15.68801418,300,294
2/17/2023,284,22.62,22.62,22.36,0.26,2.186628738,-10.76485386,292,289
2/18/2023,283,22.72,22.62,22.46,0.26,2.045927367,-7.674803919,284,288
2/19/2023,298,22.76,22.72,22.5,0.26,2.519722296,-5.900187645,283,290
2/20/2023,312,23.02,22.76,22.5,0.52,4.3737568,-2.477833701,298,299
2/21/2023,318,23.34,23.02,22.56,0.78,4.708863422,-1.639199459,312,304
2/22/2023,319,23.7,23.34,22.62,1.08,12.11249355,-9.301474687,318,300
2/23/2023,311,23.72,23.7,22.62,1.1,16.51689442,-13.76201963,319,292
2/24/2023,299,23.8,23.72,22.62,1.18,19.93655991,-9.157099008,311,284
2/25/2023,295,23.96,23.8,22.72,1.24,23.22341763,-5.14236823,299,283
2/26/2023,299,24.12,23.96,22.76,1.36,23.45019304,-2.83901804,295,298
2/27/2023,310,24.22,24.12,23.02,1.2,22.53479176,-4.429982734,299,312
2/28/2023,322,24.54,24.22,23.34,1.2,24.89659183,-7.127585547,310,318
3/1/2023,330,24.68,24.54,23.7,0.98,21.95862842,-7.909890772,322,319
3/2/2023,330,24.88,24.68,23.72,1.16,19.22317981,-7.400656019,330,311
3/3/2023,324,24.96,24.88,23.8,1.16,15.87699271,-7.227858176,330,299
3/4/2023,317,25.18,24.96,23.96,1.22,16.88527697,-8.402519879,324,295
3/5/2023,306,25.36,25.18,24.12,1.24,18.52414659,-5.529931492,317,299
3/6/2023,297,25.58,25.36,24.22,1.36,26.23672702,-5.4605059,306,310
3/7/2023,292,25.6,25.58,24.54,1.06,23.91680172,-6.071653522,297,322
3/8/2023,289,25.64,25.6,24.68,0.96,18.85930623,-6.369116836,292,330
3/9/2023,294,25.72,25.64,24.88,0.84,18.16627591,-5.822552972,289,330
3/10/2023,311,25.84,25.72,24.96,0.88,19.3604621,-1.673755986,294,324
3/11/2023,322,26.34,25.84,25.18,1.16,21.73925119,-3.879459053,311,317
3/12/2023,327,26.6,26.34,25.36,1.24,21.8509157,-5.010578018,322,306
3/13/2023,332,26.64,26.6,25.58,1.06,13.43400188,-1.920655666,327,297
3/14/2023,338,26.72,26.64,25.6,1.12,13.0722602,0.279565971,332,292
3/15/2023,341,27.02,26.72,25.64,1.38,14.36043347,-0.05814548,338,289
3/16/2023,341,27.44,27.02,25.72,1.72,21.84004263,-6.979500825,341,294
3/17/2023,337,27.44,27.44,25.84,1.6,20.59724991,-9.787940283,341,311
3/18/2023,326,27.46,27.44,26.34,1.12,13.79312846,-9.064966148,337,322
3/19/2023,310,27.46,27.46,26.6,0.86,11.36288734,-6.422024314,326,327
3/20/2023,309,27.6,27.46,26.64,0.96,11.18183999,-2.001180061,310,332
3/21/2023,328,28.12,27.6,26.72,1.4,17.26015775,-3.561944922,309,338
3/22/2023,366,28.42,28.12,27.02,1.4,19.13812943,-1.091899352,328,341
3/23/2023,405,29.1,28.42,27.44,1.66,21.67414784,-1.757711249,366,341
3/24/2023,436,29.6,29.1,27.44,2.16,25.02996725,-4.051508288,405,337
3/25/2023,451,29.96,29.6,27.46,2.5,28.64222264,-8.696366731,436,326
3/26/2023,449,30.1,29.96,27.46,2.64,30.5101265,-9.826996132,451,310
3/27/2023,448,30.16,30.1,27.6,2.56,31.19216414,-9.470303236,449,309
3/28/2023,460,30.16,30.16,28.12,2.04,24.64073809,-6.71520659,448,328
3/29/2023,489,30.34,30.16,28.42,1.92,22.25930584,0.783683509,460,366
3/30/2023,528,30.52,30.34,29.1,1.42,10.61043933,-0.180496509,489,405
3/31/2023,573,30.76,30.52,29.6,1.16,10.78876068,-3.137153834,528,436
4/1/2023,626,31.54,30.76,29.96,1.58,13.35990843,-0.952201293,573,451
4/2/2023,679,31.72,31.54,30.1,1.62,11.70117537,1.494483518,626,449
4/3/2023,756,31.74,31.72,30.16,1.58,11.19993672,-0.37940065,679,448
4/4/2023,839,31.84,31.74,30.16,1.68,16.08414418,-6.158613271,756,460
4/5/2023,954,32.24,31.84,30.34,1.9,18.52595397,-7.799426656,839,489
4/6/2023,1100,32.3,32.24,30.52,1.78,19.32636685,-6.077206553,954,528
4/7/2023,1260,32.3,32.3,30.76,1.54,16.15689533,-1.34194576,1100,573
4/8/2023,1460,32.26,32.3,31.54,0.72,9.99631023,2.039907788,1260,626
4/9/2023,1850,32.12,32.26,31.72,0.4,9.741302367,3.091230104,1460,679
4/10/2023,3580,31.92,32.12,31.74,0.18,9.507250888,4.807316897,1850,756
4/11/2023,4810,31.56,31.92,31.84,-0.28,4.623043428,7.500839693,3580,839
4/12/2023,7830,30.94,31.56,32.24,-1.3,1.368126376,8.716839021,4810,954
4/13/2023,11100,30.22,30.94,32.3,-2.08,0.413671043,5.587847324,7830,1100
4/14/2023,14500,29.36,30.22,32.3,-2.94,2.926630886,-0.564197763,11100,1260
4/15/2023,14600,29.38,29.36,32.26,-2.88,7.903323928,-0.862601448,14500,1460
4/16/2023,10300,30.14,29.38,32.12,-1.98,9.002945239,2.232088759,14600,1850
4/17/2023,8180,29.56,30.14,31.92,-2.36,9.011943934,6.587015255,10300,3580
4/18/2023,8550,29.14,29.56,31.56,-2.42,9.011943934,4.791316057,8180,4810
4/19/2023,11000,28.88,29.14,30.94,-2.06,9.615413156,-2.884335454,8550,7830
4/20/2023,11300,28.98,28.88,30.22,-1.24,11.09605833,-3.95458776,11000,11100
4/21/2023,7870,29.2,28.98,29.36,-0.16,9.369033751,-3.818252721,11300,14500
4/22/2023,5660,29.9,29.2,29.38,0.52,9.306579658,-0.501819152,7870,14600
4/23/2023,4420,30.22,29.9,30.14,0.08,9.346869512,1.078421358,5660,10300
4/24/2023,3970,30.18,30.22,29.56,0.62,9.337870817,4.209696178,4420,8180
4/25/2023,4440,30,30.18,29.14,0.86,15.77295354,3.438916437,3970,8550
4/26/2023,6930,29.86,30,28.88,0.98,20.11039896,5.400594063,4440,11000
4/27/2023,8540,29.54,29.86,28.98,0.56,18.70095797,5.846854173,6930,11300
4/28/2023,9390,29.3,29.54,29.2,0.1,20.64591863,3.369958538,8540,7870
4/29/2023,10200,29.02,29.3,29.9,-0.88,15.74753938,8.337650826,9390,5660
4/30/2023,9860,28.54,29.02,30.22,-1.68,14.60762822,10.13928731,10200,4420
5/1/2023,11000,27.74,28.54,30.18,-2.44,14.60762822,12.68533352,9860,3970
5/2/2023,13000,26.82,27.74,30,-3.18,8.172545492,12.35601593,11000,4440
5/3/2023,15100,26.1,26.82,29.86,-3.76,3.231630851,11.70207036,13000,6930
5/4/2023,16500,25.5,26.1,29.54,-4.04,3.160426677,10.12675659,15100,8540
5/5/2023,17800,25.14,25.5,29.3,-4.16,0.913856979,8.367440068,16500,9390
5/6/2023,18300,24.54,25.14,29.02,-4.48,1.248165233,6.549178091,17800,10200
5/7/2023,17000,24.22,24.54,28.54,-4.32,2.91659905,6.442251098,18300,9860
5/8/2023,14800,24.02,24.22,27.74,-3.72,5.321891862,8.553731969,17000,11000
5/9/2023,13300,23.38,24.02,26.82,-3.44,5.321891862,10.46538761,14800,13000
5/10/2023,13900,22.74,23.38,26.1,-3.36,5.321891862,11.499849,13300,15100
5/11/2023,15600,22.28,22.74,25.5,-3.22,5.682485308,8.028597731,13900,16500
5/12/2023,16800,22.26,22.28,25.14,-2.88,8.417774086,8.608304499,15600,17800
5/13/2023,17400,21.92,22.26,24.54,-2.62,8.567928555,8.80846013,16800,18300
5/14/2023,16800,21.32,21.92,24.22,-2.9,7.549096262,10.91648842,17400,17000
5/15/2023,16800,20.8,21.32,24.02,-3.22,7.864492321,11.76750016,16800,14800
5/16/2023,18400,20.36,20.8,23.38,-3.02,8.36547326,11.72819819,16800,13300
5/17/2023,19300,19.62,20.36,22.74,-3.12,8.501233043,12.29912883,18400,13900
5/18/2023,19900,18.74,19.62,22.28,-3.54,8.140639597,11.39128814,19300,15600
5/19/2023,19700,17.64,18.74,22.26,-4.62,4.897079366,10.86254554,19900,16800
5/20/2023,19500,16.76,17.64,21.92,-5.16,4.70256412,12.16859952,19700,17400
5/21/2023,19000,15.96,16.76,21.32,-5.36,4.074942443,13.42068674,19500,16800
5/22/2023,18300,14.78,15.96,20.8,-6.02,1.385100514,13.53918628,19000,16800
5/23/2023,18200,13.84,14.78,20.36,-6.52,1.063122788,13.34900689,18300,18400
5/24/2023,17800,12.84,13.84,19.62,-6.78,1.814321993,13.86464798,18200,19300
5/25/2023,17400,12.04,12.84,18.74,-6.7,2.133675771,13.52902733,17800,19900
5/26/2023,17600,11.26,12.04,17.64,-6.38,1.875564615,13.60483777,17400,19700
5/27/2023,17400,10.36,11.26,16.76,-6.4,1.706517503,12.19756148,17600,19500
5/28/2023,16800,9.58,10.36,15.96,-6.38,1.856191784,11.28160886,17400,19000
5/29/2023,16300,8.86,9.58,14.78,-5.92,1.851867391,12.8131884,16800,18300
5/30/2023,15200,7.96,8.86,13.84,-5.88,1.738252386,13.78950746,16300,18200
5/31/2023,14300,7.34,7.96,12.84,-5.5,0.851451638,13.24137031,15200,17800
6/1/2023,13800,6.92,7.34,12.04,-5.12,1.073052624,11.88354733,14300,17400
6/2/2023,12600,6.68,6.92,11.26,-4.58,6.256909366,8.621766799,13800,17600
6/3/2023,12300,6.54,6.68,10.36,-3.82,12.27445804,11.2149867,12600,17400
6/4/2023,12000,6.22,6.54,9.58,-3.36,13.52814078,12.18957885,12300,16800
6/5/2023,11500,5.76,6.22,8.86,-3.1,13.80911743,14.02342341,12000,16300
6/6/2023,11300,5.3,5.76,7.96,-2.66,14.06834277,14.70198536,11500,15200
6/7/2023,11400,4.96,5.3,7.34,-2.38,14.08463538,13.07595449,11300,14300
6/8/2023,11500,4.74,4.96,6.92,-2.18,15.59273147,13.95358577,11400,13800
6/9/2023,11500,4.48,4.74,6.68,-2.2,10.45803745,14.18675774,11500,12600
6/10/2023,11000,4.2,4.48,6.54,-2.34,4.29691344,13.81614428,11500,12300
6/11/2023,10600,3.94,4.2,6.22,-2.28,2.924644236,13.65230234,11000,12000
6/12/2023,9740,3.76,3.94,5.76,-2,4.494353993,12.16383238,10600,11500
6/13/2023,9210,3.62,3.76,5.3,-1.68,6.733379995,11.30823096,9740,11300
6/14/2023,8870,3.52,3.62,4.96,-1.44,8.688292761,12.25900961,9210,11400
6/15/2023,8260,3.32,3.52,4.74,-1.42,11.93897361,11.26515778,8870,11500
6/16/2023,8890,3.1,3.32,4.48,-1.38,20.26006403,10.6136018,8260,11500
6/17/2023,10000,2.82,3.1,4.2,-1.38,21.45697672,11.30134669,8890,11000
6/18/2023,9280,2.7,2.82,3.94,-1.24,23.36776207,14.44397138,10000,10600
6/19/2023,8130,2.42,2.7,3.76,-1.34,21.49405163,17.34904314,9280,9740
6/20/2023,7530,2,2.42,3.62,-1.62,18.94703714,16.63685054,8130,9210
6/21/2023,7590,1.68,2,3.52,-1.84,16.98382307,15.69521544,7530,8870
6/22/2023,6820,1.3,1.68,3.32,-2.02,11.68409137,15.72675568,7590,8260
6/23/2023,6250,0.96,1.3,3.1,-2.14,3.214503005,14.79558318,6820,8890
6/24/2023,5660,0.56,0.96,2.82,-2.26,2.000275676,13.35101797,6250,10000
6/25/2023,5180,0.28,0.56,2.7,-2.42,0.03642266,15.87541329,5660,9280
6/26/2023,4650,0.1,0.28,2.42,-2.32,0.032924139,16.83377019,5180,8130
6/27/2023,4180,0,0.1,2,-2,0.016299079,17.11856029,4650,7530
6/28/2023,3800,0,0,1.68,-1.68,0.09094886,15.69479059,4180,7590
6/29/2023,3420,0,0,1.3,-1.3,0.38993698,15.21467748,3800,6820
6/30/2023,3070,0,0,0.96,-0.96,0.381787441,13.52996193,3420,6250
7/1/2023,2830,0,0,0.56,-0.56,1.04732469,15.86667263,3070,5660
7/2/2023,2680,0,0,0.28,-0.28,1.04732469,17.81035018,2830,5180
7/3/2023,2490,0,0,0.1,-0.1,1.04732469,17.9415196,2680,4650
7/4/2023,2330,0,0,0,0,2.504006601,16.5530299,2490,4180
7/5/2023,2200,0,0,0,0,7.631034817,15.85715448,2330,3800
7/6/2023,2160,0,0,0,0,7.782597158,16.11671911,2200,3420
7/7/2023,2170,0,0,0,0,8.763846497,16.37126365,2160,3070
7/8/2023,2030,0,0,0,0,8.547051099,17.33586376,2170,2830
7/9/2023,1880,0,0,0,0,8.737740511,18.15660065,2030,2680
7/10/2023,1740,0,0,0,0,8.737740511,19.93399234,1880,2490
7/11/2023,1550,0,0,0,0,7.2810586,19.54013776,1740,2330
7/12/2023,1410,0,0,0,0,2.071231064,20.12976447,1550,2200
7/13/2023,1280,0,0,0,0,1.631543627,20.45826448,1410,2160
7/14/2023,1150,0,0,0,0,0.650294288,18.76354152,1280,2170
7/15/2023,1050,0,0,0,0,0.201552437,18.37751394,1150,2030
7/16/2023,973,0,0,0,0,0.010863024,19.44877565,1050,1880
7/17/2023,886,0,0,0,0,0.010863024,22.43620902,973,1740
7/18/2023,811,0,0,0,0,0.10300386,21.23488922,886,1550
7/19/2023,769,0,0,0,0,0.638052066,19.90011325,811,1410
7/20/2023,750,0,0,0,0,4.122532302,17.77127794,769,1280
7/21/2023,669,0,0,0,0,5.478010656,18.00020636,750,1150
7/22/2023,681,0,0,0,0,5.577952084,19.86025735,669,1050
7/23/2023,677,0,0,0,0,5.577952084,21.26756965,681,973
7/24/2023,625,0,0,0,0,5.577952084,22.33960177,677,886
7/25/2023,551,0,0,0,0,5.512599306,21.89921188,625,811
7/26/2023,505,0,0,0,0,5.108722261,20.77264942,551,769
7/27/2023,472,0,0,0,0,2.070013503,20.12725211,505,750
7/28/2023,445,0,0,0,0,1.37941505,21.72173321,472,669
7/29/2023,399,0,0,0,0,1.279647435,22.04018833,445,681
7/30/2023,364,0,0,0,0,1.618194835,22.22537043,399,677
7/31/2023,349,0,0,0,0,2.170136246,21.08146395,364,625
8/1/2023,342,0,0,0,0,6.625261597,18.88460405,349,551
8/2/2023,350,0,0,0,0,13.15554879,18.59383829,342,505
8/3/2023,377,0,0,0,0,19.91415424,16.76737914,350,472
8/4/2023,432,0,0,0,0,21.33070165,16.67545134,377,445
8/5/2023,466,0,0,0,0,21.38864051,16.46694545,432,399
8/6/2023,517,0,0,0,0,21.72732367,16.0958237,466,364
8/7/2023,516,0,0,0,0,21.62299398,15.16215558,517,349
8/8/2023,492,0,0,0,0,18.80101656,15.02725611,516,342
8/9/2023,488,0,0,0,0,13.42196921,14.61343683,492,350
8/10/2023,487,0,0,0,0,6.206729255,17.34778076,488,377
8/11/2023,460,0,0,0,0,4.125301942,18.36556911,487,432
8/12/2023,404,0,0,0,0,4.085963738,18.91079611,460,466
8/13/2023,374,0,0,0,0,3.408733181,16.94200855,404,517
8/14/2023,353,0,0,0,0,2.961121454,16.8515098,374,516
8/15/2023,331,0,0,0,0,1.301185466,19.2534627,353,492
8/16/2023,325,0,0,0,0,0.018774464,21.18611074,331,488
8/17/2023,317,0,0,0,0,0.018774464,21.7298946,325,487
8/18/2023,263,0,0,0,0,0.241176436,20.02044632,317,460
8/19/2023,233,0,0,0,0,1.729467911,19.91508044,263,404
8/20/2023,214,0,0,0,0,1.729467911,21.11798136,233,374
8/21/2023,210,0,0,0,0,1.729467911,21.3705724,214,353
8/22/2023,195,0,0,0,0,1.729467911,19.60136787,210,331
8/23/2023,225,0,0,0,0,4.511256513,18.74022136,195,325
8/24/2023,225,0,0,0,0,5.729561564,18.19831242,225,317
8/25/2023,218,0,0,0,0,10.74615035,16.63898989,225,263
8/26/2023,212,0,0,0,0,14.32433957,17.74810602,218,233
8/27/2023,234,0,0,0,0,14.37742805,19.1517614,212,214
8/28/2023,312,0,0,0,0,14.39258595,17.69884907,234,210
8/29/2023,409,0,0,0,0,14.4120914,18.47337578,312,195
8/30/2023,367,0,0,0,0,11.6303028,20.0399393,409,225
8/31/2023,329,0,0,0,0,10.41199775,18.69616198,367,225
9/1/2023,295,0,0,0,0,5.173006989,18.61480656,329,218
9/2/2023,275,0,0,0,0,0.83784731,17.91959455,295,212
9/3/2023,254,0,0,0,0,1.458547533,16.56241914,275,234
9/4/2023,238,0,0,0,0,4.586399563,12.55442003,254,312
9/5/2023,231,0,0,0,0,7.949866801,13.16209476,238,409
9/6/2023,246,0,0,0,0,7.983461073,15.79907019,231,367
9/7/2023,268,0,0,0,0,7.983461073,16.01223221,246,329
9/8/2023,311,0,0,0,0,7.983461073,16.33604969,268,295
9/9/2023,305,0,0,0,0,7.233365594,16.27448281,311,275
9/10/2023,274,0,0,0,0,6.591433513,15.70946907,305,254
9/11/2023,253,0,0,0,0,3.815918338,13.3441946,274,238
9/12/2023,230,0,0,0,0,0.432945645,13.84782839,253,231
9/13/2023,226,0,0,0,0,0.405697313,13.70767088,230,246
9/14/2023,245,0,0,0,0,0.763509624,11.29281229,226,268
9/15/2023,237,0,0,0,0,3.932150035,11.05429211,245,311
9/16/2023,226,0,0,0,0,3.932150035,12.32144439,237,305
9/17/2023,239,0,0,0,0,3.900293414,13.71580518,226,274
9/18/2023,225,0,0,0,0,3.532798662,13.77047526,239,253
9/19/2023,225,0,0,0,0,3.659806807,12.374143,225,230
9/20/2023,232,0,0,0,0,4.999289559,12.86482739,225,226
9/21/2023,226,0,0,0,0,4.648272057,12.84851365,232,245
9/22/2023,218,0,0,0,0,1.479631645,10.84012988,226,237
9/23/2023,210,0,0,0,0,1.540740704,8.111105979,218,226
9/24/2023,212,0,0,0,0,1.540740704,10.30845862,210,239
9/25/2023,218,0,0,0,0,1.540740704,12.50194875,212,225
9/26/2023,202,0,0,0,0,1.413732559,13.78487023,218,225
9/27/2023,204,0,0,0,0,0.067903866,14.6281969,202,232
9/28/2023,205,0,0,0,0,0.061109058,15.00774101,204,226
9/29/2023,212,0,0,0,0,0.061109058,13.8961236,205,218
9/30/2023,230,0,0,0,0,0,15.01098945,212,210
10/1/2023,247,0,0,0,0,0,12.73043507,230,212
10/2/2023,250,0,0,0,0,0.539311642,9.066867575,247,218
10/3/2023,268,0,0,0,0,3.583959633,5.91540373,250,202
10/4/2023,254,0.04,0,0,0.04,5.20923645,7.148226168,268,204
10/5/2023,250,0.02,0.04,0,0.02,5.20923645,8.56963332,254,205
10/6/2023,247,0,0.02,0,0,5.20923645,8.434315495,250,212
10/7/2023,251,0,0,0,0,5.20923645,9.708289788,247,230
10/8/2023,230,0,0,0,0,5.20923645,11.29717319,251,247
10/9/2023,250,0,0,0,0,4.669924808,11.36239138,230,250
10/10/2023,270,0,0,0,0,1.625276817,10.54157198,250,268
10/11/2023,264,0,0,0.04,-0.04,0.016950137,7.833202609,270,254
10/12/2023,253,0.28,0,0.02,0.26,7.0926998,1.742978819,264,250
10/13/2023,274,1.26,0.28,0,1.26,21.97678534,1.52633754,253,247
10/14/2023,297,1.18,1.26,0,1.18,22.13036925,3.655214539,274,251
10/15/2023,386,1.1,1.18,0,1.1,22.13036925,6.81112605,297,230
10/16/2023,429,1,1.1,0,1,22.13036925,10.09423099,386,250
10/17/2023,435,0.8,1,0,0.8,22.13036925,11.31487062,429,270
10/18/2023,433,0.66,0.8,0,0.66,22.11341911,10.69769403,435,264
10/19/2023,420,0.58,0.66,0.28,0.3,15.03766945,11.19949151,433,253
10/20/2023,432,0.46,0.58,1.26,-0.8,0.153583911,12.47894415,420,274
10/21/2023,451,0.32,0.46,1.18,-0.86,0,11.95205409,432,297
10/22/2023,441,0.14,0.32,1.1,-0.96,0,10.83010515,451,386
10/23/2023,430,0.08,0.14,1,-0.92,0,10.87877623,441,429
10/24/2023,404,0.04,0.08,0.8,-0.76,0.00814954,8.327623026,430,435
10/25/2023,399,0.04,0.04,0.66,-0.62,0.00814954,8.204850549,404,433
10/26/2023,403,0.02,0.04,0.58,-0.56,0.00814954,2.766904642,399,420
10/27/2023,395,0.12,0.02,0.46,-0.34,4.735887663,-0.422025338,403,432
10/28/2023,388,0.38,0.12,0.32,0.06,6.747886266,-2.481616754,395,451
10/29/2023,387,0.7,0.38,0.14,0.56,11.43645424,-6.2092436,388,441
10/30/2023,409,0.64,0.7,0.08,0.56,11.43645424,-5.068496756,387,430
10/31/2023,422,0.66,0.64,0.04,0.62,11.4283047,-1.24942962,409,404
11/1/2023,430,0.7,0.66,0.04,0.66,11.44832371,1.913429596,422,399
11/2/2023,392,0.72,0.7,0.02,0.7,11.44832371,3.927838446,430,403
11/3/2023,345,0.72,0.72,0.12,0.6,6.969818871,6.353513409,392,395
11/4/2023,354,0.74,0.72,0.38,0.36,4.957820269,6.440133026,345,388
11/5/2023,384,0.72,0.74,0.7,0.02,0.269252292,8.473782698,354,387
11/6/2023,399,0.68,0.72,0.64,0.04,0.269252292,8.249205636,384,409
11/7/2023,413,0.66,0.68,0.66,0,0.269252292,4.774133657,399,422
11/8/2023,423,0.62,0.66,0.7,-0.08,0.701218396,0.066822268,413,430
11/9/2023,417,0.7,0.62,0.72,-0.02,1.584064605,-2.339491225,423,392
11/10/2023,421,0.7,0.7,0.72,-0.02,1.334831323,-1.567908477,417,345
11/11/2023,425,0.7,0.7,0.74,-0.04,1.334831323,0.047562585,421,354
11/12/2023,405,0.7,0.7,0.72,-0.02,1.334831323,2.949973725,425,384
11/13/2023,379,0.72,0.7,0.68,0.04,1.334831323,5.366323077,405,399
11/14/2023,351,0.74,0.72,0.66,0.08,1.343114461,5.220043198,379,413
11/15/2023,340,0.72,0.74,0.62,0.1,0.891129348,5.120596353,351,423
11/16/2023,363,0.72,0.72,0.7,0.02,1.92840709,3.911455659,340,417
11/17/2023,371,1.36,0.72,0.7,0.66,10.69454935,3.900977647,363,421
11/18/2023,385,1.36,1.36,0.7,0.66,10.78888788,3.229659139,371,425
11/19/2023,411,1.64,1.36,0.7,0.94,14.24920715,2.136111642,385,405
11/20/2023,449,1.74,1.64,0.72,1.02,16.81928521,0.150587532,411,379
11/21/2023,455,1.8,1.74,0.74,1.06,17.92380891,0.092287226,449,351
11/22/2023,468,1.78,1.8,0.72,1.06,17.92380891,1.593403227,455,340
11/23/2023,472,1.78,1.78,0.72,1.06,16.0118345,-0.357951424,468,363
11/24/2023,433,1.82,1.78,1.36,0.46,8.890857438,-5.055026304,472,371
11/25/2023,379,2,1.82,1.36,0.64,14.03274503,-9.608198077,433,385
11/26/2023,267,2.02,2,1.64,0.38,11.85811234,-10.58857078,379,411
11/27/2023,236,2.02,2.02,1.74,0.28,10.52494842,-9.562187217,267,449
11/28/2023,233,2.02,2.02,1.8,0.22,9.412141572,-6.578510487,236,455
11/29/2023,244,2.06,2.02,1.78,0.28,9.412141572,-6.202072211,233,468
11/30/2023,261,2.06,2.06,1.78,0.28,9.471516712,-5.198834279,244,472
12/1/2023,281,2.22,2.06,1.82,0.4,8.655077349,-5.528479722,261,433
12/2/2023,295,2.5,2.22,2,0.5,5.800241115,-5.358289392,281,379
12/3/2023,324,3.24,2.5,2.02,1.22,10.32219377,-2.227632716,295,267
12/4/2023,351,4.76,3.24,2.02,2.74,18.74041427,1.066993854,324,236
12/5/2023,365,4.92,4.76,2.02,2.9,19.21626584,0.595465875,351,233
12/6/2023,374,4.94,4.92,2.06,2.88,19.22454898,1.808487082,365,244
12/7/2023,375,4.92,4.94,2.06,2.86,19.1570243,-0.613894747,374,261
12/8/2023,365,5.18,4.92,2.22,2.96,20.1589556,-5.046166418,375,281
12/9/2023,344,5.5,5.18,2.5,3,22.57651514,-7.848960955,365,295
12/10/2023,319,5.6,5.5,3.24,2.36,17.74907437,-7.980739388,344,324
12/11/2023,304,5.96,5.6,4.76,1.2,11.86640572,-2.226503452,319,351
12/12/2023,317,6.1,5.96,4.92,1.18,12.59852319,-2.337793139,304,365
12/13/2023,338,6.12,6.1,4.94,1.18,12.65697543,-1.582723059,317,374
12/14/2023,352,6.12,6.12,4.92,1.2,12.65697543,-3.628874895,338,375
12/15/2023,347,6.12,6.12,5.18,0.94,10.8263183,-3.040804881,352,365
12/16/2023,328,6.14,6.12,5.5,0.64,6.027368858,-1.746617619,347,344
12/17/2023,310,6.14,6.14,5.6,0.54,5.047170396,-1.309145958,328,319
12/18/2023,296,6.14,6.14,5.96,0.18,1.274704418,-1.037009579,310,304
12/19/2023,307,6.16,6.14,6.1,0.06,0.066735377,-0.010647696,296,317
12/20/2023,328,6.18,6.16,6.12,0.06,0.001725978,2.347344676,307,338
12/21/2023,350,6.18,6.18,6.12,0.06,0.001725978,1.029971814,328,352
12/22/2023,361,6.18,6.18,6.12,0.06,0.001725978,-0.303407364,350,347
12/23/2023,361,6.2,6.18,6.14,0.06,0.263659929,-3.144475178,361,328
12/24/2023,334,6.66,6.2,6.14,0.52,8.313382839,-9.065409856,361,310
12/25/2023,288,6.78,6.66,6.14,0.64,9.666633828,-13.0023411,334,296
12/26/2023,268,6.84,6.78,6.16,0.68,9.826173357,-11.71263228,288,307
12/27/2023,265,6.9,6.84,6.18,0.72,10.09584775,-9.197131616,268,328
12/28/2023,267,6.92,6.9,6.18,0.74,10.09584775,-8.025940725,265,350
12/29/2023,270,6.92,6.92,6.18,0.74,10.09584775,-6.211625594,267,361
12/30/2023,276,6.94,6.92,6.2,0.74,9.952416124,-3.761478955,270,361
12/31/2023,284,6.96,6.94,6.66,0.3,1.902693214,-2.465895594,276,334
1/1/2024,287,6.96,6.96,6.78,0.18,0.549442225,-3.695529226,284,288
1/2/2024,285,6.96,6.96,6.84,0.12,0.389902696,-5.437356197,287,268
1/3/2024,283,6.94,6.96,6.9,0.04,0.118502321,-5.89988236,285,265
1/4/2024,289,6.94,6.94,6.92,0.02,0.144947443,-5.613803607,283,267
1/5/2024,296,7.08,6.94,6.92,0.16,0.958393765,-6.537196322,289,270
1/6/2024,299,7.4,7.08,6.94,0.46,3.675314042,-8.636702764,296,276
1/7/2024,303,7.58,7.4,6.96,0.62,3.835979922,-8.403038545,299,284
1/8/2024,301,7.68,7.58,6.96,0.72,5.860952469,-10.97630878,303,287
1/9/2024,290,7.78,7.68,6.96,0.82,6.115356438,-12.21797202,301,285
1/10/2024,286,8.28,7.78,6.94,1.34,10.27602099,-10.45841441,290,283
1/11/2024,289,8.82,8.28,6.94,1.88,18.00193237,-11.66155885,286,289
1/12/2024,280,9.1,8.82,7.08,2.02,19.33277842,-11.31873634,289,296
1/13/2024,284,9.62,9.1,7.4,2.22,20.99459752,-9.642519589,280,299
1/14/2024,291,10,9.62,7.58,2.42,27.67894855,-6.987444955,284,303
1/15/2024,289,11.2,10,7.68,3.52,34.41027928,-14.25610156,291,301
1/16/2024,275,11.44,11.2,7.78,3.66,35.29701185,-14.87023714,289,290
1/17/2024,269,11.46,11.44,8.28,3.18,31.67338233,-8.671397405,275,286
1/18/2024,278,12.46,11.46,8.82,3.64,34.93209502,-3.3725963,269,289
1/19/2024,291,12.94,12.46,9.1,3.84,35.30233503,-3.71320779,278,280
1/20/2024,297,13.02,12.94,9.62,3.4,30.84457289,-1.182660216,291,284
1/21/2024,304,13.08,13.02,10,3.08,24.44446648,-1.09802976,297,291
1/22/2024,318,13.16,13.08,11.2,1.96,16.47911925,-0.083370332,304,289
1/23/2024,325,13.18,13.16,11.44,1.74,15.38582291,-0.612996727,318,275
1/24/2024,324,13.2,13.18,11.46,1.74,14.84878789,-1.092842328,325,269
1/25/2024,322,13.3,13.2,12.46,0.84,4.795587858,-2.057556596,324,278
1/26/2024,321,13.3,13.3,12.94,0.36,2.322527401,-3.088442015,322,291
1/27/2024,322,13.32,13.3,13.02,0.3,2.432756112,-3.883491578,321,297
1/28/2024,323,13.34,13.32,13.08,0.26,1.994659157,-0.14038607,322,304
1/29/2024,327,13.36,13.34,13.16,0.2,1.203703109,1.329113773,323,318
1/30/2024,334,13.36,13.36,13.18,0.18,1.16227566,0.570149946,327,325
1/31/2024,339,13.38,13.36,13.2,0.18,1.16227566,0.971603843,334,324
2/1/2024,341,13.38,13.38,13.3,0.08,0.204406496,0.908023006,339,322
2/2/2024,345,13.48,13.38,13.3,0.18,0.27971226,1.573417091,341,321
2/3/2024,347,13.78,13.48,13.32,0.46,8.407433865,-2.409673782,345,322
2/4/2024,342,14.74,13.78,13.34,1.4,18.86810159,-4.790250955,347,323
2/5/2024,336,14.84,14.74,13.36,1.48,21.56451619,-2.459434511,342,327
2/6/2024,339,14.92,14.84,13.36,1.56,22.34314591,1.751880466,336,334
2/7/2024,352,14.98,14.92,13.38,1.6,23.12671551,-0.932118616,339,339
2/8/2024,358,15.48,14.98,13.38,2.1,31.1033657,-3.856298152,352,341
2/9/2024,351,15.88,15.48,13.48,2.4,34.54398451,-6.428033762,358,345
2/10/2024,341,15.92,15.88,13.78,2.14,27.63545034,-8.38869786,351,347
2/11/2024,336,15.92,15.92,14.74,1.18,17.16796906,-9.138818791,341,342
2/12/2024,341,15.94,15.92,14.84,1.1,14.47155446,-5.886490487,336,336
2/13/2024,349,16,15.94,14.92,1.08,13.99058822,-4.068383185,341,339
2/14/2024,362,16.1,16,14.98,1.12,13.98411405,-2.604770273,349,352
2/15/2024,373,16.58,16.1,15.48,1.1,8.7366933,-2.372348211,362,358
2/16/2024,376,17.1,16.58,15.88,1.22,9.675915932,-7.178693666,373,351
2/17/2024,363,17.52,17.1,15.92,1.6,11.77940058,-11.80702424,376,341
2/18/2024,340,17.58,17.52,15.92,1.66,11.77940058,-7.752927637,363,336
2/19/2024,338,17.96,17.58,15.94,2.02,15.24932843,-3.169728753,340,341
2/20/2024,361,18.04,17.96,16,2.04,15.84036284,-0.015499847,338,349
2/21/2024,397,18.68,18.04,16.1,2.58,21.95147191,0.662607216,361,362
2/22/2024,415,19.18,18.68,16.58,2.6,28.23634061,-1.752549007,397,373
2/23/2024,422,19.66,19.18,17.1,2.56,27.15625774,-3.153532625,415,376
2/24/2024,486,19.72,19.66,17.52,2.2,23.75488406,-2.514313543,422,363
2/25/2024,613,19.76,19.72,17.58,2.18,23.75865155,-0.384183429,486,340
2/26/2024,656,19.86,19.76,17.96,1.9,20.33191947,0.810806692,613,338
2/27/2024,725,19.96,19.86,18.04,1.92,20.83918422,-6.017342002,656,361
2/28/2024,557,20.3,19.96,18.68,1.62,16.87641601,-7.941508812,725,397
2/29/2024,718,20.34,20.3,19.18,1.16,8.014233942,-2.369487775,557,415
3/1/2024,654,20.42,20.34,19.66,0.76,4.876940871,1.216674384,718,422
3/2/2024,638,20.5,20.42,19.72,0.78,4.806075022,-0.230407387,654,486
3/3/2024,611,20.88,20.5,19.76,1.12,11.6343519,-6.182838188,638,613
3/4/2024,763,21.54,20.88,19.86,1.68,20.36785368,-6.470271867,611,656
3/5/2024,774,22.14,21.54,19.96,2.18,23.86103842,-4.677343008,763,725
3/6/2024,644,22.38,22.14,20.3,2.08,22.25762666,-1.568260541,774,557
3/7/2024,677,22.46,22.38,20.34,2.12,22.3173748,-1.153099241,644,718
3/8/2024,658,22.5,22.46,20.42,2.08,23.54186277,-3.540431751,677,654
3/9/2024,645,22.58,22.5,20.5,2.08,23.63225614,-4.375703968,658,638
3/10/2024,614,22.6,22.58,20.88,1.72,16.80021176,-0.585323282,645,611
3/11/2024,640,22.72,22.6,21.54,1.18,8.278401657,1.62517544,614,763
3/12/2024,642,22.84,22.72,22.14,0.7,5.078650891,1.074188208,640,774
3/13/2024,724,23.2,22.84,22.38,0.82,8.965280341,-1.249611692,642,644
3/14/2024,791,23.64,23.2,22.46,1.18,22.35967164,-2.355601934,724,677
3/15/2024,844,23.7,23.64,22.5,1.2,22.07369914,-1.203460354,791,658
3/16/2024,797,23.76,23.7,22.58,1.18,21.98316495,-0.318330247,844,645
3/17/2024,732,23.76,23.76,22.6,1.16,21.98316495,0.505990437,797,614
3/18/2024,785,23.72,23.76,22.72,1,21.72827752,1.350391067,732,640
3/19/2024,1010,23.72,23.72,22.84,0.88,20.03246816,3.345497133,785,642
3/20/2024,1050,23.7,23.72,23.2,0.5,14.82381417,3.474682378,1010,724
3/21/2024,1140,23.66,23.7,23.64,0.02,1.217758661,3.87794042,1050,791
3/22/2024,1200,23.6,23.66,23.7,-0.1,0.09981359,3.854095621,1140,844
3/23/2024,1320,23.54,23.6,23.76,-0.22,0.09981359,4.380942882,1200,797
3/24/2024,1560,23.54,23.54,23.76,-0.22,0.86564918,-1.407657121,1320,732
3/25/2024,1650,23.82,23.54,23.72,0.1,6.310947683,-4.705309298,1560,785
3/26/2024,1650,23.86,23.82,23.72,0.14,7.260326158,-2.862671109,1650,1010
3/27/2024,1510,24.1,23.86,23.7,0.4,9.978224589,-0.998933286,1650,1050
3/28/2024,1330,24.42,24.1,23.66,0.76,10.36530321,1.055011912,1510,1140
3/29/2024,1240,24.66,24.42,23.6,1.06,14.3166312,0.25870512,1330,1200
3/30/2024,1170,24.94,24.66,23.54,1.4,17.75180469,2.341421395,1240,1320
3/31/2024,1150,25.2,24.94,23.54,1.66,20.14185243,2.079215058,1170,1560
4/1/2024,1150,25.32,25.2,23.82,1.5,16.84074493,0.790337442,1150,1650
4/2/2024,1160,25.32,25.32,23.86,1.46,16.40382627,1.503836323,1150,1650
4/3/2024,1270,25.36,25.32,24.1,1.26,13.68592784,5.138917256,1160,1510
4/4/2024,1350,25.34,25.36,24.42,0.92,13.29884922,7.906566924,1270,1330
4/5/2024,1540,25.06,25.34,24.66,0.4,9.252503838,6.660085441,1350,1240
4/6/2024,2170,25.1,25.06,24.94,0.16,8.69900678,-1.58624016,1540,1170
4/7/2024,3100,25.46,25.1,25.2,0.26,9.46674223,-1.640234724,2170,1150
4/8/2024,2940,25.62,25.46,25.32,0.3,7.865170616,-1.074136146,3100,1150
4/9/2024,2300,25.62,25.62,25.32,0.3,7.352710806,0.880837094,2940,1160
4/10/2024,1940,25.58,25.62,25.36,0.22,7.635556164,3.768097,2300,1270
4/11/2024,1830,25.58,25.58,25.34,0.24,7.640845637,4.406472622,1940,1350
4/12/2024,2000,25.4,25.58,25.06,0.34,7.636049432,8.678951363,1830,1540
4/13/2024,2420,25.04,25.4,25.1,-0.06,4.754373003,10.45051739,2000,2170
4/14/2024,3500,24.54,25.04,25.46,-0.92,0.830754224,9.748457764,2420,3100
4/15/2024,4900,24.02,24.54,25.62,-1.6,1.232939644,6.244496323,3500,2940
4/16/2024,6170,23.88,24.02,25.62,-1.74,6.484195645,6.69361053,4900,2300
4/17/2024,6110,24.3,23.88,25.58,-1.28,10.21208962,5.650523159,6170,1940
4/18/2024,6030,24.2,24.3,25.58,-1.38,10.65652715,2.071500982,6110,1830
4/19/2024,5580,23.98,24.2,25.4,-1.42,10.65652715,2.843788464,6030,2000
4/20/2024,5270,23.66,23.98,25.04,-1.38,10.66615096,3.986414129,5580,2420
4/21/2024,4750,23.34,23.66,24.54,-1.2,10.66615096,6.366672528,5270,3500
4/22/2024,4690,23.04,23.34,24.02,-0.98,9.730898471,9.8926521,4750,4900
4/23/2024,5220,22.2,23.04,23.88,-1.68,4.47964247,9.89836275,4690,6170
4/24/2024,6090,21.62,22.2,24.3,-2.68,0.76265796,11.11104163,5220,6110
4/25/2024,6880,20.98,21.62,24.2,-3.22,0.443709892,8.593816556,6090,6030
4/26/2024,8010,20.52,20.98,23.98,-3.46,4.785021233,6.347771141,6880,5580
4/27/2024,8190,20.54,20.52,23.66,-3.12,11.90416037,4.131139178,8010,5270
4/28/2024,8160,20.6,20.54,23.34,-2.74,13.3419836,4.567561066,8190,4750
4/29/2024,7340,20.72,20.6,23.04,-2.32,15.18089951,5.657619974,8160,4690
4/30/2024,6340,20.76,20.72,22.2,-1.44,21.11551175,5.365000887,7340,5220
5/1/2024,5950,20.98,20.76,21.62,-0.64,24.43047103,3.198221209,6340,6090
5/2/2024,6210,21.06,20.98,20.98,0.08,27.55696597,1.680651892,5950,6880
5/3/2024,5720,21.04,21.06,20.52,0.52,23.39945584,2.503702574,6210,8010
5/4/2024,4770,20.96,21.04,20.54,0.42,19.92423972,5.823722253,5720,8190
5/5/2024,4180,20.72,20.96,20.6,0.12,18.71996902,8.112094974,4770,8160
5/6/2024,4350,20.32,20.72,20.72,-0.4,25.15722181,0.572949988,4180,7340
5/7/2024,5480,20.98,20.32,20.76,0.22,30.78264251,0.509540525,4350,6340
5/8/2024,5960,21.4,20.98,20.98,0.42,29.47483871,-0.401129235,5480,5950
5/9/2024,4940,21.42,21.4,21.06,0.36,27.19172042,3.506469316,5960,6210
5/10/2024,4170,21.36,21.42,21.04,0.32,27.38399079,6.319263977,4940,5720
5/11/2024,3890,21.34,21.36,20.96,0.38,23.76557748,7.580315708,4170,4770
5/12/2024,4180,21.12,21.34,20.72,0.4,23.61373103,9.300007999,3890,4180
5/13/2024,4410,20.68,21.12,20.32,0.36,15.32801001,11.47306011,4180,4350
5/14/2024,5190,19.88,20.68,20.98,-1.1,4.683575057,10.21320734,4410,5480
5/15/2024,6660,19.68,19.88,21.4,-1.72,4.764080441,8.400446684,5190,5960
5/16/2024,8330,19.6,19.68,21.42,-1.82,3.793178959,10.27358586,6660,4940
5/17/2024,8700,19.18,19.6,21.36,-2.18,3.417107384,11.9359394,8330,4170
5/18/2024,9230,18.6,19.18,21.34,-2.74,3.381973877,11.72484544,8700,3890
5/19/2024,10100,17.96,18.6,21.12,-3.16,5.517489668,11.40752842,9230,4180
5/20/2024,10700,17.4,17.96,20.68,-3.28,8.423017593,8.056634369,10100,4410
5/21/2024,11300,16.7,17.4,19.88,-3.18,11.00411211,3.732088997,10700,5190
5/22/2024,11800,16.82,16.7,19.68,-2.86,9.906321209,5.733350339,11300,6660
5/23/2024,9950,16.84,16.82,19.6,-2.76,10.11351949,4.642827911,11800,8330
5/24/2024,8010,16.7,16.84,19.18,-2.48,11.37532745,4.894435541,9950,8700
5/25/2024,7010,15.88,16.7,18.6,-2.72,12.19081922,6.88171763,8010,9230
5/26/2024,6480,15.6,15.88,17.96,-2.36,21.48551214,8.27480471,7010,10100
5/27/2024,7410,15.44,15.6,17.4,-1.96,18.99903566,10.71275092,6480,10700
5/28/2024,7490,14.86,15.44,16.7,-1.84,15.50234315,13.40633537,7410,11300
5/29/2024,7580,14.18,14.86,16.82,-2.64,14.21871836,14.56789765,7490,11800
5/30/2024,8330,13.52,14.18,16.84,-3.32,14.09362666,11.50583981,7580,9950
5/31/2024,8920,12.76,13.52,16.7,-3.94,12.8318187,11.38039,8330,8010
6/1/2024,9690,11.76,12.76,15.88,-4.12,12.01632693,13.29257492,8920,7010
6/2/2024,10100,10.78,11.76,15.6,-4.82,0.845754435,13.82006105,9690,6480
6/3/2024,10300,9.84,10.78,15.44,-5.6,0.572359698,13.97832024,10100,7410
6/4/2024,10700,9.08,9.84,14.86,-5.78,2.798868889,13.96151535,10300,7490
6/5/2024,11000,8.12,9.08,14.18,-6.06,3.317443296,15.46731534,10700,7580
6/6/2024,12300,7.12,8.12,13.52,-6.4,3.232082616,17.55293677,11000,8330
6/7/2024,12300,6.38,7.12,12.76,-6.38,3.232082616,17.77110755,12300,8920
6/8/2024,12400,5.96,6.38,11.76,-5.8,3.530088218,16.69488482,12300,9690
6/9/2024,12100,5.54,5.96,10.78,-5.24,3.835729361,17.5078448,12400,10100
6/10/2024,12000,5.18,5.54,9.84,-4.66,3.691114744,17.61492649,12100,10300
6/11/2024,11400,4.8,5.18,9.08,-4.28,1.724031292,16.6717005,12000,10700
6/12/2024,10800,4.4,4.8,8.12,-3.72,1.205456885,18.55955955,11400,11000
6/13/2024,10100,4.04,4.4,7.12,-3.08,1.648177732,19.87413611,10800,12300
6/14/2024,9490,3.66,4.04,6.38,-2.72,1.648177732,16.72255662,10100,12300
6/15/2024,9060,3.32,3.66,5.96,-2.64,1.350568651,17.09104357,9490,12400
6/16/2024,7990,2.92,3.32,5.54,-2.62,0.708863435,17.72487821,9060,12100
6/17/2024,7370,2.56,2.92,5.18,-2.62,0.707821337,15.04697911,7990,12000
6/18/2024,6730,2.12,2.56,4.8,-2.68,0.448395599,9.416477312,7370,11400
6/19/2024,6080,1.92,2.12,4.4,-2.48,0.448395599,14.18608043,6730,10800
6/20/2024,5000,1.64,1.92,4.04,-2.4,0.005674751,17.4860631,6080,10100
6/21/2024,4290,1.28,1.64,3.66,-2.38,1.642548995,16.09244265,5000,9490
6/22/2024,4380,0.78,1.28,3.32,-2.54,3.710461242,15.99916821,4290,9060
6/23/2024,4410,0.44,0.78,2.92,-2.48,4.872846281,19.40454192,4380,7990
6/24/2024,4050,0.06,0.44,2.56,-2.5,5.747624093,20.28078583,4410,7370
6/25/2024,3640,0,0.06,2.12,-2.12,6.370509194,19.7874577,4050,6730
6/26/2024,3290,0,0,1.92,-1.92,7.304024984,19.62436289,3640,6080
6/27/2024,3040,0.02,0,1.64,-1.62,10.59785191,18.49677894,3290,5000
6/28/2024,2950,0.02,0.02,1.28,-1.26,15.63308132,17.14312853,3040,4290
6/29/2024,3070,0,0.02,0.78,-0.78,16.25023109,17.92229735,2950,4380
6/30/2024,3570,0,0,0.44,-0.44,15.71044893,19.93214502,3070,4410
7/1/2024,2820,0.02,0,0.06,-0.04,14.96050126,17.66798415,3570,4050
7/2/2024,2400,0,0.02,0,0,17.40626047,15.18678904,2820,3640
7/3/2024,2270,0,0,0,0,16.9510659,15.29205867,2400,3290
7/4/2024,2100,0,0,0.02,-0.02,13.65723897,14.21531039,2270,3040
7/5/2024,1810,0,0,0.02,-0.02,6.985135324,14.76757226,2100,2950
7/6/2024,1550,0,0,0,0,4.299676783,16.35943762,1810,3070
7/7/2024,1340,0,0,0,0,3.671795672,15.43211372,1550,3570
7/8/2024,1180,0,0,0.02,-0.02,3.54696553,16.18029323,1340,2820
7/9/2024,1080,0,0,0,0,0.478321223,18.39075761,1180,2400
7/10/2024,977,0,0,0,0,0,19.77171025,1080,2270
7/11/2024,859,0,0,0,0,0,21.35913947,977,2100
7/12/2024,789,0,0,0,0,0,21.91544609,859,1810
7/13/2024,736,0,0,0,0,0,22.34215123,789,1550
7/14/2024,681,0,0,0,0,0,22.08034929,736,1340
7/15/2024,626,0.02,0,0,0.02,0.759953726,20.56714882,681,1180
7/16/2024,549,0,0.02,0,0,1.519552621,18.66037691,626,1080
7/17/2024,513,0.02,0,0,0.02,2.344286632,19.22812957,549,977
7/18/2024,470,0,0.02,0,0,2.344286632,20.64416018,513,859
7/19/2024,437,0,0,0,0,2.350247736,20.62998254,470,789
7/20/2024,415,0,0,0,0,2.350247736,19.06828629,437,736
7/21/2024,390,0,0,0,0,2.350247736,16.8939019,415,681
7/22/2024,353,0,0,0.02,-0.02,2.506620851,17.29093825,390,626
7/23/2024,346,0,0,0,0,1.747021957,19.34996411,353,549
7/24/2024,313,0,0,0.02,-0.02,0.922287945,21.16217933,346,513
7/25/2024,314,0,0,0,0,0.922287945,21.86668727,313,470
7/26/2024,278,0,0,0,0,1.40256607,19.8773974,314,437
7/27/2024,257,0,0,0,0,1.800120668,19.1751816,278,415
7/28/2024,252,0,0,0,0,5.088651076,18.12200942,257,390
7/29/2024,254,0,0,0,0,4.172324234,19.18042851,252,353
7/30/2024,243,0,0,0,0,4.172324234,19.23591793,254,346
7/31/2024,267,0,0,0,0,4.172324234,18.69435884,243,313
8/1/2024,252,0,0,0,0,4.172324234,21.06287189,267,314
8/2/2024,222,0,0,0,0,3.686085005,22.15709524,252,278
8/3/2024,187,0,0,0,0,3.288530408,23.17528223,222,257
8/4/2024,190,0,0,0,0,0,21.5197096,187,252
8/5/2024,195,0,0,0,0,1.195832576,21.33436069,190,254
8/6/2024,168,0,0,0,0,1.522155626,21.96789449,195,243
8/7/2024,167,0,0,0,0,1.522155626,21.14962657,168,267
8/8/2024,180,0,0,0,0,3.901091692,17.97462528,167,252
8/9/2024,187,0,0,0,0,3.906581825,17.46492495,180,222
8/10/2024,163,0,0,0,0,6.22887715,18.22437888,187,187
8/11/2024,145,0,0,0,0,9.800550463,18.18833747,163,190
8/12/2024,146,0,0,0,0,10.83514547,17.90948021,145,195
8/13/2024,164,0,0,0,0,16.92410463,15.20510537,146,168
8/14/2024,242,0,0,0,0,21.61275195,15.67464459,164,167
8/15/2024,247,0,0,0,0,22.43417099,16.14033348,242,180
8/16/2024,252,0,0,0,0,23.56869324,19.03909102,247,187
8/17/2024,283,0,0,0,0,21.42196855,19.56173737,252,163
8/18/2024,312,0,0,0,0,18.02700113,19.04435781,283,145
8/19/2024,275,0,0,0,0,16.35289131,19.03892122,312,146
8/20/2024,254,0,0,0,0,10.37539653,19.84771593,275,164
8/21/2024,229,0,0,0,0,5.924215117,19.77721263,254,242
8/22/2024,232,0,0,0,0,5.363853402,17.53792176,229,247
8/23/2024,222,0,0,0,0,5.572895413,15.50678909,232,252
8/24/2024,241,0,0,0,0,9.667349401,17.54390737,222,283
8/25/2024,255,0,0,0,0,11.14599616,15.09605563,241,312
8/26/2024,307,0,0,0,0,19.91708893,14.97548061,255,275
8/27/2024,341,0,0,0,0,19.94849803,15.09078854,307,254
8/28/2024,337,0,0,0,0,19.71103213,17.60656208,341,229
8/29/2024,326,0,0,0,0,17.07103874,15.73502108,337,232
8/30/2024,289,0,0,0,0,15.72198434,16.42258409,326,222
8/31/2024,233,0,0,0,0,11.45195972,17.64500057,289,241
9/1/2024,193,0,0,0,0,9.801652911,18.42538435,233,255
9/2/2024,187,0,0,0,0,0.474242385,18.5117699,193,307
9/3/2024,168,0,0,0,0,0.005045851,17.84780241,187,341
9/4/2024,165,0,0,0,0,1.403515813,14.96730894,168,337
9/5/2024,139,0.02,0,0,0.02,4.073044053,13.71925168,165,326
9/6/2024,153,0,0.02,0,0,4.073044053,15.58627242,139,289
9/7/2024,136,0,0,0,0,4.073044053,16.85789687,153,233
9/8/2024,144,0,0,0,0,4.067998201,17.34338799,136,193
9/9/2024,164,0,0,0,0,4.795080553,16.85588227,144,187
9/10/2024,191,0,0,0,0,4.859878744,16.47499803,164,168
9/11/2024,165,0,0,0,0,3.478876782,16.00517763,191,165
9/12/2024,159,0.02,0,0.02,0,1.398354787,14.45904129,165,139
9/13/2024,141,0,0.02,0,0,1.398354787,11.41995435,159,153
9/14/2024,140,0,0,0,0,1.398354787,13.99147667,141,136
9/15/2024,169,0,0,0,0,1.398354787,14.66185144,140,144
9/16/2024,177,0,0,0,0,0.671272435,15.28819816,169,164
9/17/2024,179,0,0,0,0,1.141312425,11.44194576,177,191
9/18/2024,174,0,0,0,0,4.2993727,10.24794318,179,165
9/19/2024,178,0,0,0.02,-0.02,3.710366456,11.91138719,174,159
9/20/2024,184,0,0,0,0,3.710366456,13.73713611,178,141
9/21/2024,204,0,0,0,0,3.710366456,12.82830808,184,140
9/22/2024,221,0.04,0,0,0.04,5.256087427,11.21961647,204,169
9/23/2024,200,0.02,0.04,0,0.02,5.256087427,11.94042076,221,177
9/24/2024,194,0,0.02,0,0,4.721249246,13.2059273,200,179
9/25/2024,190,0,0,0,0,1.545720971,16.34857354,194,174
9/26/2024,190,0,0,0,0,1.545720971,17.24910027,190,178
9/27/2024,181,0,0,0,0,1.545720971,16.84581151,190,184
9/28/2024,176,0,0,0,0,1.545720971,17.49588131,181,204
9/29/2024,168,0,0,0.04,-0.04,0,17.88057324,176,221
,,0,0,0.02,-0.02,0,0,168,200
