date,tmean_c,prcp_mm,srad_wm2,swe_mm,swe_b1_mm,swe_b2_mm,swe_b3_mm
2004-10-01,7.691350311375983,2.3969793684095175,216.56546631749674,0.5161558675715754,0.0,0.0,1.5317741496520183
2004-10-02,8.802395774942413,0.7415161960970135,325.15215007036716,0.4972007006715432,0.0,0.0,1.475521694756148
2004-10-03,9.52538731495616,0.1365574250399167,368.2031960975123,0.4788003292305906,0.0,0.0,1.4209156831072771
2004-10-04,9.270400321738942,0.0,384.06683501157266,0.4621415242283463,0.0,0.0,1.3714780452352384
2004-10-05,9.018366280026877,0.31023385777636214,364.7792848575095,0.44544365584843965,0.0,0.0,1.3219244806134314
2004-10-06,8.912205190891799,0.0036448513067337753,360.68130000421405,0.43116071826140534,0.0,0.0,1.279537604959289
2004-10-07,9.160903991262465,0.0,383.4390937244488,0.41785520265575304,0.0,0.0,1.2400513835812024
2004-10-08,9.9123447315644,0.0,398.33145726524435,0.40327770126575163,0.0,0.0,1.1967903432664293
2004-10-09,10.916480562494385,0.0,387.2444547702749,0.3875509432207935,0.0,0.0,1.1501187021119126
2004-10-10,10.995679243988425,0.0,374.24695235363635,0.3723467993522986,0.0,0.0,1.1049980011598477
2004-10-11,8.875414742486795,0.0,367.60696686689704,0.3589013588040076,0.0,0.0,1.0650965303900723
2004-10-12,7.041788486480952,2.500472794688696,340.3573271349182,0.3490131948271197,0.0,0.0,1.0357518403091894
2004-10-13,4.652554961207948,0.5350719678274988,261.7293199086858,0.348448457639742,0.0,0.0,1.0340758934115164
2004-10-14,7.082119803335692,0.04912317533299907,357.6650560069901,0.3419638727798932,0.0,0.0,1.0148318625216344
2004-10-15,8.736259226139815,0.0,327.7399552148478,0.32577020395271916,0.0,0.0,0.9667745897947071
2004-10-16,10.108956977754215,0.0,351.994119715961,0.30970730795676676,0.0,0.0,0.9191054061217406
2004-10-17,8.579450228020683,0.01948899580968967,288.2467373949383,0.2993973233317006,0.0,0.0,0.888508896570687
2004-10-18,3.828199308747723,4.87860725753228,184.08219129737958,0.3180346729897829,0.0,0.0,0.9438181785489985
2004-10-19,4.198457821521411,4.6870285697726475,193.62580089673222,0.3135318121512623,0.0,0.0,0.930455227035191
2004-10-20,8.278102667346927,1.6396696592590216,223.54770845202847,0.30498296496325183,0.0,0.0,0.9050851712930581
2004-10-21,6.67493981733715,4.741761176099672,168.42790657139392,0.29725989247000945,0.0,0.0,0.8821657325260528
2004-10-22,2.0563568058492843,8.78945455622069,147.03221174382233,0.640946610989836,0.0,0.0,1.9021104121908576
2004-10-23,2.7587507258741915,2.0535484044873997,225.32031229426076,0.6850287405993387,0.0,0.0,2.032931101908354
2004-10-24,2.1637176063397368,8.932751521763018,97.62385635709312,0.6406472299395585,0.0,0.0,1.9012219515871485
2004-10-25,4.33757687372123,2.5794927808407664,186.3545772539677,0.5903544660891027,0.0,0.0,1.7519702227573897
2004-10-26,6.046242668681742,1.0456271461952973,250.8919029969717,0.531727619441591,0.0,0.0,1.5779857854733967
2004-10-27,7.579179499535566,2.7850865884417564,227.04857431373054,0.45454556492683557,0.0,0.0,1.3489358349633587
2004-10-28,4.453338240388663,7.665374879635923,193.56244164178366,0.7462773153936969,0.0,0.0,2.2146959320059523
2004-10-29,-0.5405265245068813,8.798057960596848,103.28607643894789,2.2190707343702036,0.0,0.0,6.5854432754002215
2004-10-30,0.6920840751299162,1.0173734779097845,165.17875941285536,2.303505476521944,0.0,0.0,6.836016723240829
2004-10-31,-2.066609571818619,6.074581516092204,165.02567949507306,5.942332341717904,0.001308797568653236,0.8582546281664792,16.777804719787632
2004-11-01,-5.210584827397958,0.0026599091056900863,276.987303958658,5.94499270137823,0.001308797568653236,0.8582546281664792,16.785699757725762
2004-11-02,-3.882115946453531,0.9463323815073172,331.4336558304846,6.8913268658864455,0.21020987722883835,1.5154045638893678,18.736116806895915
2004-11-03,1.352493190228475,4.6385576106652143E-4,340.7095723690529,6.853188470971559,0.20633903888295463,1.4709758945529678,18.670990375745053
2004-11-04,2.5440269968406044,0.00291560189130091,324.4132897222717,6.707459793616147,0.17607003197691964,1.328285623535546,18.410167864548587
2004-11-05,4.142813187305216,0.0,326.23355185036587,6.307382395458182,0.11536372141901335,1.0429414614642665,17.566302763076955
2004-11-06,5.120754945638084,0.0,323.75450877753474,5.832359205420638,0.045714778187447354,0.7082674732173543,16.557888880694982
2004-11-07,6.078971655431108,0.06954837652932158,326.97052784002966,5.305032893018239,0.011565129738486932,0.4424499688137041,15.291147446727889
2004-11-08,7.358704927619968,0.3086438372649743,301.8027908008925,4.46909168740346,3.6600580305778214E-4,0.236746704799007,13.02632908859274
2004-11-09,3.276018438144045,3.6606469020260195,172.60296412751137,3.9622703976686875,0.0,0.1501442619671719,11.60896029435863
2004-11-10,3.120285095019284,0.1641345238542817,198.04915506917374,3.616588155289801,0.0,0.07524363831858936,10.657774383173903
2004-11-11,3.300131888841145,1.0592085766933832,214.88832442768808,3.3337316269519763,0.0,0.025511197682596333,9.86793939416893
2004-11-12,4.0804818513148415,0.061814221949244616,252.38154151822144,3.123356077165677,0.0,0.0012660959663251402,9.267790632202498
2004-11-13,2.6036898058007028,0.0,269.1858312131544,3.0558876334759413,0.0,2.449482202404634E-4,9.068585508519332
2004-11-14,1.4579178215232707,0.0,255.7399738387543,3.0201458032002644,0.0,0.0,8.962760205144203
2004-11-15,1.7225172474800043,0.0,289.65854154104613,3.0007199940576865,0.0,0.0,8.905111044977389
2004-11-16,2.761937449884862,0.0,271.64254055809425,2.8877842746605276,0.0,0.0,8.569956440693183
2004-11-17,2.5771090737488977,0.0,254.8325275056421,2.7987327661007897,0.0,0.0,8.305682008551024
2004-11-18,-0.1294831392892427,0.0,232.55693674833773,2.7817377228064437,0.0,0.0,8.255246530382433
2004-11-19,-1.208779527679346,1.0130203327937521,200.92879391203348,3.2390390564556415,0.0,0.17955811400890911,9.433329408073892
2004-11-20,-3.8659266637750176,3.5970633731336275,125.26739937726043,5.411017242308512,0.38686649776912013,1.2129308524136575,14.473188257900215
2004-11-21,-2.5848382629872,0.0,182.70836252497287,5.349554216233802,0.28014639577039097,1.144149711140729,14.462948069270084
2004-11-22,-0.17855465372731263,0.0,252.72785436758028,5.266790488803269,0.250473782108455,1.0558114298582988,14.334212673228565
2004-11-23,-2.56697029569193,0.1016822179961725,212.4523032708399,5.328956063905868,0.17830691519047576,1.0098050774911034,14.634614830958276
2004-11-24,-3.4347938794726383,2.032398849791225,180.19605423049063,7.359240838293574,0.509055247189257,2.319722324967933,19.032711084992147
2004-11-25,0.32399204772737417,13.775022753861272,149.47021466658882,7.016365688634248,0.24795749256182398,1.663505672256068,18.922885261038353
2004-11-26,-3.138609060008707,8.315602717419493,168.11902222794458,12.939617331313963,0.3101408976755676,7.868332220790041,30.254100024837598
2004-11-27,-6.528279220855199,21.632938491224582,156.34120845334158,34.57213269024547,25.267258080407263,30.556713712283205,47.607012899099566
2004-11-28,-7.568537101337959,10.769636139730983,182.41308318233536,45.341837818304015,33.70090591334619,43.18818828009962,58.78777340869145
2004-11-29,-12.790544023154151,0.013053463450173733,284.1724079942598,45.35488952776871,33.70090591334619,43.192810297619616,58.82189796765409
2004-11-30,-13.023514358810614,0.2520550753949997,288.56768850516386,45.60694171382519,33.74711088453345,43.37528717926782,59.34311512481585
2004-12-01,-11.31914109766628,0.0,267.0132981312587,45.60694171382519,33.74711088453345,43.37528717926782,59.34311512481585
2004-12-02,-11.3648573719923,0.0,278.2109350470103,45.60694171382519,33.74711088453345,43.37528717926782,59.34311512481585
2004-12-03,-9.088752132065528,0.9238312824840011,281.68899907260936,46.53077024036775,33.991109308676755,44.011366791274064,61.21368638423081
2004-12-04,-5.62652893714416,0.2598397419722579,286.7385632703209,46.79062540402397,33.991109308676755,44.03377796224726,61.962502272306736
2004-12-05,-4.866904534611852,0.43756663270949214,246.30633049385253,47.228190195139966,34.0155712402889,44.31036106761972,62.961531023512556
2004-12-06,-6.1418393113666445,0.40982074886496567,215.08584987202963,47.63802186712354,34.01661206895656,44.34123090647238,64.1459818498813
2004-12-07,-5.8625097853436205,1.078349475824025,243.39524412199398,48.71637225397769,34.55060995025741,45.06469749955997,66.10651921411007
2004-12-08,-3.3693684863989417,5.990489560297251,164.55793394415468,53.82255557487291,34.959558619230215,47.8201721513252,78.1156151563682
2004-12-09,0.02684270146354694,5.171933560437962,130.17351748200193,52.43812636808836,33.24392193655633,46.255401878568385,77.2324653890482
2004-12-10,1.251013356840743,0.0,227.6938281131844,51.34919586331328,31.974977064169313,44.98874401801923,76.4954613159615
2004-12-11,2.3209716111591137,0.0,251.0287260909347,50.19676830184432,30.756630418758572,43.6971636004797,75.54575881653375
2004-12-12,1.5481787275826342,0.0,275.177350939517,49.78466770166315,30.235421917227683,43.31248436265197,75.21221669410295
2004-12-13,-0.737547895382275,0.0,247.5493124507861,49.61618962362784,30.03155463262093,43.1262141823715,75.09582701625801
2004-12-14,-0.12403610825021365,0.0,271.087667026728,49.59262114268028,30.030481138296054,43.122120203824096,75.03100771184144
2004-12-15,-2.6156341849940827,0.5094766357530327,196.61023065349275,49.95609562657334,30.34826539705772,43.43509657546224,75.48917871471181
2004-12-16,-5.284997099150976,0.0,250.88972268633722,49.95609562657334,30.34826539705772,43.43509657546224,75.48917871471181
2004-12-17,-4.885003978343816,0.0,260.85640287107157,49.95244897776518,30.34826539705772,43.43325112184133,75.48019674525825
2004-12-18,-3.859501740339825,0.0,272.32519701445227,49.950617920063806,30.34826539705772,43.43279225120017,75.47522031593105
2004-12-19,-1.8873784060263483,0.0,282.7263302031695,49.94069357432101,30.348198404326038,43.42075078053432,75.45783940408938
2004-12-20,-2.996303766346723,0.0,281.2406844965658,49.94069357432101,30.348198404326038,43.42075078053432,75.45783940408938
2004-12-21,-8.40883700341748,0.0,247.54549507926095,49.94069357432101,30.348198404326038,43.42075078053432,75.45783940408938
2004-12-22,-11.564156557060326,0.23625176088250338,233.18944835659113,50.17693692617414,30.476779181145428,43.53807230173818,75.91715210683923
2004-12-23,-16.165823336487158,0.0,226.5776257818912,50.17693692617414,30.476779181145428,43.53807230173818,75.91715210683923
2004-12-24,-11.435409308191344,1.2824849688459141,275.30842033954707,51.459432523996455,30.654837754016075,44.33475997529709,78.75598866773159
2004-12-25,-4.3354858210848155,0.3867561890742757,277.2343690451687,51.84603793747941,30.654837754016075,44.38577441701883,79.85243663919388
2004-12-26,-1.4700446121610908,0.6223677712255462,260.5379930981646,52.420776509119,30.65290479586224,44.528000433561196,81.4181317380719
2004-12-27,-0.3556412924892955,1.0974189337033736E-4,228.77795158542378,52.074796248408816,30.298348614941993,44.20026430266509,81.06228461934482
2004-12-28,0.46900189806209763,0.3754660594238172,196.72839342665443,51.20539212776326,29.262884822611618,43.283560987988565,80.40121722679412
2004-12-29,0.17121119019038894,8.5561669956849,116.85569895098992,50.05170597069792,27.790432340837047,41.96753498067695,79.71878683054513
2004-12-30,-0.8449210865038855,0.9311276195254187,125.34738955464292,49.29591643710213,26.064934211938525,40.84397795771655,80.27087778980824
2005-01-01,-2.892990654273598,2.2258873210765375,201.2285363936648,95.53967306010365,42.096125235247925,66.600346972696,176.26599833941253
2005-01-02,-2.789325726868847,0.2052658713531122,267.43714665939643,95.73158725374931,42.086060084682266,66.57718999920162,176.86839222931712
2005-01-03,-1.7521794538715234,1.1157257295587222,228.19238380100137,96.35637286702777,41.82487726724559,66.85441950604854,178.69962865473596
2005-01-04,-3.90837171455367,3.584162368815881,243.7497932067014,99.78102595774973,45.89354641946604,69.96954414036969,181.8078243164987
2005-01-05,-10.886042767969439,5.868464386159236,145.09956203086256,105.64946168053689,51.288962229522156,76.05175243128971,187.92222466632455
2005-01-06,-8.560321951066713,3.944637478047781,178.41264849218024,109.59406131194794,53.50669323483641,79.23509563909977,194.30193309646307
2005-01-07,-9.739538453115467,1.5767711479151212,276.63684101324185,111.1708344771858,53.69084295102243,79.86553753715376,198.17393071581748
2005-01-08,-2.791192111455499,2.7719923170404006,232.73304101792093,113.76955621483819,54.23805103406798,81.19401063260713,204.03035783496188
2005-01-09,1.4657988065849905,6.9438640217005085,143.88098659513588,111.99965578983425,52.159092201883965,79.55147323423898,202.43343809376637
2005-01-10,1.7203229947812568,13.144624895468063,106.24652509413946,109.7391687122771,49.53996252138603,77.24618054677065,200.56572111827097
2005-01-11,0.5025923143863877,14.813461628634899,90.95035639042148,108.10300575135962,47.173342192971326,75.16574252795616,200.08150611953755
2005-01-12,-5.390258550410698,1.0190372498272566,243.0665738585852,109.11548533968914,47.34715723967889,75.74898970742485,202.33596029185452
2005-01-13,-8.105004145930927,0.04264587240498544,275.0544539445422,109.15812533627883,47.34715723967889,75.74898970742485,202.46250122381102
2005-01-14,-5.701716179121268,0.005834535877134513,299.6642543272654,109.16396307232424,47.34715723967889,75.74898970742485,202.47982562856674
2005-01-15,-4.052483667928386,0.3622955640288157,310.86075008086874,109.526252746026,47.392764189787755,75.94339106190192,203.3168809195004
2005-01-16,-2.9071353025110507,0.7821005670325692,260.6367072627711,110.25583850558866,47.35951481975327,76.06661182464521,205.3914544978092
2005-01-17,-0.8202790476293637,0.0011406065167157,275.03119008398363,109.84020762119131,46.73069841115708,75.5561261315412,205.27731640856265
2005-01-18,-0.42147820186437224,0.020114666737035526,297.12480492803587,109.46107122704682,46.234026302406924,75.00728577462692,205.18146525904703
2005-01-19,2.426550295568405,0.0,302.30571299698016,108.35103869613027,45.162693460322835,73.76088925031998,204.16983486671688
2005-01-20,3.3491075785637467,0.0,324.2302811211036,107.17841874907269,43.982838928913736,72.3747772612091,203.2171022299108
2005-01-21,1.4642634444477145,0.0,323.67285137408624,106.63096118405294,43.24936256131903,71.68724599925437,202.98985580821198
2005-01-22,1.2574836026458676,0.0,340.6856757464354,106.29948719108293,42.7981127951965,71.2776824793483,202.85249568435594
2005-01-23,1.7517565848465102,0.0,325.582108388638,105.59734503638448,42.07699808812876,70.42383058528347,202.32003264869653
2005-01-24,1.5207367280768034,0.0,345.3451159742854,105.22793433104037,41.74665009422391,69.99002367676897,201.97691515967412
2005-01-25,0.22371451486465552,0.0,329.9527177126793,104.88125501100387,41.378226044217435,69.51346949437227,201.78083482000284
2005-01-26,-0.8527947748812256,0.3989059253925859,297.8102358602512,104.9168319172641,41.52194540110473,69.22323383922608,202.03630577186405
2005-01-27,0.03711856436507528,1.5000912882905033,229.06222113251138,104.26411273705683,40.58775505660963,68.33206796444875,201.89452741349206
2005-01-28,-0.286437673382143,0.9270791741322895,221.24133815852048,103.6186520938755,39.053082349168115,67.12774566704488,202.66935122667903
2005-01-29,-0.40992342632111245,0.0,316.3682913919328,103.20672996353639,38.34377610713622,66.62944663048927,202.63219142777768
2005-01-30,-1.805270937940349,0.5606975150365786,283.18329999152473,103.30988799514004,37.96084726421685,66.5696643338642,203.36960408573208
2005-01-31,-3.5914381547605867,0.014421165310519502,327.6635546407095,103.31685011179687,37.938070605095234,66.56963435001913,203.41240202887116
2005-02-01,-5.78077161480559,0.40079865328163133,322.67397700479506,103.71765971566057,38.05259610838302,67.05476480365672,204.00700358883435
2005-02-02,-4.197937113677228,0.0,363.37295575160994,103.71765971566057,38.05259610838302,67.05476480365672,204.00700358883435
2005-02-03,-0.995710253365386,0.0,391.1057733101134,103.7172101186271,38.05254382188981,67.05347752429377,204.00700358883435
2005-02-04,-0.5479587116812742,2.671980169925363E-4,366.98149350961296,103.5746841058423,37.86818147609545,66.85973647891035,203.95614835070057
2005-02-05,-1.7251090369069315,0.0,360.24053470532954,103.52702644254404,37.7956633108108,66.7928878364615,203.95175477231092
2005-02-06,-2.7491880108822997,0.0,379.88607922783694,103.52702644254404,37.7956633108108,66.7928878364615,203.95175477231092
2005-02-07,-3.8109599817011097,10.177669375957779,213.81742116432903,112.83584047874031,48.39355223010845,76.57143569494055,211.54104656458424
2005-02-08,-6.919008159783531,2.4127728502211574,266.7253551230733,115.24860355201655,49.28162282001834,78.6322318408334,215.78459940294238
2005-02-09,-7.386022211018716,3.8185657260411285,360.69907776703315,119.0671424580686,54.96362272889189,82.40629210959366,217.8388242532746
2005-02-10,-3.9836761065677297,1.142334472528009,398.3302179187977,120.20843446185965,54.97987240685375,83.09130252225737,220.52701690279048
2005-02-11,-2.2312163638490587,3.5189153344880606,370.57555189577164,123.7082536720311,58.02074879099346,85.6566851559473,225.40397693396395
2005-02-12,-0.8147262017118353,3.6682659071283927,215.0058114215458,123.21742613696189,57.45643809529082,84.98203990723971,225.1677498732336
2005-02-13,0.12901814398023717,0.3263680116993541,283.1735284062336,122.57126020818251,56.363495002272835,84.06505475804813,225.22524712533786
2005-02-14,0.6060824899355473,9.86625402894042,194.2450998021662,121.53971271273645,54.8274806662421,82.6901960410825,225.02563525272257
2005-02-15,-6.678908249369277,7.770445944080919,265.20042465024704,129.29488717181323,60.763570355355704,89.26516461050342,235.72314276118652
2005-02-16,-8.50810248492125,0.0,417.3299357566691,129.29488717181323,60.763570355355704,89.26516461050342,235.72314276118652
2005-02-17,-7.89721304972315,0.5946840356470965,447.0222785753008,129.88958500711428,60.85879723114932,89.37669398660579,237.28437402898965
2005-02-18,-3.2856049140494865,2.329774566740251,409.2323379940777,132.06926044331203,61.58757813780467,90.24808971487656,242.17671759451133
2005-02-19,-0.5597708723910402,1.1460970776415345,274.2864349768367,131.6505778861722,61.20678176880029,89.6664251377905,241.88376666048285
2005-02-20,-0.34044417360772244,6.148896988002478,200.09373469591154,131.16867587495148,60.012470701334585,88.58367483753013,242.69240875852788
2005-02-21,-0.24234538156794913,2.4242182236803864,305.13345914581254,131.53028302701742,59.332432931550706,87.97664966672475,245.03081867786167
2005-02-22,0.40728050639478264,1.6177802469380755,303.17985593197733,131.0841905286017,58.03521749516644,87.02996859472782,245.90993953998685
2005-02-23,-1.1370225294674412,0.0,380.77765430380697,130.7266722866687,57.21088330090656,86.77188773865845,245.90636402962141
2005-02-24,-1.9363481039029513,0.07948760642254321,469.72361552187283,130.80616045287601,57.21088330090656,86.77188773865845,246.14225773121285
2005-02-25,-1.0610867662836392,0.0,477.5038537040871,130.80616045287601,57.21088330090656,86.77188773865845,246.14225773121285
2005-02-26,-1.3155737487762464,0.0,451.6481186485476,130.79753430546947,57.20542561956173,86.752960629712,246.14082702260671
2005-02-27,-1.7070318487333145,0.0010687920679701452,457.6117693860265,130.79808980299705,57.20494889542301,86.752012237436,246.14388386333277
2005-02-28,-1.376274252187923,0.0036290834140449116,463.69905463017056,130.79134432422586,57.20165016062401,86.73538317478736,246.1436475760586
2005-03-01,-1.7866180896576886,0.5940784371680534,361.75707295399235,131.1425756082412,56.987885617703334,86.78514917637371,247.34384036445493
2005-03-02,-1.0823107217008254,0.0,464.247510413795,131.13300885985566,56.9732682698818,86.7709653099543,247.3437792598452
2005-03-03,1.4325909958826901,0.00574894870678255,503.09683011929474,131.0172379922763,56.78069037897187,86.61331370998977,247.34431456781942
2005-03-04,1.0440127596933415,0.0010858927247491949,471.71010481334,130.71476353316328,56.33940712552332,86.21254514046998,247.27457258034826
2005-03-05,1.9139927682359559,0.0,483.74383129896194,130.37755586988132,55.82857573829656,85.80463873916557,247.17637413081547
2005-03-06,1.6468784926702638,0.0,493.3315807647031,130.169681269931,55.518484359934654,85.5236931114555,247.1405669924724
2005-03-07,1.1234115015854662,0.05293088154514555,464.92731596334,129.80777950168866,54.73404288071264,85.0853104546979,247.2650357265452
2005-03-08,2.3838020604310914,0.006663386234010876,378.3185158182581,128.46161834677721,52.95361994700533,83.50078220586263,246.57803352320434
2005-03-09,5.117646373491249,0.0,485.5099410278297,127.07217212011037,51.135579530494184,81.8519625894678,245.86318997143596
2005-03-10,2.085224584722184,0.0,424.3857622278754,126.19054758732631,49.799685136139146,80.79204386301689,245.60024749985732
2005-03-11,2.972349390983648,0.0,515.0476697068483,125.79492954427539,49.28196324626558,80.26450731863854,245.4546739319338
2005-03-12,3.767612723548255,0.0,523.8072037546511,125.4015964680892,48.800586481950326,79.85475413961423,245.1631673529428
2005-03-13,-3.4032893624682767,0.0,429.6661900158252,125.3720750095667,48.71187994077765,79.85323803960145,245.1631673529428
2005-03-14,-6.377309190350333,4.578160254200545E-4,455.66035084282123,125.37253267678595,48.71187994077765,79.85323803960145,245.16452555278053
2005-03-15,-5.674482184839302,0.0,518.3765115085129,125.37253267678595,48.71187994077765,79.85323803960145,245.16452555278053
2005-03-16,-1.2424214814268528,2.3626743549974902,408.80615948921763,126.47325018041043,48.64742859851893,80.10408202549675,248.2435270112472
2005-03-17,-1.0722742837779105,2.423461408205411,308.29070868041305,127.61600017929374,47.77906724996498,80.51358559730751,252.06934200558015
2005-03-18,-1.549915015848362,1.4113268342120562,408.0050686434216,128.94559167368692,48.21194268047696,81.2132873941125,254.89732087188415
2005-03-19,1.9937591648915678,1.8313553884571234,458.9555365661895,129.4140578270519,47.71921386010665,80.75105507036379,257.22668312284776
2005-03-20,1.8641863833260517,8.196537525976392,290.47563849658184,128.52663031382815,46.281422214110854,79.47130046402647,257.264610838765
2005-03-21,0.13223652272727052,2.5633453810629505,316.31257185521685,128.73392052096725,45.3266012547151,78.70098804371244,259.5745714817557
2005-03-22,0.7714602604097597,1.7338604911924282,455.7653210078236,129.7447220635791,45.26235577698599,79.00669517546773,262.3318311676829
2005-03-23,3.1029211923875666,2.9983655893964536,365.1254059811364,128.69000770118953,43.80923598946025,77.61381259279707,262.00098205632804
2005-03-24,-1.198454034222234,4.285843208911483,288.91507052032597,130.6130978828706,43.392979524946796,78.78101030493126,266.9482996874729
2005-03-25,-1.498651896855977,6.45583866363731,372.831010208238,135.04289800522884,44.96728482537305,83.89800379923251,273.4644464601954
2005-03-26,-0.447845562332002,0.002065405067518089,474.4813414579513,134.88212503673415,44.572662022219355,83.79783153297997,273.4702236500625
2005-03-27,1.3644405342482473,1.2259811302654164,533.1824621935332,135.57055892075522,44.6902674997325,83.99125232977238,275.20625986895175
2005-03-28,4.655066687981832,3.7265109777762246,393.8545136733494,134.15539313852162,43.28618104665172,82.32743892823932,274.02825844188385
2005-03-29,0.5936591027665798,3.1086713108983237,337.93293343859824,133.94380522147506,42.119914923971116,81.24844050134028,275.6081392669592
2005-03-30,-2.822233977620681,3.247851082017742,255.25867384306807,135.5158873667944,41.548658320584245,81.19974388792603,280.8765529457366
2005-03-31,-2.0134883910167134,0.38942141474533365,484.3402826128934,135.87060307446197,41.46996709390155,81.21487769900862,281.99051565068885
2005-04-01,0.9600691953140321,0.8020729726907203,592.9394470658574,136.55569244036425,41.438230786638684,81.4124397071198,283.8574475126418
2005-04-02,5.2151482253837305,0.021376367426901226,610.437301421097,135.86996491628193,40.614796165062565,80.5463375649226,283.4852227741742
2005-04-03,8.46495806825173,0.002538381161429095,556.5702289851298,133.5278015247291,38.43288685361634,78.1296435169724,281.06182981820024
2005-04-04,6.177591442550471,2.0886132460498077,457.6103573401059,131.7710456188539,36.38818240688981,76.20560818259277,279.7513432299933
2005-04-05,2.1262067567695513,0.4497120193192745,476.29058100855093,131.11847615240262,35.40601893116159,75.36099608507156,279.61015440633275
2005-04-06,4.682455378926452,0.41433553212832963,613.2750318186844,131.29349495279567,35.05965650991248,75.09070934172313,280.73522079246044
2005-04-07,8.755282232021003,0.1462396250985535,624.358785367373,129.94998738099184,33.81450149759608,73.70852123139447,279.33481993424317
2005-04-08,6.12968509591243,2.0313107153290857,487.0833897489247,128.5952015993601,32.449620131532654,72.17131159878262,278.17172131904897
2005-04-09,2.1259750126754837,1.445958717715927,478.2590440897914,128.57070913432713,31.97188942863844,71.69627640866489,279.0363591495081
2005-04-10,0.5593774613417988,0.31880235994159023,423.37278419219683,128.30082031406334,31.38308411594928,71.10031047418705,279.4011285603631
2005-04-11,1.8141756001100695,0.0025047142306543466,551.3412032665598,127.96833844840772,30.811905934612568,70.69754568191196,279.37040031766776
2005-04-12,4.6008582066366985,0.014013062786835487,624.6367577554847,127.57137446687241,30.314374936035815,70.17663918270651,279.19462474032724
2005-04-13,8.167816158299715,0.0,633.9670144431111,126.33836775574049,29.227571371815195,68.88978573738,277.87340298393923
2005-04-14,5.698106595077586,0.0,571.2954081845028,125.14111194168497,28.183193416574117,67.63072884589795,276.58938469453335
2005-04-15,5.158025162051572,0.0,642.0421154749215,124.82714381252013,27.966168341672276,67.32140452773264,276.176694136051
2005-04-16,8.116343295362931,0.008554527885204184,643.8037991353132,123.75049200103825,27.142205923299404,66.2415846235911,274.857942570056
2005-04-17,10.31465968580117,0.0,611.3666139703462,121.71218095398245,25.644322318287635,64.22948450353044,272.2689624437142
2005-04-18,9.084139618407972,0.0,589.3242852764233,119.85178491930748,24.412287976382018,62.41611063425362,269.75179880352187
2005-04-19,7.743743016115099,0.0,611.1151099539961,118.61875586427293,23.651242599458662,61.22852530937024,268.015355347876
2005-04-20,3.6508971287817653,1.0505676358185303,426.82227568815904,117.6444693824454,22.836012093578997,60.050287845898126,267.09004266825116
2005-04-21,2.088599987402934,0.23241369903116502,511.3361358518573,117.46488493952005,22.597508635757087,59.67151037521684,267.1662530319317
2005-04-22,4.29130480330888,0.2028712053150234,603.515415823986,117.4055136160105,22.400154720052434,59.38330493756499,267.468969161613
2005-04-23,8.643144259702202,0.025041798218315887,634.143266658791,116.26177360862509,21.665089233369525,58.23570509039408,265.93242104794473
2005-04-24,6.562768987701417,13.176611787674485,320.78769333968387,114.36846105472812,20.448178748776783,56.22658575880672,263.49806430013575
2005-04-25,5.578159478123136,1.9138620133717,421.9926531488632,113.15967285522507,19.425052030805695,54.62928160834583,262.4964500836647
2005-04-26,5.632282721506112,0.6597882109376106,528.2130418663986,112.39304712174821,18.737542808937384,53.512004377846615,262.00265680513223
2005-04-27,6.569709281983244,9.013791455737188,368.04377245067377,110.87470153408898,17.86616632531218,51.8753590591424,259.9743200897172
2005-04-28,2.8318380040731155,13.343398144218671,350.7900654867664,113.27118288891563,19.05786652520636,54.838004631995744,262.9756509601711
2005-04-29,-1.0788429317960717,3.8460067435239766,373.41404926975065,115.49524368338639,19.392595166817355,56.45253104979514,267.64122974632147
2005-04-30,0.18880214439088697,4.716610832775778,322.912481379445,117.30418391042996,18.903119588004778,55.76571311081029,274.1694296769278
2005-05-01,2.362045794267007,0.02245266830100037,480.3496136415903,116.66555032688625,18.27164358021321,54.68696090770518,273.96267593516814
2005-05-02,3.1804827299193716,0.2668619259896051,606.3318814093951,116.72631764017767,18.024223648742847,54.34885338298062,274.7202718201118
2005-05-03,6.281119986080468,0.08602221172556568,604.7830226728803,115.72830589518043,17.358060419226295,52.9129774659667,273.8367493413738
2005-05-04,8.180123075258095,0.5108085782569347,526.1817051210635,113.71876198386724,16.158955169650138,50.30687742823384,271.63540467973866
2005-05-05,9.401901662349914,0.02213087379063727,523.16257514498,111.44712591139756,15.011938725518391,47.47986796177026,268.8259641515386
2005-05-06,9.465560265070408,0.658477484843324,503.1788077122388,109.32693236595658,13.969895705560104,44.98333788670263,266.03455731821686
2005-05-07,5.01503135054713,8.95483056832631,282.2246405852601,107.78181823980921,13.217583829191488,43.23504977787766,263.92253259571237
2005-05-08,7.979696748705579,4.580636015615158,444.30982081285663,106.04974074775531,12.431292260300046,41.31194330731083,261.4629502686296
2005-05-09,10.548148230319093,1.3729581509206354,538.0907230336172,104.10702721584076,11.521325046938498,39.19079517177171,258.6957713407973
2005-05-10,9.445414806529847,5.04777519805912,478.65661735743555,102.40471464274614,10.774071940416604,37.400769325385944,256.153940608167
2005-05-11,4.783157200267734,3.9983135041552744,340.12191431879893,101.22113836971943,10.22855826347928,36.02976075835706,254.5379474702052
2005-05-12,3.705440634951715,5.189727946416928,311.2489558514855,100.34769669718244,9.782988674920555,34.936951307922364,253.46794012458426
2005-05-13,6.911578327597906,0.5886368043145457,506.51001906853355,99.07800919974927,9.294415039588538,33.55397367552432,251.55306664623203
2005-05-14,9.053886502512517,0.3549907895364677,599.7266537524343,97.87312252632373,8.800024549531193,32.259113806150275,249.74828650748373
2005-05-15,10.75546405232222,0.2694077448109356,600.1303278593232,96.23179738910348,8.226862726134271,30.680371675158757,247.00781022989273
2005-05-16,13.6344384438064,1.1254173552756495,510.6486018633496,93.76583914967597,7.342994676774106,28.281808480206806,242.93908911982976
2005-05-17,7.167638607249793,0.1016999955702477,490.97790027960406,92.43151046968653,6.843453925283184,26.87963899630493,240.8621628434675
2005-05-18,9.096905490650684,0.0,647.9310577786538,91.55849737614366,6.542154355756426,26.040514838834653,239.4004591441064
2005-05-19,14.757276722318123,0.0,629.5553285999908,89.48514661486152,5.858078084165691,24.225120885330945,235.72148858418757
2005-05-20,16.668148253539897,8.12281961464515E-4,625.5939920512157,87.07520513128227,5.137226395669344,22.232222198144665,231.25630957934897
2005-05-21,15.614702384403813,0.0,559.8834435294583,84.6267593605335,4.468973320695865,20.311963385083455,226.55338448300293
2005-05-22,15.768564080116658,0.0,616.7602952639869,82.44721680787295,3.8636127948808987,18.667105876411952,222.31283609699872
2005-05-23,16.4137415055367,0.04796237097393142,602.0335363357684,80.22618787905041,3.2640430021932185,17.016924760331406,217.94885786856634
2005-05-24,14.951434781983846,0.12334982773353624,580.8344379888046,78.27366063568027,2.8257347249239593,15.606439781049804,213.98618888953058
2005-05-25,10.324542504679831,0.0,571.7823818215828,77.03902169567151,2.53975510996877,14.717506771690275,211.48609654165466
2005-05-26,9.72382026683513,0.0,601.2505465026633,76.05651375024888,2.3182137607112674,14.071008911369526,209.4299758217167
2005-05-27,11.011061758595051,0.0,620.9398964199991,75.02780641071641,2.088986280873032,13.404733859324637,207.26393034771476
2005-05-28,12.968946203096719,0.00920890106799571,603.2987746219219,73.63728858868102,1.7750153930955292,12.511991444939948,204.3322091281106
2005-05-29,12.281544679633944,5.814850072946777,415.242567950261,72.07076633454749,1.4978575010193274,11.514799307335545,200.94657967041167
2005-05-30,8.293846773408163,13.572316581659567,298.9745930775914,70.77728667044833,1.2701283664521397,10.647714427049657,198.19354665524332
2005-05-31,8.259068293454021,2.2069712048831622,496.1050602783928,69.85360721709002,1.1470295026726625,10.049528622446067,196.16829093584863
2005-06-01,9.901088423628229,5.3846060368690045,366.8658166587752,68.5612661131388,0.9874689482578565,9.289140971907543,193.2460887444015
2005-06-02,5.801336159660453,15.795201129240693,222.11841343374056,67.48768191988164,0.856683962459557,8.661410269748803,190.8128852905175
2005-06-03,6.4736432632485155,7.945681195187247,226.65035853130058,66.36814030174577,0.7041085614299304,7.9893359773713435,188.30865898372883
2005-06-04,8.563052042423054,10.087775559232483,323.9581557060479,65.31820953010121,0.5655966085578158,7.3782029109577145,185.93660161435054
2005-06-05,11.066578939359626,2.084695319032898,529.4751616812027,64.26496478035644,0.46000556833464534,6.8277136290984455,183.46229088074676
2005-06-06,12.510457289591328,0.12873949378871385,554.1989749732129,62.96649585533693,0.35719878574587893,6.219041163671908,180.31554867645707
2005-06-07,9.727703489861579,0.0,542.8786635451917,62.11662958560421,0.2762249054652127,5.755875898079332,178.33383476448196
2005-06-08,8.96583793843913,0.45110552700806006,587.0305253322725,61.52198725438361,0.2318516032448471,5.4836127610136565,176.883672123077
2005-06-09,9.315623244491178,2.602474830657905,389.2052199390271,60.49219951458302,0.1577697414758567,4.9644259471377765,174.4171805885004
2005-06-10,9.200915288906488,2.532287401452631,416.50991154078724,59.55581092893253,0.11016938068973992,4.518718795133795,172.12889904342444
2005-06-11,9.735874832092467,3.9423438075122017,452.408807694377,58.780672269763485,0.0792320865621419,4.181949997253665,170.1943604603386
2005-06-12,7.472745465434496,6.749817494013961,254.0427933845961,57.906033682532986,0.04760853164450616,3.764310092313859,168.04583995002932
2005-06-13,8.85847340389087,0.5181461505162793,548.8061551865153,57.290903892704975,0.03409572779284074,3.5148335286792642,166.48220485484526
2005-06-14,12.447815704995325,0.010673460507654184,610.3484063517817,56.47783957469259,0.020430966759770523,3.2334611915396945,164.3631174031624
2005-06-15,15.926023281092277,0.09608449496366511,555.0817625258558,55.05559355175543,0.008632181603808211,2.7846810695331286,160.6012922845305
2005-06-16,16.768263853026305,0.0,556.0898249508336,53.60968233551735,0.0033790178179379684,2.3755730137849405,156.72332819438972
2005-06-17,17.203129531113596,0.0,554.6614729995656,52.18721789747396,0.00137415568516202,2.010721054775129,152.86766713566072
2005-06-18,18.169196165057944,0.0,514.1042033541263,50.57596369138094,2.1241407343609893E-4,1.6532891218993564,148.44352601323897
2005-06-19,18.254768609020463,0.0,558.9485226241989,49.074704369444376,0.0,1.3651218548005348,144.27582930697986
2005-06-20,18.96959414189325,0.0,584.7813095378972,47.6138014182496,0.0,1.1114048127960314,140.1933412256655
2005-06-21,20.506925864605712,0.06289305035125407,571.4998934690591,46.02017331572501,0.0,0.8687136194004753,135.7059767824518
2005-06-22,18.898459733822666,7.3819468970114785,443.6178101058707,44.60746216361593,0.0,0.6746351056541904,131.70704198710294
2005-06-23,17.0240854499059,1.3902495698364374,468.4584996801107,43.31691742832167,0.0,0.5234257090953773,128.02791204767396
2005-06-24,16.530867757723943,0.3516879589367381,510.3764682025459,42.12104740305555,0.0,0.4130383615544642,124.58904203770751
2005-06-25,16.82711119261233,1.5818901257973859,454.5434723081058,40.92559782744873,0.0,0.3196590128884326,121.13446169574836
2005-06-26,15.058741255181602,0.5857142399042591,475.6945902241183,39.90211884854354,0.0,0.2479400830284275,118.16863444226594
2005-06-27,16.037760638250003,0.012051582019100065,545.8122423613062,38.83424358129308,0.0,0.20065394300484773,115.0466931002429
2005-06-28,15.785898506212975,3.4166903222046305,449.6211242615211,37.82565026398018,0.0,0.1634886205217052,112.09058920370755
2005-06-29,13.433368799419952,0.2958448510675841,493.9725882130271,36.95450253578526,0.0,0.13459109121696514,109.53413329687103
2005-06-30,14.923421427172226,0.003459145503522666,565.373737972771,36.0820723363097,0.0,0.10928507855639673,106.97029047767194
2005-07-01,16.742496022266735,0.0,554.2037094577684,35.086599863461984,0.0,0.08326171593897369,104.04201550189492
2005-07-02,18.19878929042691,0.008443765233433561,559.5872065127865,34.04644502938939,0.0,0.061198880481704625,100.97718965059464
2005-07-03,16.88477567514028,0.11008240381853468,491.3151233600136,33.13988567108873,0.0,0.04312520106037729,98.30485204882915
2005-07-04,15.0383094309165,0.0,561.872403635125,32.388371679141976,0.0,0.031386773562654346,96.08631942804426
2005-07-05,17.384539798135883,0.0,549.6804260158519,31.457074803598488,0.0,0.019656299258060443,93.33424474373793
2005-07-06,19.212008426775082,0.0,542.8009185435111,30.45268896099362,0.0,0.009354158694893557,90.36384285133644
2005-07-07,20.19439366464185,0.0,537.4467092940116,29.417827375761366,0.0,0.005148684197079352,87.29692060075334
2005-07-08,20.831636138842974,0.0,545.7693755615037,28.385611879579372,0.0,0.003558111555919873,84.23524381032198
2005-07-09,20.359014679082943,0.0,525.376414458972,27.39938394132912,0.0,0.002392221531411332,81.30961893319949
2005-07-10,19.10566405106821,0.0,494.53049718493565,26.50023987071432,0.0,0.0012660959793609004,78.6423895548909
2005-07-11,19.59822585610423,0.0,526.7409630940721,25.662476601294845,0.0,1.7655358649086217E-4,76.15728093363907
2005-07-12,21.18391235209802,0.0,536.2281293085356,24.780639674411574,0.0,0.0,73.54046645578657
2005-07-13,22.561475088544285,0.0,531.3904083877633,23.854314935000573,0.0,0.0,70.79145132458466
2005-07-14,23.286336260844127,0.0,503.9436097893406,22.937984434501846,0.0,0.0,68.07209567760655
2005-07-15,21.717055055339397,0.0,487.1463020037065,22.094505734478716,0.0,0.0,65.56893926759373
2005-07-16,22.82241789289117,0.0,516.5776619773126,21.273661679973266,0.0,0.0,63.13295474706003
2005-07-17,20.83502112908933,0.0,475.9416092604201,20.56114244433796,0.0,0.0,61.01844125443829
2005-07-18,18.586628180003224,0.0,536.8626963757371,19.97324174747388,0.0,0.0,59.27375297983696
2005-07-19,20.80589132625345,0.0,543.4437264073854,19.34272613236012,0.0,0.0,57.402598197218374
2005-07-20,23.348355239196255,0.0,505.1170673829312,18.550703479027682,0.0,0.0,55.052145741797624
2005-07-21,23.405328550185807,0.0,505.3056617762886,17.770345860858328,0.0,0.0,52.73631112265503
2005-07-22,23.975155360064143,0.0,487.26856042317553,16.99753297546251,0.0,0.0,50.442866690962795
2005-07-23,21.065716813952523,0.876043484825494,418.89872651356603,16.383637785163728,0.0,0.0,48.621035646942005
2005-07-24,18.855409189531333,2.9516659624353783,380.61013837731974,15.830202797213783,0.0,0.0,46.97862981313223
2005-07-25,16.766641611693654,3.7457060224654133,345.58635140852914,15.358071545412178,0.0,0.0,45.577505671785026
2005-07-26,15.373775485409219,0.006201666048294535,459.13499043952817,14.95808085350344,0.0,0.0,44.39047004851514
2005-07-27,16.812928740736137,0.11666979698957035,517.4205572823495,14.572074286342763,0.0,0.0,43.24493452655259
2005-07-28,18.922774417893187,0.0,529.3480296674211,14.098193055492594,0.0,0.0,41.83861704567864
2005-07-29,21.03108226547738,0.11030435011183205,518.4231416296512,13.584944951036734,0.0,0.0,40.31547214283712
2005-07-30,20.640245896649994,0.6059081894274028,480.5825529055284,13.066126720684782,0.0,0.0,38.775797010671496
2005-07-31,20.607615214084007,0.4653722827750246,477.0161535708337,12.540592868535747,0.0,0.0,37.21619220897406
2005-08-01,19.84367557743412,0.8615772916298144,418.50313714698615,12.07273156686031,0.0,0.0,35.827739819774784
2005-08-02,18.3333544650299,2.0211930851004727,336.67332683804665,11.653266253080874,0.0,0.0,34.5829101768493
2005-08-03,17.934669077358553,0.23996165950016113,389.54244383972184,11.252051690414644,0.0,0.0,33.39224252359271
2005-08-04,17.485206506537537,0.556840648778292,395.3249970308328,10.8985561675448,0.0,0.0,32.343188666087805
2005-08-05,17.2405286149634,0.0021375841359402904,498.49988001286755,10.577679123781339,0.0,0.0,31.390935302842895
2005-08-06,18.986908449530155,0.01574591205786165,460.32797624429315,10.196448376843437,0.0,0.0,30.25957278252623
2005-08-07,19.69311442094163,0.019123171375398436,499.9625843047921,9.831327486094388,0.0,0.0,29.176018807680144
2005-08-08,20.526898165033764,1.1854004597526382,453.98326474543,9.428929792630996,0.0,0.0,27.981840026710756
2005-08-09,20.19073208093215,2.0416853684535483,385.85273248509515,9.029787592420089,0.0,0.0,26.79732243671452
2005-08-10,16.36524117191425,2.9746137477383656,239.5882829701561,8.68929235947838,0.0,0.0,25.786848995128533
2005-08-11,17.24039022418204,0.02242170467997592,452.5866701952113,8.372796859592494,0.0,0.0,24.84759855613364
2005-08-12,17.637934497912177,0.0,492.83647402529994,8.066760362782933,0.0,0.0,23.939386862506147
2005-08-13,15.021419911863592,0.633046675123144,458.62117199555814,7.825407587695692,0.0,0.0,23.223134340637554
2005-08-14,15.18662871197241,0.007791194497922825,503.9402161234448,7.595865122614242,0.0,0.0,22.54193078111314
2005-08-15,17.19854225607789,0.1332766755709659,492.4225688074083,7.335373591454492,0.0,0.0,21.76888097445092
2005-08-16,14.930444175790301,5.561559674721587,272.5225779988247,7.084605367577813,0.0,0.0,21.024686619564154
2005-08-17,14.35994367647017,0.32119121495707725,394.67191421856046,6.857860640074312,0.0,0.0,20.351785788670103
2005-08-18,16.172994144326893,0.22424621848012732,456.1744357592828,6.628148812150986,0.0,0.0,19.670079618133407
2005-08-19,15.60810902911919,0.0,481.8915322621965,6.409633077728797,0.0,0.0,19.021599625345726
2005-08-20,17.019591293032814,0.0,493.61993926616776,6.1814326295324875,0.0,0.0,18.34437871312266
2005-08-21,17.508492566524435,0.0382307237533397,436.4023711349313,5.953244626085317,0.0,0.0,17.667194732660377
2005-08-22,16.65683919074367,0.001258163156705264,486.6364219259283,5.746915649899193,0.0,0.0,17.054880871862803
2005-08-23,15.559880803463253,1.6306817760998968,427.8349654029001,5.551052460001823,0.0,0.0,16.473625886688055
2005-08-24,16.893490294590933,1.096034545570101,438.0614783429733,5.362012082223326,0.0,0.0,15.91261867527357
2005-08-25,17.40049711403199,1.6627309022731895,406.12324797523775,5.151746700027888,0.0,0.0,15.28862290723358
2005-08-26,17.356401851923902,0.0,476.07805020955414,4.954759132966323,0.0,0.0,14.704031155041775
2005-08-27,17.328912862097848,0.0,473.3030576775649,4.7578034827354365,0.0,0.0,14.11953412109158
2005-08-28,17.46726266736106,0.0,490.43569636289084,4.568634430013332,0.0,0.0,13.558145046436337
2005-08-29,18.3497985963702,0.0,498.84952380347727,4.37655659430462,0.0,0.0,12.988123698342461
2005-08-30,16.06862917888133,0.0,509.24116117154364,4.2512016050311505,0.0,0.0,12.61611294701185
2005-08-31,11.62710928102916,0.0,516.2244990647404,4.160964110615368,0.0,0.0,12.348318914318236
2005-09-01,14.346761669890878,0.2958051754236292,507.4612147647,4.035304842250369,0.0,0.0,11.975405166672035
2005-09-02,16.589560122176238,0.04438907214407395,497.48110205747014,3.8826069672773924,0.0,0.0,11.522250078673416
2005-09-03,17.586308743929425,0.46304381313557497,457.1534012416906,3.7086682565000317,0.0,0.0,11.00605945190385
2005-09-04,16.960676872531792,0.0029000876554952904,420.47713051034776,3.5418370692068293,0.0,0.0,10.510961524888529
2005-09-05,17.01817559008333,0.09566466913342224,431.76164280341214,3.3907565308465526,0.0,0.0,10.062606139015305
2005-09-06,16.82169752863373,0.0,471.6063976150777,3.248662174417468,0.0,0.0,9.64091866888434
2005-09-07,17.479934265905417,2.671980169925363E-4,452.78725552302564,3.1039851337160242,0.0,0.0,9.21156667481078
2005-09-08,17.821635999089025,5.1717962819009955,353.8529291885588,2.9526284651568955,0.0,0.0,8.76239182891179
2005-09-09,15.451152448280208,11.552262747889591,280.94168252763143,2.831678750243963,0.0,0.0,8.403454425791558
2005-09-10,13.351612022154624,2.800425951188858,349.8005426463634,2.7534763676145513,0.0,0.0,8.171376490270816
2005-09-11,14.495926427873773,0.0,403.40587706009023,2.6374711697058952,0.0,0.0,7.827112723169291
2005-09-12,11.22487719826456,0.1701987030732002,396.40717357699447,2.5919661431380567,0.0,0.0,7.692069361744794
2005-09-13,8.20416716737956,0.11283388538530639,412.7268633727675,2.547001079391981,0.0,0.0,7.558628425370777
2005-09-14,9.250455104900272,0.09738061068997958,402.32026703660824,2.4923971400854747,0.0,0.0,7.396582601708267
2005-09-15,10.472434835894447,0.01550991445607083,450.3349527839093,2.4508945916030944,0.0,0.0,7.273417226859215
2005-09-16,12.956717890881965,0.0,436.55851334489347,2.374566708612394,0.0,0.0,7.046902165405214
2005-09-17,12.042776628226934,0.0,413.30371469639823,2.297163426794584,0.0,0.0,6.817195687893729
2005-09-18,11.608619039712645,0.0,432.22406936503296,2.2216579019654286,0.0,0.0,6.593121104312306
2005-09-19,12.08688648253509,0.0,436.3941777551552,2.158325626712697,0.0,0.0,6.405172563637569
2005-09-20,14.629942677630988,0.6130589455053314,432.31178385014937,2.0758172581343843,0.0,0.0,6.160315933967086
2005-09-21,13.135517428622478,9.094171454917051,274.6357968816273,1.993216217407887,0.0,0.0,5.915184285043892
2005-09-22,11.563108748919438,0.10687600090802624,329.1257585904568,1.932079652479281,0.0,0.0,5.733751861933492
2005-09-23,12.947200534438805,1.1078039902382963,365.0285980721743,1.8683744776704503,0.0,0.0,5.54469668286455
2005-09-24,13.969698482058305,0.09139236358412078,363.3584556330404,1.7757500367362138,0.0,0.0,5.269819008962375
2005-09-25,10.403243276976076,0.0,356.47701746759384,1.7329704383949727,0.0,0.0,5.142863786734813
2005-09-26,10.630376509748553,9.382318215920962E-5,445.51716623082586,1.6947287752863496,0.0,0.0,5.029375604831373
2005-09-27,11.050873327660687,5.39255123396643,260.4320501681344,1.6254421118091964,0.0,0.0,4.823756475615092
2005-09-28,9.560019852242565,0.0,317.3150244373979,1.5823735636523444,0.0,0.0,4.6959437491220415
2005-09-29,10.55328664383988,0.007414692523214826,404.7546243905704,1.5348531923504447,0.0,0.0,4.5549195335404535
2005-09-30,11.72504667100443,0.21177971107121024,398.56409398471845,1.4906823628348582,0.0,0.0,4.423835612826757
2005-10-01,13.191757496229997,0.08724127148916436,392.50792038193407,1.4329093662125085,0.0,0.0,4.2523851105000015
2005-10-02,14.306862210039755,0.08734269162407302,355.5565888115682,1.359641121923165,0.0,0.0,4.034950010670893
2005-10-03,14.951653188792342,0.04096730076741476,319.619283996342,1.2777117229219153,0.0,0.0,3.7918115647648465
2005-10-04,6.360512185303453,19.18839379665029,240.0671549550216,1.9390112853762753,0.0,0.0,5.754322578559166
2005-10-05,3.3095584044609714,0.43720972533677704,276.10900988692055,2.026648426163417,0.0,0.0,6.014399650701609
2005-10-06,3.8348183688537296,0.027795081995538123,357.1975647583059,2.0020111154533167,0.0,0.0,5.941284535610056
2005-10-07,8.42514596950231,0.2043897135229237,388.39290319578794,1.919772847628306,0.0,0.0,5.6972294726323165
2005-10-08,10.748651166253747,8.386079594420748,291.8767850423969,1.819315363643285,0.0,0.0,5.399106004945497
2005-10-09,4.241452452424583,5.164720119682295,124.76071749498986,1.8059692432978962,0.0,0.0,5.3594992825819725
2005-10-10,2.056666584638115,3.0450248978633803,112.88285307570136,1.7965309649522554,0.0,0.0,5.331489699246047
2005-10-11,2.963506070712923,1.34864822319072,183.2914151532375,1.778148573160851,0.0,0.0,5.276937045050086
2005-10-12,5.89931536896878,0.08535426965966403,315.9231384687658,1.7359489832458357,0.0,0.0,5.151703089536109
2005-10-13,7.359383719685454,0.0,351.41091722572764,1.6822103730203894,0.0,0.0,4.992225266744239
2005-10-14,10.273633282955583,0.0,369.35105532659264,1.6054978316190125,0.0,0.0,4.764568670635806
2005-10-15,10.93743037443763,0.0,354.30275850885977,1.5105783310108527,0.0,0.0,4.482880044265021
2005-10-16,9.8802449204147,0.0,334.27771165868467,1.4239086708330142,0.0,0.0,4.225674123805096
2005-10-17,9.884045884892954,0.0,329.18787732728805,1.3392900141484432,0.0,0.0,3.9745548805084367
2005-10-18,9.844743969797312,3.597951679360763,262.00163534722356,1.2648899284037978,0.0,0.0,3.753760862198186
2005-10-19,6.411333886361807,5.755654205856512,115.27644219704204,1.2065929381907377,0.0,0.0,3.580755326039093
2005-10-20,8.759468180367755,0.7413151812046244,232.2326648165715,1.160649220223473,0.0,0.0,3.4444100785225573
2005-10-21,7.320849698202066,0.0,282.7903471401824,1.1355710447677556,0.0,0.0,3.3699866275905013
2005-10-22,7.321400672150252,0.0,326.44332205396796,1.1092924113812812,0.0,0.0,3.2920006279370115
2005-10-23,7.281800836568125,0.0,327.9477023269508,1.0836010229132402,0.0,0.0,3.2157573704319398
2005-10-24,8.543922109259919,0.0,345.28293140844846,1.062480762930902,0.0,0.0,3.1530796594779136
2005-10-25,9.236673101337942,0.0,326.2025635618643,1.0323699639193904,0.0,0.0,3.063721102404444
2005-10-26,8.470461694888115,0.0,310.3721781894521,1.0047010587511145,0.0,0.0,2.981609251413888
2005-10-27,8.23041255076751,0.49198562938507195,283.09538500960025,0.9777931558941589,0.0,0.0,2.901755795109012
2005-10-28,7.226534646023182,4.17452464941687,172.64866629774315,0.9495849333003656,0.0,0.0,2.818043434383381
2005-10-29,4.792175940302659,3.4798922336050184,159.9514785734425,0.9374853939038073,0.0,0.0,2.782136138090224
2005-10-30,1.7162508133697156,1.6031846130663499,183.94019700496636,1.178278220984846,0.0,0.0,3.496726925713531
2005-10-31,0.33513615879107456,0.667798340785681,284.3745760859252,1.846012018208586,0.018785574450401528,0.36349519958920057,5.0976710086975805
2005-11-01,5.1543054482539885,2.725419722359893E-4,297.9130354126127,1.5198597726197027,0.014893495018565375,0.24149349177649004,4.255183925178549
2005-11-02,8.181074103885264,0.013651180180100638,294.3733584342912,1.1764853616414976,0.0095047132091133,0.10942027689972772,3.373081980207372
2005-11-03,6.149842727550304,0.02044036554778613,217.90444371818285,1.0206069900093675,0.003506466261999628,0.028921385762062598,2.9965727602542134
2005-11-04,2.9351174946174936,3.3727407193349377,162.37299847601616,1.0963603971190665,1.0130517797989068E-4,0.0028900708542369223,3.250642915847719
2005-11-05,-0.4302506830655984,1.9490369646363181,151.91527470629885,1.6839130890155214,0.0,2.831219664369047E-4,4.996996054642814
2005-11-06,5.362407677921951,1.475407329627354,266.011422336489,1.6296371329179529,0.0,0.0,4.8362058640563585
2005-11-07,7.618236465695149,0.15585473395366317,249.53256501519678,1.4178289950979062,0.0,0.0,4.207631724765597
2005-11-08,6.803583693171588,0.8084669818704465,182.88533319774137,1.2384708502354693,0.0,0.0,3.6753580704479405
2005-11-09,8.216547099754594,0.35862222047648123,243.7408731350171,1.1422230643510087,0.0,0.0,3.389727547496238
2005-11-10,8.56366095990562,0.0,267.07727006393105,1.0652642265449406,0.0,0.0,3.161340027863419
2005-11-11,5.724722991711965,9.613215905715572,196.83949486191565,1.0311528955468492,0.0,0.0,3.060109259570633
2005-11-12,0.9216002998757113,5.590094289345139,143.37608678338927,2.4220990808036147,0.0,0.0,7.187961995523399
2005-11-13,-2.0363690963398247,8.619653817824005,119.86533356440198,5.390938178796216,0.0,0.39370176750201324,15.605915131280735
2005-11-14,-3.034304797302168,8.956301784579534,197.1706405291358,12.984624645406297,3.055973268918882,5.8455348960380995,29.739441446149563
2005-11-15,-9.908546704661099,0.2710886005169778,278.8799488465356,13.255692504687822,3.055973268918882,5.84622679528016,30.54318831018556
2005-11-16,-4.9021209576250175,2.5268734523560723,248.16487860571422,15.782585046120808,4.641819219002744,7.478837691361518,34.87511111727623
2005-11-17,-3.190320937690113,1.8263073855345258,227.31993470582256,17.607021347973358,5.185288892737965,8.612484578634037,38.63160667356842
2005-11-18,-2.914618247160448,0.6863981669495511,277.73144106886537,18.27570966499322,5.175784180814417,8.680115333697785,40.55783792292662
2005-11-19,-1.6847375963925448,0.0,285.19738732170117,18.25811393876296,5.154028090237896,8.650243006587457,40.556520787912056
2005-11-20,-0.5169506974521386,1.015991233809644,284.85977227527127,18.55847371783811,5.196912858744079,8.700543921846593,41.3561089798409
2005-11-21,0.8528784914479548,0.12688912559877377,302.4135260390829,18.461334822624018,4.9955426769796585,8.421226341053996,41.54178025616267
2005-11-22,1.837380339931347,0.0,298.2962145555311,17.99505449829123,4.563376421436619,7.863094568421639,41.13397093385336
2005-11-23,1.6326368559215578,0.0,297.2811897874658,17.569645153458865,4.1719577308760964,7.342952047532019,40.77002564660826
2005-11-24,0.4138343319830637,0.0,298.6249538027491,17.41276590222726,4.018772861532636,7.161848098811124,40.6337142557521
2005-11-25,-0.04042974153343644,0.0,292.54092713152426,17.244486897543066,3.8703052223030627,6.93069973207742,40.508891328459754
2005-11-26,-2.592931808122834,7.27906387680539,190.1306553757618,23.79128422267013,8.48396956660358,12.916587964426903,49.49123684544082
2005-11-27,-7.665622157509916,5.106361662308735,97.91180449452021,28.89766499793486,12.550694336278983,17.700908124231002,55.927815847678275
2005-11-28,-9.566320192388895,1.3354517869943852,171.46241122104004,30.233137763872268,13.228605710499286,18.720640264926324,58.21632705143261
2005-11-29,-10.199338470232602,6.382730888912691,217.68058100385448,36.61586241763371,17.635124774923945,24.277126051405318,67.34095693784873
2005-11-30,-7.347580181714518,3.3650295872446185,190.49705165057063,39.98082723536844,19.412167914359898,26.685466423437266,73.20096426814072
2005-12-01,-4.973699426771559,5.939352067376243,233.49073668243173,45.92018434598095,22.37957464319752,30.65958287738001,83.9843484921701
2005-12-02,-1.218756066107983,14.044018957191561,178.60406766038358,54.01461712274537,22.75427819839308,36.72679485370154,101.59276740201561
2005-12-03,-7.217340469690253,0.9731388773682758,173.57130044126515,54.98766493183227,22.816073818686778,36.93146914518211,104.2163886335665
2005-12-04,-12.020406202211925,2.3634636974071657,180.33185047876904,57.35109475230337,23.65295263851944,38.10101088260246,109.25186232070463
2005-12-05,-12.071682411857035,1.0611581894698534,256.1866098257823,58.41228384336444,23.66741149816757,38.53336933365937,111.95598553111431
2005-12-06,-14.331659931866895,4.531173064168564,242.01672769069313,62.943416987059,25.29537036187956,41.73837767448668,120.6271520467229
2005-12-07,-21.103606973631738,0.01002954478761496,289.75383029318897,62.953443858474756,25.29537036187956,41.73837767448668,120.6569083730605
2005-12-08,-16.882778025563592,1.719068386461303,287.1120761150265,64.67251044070207,26.410359642255752,42.71074892058317,123.70679203191726
2005-12-09,-11.70124098944346,0.611626096362027,275.7335840890215,65.28417372696674,26.91476139648519,43.11948001679429,124.62489922060625
2005-12-10,-8.251667159182924,0.0,277.16199663064884,65.28417372696674,26.91476139648519,43.11948001679429,124.62489922060625
2005-12-11,-5.377221998692644,0.23559609655832275,283.489320712341,65.51977048617887,26.91545909449579,43.16663095939149,125.27638011311886
2005-12-12,-4.401509412109968,0.07003045836764868,276.7102913457854,65.58780728251767,26.915323474728908,43.185990352089654,125.45911911991429
2005-12-13,-6.873219525245848,3.6048826747584743,224.4320260458984,69.19265929673354,29.277984049226745,45.88169315943739,131.1761144007908
2005-12-14,-11.616523265826043,0.18595800659118195,230.1227694071318,69.37861532348407,29.28297577689441,45.96481490805867,131.64024557884088
2005-12-15,-12.66535639744596,0.00574894870678255,272.50840289533176,69.38436427219084,29.28297577689441,45.96481490805867,131.65730649313048
2005-12-16,-11.029879723779445,1.0297045695640226,231.13909878250246,70.4140545971583,29.871259856924105,46.964424849566896,133.14541471946953
2005-12-17,-11.610475330712873,3.4526260973674434,167.8445461147699,73.86669776036163,32.58461443512734,49.90164977364718,137.82951174869575
2005-12-18,-9.972511781345629,7.4354807915461665,135.4815580471762,81.30220465853527,38.65078190985937,56.320785920014515,147.60747771812532
2005-12-19,-4.735617570639458,11.596478768056325,143.40608530007682,92.89869863817577,47.605741231427935,66.35940259514885,163.32113183249675
2005-12-20,-0.5031353439916992,1.3738347861684677,167.04672978349225,92.17417485258592,46.937497595038494,65.5879947825501,162.58872935869127
2005-12-21,0.9477770848120164,0.0,230.86734525232623,91.43197012023882,46.324658551040216,64.71620526158885,161.85016767413845
2005-12-22,2.033690680422113,0.5259920112138139,212.30564026894552,90.14826937134923,45.01635226131133,63.289503947017046,160.73292976980537
2005-12-23,0.440860685244522,0.8409505142120242,214.64129373853928,90.1544451974505,43.71559707984288,62.88498236613269,162.4170957168793
2005-12-24,-1.4850562309720146,9.351930594738771E-4,262.5179995500012,90.01127686888353,43.55304727458024,62.64145064975654,162.39280774905225
2005-12-25,0.799378766201877,0.13579791398537813,262.1744399180142,89.57905090507447,42.952911827539175,61.96667808235361,162.36538831383544
2005-12-26,1.2168528631670064,2.630708964661675,221.53674477844132,89.1239634602212,42.19129842629763,61.382607822214375,162.33641707747546
2005-12-27,-1.2114416596064987,2.0644582041284227,160.88135094038225,89.26473089315174,41.43299871899611,61.3462044620586,163.52646358107876
2005-12-28,0.6332584914545841,4.048717978064637,181.7498284366098,89.10415665506392,40.26024236714868,60.450756246997194,165.081023417097
2005-12-29,-2.1503720083940383,5.665661243354795,193.5084070623866,93.37827490317062,40.467360469571325,64.15338573881085,173.8723549460631
2005-12-30,-4.935131171054945,2.166488659026688,211.81357049655412,95.54476315932685,41.82047085181369,65.67561921491189,177.47066603558426
2005-12-31,1.2523565169803041,11.18505905756986,153.75478913963943,94.30533280812101,40.521599336424465,64.30782471430376,176.41691627966173
2006-01-01,-1.8014391367318492,5.791101518724688,139.94880335686236,48.21453931183569,17.901363691406786,29.8160693084358,95.98076768662959
2006-01-02,-0.5307448120213671,3.015281971680153,208.4760967166174,49.471559025386405,17.736995478260642,30.365421004735854,99.32296764665655
2006-01-03,-0.4030487165197896,2.1674661585062545,179.01482772869653,49.80247456411827,16.632457578731966,29.803542064621777,101.9372984605203
2006-01-04,-3.761321287773035,2.931468013299856,182.88589979940738,52.724391127560644,18.083735349434505,32.22681034033306,106.78379152834859
2006-01-05,-5.316251551801055,1.4457638803934794,255.21150610735967,54.170188727096445,19.20191249169437,33.39728584955308,108.82208930094393
2006-01-06,-0.8610082082937086,0.5704505398735795,277.4376793366475,54.6019779015307,19.105855572456917,33.35782662584659,110.23606753631644
2006-01-07,0.9528776728434495,0.25916534499423177,266.81336871432666,54.28872775134746,18.585813293961362,32.78365055429819,110.38368851391607
2006-01-08,-3.6987632968465314,2.602457861981291,186.84348913576557,56.624137824182306,18.983320041241278,34.74524866606268,114.97272881322692
2006-01-09,-6.105640101727824,0.3659961895707559,208.1256860005395,56.99015231741621,18.98648010858978,34.799910287086625,116.00136635857456
2006-01-10,-4.182674028237879,0.005311286699184588,280.1925297155803,56.99546202734122,18.98648010858978,34.799910287086625,116.01712376232845
2006-01-11,-2.152543486872632,4.17077015135307,195.3540133650314,59.745543804099285,22.295366489323673,36.54175401199303,119.2301127349701
2006-01-12,-6.313534578495914,1.859614777281942,220.35694598560556,61.60517827567795,22.526657644796586,37.469482648312514,123.59937661184794
2006-01-13,-5.629753473545983,1.1962328741621455,293.8384969163985,62.801406917198584,23.336286979020358,38.321120687146596,125.51441510302533
2006-01-14,-0.46731364237021605,0.747534223119678,286.01294778014454,62.77419259975427,23.28145636669624,38.18806684552596,125.61953386767554
2006-01-15,-3.7060266977114935,3.3495431886604896,206.9588776831487,66.12322505229648,26.394470640281238,41.608828341750566,129.12612537696415
2006-01-16,-9.410619540758079,0.806304663727643,222.8346591143728,66.9294943132389,26.55227632616709,42.225619071504454,130.7507112658948
2006-01-17,-8.70492848356689,2.7406435412020658,261.45916329812206,69.67014498836936,28.243317899641585,44.00671962152781,135.46683914243096
2006-01-18,-2.220155696513072,6.3456705681064145,183.036692344132,74.5362723599047,30.282384278204308,46.73545370772863,145.20801239014637
2006-01-19,-6.597682791151177,3.3302906282721825,189.5115861780302,77.86324454492782,32.44687140695389,49.266733793588095,150.45664125880518
2006-01-20,-10.460309863473777,0.13221103941062629,299.14878737266156,77.9954406114426,32.45594802703204,49.37136007608115,150.73582506551534
2006-01-21,-8.696448743353193,1.1722867816369065,281.4456284399485,79.16773038839716,33.63133154485615,50.601078306863414,151.8478521697729
2006-01-22,-9.403166048252203,0.0,315.25762785570805,79.16773038839716,33.63133154485615,50.601078306863414,151.8478521697729
2006-01-23,-8.776692068032446,0.0028800174056574017,332.6283652458141,79.17061087851762,33.63133154485615,50.601078306863414,151.85640047965776
2006-01-24,-4.873746015710615,1.5894952323273572,315.6520609156972,80.74434119083675,34.560811465880384,51.6628340382936,154.56590770344246
2006-01-25,-2.861227150857823,0.16718210031509012,355.59090928559493,80.91064244831907,34.572566389748886,51.661788440579535,155.0490662624848
2006-01-26,-3.075769214118484,1.5844211427845651,241.7768244641997,81.61917238163096,34.92372855837279,52.082466734784575,156.3914616727544
2006-01-27,-3.83830145290501,2.120233230905672,242.01616112103824,83.71155995696374,36.01532022547632,53.899808928867586,159.72945288639772
2006-01-28,-7.967783357254737,3.7386982606204078,233.48072589229122,87.45029636467058,38.77211937626721,57.3052713345808,164.7535465860625
2006-01-29,-6.070003105358164,2.120432129841322,239.69686574086646,89.57073303307982,38.991762067362046,58.154260233317274,169.98659678451426
2006-01-30,-2.9805949310643363,3.03999346687566,257.2809967162181,92.61074662302178,41.28322701000949,60.42781766601507,174.5173531496928
2006-01-31,-1.7126535660134066,4.805367235914128,225.736002958897,95.50685449705529,41.33103209061639,61.56059001150031,181.93616409126074
2006-02-01,-2.161713040071079,6.114582883663099,203.18790053395037,99.02803703302159,41.49051735299105,63.09209208810473,190.70402741042116
2006-02-02,-3.350778065111853,2.4760041805087663,231.18691256119683,101.36359935809003,41.68251173608828,64.40631426066786,196.13846438246
2006-02-03,-3.4634801440325615,2.3862155862259944,260.1687693198742,103.72778102246942,41.69858336851204,65.34393385782398,202.20408045550175
2006-02-04,-2.551953307116059,2.0506670045021598,323.5374140052945,105.75207445039467,41.78354408874287,66.32109786248077,207.15473283014273
2006-02-05,-5.711904184339733,1.948308281860028,253.63556499978773,107.70038092283545,41.92187794386037,67.36285070320156,211.7636790328583
2006-02-06,-7.701870405310859,0.6296029585543987,359.1230633284902,108.3299858028187,41.93973870352357,67.58833191231687,213.38997608306198
2006-02-07,-3.8497111495768066,0.22452325144427607,399.0589797215616,108.55450812781369,41.93973870352357,67.58843370645394,214.0561800877283
2006-02-08,-1.5875272841382382,0.0,390.5803309114815,108.47338319445332,41.847926801394046,67.46483654828204,214.02777542607765
2006-02-09,-2.1769084786425026,0.0,418.8318471145585,108.47338319445332,41.847926801394046,67.46483654828204,214.02777542607765
2006-02-10,-12.08160202253889,0.0,332.89572757230343,108.47338319445332,41.847926801394046,67.46483654828204,214.02777542607765
2006-02-11,-13.017526376164874,0.0647009267801817,423.1727029226212,108.53808179788794,41.847926801394046,67.46483654828204,214.2197787616708
2006-02-12,-6.418948083479792,0.0,427.8217807066841,108.53808179788794,41.847926801394046,67.46483654828204,214.2197787616708
2006-02-13,-3.6644108092032783,0.0,388.9719039185682,108.52703828849424,41.83731917051424,67.44392348223789,214.2181527825712
2006-02-14,-3.0060328649043675,0.144237871691867,367.9564272943229,108.6700770757591,41.87867455675673,67.78188274199609,214.26553635547558
2006-02-15,-5.452503681894888,1.9406102755965982,347.4653059676819,110.61066743837924,44.71915137394964,70.08690351737464,214.96934238714599
2006-02-16,-12.55135151436524,0.3282989611214294,319.19324842450084,110.93896533395667,44.82455286747963,70.57009423063221,215.35954373476523
2006-02-17,-14.207158226227245,0.0,394.86667781373865,110.93896533395667,44.82455286747963,70.57009423063221,215.35954373476523
2006-02-18,-11.616596302256806,1.4053312110342788,398.497363209133,112.3442974761559,46.04605938395939,71.69459131206887,217.22330658764668
2006-02-19,-9.152285284373889,1.7289190778764303,347.2522285657282,114.07325434559382,46.608092334654046,72.9119771331533,220.59494127318024
2006-02-20,-9.823488744913186,0.4030748497544267,388.15997137957027,114.47633617500752,46.61839441435239,73.11503599501296,221.5786882963815
2006-02-21,-10.29053676787746,0.6148663648105965,390.9852568721784,115.09119338001607,46.62090906706698,73.32662606721097,223.18996448123832
2006-02-22,-8.279609189946003,0.7860790470560607,397.81224347692404,115.87728246429319,46.63077979285758,73.47583609814136,225.36445555432235
2006-02-23,-4.499107118372889,0.21965349535592554,420.0381159759093,116.09693227599314,46.63077979285758,73.47791179617091,226.01423149459475
2006-02-24,-2.7099354891869147,0.0,452.62555476507987,116.0888314484983,46.625685129000246,73.46272437458548,226.01027870175082
2006-02-25,-1.6379914038998191,0.014312232352121375,452.02252347190915,116.03438562676773,46.543261923345824,73.35347832050601,226.0376269337802
2006-02-26,0.4034079587815768,0.14224311411972146,447.05611914048575,115.97200630382602,46.301192421414825,73.07697545531293,226.3631487562157
2006-02-27,4.124074444696458,0.046323898072481176,419.3083511329633,114.55147325779346,44.795501718962136,71.52777821434724,225.15355571705982
2006-02-28,4.25707594473339,4.940564260545985,323.2131855835319,112.94296397420091,42.91593137995943,69.83329927700572,223.89385373421203
2006-03-01,-0.010360433296424255,1.9126329480537998,321.2203267968136,113.4519390800362,41.732106322104826,69.09238367460459,227.2920712416308
2006-03-02,1.4689740198600532,0.05199297019325339,465.05220632026203,113.40442613309719,41.58592282164309,68.96910439309447,227.41587121181314
2006-03-03,4.476803404713479,0.0,451.39309021723415,112.10351264629054,40.12385293339602,67.49353647702141,226.445516839337
2006-03-04,1.639710242847501,0.0,379.89663462206795,111.12871990421378,38.55860168507116,66.41755743930372,226.14470830257642
2006-03-05,1.0685037224168215,0.0,478.536561827883,111.111740041964,38.53912821766189,66.3879486015709,226.1427406272224
2006-03-06,4.834965395372027,0.3366969631248983,439.7755457158316,109.63826700478873,36.95073650434073,64.78099999597994,224.91389068632594
2006-03-07,2.023521688021311,4.843129751963324,225.29180540272284,107.88172066331636,34.96876050546634,62.91402695498829,223.48624739919657
2006-03-08,-2.7266657061640607,7.317646129382067,233.6071584350499,112.14684519621005,34.71433829532183,66.95809410778128,232.35842084990142
2006-03-09,-5.525576381277414,6.210840022344747,309.6000123629885,118.35770179877672,41.36582433766446,72.36153478610458,238.9466518888382
2006-03-10,-9.1433879263953,4.650629691326241,299.83296291307124,123.00830600559502,44.68378480194942,76.06309937887265,245.83696506636744
2006-03-11,-8.62307001474047,2.3346311752912374,454.55627553067507,125.34291354170318,46.17101298343465,78.08042300053165,249.31038578109067
2006-03-12,-6.212377159907147,6.799725370167892,298.19473049611577,132.14265655354063,54.1520638098786,84.51846145011108,255.3242027404801
2006-03-13,-7.987304011774723,2.916777380586125,348.97483864789365,135.05938731586457,56.323298884773656,86.84663895675654,259.551332314593
2006-03-14,-6.076581826199334,2.191102168100763,498.10596952831185,137.25050873483744,56.75528051466225,88.33681642184685,264.14874923504897
2006-03-15,-4.565405691607206,1.303927186498172,451.8738422756872,138.55259779443298,57.344218146873395,89.2968925854378,266.4840271958574
2006-03-16,-4.5292479528543,1.1625172460904776,525.4363848137864,139.7151304966754,57.70161300382306,90.06217268443106,268.82410775675896
2006-03-17,1.942599660407551,0.08619458674952599,449.1829015803002,138.85604135543204,56.95475518422996,88.98626236794608,268.0722725195612
2006-03-18,2.4865266171899827,1.0994135692069993,400.2032111717376,137.60805466378457,55.22244130425618,87.4727963432605,267.5590705827393
2006-03-19,-0.09461808712117689,0.7424480450701597,409.27435576263304,137.72151632965318,54.4871526768051,87.06175848460282,269.0192835126583
2006-03-20,-2.8256311350084293,0.0,409.2723012790224,137.629054644988,54.225430883758385,87.04186568871123,269.01874859028925
2006-03-21,-1.7860156421300746,1.0750818888493292,442.2463476564292,138.4399597747546,54.36454786547531,87.70578773325673,270.62823828676056
2006-03-22,-0.8379069201201839,0.16586196719650653,482.9818924416598,138.44010235640545,54.10768151327309,87.83655841089998,270.74758721231973
2006-03-23,-0.2704033762781609,0.03176599650908221,522.5988812259961,138.43787225171363,54.03452877620456,87.80736542753269,270.8410778627235
2006-03-24,1.7674121560645202,0.010435103157599223,556.8238642604921,138.0586268795299,53.50923239222987,87.28661971730823,270.74467363110244
2006-03-25,4.917875295683225,2.3062374989452423,484.8128466118045,137.26721677005983,52.062903797241525,86.14560122297937,270.93750513586275
2006-03-26,0.34392956058485197,3.2396935892201295,412.9455236795131,138.01400939938853,51.036072876366866,85.7640770009891,274.5307697226925
2006-03-27,-0.5420493879236237,0.7641155455263682,566.2460724114895,138.77812724260983,51.11451576664869,85.99376675740484,276.4932584739129
2006-03-28,4.510162206590184,2.1391141463524095,476.2114701954697,137.65815144467754,49.46139078025464,84.48716115015021,276.27624863806454
2006-03-29,3.673394367754828,4.088141881672106,378.4488334456971,135.8827924115938,47.3880926959666,82.64089682627892,274.86076434835275
2006-03-30,1.1966305160098158,1.9083775879896692,340.7639008064001,134.94445595192437,45.326992012110594,81.10548915260516,275.60749385048115
2006-03-31,2.7657144740784005,1.219717003142686,533.5657451802133,134.88675786933152,44.36477740758422,80.48551151984685,276.988342488236
2006-04-01,2.7111178231512,5.46980781989694,352.3538879694483,133.93768848337325,42.22512368815272,78.81628850833629,277.912885967885
2006-04-02,0.5486023402752814,0.2989037336226175,561.8843600126129,134.10960227746793,42.24690752664542,79.08374698399801,278.13525057028215
2006-04-03,6.076680368904785,0.7316664736776479,582.8134715593148,132.9983408513061,40.54371661803678,77.67936275199018,277.89077427266363
2006-04-04,8.875310284807542,0.07003295865895243,543.0854569547286,129.98933083226203,37.40455416834873,74.64517255281015,275.0331955681243
2006-04-05,7.289408793884776,4.1251909324978335,461.89811658339573,128.48693086346572,35.13240176197875,72.75336344627213,274.6661781838514
2006-04-06,0.8191030016279246,6.328861033961469,287.15008191389035,128.18694946371434,33.6627391605287,71.55919623464992,276.393042643699
2006-04-07,4.275100623432712,2.3171766470953545,419.05484355198854,126.51318449315664,31.750784213630435,69.74582649862619,275.08965823588306
2006-04-08,7.176531476043067,0.0,592.8561117633532,124.82887868714708,30.105466574882264,68.07456863388676,273.3545011412709
2006-04-09,9.352365047859616,0.0,589.0957621120606,122.43286922436363,27.890899188186673,65.78676881509986,270.67449321024554
2006-04-10,8.173972914964176,0.4631906004523155,521.5581359947441,120.04129453569047,25.657374155085954,63.50453740725684,268.02049426252927
2006-04-11,5.756113291466075,1.4232856281207311,416.1177920446637,118.02275553823374,23.642344051545518,61.555253765722455,265.929497455913
2006-04-12,9.268208577017841,0.0,591.8740051804592,115.92881176204443,21.77024239741921,59.523463456574156,263.55826421943266
2006-04-13,11.094693999365223,0.0,589.9126547896581,113.3140935986448,19.656485348009234,57.064820835197786,260.3016992364211
2006-04-14,10.006867277442565,1.7235718497633727,536.5425292452435,111.12472639283462,18.02335113453497,55.042299470564146,257.4061000244083
2006-04-15,6.508213833603093,3.585030194342258,329.5396226449488,108.8707264492833,16.190830349589596,52.831715812161534,254.6997265067194
2006-04-16,9.109810454736452,0.0024411085179702977,558.5351740090123,106.71257141509392,14.53383875011838,50.70272808237477,252.02606406197856
2006-04-17,6.944150778970839,4.01647705222415,502.306823256596,106.05750820523446,13.356550037325029,49.367484672516895,252.5560532241574
2006-04-18,-0.9488662712117372,6.798320781656541,287.46568204797927,108.33168698842631,12.923414843445705,49.02796678255998,260.06395777702977
2006-04-19,-0.5520039471245359,0.2370613709642613,565.9747748468458,108.56866918122556,12.923414843445705,49.07898600447127,260.71637041708914
2006-04-20,4.296580649344267,0.11142667188303207,619.4179682280587,108.43453805798065,12.675952444326606,48.78307852269711,260.85353940192675
2006-04-21,8.23584834336758,0.12360673299542325,625.5173759292296,107.36563693522439,11.964285219418652,47.71804335309437,259.4340549611066
2006-04-22,11.82660700946434,0.004290768433851192,624.918741683937,105.29615652401954,10.692156892873866,45.774839300142,256.4647644643684
2006-04-23,10.688652546910127,0.0,617.6731304728397,103.30703359197689,9.609601601111144,43.954914063310355,253.42703222698998
2006-04-24,4.135520486143419,0.008233439699207345,513.6092241762897,102.37041170601069,8.973599523627263,42.91764307805408,252.29898457601365
2006-04-25,4.407268026028461,0.028355074678223294,561.9057910614459,101.68718229154508,8.523162387903806,42.22327071598816,251.40091885630514
2006-04-26,8.006626335515245,0.0,615.3778324135349,100.5598490633156,7.919154781871396,41.09491509828791,249.76666884554376
2006-04-27,9.317972825975481,0.0,606.8197990598788,99.08304655933235,7.170045475912095,39.65747091795898,247.54432962452344
2006-04-28,5.855934837491923,0.0,475.61371084647743,97.83267841396884,6.395170346176386,38.199952045136364,246.03899406930762
2006-04-29,5.867036270184208,0.0,595.2964204492697,97.28196200902421,6.1017235606621565,37.56165161591997,245.3259005573237
2006-04-30,8.198045866482996,0.38737826600731656,528.0342736455743,95.77652493545412,5.456063188104666,36.11871514146338,242.92365309068293
2006-05-01,8.200793524872342,0.21600831938679096,592.2650724315502,94.61730279821467,5.003637529577301,34.99974728800687,241.0382831147128
2006-05-02,10.035016158422954,0.0,570.4158725506272,92.83397892785204,4.3096921678930915,33.26652638954448,238.14766019215168
2006-05-03,6.880819409788418,1.922915497362082,444.0307298344063,91.38721132763663,3.7548273766588833,31.837988949891137,235.81704133538616
2006-05-04,6.829335496118077,1.5766576324876678,420.8480559856697,89.80598504040744,3.1533589231138426,30.171645970032664,233.36973586699142
2006-05-05,5.802858489567058,2.8437575199272347,422.86128692535294,88.65078451789884,2.78651164215179,28.987109844935873,231.47861473488518
2006-05-06,7.312265709842664,1.3114254256202666,508.8727084368414,87.59676744269348,2.514244179085921,27.93928976434903,229.65965817225222
2006-05-07,8.9375297268189,1.0211322637452926,457.52771836785314,85.89404472804894,2.06385278982637,26.132963707098874,226.84473075511096
2006-05-08,8.48498727186672,5.300914262978196,320.55434610051645,84.1028480368515,1.6275918533672704,24.09441871222605,223.98506531351697
2006-05-09,5.48210851216528,0.040646162327067234,526.9023691970632,83.31793395333229,1.444250724347533,23.10697203413096,222.81820693812907
2006-05-10,3.343135416412925,0.0,592.0307053557855,83.21167818720147,1.398805547738163,22.918231504306124,222.73517152386992
2006-05-11,7.054372817190959,0.07683952514800138,620.5741765858127,82.70625394956825,1.3312725724840473,22.428419344034797,221.7891668459299
2006-05-12,12.242439164725523,0.0,604.7060967150223,81.14627992037296,1.1485539788033607,21.041384176150466,218.72000705860614
2006-05-13,13.548020282415246,4.4461750307859914E-4,572.44558232533,79.22331115188125,0.9474730081824051,19.261650873585502,214.98297100303108
2006-05-14,13.114608551940957,0.0,568.0870318240242,77.46353046071536,0.7713082133875023,17.6436295342058,211.54480054268245
2006-05-15,12.307142669619695,0.0,583.1792677488329,75.95840940478413,0.6446963448071145,16.304182699513376,208.53652016529594
2006-05-16,13.438630261320986,0.0,605.4936176986054,74.44532576177517,0.5608614047616264,15.088571503091732,205.33961836707755
2006-05-17,14.777157036169475,0.0,578.4371516191216,72.62183612493654,0.4845148829977375,13.736500322951157,201.35032898900462
2006-05-18,15.761873998065951,0.08576115416233551,578.9251470673327,70.77852343703769,0.42571376357001817,12.454533588668447,197.21528342898995
2006-05-19,16.66848501588374,0.1720430609811132,545.1466418091354,68.79273733666415,0.37675395464773587,11.165806965177337,192.6546136331761
2006-05-20,16.22351644786226,0.06460694865560183,532.3973967055949,66.89766650166418,0.334702501844605,10.031928934090123,188.20205639502748
2006-05-21,16.291992455115793,0.667955977602886,531.9634315711622,65.12772583220973,0.2947408760634508,9.045816744012837,183.97148216737443
2006-05-22,15.23078820903828,7.493390521012353,410.19056848466454,63.54005049538086,0.24851467139649588,8.068317481981309,180.2793018393081
2006-05-23,11.06153744032994,3.235715424091284,373.0259921047981,62.22972695730601,0.20826710478083288,7.303711615843337,177.19213541949333
2006-05-24,12.468217447700546,0.0,573.9445862941088,61.13148891877189,0.18022191049648673,6.769926504800388,174.4923793876223
2006-05-25,15.655566117264653,0.0010687920679701452,583.1290061748773,59.636239853584875,0.14626833580844414,6.136035512943964,170.71997707716775
2006-05-26,16.752855723504428,0.0,563.1642258422154,57.978452314492415,0.11207620479375295,5.477212296069106,166.49030673903073
2006-05-27,15.108550494201978,0.00233128707336649,514.98913671641,56.3227842353957,0.07922228191579629,4.847851257546305,162.23625166705568
2006-05-28,8.324707666351168,0.1898977185660697,447.37562972449234,55.52249553950591,0.0554890936922898,4.411153128039621,160.31972017216978
2006-05-29,6.650406278059835,0.0,549.9653811645728,55.12064335716335,0.047634674424848936,4.240788468960773,159.3046483890822
2006-05-30,9.078455618049817,0.0,585.6410129128325,54.500700410147495,0.03998613382580188,4.047285734391157,157.66522812229903
2006-05-31,11.142763178910803,0.0,585.9019879295553,53.695102862689964,0.03137356023642439,3.802644493324602,155.5267725796529
2006-06-01,14.376697454560995,0.0,604.4042039127654,52.56220436977777,0.020756123601227746,3.402348216136963,152.57414384666
2006-06-02,17.65457614202385,6.679950424813407E-4,588.9570378723648,51.08402295320394,0.013138627720392034,2.993119280200307,148.60282816411902
2006-06-03,17.448594760482376,0.0,559.9497237593042,49.54649935578811,0.006236804167327225,2.598876708469737,144.43976816905797
2006-06-04,17.567838470728155,0.0,562.10049151654,48.113581116938136,0.0025914518143116765,2.270997620294837,140.5178116910397
2006-06-05,18.649259494173926,0.0,539.8513196969127,46.5624616323542,3.954169944432452E-4,1.940325480844956,136.24645248342418
2006-06-06,19.648206807235166,0.0,590.6921978436828,45.08963800081913,0.0,1.6526990137445872,132.16278159309755
2006-06-07,20.195692611543105,0.02432442446830975,515.4114355647464,43.408701296957815,0.0,1.3592017447344735,127.46697203757462
2006-06-08,16.20794056451637,1.7080437720113177,398.56403019589953,42.01988067641444,0.0,1.1058616699184445,123.59802380901269
2006-06-09,14.919363293574737,4.529990314414027,359.41213930544757,40.87284104996191,0.0,0.9176062368175586,120.38170528229816
2006-06-10,13.742134894764344,0.47455386107091424,447.273628648424,39.865088581048845,0.0,0.7734080895186027,117.53481543516129
2006-06-11,16.81726805774763,0.0,567.0902891801558,38.777380157511075,0.0,0.6624131430407435,114.41753789615242
2006-06-12,18.975857848025868,0.0,577.3095199092135,37.57343015736993,0.0,0.5585185158766569,110.94821561799556
2006-06-13,18.881929521904677,0.0,553.1702567831993,36.3437833518097,0.0,0.46723076975462663,107.3900641250213
2006-06-14,17.046719837124655,0.0,551.6127830117484,35.45410897872758,0.0,0.3913858928817184,104.82543703395216
2006-06-15,11.322200838068698,6.679950424813407E-4,474.8840221357978,34.78397896284861,0.0,0.34858039903979043,102.87940011923651
2006-06-16,12.487285713353282,0.024702990889304874,444.26016602879264,34.06801672853043,0.0,0.30609619607867283,100.79702850154564
2006-06-17,14.056074496591785,0.0,547.8016622610811,33.35148885707772,0.0,0.2660455738404804,98.7105518277092
2006-06-18,17.40521047564547,0.0,568.2815431138301,32.456836948608775,0.0,0.2246890895103333,96.09676593929514
2006-06-19,19.892323378426585,0.0,554.949872700787,31.321975010076326,0.0,0.17700689778420928,92.77642594790872
2006-06-20,18.21845759517485,0.0,505.54911200352745,30.301687574870705,0.0,0.1415387142909638,89.7839257493663
2006-06-21,16.095794558859772,0.0,560.9385250920114,29.507603322905794,0.0,0.11759582083872855,87.45122779852406
2006-06-22,15.917648096259368,0.0,519.4405817749966,28.66220427156386,0.0,0.09403943728706911,84.96585969127712
2006-06-23,16.982507251512917,0.0,562.6987490647969,27.926136341864105,0.0,0.07547904337551321,82.79996764740419
2006-06-24,17.024653304022408,0.0,547.9404623966242,27.159511586642218,0.0,0.05667847277041758,80.54363286407286
2006-06-25,16.99146117040818,0.0,506.1042563303126,26.373530792676835,0.0,0.038907001845103456,78.22882989584606
2006-06-26,16.67178769538961,0.0,518.771507694996,25.679002205722867,0.0,0.025899297381820976,76.18067602651578
2006-06-27,17.221620375845202,0.009768076232587962,530.2906271721579,24.955371399309826,0.0,0.016179306682719434,74.04287865461109
2006-06-28,18.1397040188005,6.679950424813407E-4,517.6703970613269,24.184155361425663,0.0,0.00889448344771362,71.76143656372048
2006-06-29,19.757364056974648,0.0,533.1408575884,23.394512407701452,0.0,0.0051168728845683445,69.42181276697407
2006-06-30,19.705697062293844,0.06499565778943071,518.8881885914776,22.609475665207558,0.0,0.0027835024538484378,67.09441862887583
2006-07-01,18.526276534659765,0.0,497.12447233106957,21.8651750678456,0.0,0.0018196152516584008,64.88654997851175
2006-07-02,18.43996435525043,0.08967514172360527,455.02841412219186,21.11616942346593,0.0,8.223261656434747E-4,62.6647516610323
2006-07-03,18.859056080466324,0.2118292840311352,505.6692256036614,20.403969090701924,0.0,0.0,60.552004475861104
2006-07-04,19.386603087165213,0.0,517.6449394735072,19.725722706903195,0.0,0.0,58.53920109015942
2006-07-05,19.594142029276167,1.1638558102169336,446.8103565914303,19.069069008620783,0.0,0.0,56.59047741288201
2006-07-06,17.39013619035725,2.7677358823062868,331.9813872134986,18.41917947364847,0.0,0.0,54.66182745975149
2006-07-07,17.93733251707478,2.181139271477747,391.3969258526853,17.800923553272334,0.0,0.0,52.827055259723835
2006-07-08,16.616909849668186,3.88399221586199,263.5375179919767,17.170124845465043,0.0,0.0,50.95506035477565
2006-07-09,14.99977352244946,4.913565069864588,240.48111626273587,16.584261761338624,0.0,0.0,49.21641901815301
2006-07-10,16.71824581383202,0.8474804066179698,497.32897903015845,16.094922836624608,0.0,0.0,47.76422838662541
2006-07-11,18.061200950505366,0.40316002640250714,528.2513164454546,15.609239977332976,0.0,0.0,46.32288770732211
2006-07-12,18.986306599222306,0.40229552438184385,510.18595027105226,15.08711832963304,0.0,0.0,44.77340916185236
2006-07-13,19.527222201749495,8.534304646178317E-4,538.4365410276719,14.548977348170636,0.0,0.0,43.17639071052541
2006-07-14,20.791183068542527,0.006615081051195136,570.6255252194227,14.026672382659788,0.0,0.0,41.626368140466255
2006-07-15,22.839578790717127,0.0,554.734868214282,13.433867023960234,0.0,0.0,39.867124506361385
2006-07-16,23.520784661110508,0.0,530.9267341102192,12.827637236982671,0.0,0.0,38.06804175872119
2006-07-17,23.379457833557456,0.0,529.0237474157515,12.246236565630761,0.0,0.0,36.34264333758692
2006-07-18,23.140659450999244,0.00888593728979785,510.62434022937094,11.71712400237387,0.0,0.0,34.77241814482451
2006-07-19,21.648927241322454,3.350244785772601,450.4856185197337,11.237641909065573,0.0,0.0,33.34947921901866
2006-07-20,20.861781877400976,0.6669889301849106,462.7145115183478,10.769590186478725,0.0,0.0,31.960461725656135
2006-07-21,21.578243166913655,0.0,489.62437845107775,10.325491815267814,0.0,0.0,30.642529589915938
2006-07-22,21.285198088785545,0.0,541.5279691637279,9.908519630270494,0.0,0.0,29.40509870085558
2006-07-23,23.454222603204187,0.0,529.3737711328093,9.451779170256646,0.0,0.0,28.04964916767292
2006-07-24,22.239667284387885,0.45008086379194345,503.8787688516671,9.027296838944896,0.0,0.0,26.78993073194827
2006-07-25,20.54234849955356,0.9164299371301333,439.0770648916562,8.648748470333233,0.0,0.0,25.66652859344235
2006-07-26,20.745250426440105,0.6384573069357259,489.0332756193904,8.303601052520648,0.0,0.0,24.64224905766598
2006-07-27,20.941577801820987,0.0,523.8946750792435,7.9381794425807986,0.0,0.0,23.557802651072596
2006-07-28,22.814006719325043,0.0,541.1748880799224,7.562996441725789,0.0,0.0,22.44438777350389
2006-07-29,23.66295328230096,0.0,536.1021186836098,7.162627097718943,0.0,0.0,21.256228440261825
2006-07-30,22.459246683999893,0.13385440151052835,512.2896610077293,6.7991846988267275,0.0,0.0,20.17765565539774
2006-07-31,18.93341578157471,5.945360071439761,313.77354909477026,6.500234686688562,0.0,0.0,19.290474225521038
2006-08-01,16.31389498457163,3.6962612729597946,334.8266694245844,6.284008363247615,0.0,0.0,18.648788421813286
2006-08-02,15.318626958798982,0.01611364362396397,497.3512773775073,6.073678010169852,0.0,0.0,18.024599842407042
2006-08-03,16.6661362258249,9.998067753981348E-4,502.2231095872582,5.873844607797677,0.0,0.0,17.43156262395818
2006-08-04,17.111305477812234,1.1954412639197838,443.47414426521436,5.646252906377862,0.0,0.0,16.75614826404712
2006-08-05,18.45787828114397,0.19514052515403577,480.299700404908,5.4250423655683235,0.0,0.0,16.099671007212276
2006-08-06,19.029122242585583,0.03514734239651745,504.3993228039899,5.200182524176565,0.0,0.0,15.432363873885958
2006-08-07,19.320727028360015,0.048356933278120066,491.78552641654034,4.96252312685101,0.0,0.0,14.727072034508229
2006-08-08,19.3475068114975,0.0,493.56255178048167,4.739615499612842,0.0,0.0,14.06555840535948
2006-08-09,19.817708735272582,0.0,490.13506898581437,4.50461143765274,0.0,0.0,13.368146693530422
2006-08-10,19.001747188376346,0.0,513.1871243179253,4.295545884971616,0.0,0.0,12.747711609286707
2006-08-11,19.868675957377082,0.7296401101949915,473.73984871606086,4.065938751777323,0.0,0.0,12.066316136912357
2006-08-12,17.00856262114897,5.923462980168837,292.15289374792775,3.887046368017139,0.0,0.0,11.535424702310038
2006-08-13,17.097696032138916,1.8451959432914937,437.815708329191,3.7195618834999946,0.0,0.0,11.038388012485758
2006-08-14,17.886248399318163,0.0011195596919552236,499.7802480686219,3.547948852943037,0.0,0.0,10.529099209498087
2006-08-15,17.73523181488575,1.3139013136514315,424.576200196914,3.381661284368645,0.0,0.0,10.035614556985792
2006-08-16,18.34422041401955,0.38059765006208207,448.6472647272788,3.225143732734587,0.0,0.0,9.57112397454244
2006-08-17,18.683900761420826,0.5057255042959082,450.89233552345337,3.0676967692182675,0.0,0.0,9.10387521538335
2006-08-18,18.06204176435787,0.0,497.0070854283067,2.917627599116777,0.0,0.0,8.658521224731837
2006-08-19,18.48111710802424,0.06138237341806048,456.9251988264922,2.7727517979077887,0.0,0.0,8.228579377424872
2006-08-20,18.706605912185506,0.0,474.52200653460767,2.624704060050485,0.0,0.0,7.789224306579281
2006-08-21,19.1378119831582,0.04517089335818842,503.3445736755116,2.4831900586142117,0.0,0.0,7.369259131653042
2006-08-22,20.061127441771777,0.0,487.49097351393124,2.3275074580542743,0.0,0.0,6.907246398541479
2006-08-23,20.135838707059953,0.01465571655631006,478.64971797378615,2.1840984114705178,0.0,0.0,6.481657377502638
2006-08-24,19.066727974164156,1.1974467138024516,392.5242943607591,2.063615837016217,0.0,0.0,6.124106287555897
2006-08-25,16.761593086178074,5.631819228246758,333.8862427065574,1.9706343167276423,0.0,0.0,5.848168924209673
2006-08-26,13.356757021134431,8.614143983373344,305.577721473662,1.9015260773486873,0.0,0.0,5.643079296716544
2006-08-27,11.461299906541432,2.50619276709332,338.5825829022498,1.8393088943947082,0.0,0.0,5.458439968752575
2006-08-28,13.680843781099917,0.46693783521611415,448.19857923999444,1.767622638148971,0.0,0.0,5.245699668580896
2006-08-29,16.196115846195987,0.0,496.44717512137396,1.6869810835099526,0.0,0.0,5.006383104448898
2006-08-30,18.36155820244417,0.0,447.08185285325436,1.5824920243947054,0.0,0.0,4.696295300105567
2006-08-31,17.6598333945052,0.11853448703185847,436.617353861502,1.488338579159822,0.0,0.0,4.416880064180787
2006-09-01,14.132536309503992,0.0,469.79735347860435,1.4237605596985181,0.0,0.0,4.225234580594701
2006-09-02,12.855251180157966,0.0,488.5608206384377,1.3663203053696584,0.0,0.0,4.054771543635844
2006-09-03,14.095327207825893,6.03029250114528E-4,502.28106491898075,1.3113504630115898,0.0,0.0,3.8916398448125995
2006-09-04,15.379233434861499,0.0,497.25078085631276,1.2482730411888197,0.0,0.0,3.7044476219877436
2006-09-05,16.605504288954286,0.0,486.03460214690926,1.1753656822677856,0.0,0.0,3.488083506550937
2006-09-06,16.389892539738014,0.0,432.9918960749342,1.100029196474546,0.0,0.0,3.264510573036413
2006-09-07,15.48948574833176,0.36234561509292623,381.30164727949784,1.0377596039337873,0.0,0.0,3.079715711336868
2006-09-08,11.232536741283196,8.049902076318864,142.5784342869065,0.9696904764960801,0.0,0.0,2.877709812829882
2006-09-09,12.632122885142206,5.655271846357973,248.46454463979018,0.9259830201336443,0.0,0.0,2.7480010252149882
2006-09-10,12.682558315693289,0.07866510178879846,378.9703347965316,0.8812663038775264,0.0,0.0,2.6152970992851965
2006-09-11,13.539159614577608,0.018116025574390703,428.64254190606914,0.8359542991366018,0.0,0.0,2.4808265606519546
2006-09-12,14.29668649040673,0.11990724763105208,459.87805641927207,0.7925063620532286,0.0,0.0,2.3518879375318957
2006-09-13,16.11361096037486,0.0,454.598001106252,0.7396945737800844,0.0,0.0,2.1951606054290984
2006-09-14,14.46092917099082,1.758658454868449,349.5693922250395,0.6834657217290259,0.0,0.0,2.028292596272008
2006-09-15,9.654008051483677,22.376936248116394,231.43339703331978,0.6544844429131198,0.0,0.0,1.9422860689745025
2006-09-16,3.073812558280316,14.59049258453013,176.12885021715329,0.9446787177037705,0.0,0.0,2.8034834638480435
2006-09-17,2.6696745878653787,0.03660940584081502,321.0030326697171,0.9462969493083091,0.0,0.0,2.8082858220032345
2006-09-18,5.970589482369347,0.0,407.14516847248905,0.9327788992595433,0.0,0.0,2.7681688710600576
2006-09-19,10.011817292550946,0.17009266866587544,443.7826538208924,0.9025271714826262,0.0,0.0,2.6783920855921184
2006-09-20,9.436544902951873,4.037487897614736,322.0825863488759,0.8618516520506103,0.0,0.0,2.557681050216762
2006-09-21,4.350670087490106,8.478834436098627,127.08597680718393,0.8405051247898101,0.0,0.0,2.494331855337365
2006-09-22,3.0112716170008884,3.7849946846485913,173.17980051160825,0.8270380130173525,0.0,0.0,2.4543660717833022
2006-09-23,3.7748946816223428,1.4738218124928382,217.92858172427785,0.815056571879191,0.0,0.0,2.418809250745192
2006-09-24,6.035154824739834,1.3092703087454164E-4,386.2872099228359,0.8033382235738677,0.0,0.0,2.3840331992877832
2006-09-25,7.619992404078933,0.0,419.6466991237657,0.7808873287234432,0.0,0.0,2.317406618967708
2006-09-26,9.628759845216539,0.0,413.4034054143573,0.7454920399175284,0.0,0.0,2.2123655028656044
2006-09-27,9.954118748424971,0.0,408.92906898097516,0.7054652546307338,0.0,0.0,2.093579688641606
2006-09-28,10.841164151383635,0.0,429.5080390585174,0.6619803721796892,0.0,0.0,1.9645314243013192
2006-09-29,12.138306663499948,0.03453770132584703,408.93765756891355,0.6107472871110751,0.0,0.0,1.8124891435766046
2006-09-30,12.436189799653732,6.679950424813407E-4,413.212058976928,0.5655384918961706,0.0,0.0,1.6783248955309316
2006-10-01,12.419467601328126,0.06093211048152188,395.1967128615357,0.52651410538475,0.0,0.0,1.562513858168397
2006-10-02,12.241043521817234,3.6498435180743067,293.6839106981644,0.4918737906232175,0.0,0.0,1.4597132469166678
2006-10-03,10.060177270181972,2.631313520381658,289.26647281985066,0.46830951158056994,0.0,0.0,1.3897825229620302
2006-10-04,11.069449639416716,1.274361586107477,366.80630847488993,0.44562896401176366,0.0,0.0,1.3224744118883285
2006-10-05,11.810170791828867,4.467417697270201,250.73820093726107,0.40831128024435775,0.0,0.0,1.2117282847761062
2006-10-06,10.662249423549424,9.0430901656164,160.5268247331949,0.3765012644805005,0.0,0.0,1.117327033316259
2006-10-07,9.242886941900709,4.625061662131643,216.1045011875511,0.356615543970282,0.0,0.0,1.058313013446508
2006-10-08,7.509744013716275,0.13980345326439544,337.46361582125576,0.3382068557800183,0.0,0.0,1.0036823205290433
2006-10-09,4.630879548052838,8.693431839558224,171.84977232730625,0.3219594526429074,0.0,0.0,0.9554655827411104
2006-10-10,3.355026284242288,2.564055825927109,189.72683577952063,0.3124032547282019,0.0,0.0,0.9271060544389846
2006-10-11,5.970397154199108,0.0,288.23097753798066,0.30024478534395566,0.0,0.0,0.8910238740895744
2006-10-12,6.367210564904847,0.0,344.98609089728967,0.2926705326792581,0.0,0.0,0.8685460816946099
2006-10-13,7.742254831944111,0.0,373.36656523842396,0.278453169238191,0.0,0.0,0.8263538076869638
2006-10-14,5.702527153779059,2.237832644890618,265.23111488283587,0.2663038103459278,0.0,0.0,0.7902986641630301
2006-10-15,6.420294220361506,0.35375388029621807,326.35988137403854,0.25367144242425294,0.0,0.0,0.7528101149727379
2006-10-16,4.385961347403238,8.608911800388194,183.13900382089835,0.2456024625705349,0.0,0.0,0.7288641414199443
2006-10-17,-0.4554689554922556,9.93869834458942,187.54097812733463,3.0340880920099433,0.16789535739319458,1.7909525153381736,7.055481771150661
2006-10-18,-2.7464729763694624,0.8589170705599168,241.69114255938032,3.7878364562354148,0.37613958413490234,2.085282327805333,8.796762842074031
2006-10-19,0.13924927640016552,3.466926764286602,223.93248960802703,4.080397793948279,0.2828914392924113,1.7993138792204322,10.040620036746539
2006-10-20,1.7141983517540926,12.15897202531546,189.38463271780628,4.284748158034643,0.16431863119246976,1.4463904034260853,11.114035683595793
2006-10-21,-1.0813125138181554,1.5964482245887004,244.53339860378324,4.905725764065606,0.14559351306801274,1.445095628566689,12.976350359095784
2006-10-22,-0.4571845247943875,3.6819886665125535E-4,320.2809130671692,4.897490922515383,0.1452471147145163,1.4254231872865681,12.971863082026287
2006-10-23,3.989906946888964,0.21735489909053377,364.81044872215625,4.724898067472082,0.06991200954794867,1.0582048552790684,12.898926817486343
2006-10-24,6.288183969282109,0.2624470686579179,358.7007775842078,4.1530032442796605,0.007354429100018398,0.5375019335328856,11.781631185101539
2006-10-25,2.787537281704305,15.948397468104794,223.66085136841787,4.0602782218849445,5.555445259766792E-5,0.3356647783354609,11.71478404833869
2006-10-26,-1.1814934480850041,4.242904396265085,176.3656715616801,5.372732372858581,0.0,0.27068258682879437,15.674544660541997
2006-10-27,-0.4538337111986999,0.08785706979225624,322.2566930447245,5.42601146792619,0.0,0.2410011001609385,15.862253175206053
2006-10-28,3.4362577104832415,0.0,341.8380401937315,5.1913368255343215,0.0,0.1506071433133337,15.255947731576255
2006-10-29,5.232463024371148,0.0,338.2433033206378,4.804118494448484,0.0,0.08149384103904454,14.175726573207026
2006-10-30,3.3291755556775757,0.0,318.0469042546018,4.526572041942732,0.0,0.045089433735647166,13.388361156377448
2006-10-31,0.11545109961755963,0.0,327.1441689635266,4.52241134552789,0.0,0.0422852165611709,13.378809619091774
2006-11-01,-1.9154886344035431,0.0,337.379097719253,4.52241134552789,0.0,0.0422852165611709,13.378809619091774
2006-11-02,1.2197091422061703,0.027931277563338887,332.2957405500399,4.529721013775529,0.0,0.0349367701349763,13.407829095183493
2006-11-03,4.6320378579978145,0.0,278.68821586814835,4.149457148558114,0.0,0.008604013467498972,12.305591423054057
2006-11-04,3.9910435052774305,0.54491072258584,230.45713487517122,3.77206550376242,0.0,0.004883058560127776,11.189332079807041
2006-11-05,2.8446292615179476,0.0010687920679701452,255.6302938299401,3.537933123140272,0.0,0.0031175227426219186,10.496267574398356
2006-11-06,4.320158343726042,0.0,237.8887536423851,3.17339123798555,0.0,8.461847335741022E-4,9.41669656216126
2006-11-07,8.348394145546338,0.0,273.0318371923191,2.7677894761793342,0.0,0.0,8.213852903071949
2006-11-08,9.278659990460099,0.0,302.58931076108667,2.4371489664196666,0.0,0.0,7.2326249107206015
2006-11-09,3.81185294397235,0.26979266473939284,289.3464324397239,2.4302059843784853,0.0,0.0,7.2120205137150695
2006-11-10,-1.4850095041083406,0.1268605136134098,234.52453833652675,2.556625418138738,0.0,0.015409469678552036,7.571825927271905
2006-11-11,0.06011452177952426,3.6663893004015566,226.60692040880687,4.9671205682273305,0.9373604650144556,1.584325060373481,12.251244894853114
2006-11-12,-3.5243535202164518,3.5358175892113577,213.70122232655686,8.425756633192556,2.995497687944741,4.618032575728832,17.492876739672493
2006-11-13,-3.843054710346592,4.224451045043267,243.93362811317027,12.63200785115318,3.801312213676957,7.4290421211041835,26.390714754168467
2006-11-14,-2.0015600133278393,7.3088514976766765,168.44411364445796,17.65479467628951,3.530975977539158,8.482637715185383,40.508511851055495
2006-11-15,-4.685813693385046,0.10086125496363266,286.96926442213925,17.75565375636953,3.530975977539158,8.482637715185383,40.807827118653066
2006-11-16,-0.8479242755350097,0.5910260730121611,276.2653192779806,18.128740332090825,3.388088132913559,8.225212240706169,42.31037642868163
2006-11-17,1.8328783113387312,0.0,270.05870027460895,17.49187644775251,3.1030107154468727,7.447465687698368,41.47254026987599
2006-11-18,1.6569003251819199,0.0,266.3701918881902,17.0466513772308,2.8814406794269254,6.770096247709076,41.04170025354152
2006-11-19,1.6103698228154293,0.0,290.88079092563447,16.864250065658414,2.853636420051253,6.494981351800645,40.80168961273618
2006-11-20,4.297412051558968,0.0,264.11277655676935,16.065984524464138,2.601791257248684,5.802551183326911,39.367547530957395
2006-11-21,5.430934436743575,0.006011955382332067,251.466966649857,15.090277850097173,2.1886820151291984,5.082361845075182,37.59102031291964
2006-11-22,6.726733727148519,0.0,247.72972723201008,13.825103695387737,1.567150241147573,4.1769619554122555,35.34241300726433
2006-11-23,3.347891516500057,0.0,290.5512097908968,13.57989757909648,1.3004186124469974,3.8739530612914566,35.17573253701908
2006-11-24,-1.1943690932489184,0.0,282.5681433004379,13.57989757909648,1.3004186124469974,3.8739530612914566,35.17573253701908
2006-11-25,0.6385792306930606,0.06947993205597096,246.3449140491722,13.399956438750959,1.4042708807776552,3.7694412893479625,34.645135514440746
2006-11-26,0.12468616197417753,0.2053531877798338,219.97920340302196,13.20585109404409,1.301868218463338,3.609381945263565,34.32807811011697
2006-11-27,-0.6399253891333756,7.125240286537536,167.85493342645663,15.492126233398318,3.1566301101049294,6.145685525463684,36.78388233219056
2006-11-28,-7.344608939146126,7.367757037725061,139.29615361308197,22.859847901835217,9.101533615213885,12.721393102264527,46.32227095547708
2006-11-29,-14.45687577097645,0.42394321395859047,230.3618515781636,23.283798413749512,9.190446878721108,12.913997160379935,47.30207375147569
2006-11-30,-15.138614605787179,1.5614219005210284,272.10132819916527,24.8452014540551,9.215858138962325,13.388259865030768,51.43824935455605
2006-12-01,-9.956929232736819,1.261745645472642,246.17155300072736,26.10699124804806,9.327089595573591,13.967939748928703,54.49687100101086
2006-12-02,-12.94716610581818,0.03949479879843242,265.58053366350185,26.146485226803847,9.327089595573591,13.969191529728317,54.61282752060628
2006-12-03,-12.203080738719441,0.013973207340051379,277.8045756924849,26.16046084202619,9.327089595573591,13.969191529728317,54.65430236855054
2006-12-04,-7.138469335310078,0.1984810556867874,271.10461518788765,26.35895249150791,9.327089595573591,13.972770318597549,55.23978943750705
2006-12-05,-4.7036741296898,0.00935193059473877,257.73657128623387,26.343341683217865,9.314462394686359,13.929324970724188,55.24903561003823
2006-12-06,-3.613757316271324,0.0,243.0543373536565,26.34219671373197,9.31200983042941,13.928304539550654,55.24903561003823
2006-12-07,-2.8891165064874254,0.0,254.84516401261368,26.33040448128681,9.298774799720906,13.9068824293584,55.24824536288529
2006-12-08,-1.2362829582615222,0.0,257.9294426688418,26.165283834465953,9.174241326701104,13.678992646159037,55.10631600834616
2006-12-09,-1.7827704702253038,0.0,249.97997208282112,26.086517375372548,9.125920388157262,13.577421773015615,55.02073682731569
2006-12-10,-2.0054557309181322,1.1484518167702016,226.01233900753326,27.154896942402214,10.16018789093627,14.204270877663042,56.56245995797446
2006-12-11,-3.665605364244275,3.8134449415393497,141.5734054869272,30.967717648301672,12.353930256780158,17.384516990252166,62.57746480085636
2006-12-12,-4.673151299495537,1.3072273131557366,191.63572437765657,32.27495062908979,12.952321967716468,18.303550015042397,64.9597547818378
2006-12-13,-1.4568733992939666,1.3664411866500972,176.7373035929497,32.52607085484185,12.69795303142448,18.12806609547603,66.12685135945436
2006-12-14,1.7448702144262855,0.8074672535073446,159.76687190136957,31.173901547453983,11.395370566950561,16.72331216782763,64.77898370272553
2006-12-15,2.318073126426062,0.1881382457822379,203.03777242949934,29.88192339968952,10.015230059107129,15.631335142117525,63.37316117469191
2006-12-16,-5.128300323220596,5.220884072820709,131.563212437019,35.03753373319629,14.862947643961995,21.178565282989453,68.4371395870665
2006-12-17,-7.544703580676681,5.211430790942133,156.99456064557177,40.249031657601115,18.439168491558387,26.753351457154103,74.87360390011408
2006-12-18,-10.664020756657193,0.0,236.35531576241695,40.249031657601115,18.439168491558387,26.753351457154103,74.87360390011408
2006-12-19,-10.467483119152387,0.22343574744548317,232.06727576410066,40.47246153257721,18.46454804002608,26.866552359867498,75.39916549630995
2006-12-20,-9.582326206188409,2.399037736675018,177.24368176767544,42.871511447878945,19.388970855164583,28.820455013050612,79.67331893138397
2006-12-21,-7.2366205978523475,0.16344497261189847,232.09644974681547,43.03495694801244,19.431925888515575,28.91531647601501,80.02209438472933
2006-12-22,-7.34214522955273,0.8308667078358657,237.64558433784327,43.864840038317254,19.828116739232723,29.712076595076255,81.30594187524558
2006-12-23,-6.753774675885215,0.28545520096022675,214.4958687868261,44.15030469580549,19.911023586846355,30.110591426292498,81.67528933192538
2006-12-24,-7.839897010902083,2.361127028548969,225.02277157808723,46.51144942336134,20.275893787993972,31.419182209893393,87.02346893579977
2006-12-25,-8.140267701419505,1.064367702456994,269.05082960850694,47.57582295033225,20.374236608992494,31.83299041489584,89.67412108360004
2006-12-26,-1.7042552866582676,0.0010687920679701452,223.0330082340814,47.265047665499,20.17384679500214,31.441794773095797,89.33639077120667
2006-12-27,-0.3959639471196028,0.9149513212859983,159.15453254274522,46.33746590767718,19.165446079515714,30.364349938424585,88.63667457597451
2006-12-28,-2.9553691745115236,0.22717137699376608,186.16206181712712,46.42399961525642,19.05875950071785,30.32496578430184,89.03629484656128
2006-12-29,-6.808875736269494,0.016996180839606228,210.6471625896989,46.440996282181196,19.05875950071785,30.327754058382332,89.08395505221408
2006-12-30,-8.22961110759661,0.0,261.1406326976725,46.440996282181196,19.05875950071785,30.327754058382332,89.08395505221408
2006-12-31,-8.503902165185911,0.0,277.0158184387534,46.440996282181196,19.05875950071785,30.327754058382332,89.08395505221408
2007-01-01,-5.951235242005148,0.0,262.05876873710054,81.43479839238626,56.28903613135775,70.87647428713613,116.36843547857035
2007-01-02,-6.442179480905571,0.0,255.64527417797535,81.43479839238626,56.28903613135775,70.87647428713613,116.36843547857035
2007-01-03,-2.5371710586101974,0.24471114504546682,251.55257166324438,81.60386365590634,56.28911292679404,70.92125583818994,116.8254387193001
2007-01-04,-2.756625154958034,8.904734849117377,175.0530302068051,90.50861613376607,64.20306098377182,79.43684059692492,127.07988457323717
2007-01-05,-9.60270158597421,0.4997281603516416,220.7179612128831,91.00834055412624,64.76235215906362,80.12258107404764,127.33632379353813
2007-01-06,-13.494815811609163,2.1472798161644944,252.5212448426266,93.15562341940142,64.84331786609799,81.08362749728921,132.67191458050377
2007-01-07,-11.636703232402244,0.9606002757366985,244.4548450067936,94.11623437646871,64.84331786609799,81.24119598650368,135.36557343552
2007-01-08,-4.9480054291593865,0.0,257.4668007754407,94.11623437646871,64.84331786609799,81.24119598650368,135.36557343552
2007-01-09,-3.6814269180208767,0.23616961696929473,255.21724198990023,94.33277574743408,64.85943356108972,81.38046117690739,135.85369594522228
2007-01-10,-2.4519198855808177,0.0,268.9528141610889,94.29773278488737,64.85943356108972,81.36194408120124,135.7681631636879
2007-01-11,-5.007642286348303,4.995564147566231,232.3524823074208,99.19710974941877,70.09898676150831,86.5763360653658,140.02327696841036
2007-01-12,-13.747502947021475,8.372931774229112,141.14521881191817,107.57006514390832,76.56436321989503,94.65481417845686,150.54132810630549
2007-01-13,-16.09411257010659,1.0312895815413878,226.7203550030303,108.6013757362208,77.0521002662793,95.65369551922846,152.13256143888017
2007-01-14,-20.400900853335248,0.41984051740334216,268.2803258704969,109.02120914862223,77.45206291328468,95.98428653056088,152.6606617639574
2007-01-15,-21.173437107536245,0.03909059207246501,301.8166628135909,109.06029713299317,77.45206291328468,95.98428653056088,152.7766615380239
2007-01-16,-16.549646495868775,0.14114212361696088,316.4797967938503,109.2014368210741,77.45206291328468,95.99071085412729,153.1891104097853
2007-01-17,-15.27479007991719,0.0,308.2413532899948,109.2014368210741,77.45206291328468,95.99071085412729,153.1891104097853
2007-01-18,-14.109014883484054,0.0,308.32568231236434,109.2014368210741,77.45206291328468,95.99071085412729,153.1891104097853
2007-01-19,-10.549396125312667,0.6515564860749,318.96486860730016,109.85299086071683,78.41817607933694,96.67392711327055,153.50378627635155
2007-01-20,-11.159959610418156,1.025051661878373,274.6781556224792,110.87803269863078,79.71819692033253,97.5409237139694,154.4195168232859
2007-01-21,-11.671265037573932,0.7828988066614917,280.9625070531053,111.6609797594513,80.55833874770595,98.40374599571916,155.0673102469967
2007-01-22,-12.668941370427303,0.01379006028114846,314.2842109986478,111.67476948360341,80.55833874770595,98.40374599571916,155.10823343379778
2007-01-23,-8.860156442699209,0.002344439407817334,316.7612260047691,111.67711423592789,80.55833874770595,98.40374599571916,155.1151918570641
2007-01-24,-6.2155344639585755,0.0,328.45693763888625,111.67711423592789,80.55833874770595,98.40374599571916,155.1151918570641
2007-01-25,-5.04626605753097,0.0,322.7991706586152,111.67711263239731,80.55833874770595,98.40374599571916,155.11518709833356
2007-01-26,-6.205353500775274,0.0,330.8194500799249,111.67711263239731,80.55833874770595,98.40374599571916,155.11518709833356
2007-01-27,-10.844651254281583,0.0,320.8633657408138,111.67711263239731,80.55833874770595,98.40374599571916,155.11518709833356
2007-01-28,-11.950013787557465,0.0,351.94239143376575,111.67711263239731,80.55833874770595,98.40374599571916,155.11518709833356
2007-01-29,-9.964246894381578,0.0,320.8385656378946,111.67711263239731,80.55833874770595,98.40374599571916,155.11518709833356
2007-01-30,-8.665874222876525,2.310949398108526,270.78282607644405,113.9880117773102,81.22261469213583,100.05432231060182,159.6826720278227
2007-01-31,-12.017758602790042,1.0057054487452803,290.33141990888464,114.99370113486414,81.57883804392047,100.93127186864635,161.44709049336035
2007-02-01,-17.113142171325396,1.8247537240106395,305.6968259863213,116.81848780269931,82.23860922397438,102.34850811911144,164.80898732226564
2007-02-02,-16.798730893651946,2.3345406229925265,334.79872036606645,119.15299892022132,82.45838426311253,103.66778651722278,170.20829957391038
2007-02-03,-7.923016914012847,0.9002755972243375,347.21630899400395,120.05328135349902,82.45838426311253,103.81824038758664,172.7300177341254
2007-02-04,-4.155588951595265,0.01344536650222092,326.90110777059454,120.06672832860694,82.45838426311253,103.81824038758664,172.7699237589435
2007-02-05,-1.4134974425328848,0.003468462855433581,339.2093483695678,119.94823716424717,82.40370562513138,103.64558478100743,172.6435020822457
2007-02-06,2.2385526694355367,0.0,330.42659122406405,119.06261469445884,81.82840496478684,102.72787240135943,171.48867917545206
2007-02-07,1.109724523908036,0.0,321.36841577600256,118.48243156209038,81.38119257221437,102.08215466316928,170.84477784858703
2007-02-08,0.7291377782294125,0.0,281.2584212628098,117.67962881926255,80.53269174418871,101.14240834650752,170.2228710102045
2007-02-09,0.4935949044443835,0.0,260.27697471773484,116.75692005104158,79.43673988627494,100.15480276155839,169.53301712131602
2007-02-10,1.1665815801531605,0.3598975325317225,252.41251429504538,115.5247132527446,78.3066040506739,98.86600758129791,168.25816326706672
2007-02-11,1.7245114576478184,8.224409544776307,135.53291681042117,113.37137631786575,76.16717042132242,96.64580891079045,166.15799738756274
2007-02-12,-1.5063330356490652,2.1175277427939143,225.0220977960265,113.86723099235188,74.95711763482271,95.95108922242424,169.49667405386683
2007-02-13,-3.8823663033876676,0.8118182316232309,287.61457947048706,114.6789848669214,74.97823142140783,96.24413441048232,171.5930039928
2007-02-14,-4.760919461421818,1.4526605840636144,222.0176000950916,116.12990067287514,75.19634831719313,96.94930025313002,174.98402705202759
2007-02-15,-4.178485373119237,3.984411027576279,226.70336589657154,120.09596287029052,75.64121339402735,98.91708811779066,184.36014811490836
2007-02-16,-1.1483183988943828,3.2896710378911873,249.14675105827374,122.13319964731261,74.58248270457706,98.63450159451301,191.7153241106802
2007-02-17,-2.1564130760456313,0.021228266334294803,391.37260957940146,122.11547937525495,74.50030628877732,98.60037416475548,191.7765235238422
2007-02-18,-0.6200165610971529,0.2971462331241604,411.172627008152,122.32465301533689,74.43380776404376,98.48333705136075,192.57851600159805
2007-02-19,-2.9440143788957784,7.701236376473472,273.09967280476144,129.91913912292162,80.99010730136841,104.92405159201344,202.33104411162003
2007-02-20,-6.120414324951733,0.16954617005442943,431.3961547942344,130.0886857038987,80.99010730136841,104.93112009927522,202.82715263653384
2007-02-21,-0.6050940679458435,0.005413966194948192,440.20071151455875,130.0014389492646,80.9392717075486,104.79308412886775,202.75520562178534
2007-02-22,2.7113682825577525,0.04589621775512755,437.9924908145619,129.3150859722813,80.15595353328732,104.02352028979408,202.2459330340353
2007-02-23,-0.2820633516258368,3.726100032313479,324.4374935535927,130.64854378612455,79.62098380521667,105.80338357608292,204.94777815402495
2007-02-24,-6.272302824809156,1.4394380024851396,298.8453957706177,132.08793666448145,79.75244032537184,106.62363558121498,208.27396865416344
2007-02-25,-6.001683509637144,4.327281214828905,299.2207073770214,136.41523245275573,82.77318085220588,110.59772406104226,214.22156849351623
2007-02-26,-4.783174991272782,2.90661172102488,312.93853929893044,139.3218349339492,83.77262017547014,112.80173942765364,219.6797752560748
2007-02-27,-2.521170815387763,7.798715181741293,327.10253175992034,146.78794812509,88.81339010394565,119.88545686165271,229.8811830552165
2007-02-28,-8.622934286008421,1.0384482759424003,385.01211013549886,147.82638546781507,89.18051356087015,120.51028315146507,231.98359010187235
2007-03-01,-10.488132178073062,2.8935311647955624,306.64183641599203,150.71989853995117,90.79248427068971,122.90301612438384,236.62026956675268
2007-03-02,-10.719061128973397,2.1010858075310996,345.6564781812202,152.82099525942257,90.98869115712054,124.047226463551,241.5243170282639
2007-03-03,-11.393859052018932,0.2813517159697042,517.0868135017971,153.10232390522873,90.98869115712054,124.08191369312483,242.32461883979758
2007-03-04,-5.1640329025090015,0.367759317258358,532.8649416333344,153.47009160528864,90.98869115712054,124.11438363587351,243.38365299165568
2007-03-05,0.20878702403395163,0.08721518892904495,523.6480672752599,153.43359359247555,90.92102584584545,123.99877457441515,243.45628460877273
2007-03-06,2.081434868795806,0.0,508.46541744965094,152.84710736380512,90.28662358249593,123.35356331052719,242.97485803230884
2007-03-07,2.4952993025278536,0.0,506.20168816890356,152.0907678551149,89.3314965773764,122.5045865088696,242.50382568654476
2007-03-08,1.0142279665810667,2.959420720673689,357.8991915143055,151.62215774987644,88.19472311940386,121.5722146151784,243.1461309503037
2007-03-09,1.1243323893318322,0.32775384728990736,491.1591626857888,151.14146443304978,87.33051728122621,120.94573592540922,243.18302970548837
2007-03-10,1.3497867976427127,2.05626793964072,291.20667774345634,149.61020480170788,85.6634767090042,119.35364912479933,241.84420675146364
2007-03-11,2.317872703223961,0.0,470.8924155530746,148.5049815393395,84.36272947842268,118.01912624509885,241.15738433450352
2007-03-12,5.690455991052104,0.009533847383780724,545.8771943758215,146.9541398371555,82.6796739254954,116.33103883551382,239.8717113776964
2007-03-13,7.211670827361013,0.0,539.1417385712324,144.76332102585638,80.48996519404298,113.9987441836028,237.82087576000185
2007-03-14,6.63874901971524,0.0,506.12811083592555,142.3937491394912,77.99170106853931,111.5037428077694,235.70127302850838
2007-03-15,4.559559766719575,0.0,478.47330990282455,140.60272905019627,75.9522314339551,109.72080193246852,234.14334081932947
2007-03-16,5.266702968550511,0.0,546.8712867135883,139.28423841609953,74.4095618071669,108.27627427791924,233.1681038600749
2007-03-17,8.098701411309104,0.0,559.1402638652886,137.16077066574584,72.33348806895891,105.99802085713075,231.15296721125839
2007-03-18,8.761424964857877,0.0,557.9753828012803,134.76543637475413,69.97213638044319,103.49637283143862,228.8306513642351
2007-03-19,8.38819669065808,0.0,555.5037996067284,132.46155291316617,67.5946025066477,101.16881057825137,226.62186177292614
2007-03-20,8.796153644025217,0.0,517.4960823016055,129.49528080345993,64.66854558813162,98.1868950727681,223.63215456590157
2007-03-21,4.80643468099209,2.410407061815266,336.51071181394315,127.02998340956947,62.03165582904495,95.52813596477026,221.52629744758383
2007-03-22,5.661114564687468,0.002391956634866551,506.13676823508064,125.11273738884364,60.147921656054194,93.56724081909883,219.6200460839594
2007-03-23,6.043065830850183,1.6659192165386707,453.4815394240015,123.02758020337012,58.04840314376706,91.43732884815526,217.59345133796367
2007-03-24,5.179489269751876,0.3929919661322628,353.0492258230258,120.30950770177553,55.36126439649029,88.58999217732702,214.97423954923286
2007-03-25,7.195950448115965,0.0,505.6319864823743,117.78577419636768,52.917039007441936,85.91128286944974,212.5278569955071
2007-03-26,8.361410013265106,0.03686585730925519,543.8802531038298,115.2779070091223,50.31127435948951,83.27561943253014,210.24242958169108
2007-03-27,8.774663222468213,3.7881167515760703,437.55879439543526,112.53154726748222,47.58093564743621,80.48765209522112,207.522005424656
2007-03-28,-0.3436391142625218,10.386058213927555,245.24754543037866,113.96194198368215,46.329287332592486,79.5894050803665,213.8773797611973
2007-03-29,-4.377430639530761,2.1020146345255557,303.03316567068333,115.91100055859025,46.289561361668426,80.61525982991358,218.67723299536908
2007-03-30,-4.2478534471965235,1.651266619293828,448.90550524268417,117.56227686526928,46.728209500215584,81.84420810791707,221.92656623722198
2007-03-31,0.7096540012857326,1.6750192874049887,480.0800239593456,118.68077629352524,47.07232643524353,82.42760685321007,224.33020611090757
2007-04-01,5.86057906102833,1.0417488044999883,462.5665666872679,116.7677210817979,45.19048701851301,80.32888070855729,222.57197908326927
2007-04-02,6.212695497473804,0.3414824081605163,508.4507080297062,114.84765141380323,43.077911017222405,78.22330931753694,221.0237120116721
2007-04-03,4.010444537427346,0.03613519349559591,575.2317041138662,114.1728568967078,42.33714497739772,77.50396364407982,220.45736939605348
2007-04-04,7.297363383128721,0.7116960352236819,533.7568035015535,112.29968641347165,40.66376819737071,75.57352442473103,218.4473812090378
2007-04-05,7.044637996994677,0.04129342702453434,503.9037209297029,110.04743410087022,38.59992374677126,73.18289806995705,216.15022948373817
2007-04-06,4.661713600123835,0.04385473475141533,535.3206593305238,108.80219447064964,37.39342827613273,71.94053216749998,214.864519750702
2007-04-07,3.3447666119933492,0.6535831014896407,478.92635107005725,107.7455978852981,36.469045239791924,70.87890451099314,213.6846139294427
2007-04-08,5.142883165693816,2.342004399514408,404.29853732040414,105.88473170526909,34.8241001642413,69.01041123470951,211.62178095453
2007-04-09,5.903010114553925,2.932207528536951,421.9091631016934,104.20814124518898,33.42517483194977,67.33328509941558,209.6762247756864
2007-04-10,-0.889180783880837,2.6991954983096673,328.78563877539494,105.22018274203356,32.64613567180279,66.81634372254389,213.9511721002716
2007-04-11,-1.661437441588134,1.0838405970771927,481.15654774726517,106.24335995375533,32.87586121573981,67.08385386874288,216.49791721609552
2007-04-12,0.704137670008135,0.10712686887101869,564.5394871492991,106.23657819328527,32.674829073116854,66.95926507221722,216.79713480081838
2007-04-13,1.5195004055575736,0.0,540.1340809603697,105.88000113628719,32.11189474441763,66.53902742619374,216.70432041596115
2007-04-14,3.8740249108858444,0.09134867735883777,647.1706082434233,105.88211640401727,32.06616222925631,66.41307759208433,216.8805656546599
2007-04-15,8.613396474491328,0.05263456842132221,617.6684247134343,104.33487195257877,30.981824221356685,64.92689241630679,214.82314738657738
2007-04-16,7.76001436251465,1.7568005570709975,480.2914124276909,102.26922797829057,29.257874078490246,62.839420352936486,212.4476218074025
2007-04-17,6.986983857015325,0.12938262377665904,513.2303969084782,100.25472872853436,27.556098406701338,60.785476593232126,210.16892399638152
2007-04-18,6.887794077339413,3.6882112054739036,483.57549281373076,99.11331116279759,26.254904451238236,59.479844481738816,209.34631687135465
2007-04-19,0.9157073048259591,0.5797535433137342,535.7214186761491,99.2539377199312,26.154085349323157,59.42933883766539,209.9118601440938
2007-04-20,5.342294628581664,0.2606737121405428,611.9580250906027,98.56984292170783,25.727715518180833,58.79986125314931,208.92316238386883
2007-04-21,4.685795135510081,1.1030738985572537,437.4117727511491,97.10186625521742,24.68971889762016,57.376777176228835,206.99308927006146
2007-04-22,5.183008828584831,2.209368014464433,482.7080323511429,95.99622731840248,23.912110309409787,56.19293219000667,205.64704290786145
2007-04-23,5.167921017581671,2.9918685137017538,378.467614286469,94.34861227143735,22.641675539332027,54.52346033655397,203.65513199453207
2007-04-24,3.9772502138773738,1.7001190427223718,364.8915926255914,93.03278129936555,21.429536144889806,53.09481736617622,202.35113961713
2007-04-25,5.75307069333836,0.06208651902686336,598.3649975299029,92.16093413890631,20.668160575950633,52.182451314571594,201.41246948024693
2007-04-26,7.229605840330721,0.3627237680173501,560.3645723011738,90.64660101619653,19.5802424866003,50.795307409039474,199.3574449875645
2007-04-27,8.285654301113166,0.008244662049015763,625.7437928061311,89.33151460783843,18.68438985122137,49.63989655514076,197.4762462955562
2007-04-28,11.819631053821922,0.09312850327566884,636.9571354272953,87.30223803438297,17.443621922081956,47.88021144931739,194.4128485175412
2007-04-29,13.988505112215645,0.0,621.4640604350352,84.61150865436363,15.865899130016992,45.57450027748202,190.25795452953332
2007-04-30,13.991577465404625,0.0,583.6682587624316,81.70585889457584,14.153712130511353,43.07259965445049,185.79137401028825
2007-05-01,13.190833669390923,0.0,590.9937066790778,79.05551415914108,12.626146258139402,40.753770746471616,181.72072512422733
2007-05-02,11.30434226505143,0.14607334791604526,482.21339341411374,76.35717261113271,11.043589465791973,38.31949697140252,177.67611796123487
2007-05-03,8.405632264599449,6.349516000896316,442.33442096771626,75.07084993956863,10.034836614504648,36.86174572336654,176.29131343080212
2007-05-04,3.254785333658611,9.353788340489134,365.9478371265952,74.8915172577539,9.506466377533883,36.072784190773135,177.05859382479863
2007-05-05,2.1663129237582677,7.6204352578068795,248.88556277905028,73.94785536409995,8.856186821166178,35.05454197147036,175.90453853929117
2007-05-06,1.3040235509217823,2.51722389154083,247.48314869887355,73.25646883106096,8.232205755356036,34.12972562832253,175.38047346050826
2007-05-07,4.9071265372578985,0.006455988190614248,548.989467338507,72.46834577241711,7.65036437327688,33.247692073805204,174.4857697381876
2007-05-08,8.672024038732705,0.3158378554960812,599.4646920132508,71.36199578994307,7.0766306709095925,32.20562582567418,172.79837106619732
2007-05-09,10.954131368811613,0.0,603.5487562247683,69.65154631878394,6.314676857807621,30.744289790996575,169.91893605025328
2007-05-10,12.875640636249013,0.0,609.4725684858321,67.6199417348233,5.439955665283081,29.009713940072665,166.46831157982487
2007-05-11,15.103639692221014,0.0,598.1793896882164,65.12079311354357,4.443986885848086,26.851633819841204,162.17011965316868
2007-05-12,15.53795818170207,0.0,578.3721891268343,62.489860439535974,3.5020742222142736,24.595514395038297,157.5261227999712
2007-05-13,15.21031846919774,0.0,536.2635779175966,59.921234237832046,2.6737214003780045,22.310117329755613,152.9860015853531
2007-05-14,13.04863111551947,0.2294632442488888,536.624709493478,57.82434864192105,2.0595113773527083,20.238720695030278,149.4246273425888
2007-05-15,10.818503273040438,0.0,574.1302568157846,56.33717182963915,1.7062504202645266,18.857408387922593,146.7313259613812
2007-05-16,12.157942144291717,0.0,604.08769247148,54.85912943666106,1.407202439537583,17.544986983708785,143.94382496189166
2007-05-17,13.358333817248582,0.0016120632693644675,577.6147736538409,53.08005716051847,1.1048522336411657,16.005139118923015,140.49293429945382
2007-05-18,13.606171743805106,0.005889851108986538,586.0712918514599,51.42239851423415,0.8558245043721183,14.618832408560877,137.1975128268291
2007-05-19,13.995168422766579,0.0,573.6716000923032,49.65795842897543,0.6428254664196599,13.172979421896992,133.60960287207007
2007-05-20,14.78875810099873,0.0038162415276975126,551.1398153951111,47.78522879110431,0.4934542513495707,11.664527883459954,129.70098466382385
2007-05-21,11.265841619089688,2.5872893051027592,497.91066264320364,46.50203769430641,0.3991914165850214,10.485191304532659,127.16027843087922
2007-05-22,4.1443954504155,3.547230154732836,306.4957886375143,45.82992373571158,0.3494178930489891,9.790398854258635,125.90673715283017
2007-05-23,4.852067332008465,0.6161993576050422,459.2076720426189,45.27579745220533,0.31284509353220435,9.243766710692139,124.842804948957
2007-05-24,6.2660011588444,0.2952957494818429,547.3896443992795,44.756312196461764,0.28716096126517276,8.812463777491667,123.75611627269421
2007-05-25,10.085358680880278,0.0,563.4092116639823,43.77944180996782,0.2450033024674105,8.06884235957611,121.63945586473383
2007-05-26,11.18308292535658,0.2817867335845017,552.7548044876835,42.62007383587179,0.20577532353084943,7.328911054998832,118.97468219965822
2007-05-27,13.914678228572816,0.0,580.0560501703103,41.25349988108879,0.1673773940356017,6.4959901098844615,115.7869031133791
2007-05-28,14.83637506667236,1.004920561699256,521.9190953475456,39.734785164160954,0.12995820204655134,5.548708542550834,112.26069729395046
2007-05-29,10.031055510968528,0.5350594959381553,411.4977143425004,38.62982818734575,0.1025960012873738,4.7981728946797375,109.75645324671865
2007-05-30,8.619374413748327,0.0,546.8277359915584,37.92154058214424,0.09148511092366626,4.4361521660425804,108.02624018830937
2007-05-31,10.018652188663577,0.0303588899002612,575.9869983564324,37.12493989103583,0.08025657622293847,4.089427955523338,106.01880664347341
2007-06-01,10.460233954289981,0.0,490.14733967948894,36.0700533008762,0.06151838583239729,3.606359858984747,103.3881014093063
2007-06-02,12.836339973478612,0.0,573.8556393520632,35.01102025120299,0.04459061726810535,3.2064771232798535,100.66039249448164
2007-06-03,13.456096040847587,0.142039020785588,556.6278582254287,33.88584904369168,0.028978182605160854,2.8288528627732217,97.71293833514808
2007-06-04,14.200749480410385,0.1813032409089561,543.7635377692576,32.73286814656028,0.015481718242448725,2.4619029470213616,94.67025776171539
2007-06-05,16.28751086732894,0.17640544901839456,532.5485321579037,31.464805090328976,0.0059949788349404655,2.068603589988974,91.30843298337692
2007-06-06,10.647858469266719,6.657785810011916,390.90816981913366,30.929940077299964,7.516190654160183E-4,1.776614176921568,90.01735812050883
2007-06-07,2.849343683444033,6.0862724140040685,168.41239650958764,30.52845404329874,0.0,1.6250469057231194,88.97773679231229
2007-06-08,8.599052597113477,0.0,595.4603316101288,30.21855942342777,0.0,1.5289572198591856,88.15388318488027
2007-06-09,12.302533265215816,0.013163242862974288,598.7945527148049,29.507565367473294,0.0,1.368180531173261,86.20420073627209
2007-06-10,15.242077835819392,0.08649035312789645,577.2750160017367,28.50887893020069,0.0,1.1565961665524942,83.45140421995035
2007-06-11,16.515781061612245,0.7785452169911103,525.8102373884856,27.34574880708417,0.0,0.9403307572067651,80.21526237119662
2007-06-12,13.986674039593309,0.7408303717392493,385.35040359234443,26.40933622202669,0.0,0.7426559529793155,77.63340462000384
2007-06-13,14.111868421048518,0.0,568.4137335697128,25.644536908565915,0.0,0.6171581648721746,75.48887120019637
2007-06-14,15.747791080180223,0.00863768826822708,570.729584112023,24.73360377081045,0.0,0.49171445620925924,72.9106086299324
2007-06-15,17.968428856613386,0.0,585.9298472147188,23.744162092870592,0.0,0.36886815505257875,70.09676976870723
2007-06-16,20.475450222469103,0.0,560.731566242491,22.615572866522882,0.0,0.25410514525834277,66.86192898803112
2007-06-17,18.416814235220638,0.0,548.0741757053651,21.75266284643368,0.0,0.16653138466815293,64.38842380747285
2007-06-18,13.275235421847677,0.0,579.4461012452767,21.193681242879396,0.0,0.13228635151074083,62.76370204374189
2007-06-19,16.741122029449265,0.0,596.2281347835974,20.495646816148636,0.0,0.09751006752738169,60.726848732403845
2007-06-20,19.803530461644804,0.0,574.9259871173946,19.527045712267917,0.0,0.056058148674277455,57.893702068471754
2007-06-21,19.308914308498604,0.0,532.4391070094381,18.571978434388694,0.0,0.03074895385903225,55.084623825659826
2007-06-22,19.770063941429807,0.0,521.9976893809537,17.663034132422368,0.0,0.013457836742385942,52.4044282608716
2007-06-23,20.759267838185078,0.0,566.6942073939321,16.790145638848106,0.0,0.0033052102998682967,49.82411646826882
2007-06-24,20.839203886712323,0.0,549.6036908239032,15.892937332464902,0.0,4.294546813730398E-5,47.164761646410426
2007-06-25,20.168704778234385,0.0,531.7540398310301,15.06373186850133,0.0,0.0,44.70400614066434
2007-06-26,19.054925931110677,0.0,566.4722856179947,14.331185360079239,0.0,0.0,42.53005854941042
2007-06-27,20.00704512306785,0.0,529.4982616943786,13.561846783784418,0.0,0.0,40.246924679320145
2007-06-28,20.6270083859201,0.0,530.8964162168782,12.825362698890892,0.0,0.0,38.06129170729239
2007-06-29,21.14722630790748,0.0,544.352278593781,12.093972479130915,0.0,0.0,35.89077558547133
2007-06-30,21.2076410602932,0.0,545.8231111490427,11.391378451350608,0.0,0.0,33.805716716496
2007-07-01,21.150829250242687,0.0,551.8186740651767,10.720956800172992,0.0,0.0,31.816134462064905
2007-07-02,21.79747012486875,0.0,562.9293312008156,10.057549142393345,0.0,0.0,29.847367342068654
2007-07-03,21.16470467941488,0.0,542.5126615020996,9.423534427402167,0.0,0.0,27.965828427299257
2007-07-04,21.643097647015907,0.06360381685295065,516.561220920984,8.836862373679253,0.0,0.0,26.22478634548779
2007-07-05,20.731103794515416,0.0,482.1640796410687,8.298562745556177,0.0,0.0,24.627297085110676
2007-07-06,20.459237185917253,0.0,523.2299177477454,7.792672136486815,0.0,0.0,23.12598671316822
2007-07-07,21.76329219413785,0.046602349821472204,498.50655177314474,7.258216820372281,0.0,0.0,21.539906056524682
2007-07-08,20.01191764146681,0.012225126603749487,484.39659580040785,6.791456565203595,0.0,0.0,20.15472119692754
2007-07-09,20.35117896005144,0.0,517.635150023082,6.348288567735458,0.0,0.0,18.839550092376236
2007-07-10,20.52833140221548,0.0020524014119018994,499.73745713940247,5.9336555128649,0.0,0.0,17.609060941821546
2007-07-11,20.255676567971825,0.005358424750008631,520.4975196844777,5.531849427662233,0.0,0.0,16.416637851908742
2007-07-12,19.257541409132624,1.564983238940377,414.7595377192416,5.200697745129318,0.0,0.0,15.43389287352806
2007-07-13,18.764790154144595,0.5079324762786179,496.34793613188305,4.896218518982824,0.0,0.0,14.530302626823026
2007-07-14,19.752372802656943,0.16074894432562725,511.7562646103028,4.579131896246048,0.0,0.0,13.589297937301984
2007-07-15,20.543530801982225,0.0,530.6973144721242,4.2622420976975475,0.0,0.0,12.64887735468075
2007-07-16,21.87482521931714,0.0,516.6270789720918,3.9189894526380415,0.0,0.0,11.630220856643517
2007-07-17,21.719588325138343,0.8534675595483989,462.50087553807333,3.61011610405777,0.0,0.0,10.71359035683406
2007-07-18,21.344162370581515,0.04813198196068251,500.1929805052085,3.334830419449196,0.0,0.0,9.896636560616294
2007-07-19,22.205542461679784,1.4689236799615353,439.6293322777867,3.0603239649848026,0.0,0.0,9.08199525306034
2007-07-20,21.40861188985029,1.8779643481970516,432.2115334776008,2.814325721326735,0.0,0.0,8.351956568683718
2007-07-21,21.624122723113114,0.2778310896016332,485.9105555373463,2.586056325620694,0.0,0.0,7.6745310438238
2007-07-22,23.319742772360552,0.10370137156138946,497.17883631788163,2.339022916935505,0.0,0.0,6.941420343552776
2007-07-23,22.399236373454738,0.19160527378691297,455.6721607750302,2.113242902122986,0.0,0.0,6.271382450105973
2007-07-24,21.70672246904033,0.0,479.0647698433242,1.9147747981121979,0.0,0.0,5.682396970420387
2007-07-25,21.09671232964012,4.6194939245394195,342.6113022870772,1.7260011552201566,0.0,0.0,5.122181336956582
2007-07-26,19.368217559966354,7.133205630345409,317.23841247295627,1.5620915297141615,0.0,0.0,4.63575360649121
2007-07-27,18.459468645306075,4.149623722538905,288.58002402185576,1.4028241804224766,0.0,0.0,4.1631025647111395
2007-07-28,19.053686127571297,0.021027949580011245,452.1994509146993,1.2605335308751682,0.0,0.0,3.74083256371471
2007-07-29,19.935379952147642,0.010256013493791339,497.00051275700554,1.1244628205932503,0.0,0.0,3.3370212159618378
2007-07-30,20.747799341097505,0.0,498.9761001872488,0.9923299862614424,0.0,0.0,2.94489613773312
2007-07-31,21.464572846373258,0.16109820711405304,492.4038912227497,0.8666423050218123,0.0,0.0,2.571898070388916
2007-08-01,21.31475344661557,0.8538041854541261,452.73904744139406,0.7539687418812459,0.0,0.0,2.2375214562473147
2007-08-02,20.787877179808856,4.242963078171646,327.41512388385127,0.6545347410033056,0.0,0.0,1.9424353365100742
2007-08-03,19.158221739911287,6.426965903608512,278.0546862315078,0.5706773414985133,0.0,0.0,1.6935752442615435
2007-08-04,19.871822414021544,0.01159617811359048,445.78031013550986,0.4962630485777266,0.0,0.0,1.4727390639097084
2007-08-05,19.920066668708586,1.3166030982505648,431.23907307273,0.43174037460829257,0.0,0.0,1.2812578268217685
2007-08-06,19.483839473623405,0.760444068641833,400.7983775212531,0.3765856462613264,0.0,0.0,1.1175774495929913
2007-08-07,18.79684096902797,1.5905964129521661,396.3518312068643,0.32756204189475174,0.0,0.0,0.9720921522063958
2007-08-08,18.74269111347295,0.17632709996289228,489.925105623416,0.2834289229475601,0.0,0.0,0.8411201435670645
2007-08-09,19.45779564892476,0.009311065015669326,531.1095782736446,0.24105078364067486,0.0,0.0,0.7153563145011531
2007-08-10,19.877377777573628,0.0,488.22475659117373,0.1964060411913122,0.0,0.0,0.5828659822231366
2007-08-11,20.276787377327476,0.0061565566621162625,520.7265414552974,0.16114561422335982,0.0,0.0,0.4782250899490357
2007-08-12,21.29614585788506,0.0,489.7723107167485,0.1263442198053418,0.0,0.0,0.3749464493473731
2007-08-13,22.590767903138744,0.0,482.02347194064043,0.09701574619123568,0.0,0.0,0.28790956658906686
2007-08-14,20.940622481646606,2.951622360925514,383.6287671805983,0.07661412131250686,0.0,0.0,0.22736451893289397
2007-08-15,20.11806363626745,1.1416011761088898,426.0877699746308,0.06128707701419942,0.0,0.0,0.18187909152280443
2007-08-16,20.344565924951883,0.17317096549564562,508.0288189152288,0.048031810773795015,0.0,0.0,0.14254199308133217
2007-08-17,19.336127121584298,2.5074701223804854,373.6955249718671,0.037360869439518864,0.0,0.0,0.11087428742257437
2007-08-18,18.527874736883067,0.9869324435938195,401.2381086884797,0.02885551047277111,0.0,0.0,0.08563328985323342
2007-08-19,19.104720964223407,1.778780659801892,421.950040699346,0.022588853279133077,0.0,0.0,0.06703599377073853
2007-08-20,19.202602230996547,0.0,467.9708105606197,0.01793983632405222,0.0,0.0,0.053239300871380395
2007-08-21,19.371397010321424,0.0,518.013494190244,0.014060982335462598,0.0,0.0,0.041728188350369885
2007-08-22,19.44466150043896,1.6864281825456563E-4,522.1065024864431,0.011439334002067005,0.0,0.0,0.033948032395799056
2007-08-23,14.304954775523349,3.6428723601600446,296.91889915824623,0.009631629418062887,0.0,0.0,0.02858338321528579
2007-08-24,15.797867078581442,0.005182038323970677,493.3355212325524,0.00801220402602697,0.0,0.0,0.023777482306939112
2007-08-25,17.95099116719113,0.006337937059894518,530.9216350385713,0.006114090027255185,0.0,0.0,0.01814452889290461
2007-08-26,19.324870757928053,1.2528721783165437,454.1964835691967,0.004885282889859574,0.0,0.0,0.014497849418299047
2007-08-27,14.993222590298199,4.090524922032766,195.40500553986288,0.003983235089255191,0.0,0.0,0.011820879941584442
2007-08-28,17.679595553085022,0.03029544551627053,449.32866595250005,0.0034883696141065836,0.0,0.0,0.010352288397804724
2007-08-29,18.41542354247654,0.0,480.8464201265357,0.002934766776225959,0.0,0.0,0.008709384442785854
2007-08-30,19.393480649076608,0.0,469.496637794318,0.00233353357089191,0.0,0.0,0.0069251298412135644
2007-08-31,19.301589306043955,2.2281147898950366,407.0352324324593,0.0018429957611162686,0.0,0.0,0.005469381328702368
2007-09-01,19.114686923184344,0.0015817074770597395,467.51366536095134,0.0014681346848255184,0.0,0.0,0.004356921813179609
2007-09-02,20.35804114003236,0.0,454.6347390525942,0.0010953777688555927,0.0,0.0,0.0032507067261108484
2007-09-03,19.171655859351834,1.621389704870895,398.6413973683532,7.780701501765039E-4,0.0,0.0,0.0023090461961879404
2007-09-04,19.011763776697173,0.8616264643273835,430.9482301390941,5.03505834439281E-4,0.0,0.0,0.0014942331761560556
2007-09-05,16.739221110341465,13.532480050109088,271.20472930983993,3.268491962760393E-4,0.0,0.0,9.699766701203862E-4
2007-09-06,13.74731828073132,2.259848057527715,269.4824765374287,2.2855385216557353E-4,0.0,0.0,6.782696943807717E-4
2007-09-07,13.790252192819542,0.3109276507712444,430.177295265234,7.87050083059596E-5,0.0,0.0,2.335695566891884E-4
2007-09-08,15.02369484979537,0.0,446.52868047440097,0.0,0.0,0.0,0.0
2007-09-09,12.803845202401138,0.4751683869926389,419.66012954905165,0.0,0.0,0.0,0.0
2007-09-10,10.340973873777456,0.0,418.5661485419151,0.0,0.0,0.0,0.0
2007-09-11,12.41848467648399,0.0041672412297228114,490.5582128344098,0.0,0.0,0.0,0.0
2007-09-12,14.622150738251811,0.0,462.9689427179381,0.0,0.0,0.0,0.0
2007-09-13,15.832153293381053,0.015955462338531356,453.02993374387626,0.0,0.0,0.0,0.0
2007-09-14,15.902830082459586,0.06194111708874739,414.19659336669184,0.0,0.0,0.0,0.0
2007-09-15,15.865716354235389,0.38146018361863815,402.4064872061597,0.0,0.0,0.0,0.0
2007-09-16,15.317523240290996,13.30408752576211,281.82507384906734,0.0,0.0,0.0,0.0
2007-09-17,12.472263295899362,8.364745166403846,259.6842782169354,0.0,0.0,0.0,0.0
2007-09-18,10.71214536372536,6.434128483614569E-4,398.5187356262757,0.0,0.0,0.0,0.0
2007-09-19,13.227973679851905,0.0,413.336533708758,0.0,0.0,0.0,0.0
2007-09-20,14.917313210366224,0.0,397.8047773218267,0.0,0.0,0.0,0.0
2007-09-21,14.704409281412131,0.0,409.5876360807202,0.0,0.0,0.0,0.0
2007-09-22,15.687636432463162,3.91742468292833,374.89520207580335,0.0,0.0,0.0,0.0
2007-09-23,9.49003890852031,12.782656086315285,192.53972064630608,0.0,0.0,0.0,0.0
2007-09-24,4.284456719544626,7.634039623914158,169.29778722717708,0.11800299971086949,0.0,0.0,0.3501925598345335
2007-09-25,5.104057863242568,0.1939543108686046,364.85158105240976,0.17994045377217172,0.0,0.0,0.5340017480797993
2007-09-26,7.146370523503823,0.0,394.8888407370259,0.16040987550839492,0.0,0.0,0.4760416689801262
2007-09-27,10.061810795785716,0.0,424.4161672122919,0.12666257338658662,0.0,0.0,0.3758912139365935
2007-09-28,11.887683507120082,0.2416466881728761,383.2887615635076,0.08091193943762878,0.0,0.0,0.2401189737741048
2007-09-29,9.928471188198278,8.842014801992773,308.003064649334,0.0723583547787072,0.0,0.0,0.21473485883797214
2007-09-30,5.4324455644217196,4.973986722947067,260.4759893533557,0.07106900375413143,0.0,0.0,0.21090850580518666
2007-10-01,9.519534930437068,9.597529345438314,312.1744408581554,0.04685716854660973,0.0,0.0,0.13905605654212858
2007-10-02,5.989840052618437,4.325395318608044,274.47472856901936,0.03454132256958108,0.0,0.0,0.1025068362698389
2007-10-03,9.850722226404653,0.0,375.2551467761789,0.01737112364995476,0.0,0.0,0.05155155608827733
2007-10-04,12.980099287363247,0.05670105806052801,351.46801904104547,0.005575703800715465,0.0,0.0,0.01654678263803349
2007-10-05,13.821648609712977,0.42229250275388863,276.85042627894285,0.0026623379624033236,0.0,0.0,0.007900908862343074
2007-10-06,6.447264785742697,6.557825747530252,235.78804189509265,0.052989700664802006,0.0,0.0,0.15725531525588338
2007-10-07,1.8580976110002143,2.885782175733751,164.01069345617174,0.057614223503735164,0.0,0.0,0.17097931799265528
2007-10-08,6.417728091389835,0.00399403401650985,365.20951805510504,0.05512286716719886,0.0,0.0,0.16358582414004713
2007-10-09,10.167496180559004,0.0,396.78251533693964,0.022279898971922833,0.0,0.0,0.06611912301339377
2007-10-10,12.212695303202903,0.0,363.82997521848534,0.005786058788503939,0.0,0.0,0.017171044324838923
2007-10-11,9.918901465391045,0.0,354.16411171819,0.001900706243861626,0.0,0.0,0.005640646311214689
2007-10-12,10.416160254035999,0.0,365.55010732862456,0.0016134652867794727,0.0,0.0,0.004788213353608652
2007-10-13,8.095605928869595,4.692620866816043,241.84961084037053,0.0014465534782739584,0.0,0.0,0.004292876170398271
2007-10-14,5.043834279093333,3.8540677177574953,181.27844678381845,0.0013713189067665194,0.0,0.0,0.004069605683641167
2007-10-15,5.253493151412315,0.0,333.6274285229846,0.0013421869760273178,0.0,0.0,0.003983152072940763
2007-10-16,7.166399243664642,0.021076045199200446,332.66963532539,0.0011951253904558413,0.0,0.0,0.0035467235649300735
2007-10-17,3.181376331072371,4.313233315797313,218.80182609609113,0.5124800441414767,0.0,0.0,1.5208655624157614
2007-10-18,1.5422016333482793,2.0097652065154494,188.07138624395503,0.7801802012214004,0.0,0.0,2.315308106297042
2007-10-19,7.1179875410019555,0.3466143918055671,329.1820169504747,0.7558013502704959,0.0,0.0,2.242960011407592
2007-10-20,5.987970220695853,10.083181586651985,258.23389988985656,1.1385483729340518,0.0,0.0,3.378822319687968
2007-10-21,-2.162063543444288,7.371975679081729,190.4438221699203,5.059680879649952,0.006655096563418093,1.8323551938465488,13.181966144145516
2007-10-22,-2.6984125477829397,0.05204005157010684,329.59478510608005,5.111719068277989,0.006655096563418093,1.8385154825748455,13.3302554878187
2007-10-23,3.9370727258366527,0.0,352.1476520700883,4.66004866559675,0.005553811287375817,1.579499324744622,12.249177033720976
2007-10-24,7.636399915744689,0.0,366.7739538390687,3.8463918303495443,0.003733586028519734,1.0950503245507075,10.319315632430913
2007-10-25,9.065172955684513,0.0,353.1329843401449,2.913866962308868,0.001174813273984188,0.5902838451646321,8.057669228170955
2007-10-26,7.696264466517117,0.0,342.0519627905661,2.2670923942609247,0.0,0.3860447510701776,6.343043379058419
2007-10-27,5.23105294926595,0.0,318.35067547998784,1.87599963640032,0.0,0.3008059524638513,5.2674024169374
2007-10-28,7.371225653830939,0.0,326.66175157046905,1.5044816126214304,0.0,0.19633235720493245,4.269030918569636
2007-10-29,8.429917379949556,0.0,321.2402807509043,1.173592470135226,0.0,0.09399649197269452,3.3891005934289744
2007-10-30,7.092198265304293,3.2603942754924167,212.7083304264983,0.9636775634913832,0.0,0.013755273853610459,2.8461506386522224
2007-10-31,4.272307563380868,0.6267742436412882,209.21945976668312,0.9017380383757886,0.0,0.0,2.6760502083228053
2007-11-01,4.064605907366036,0.0,289.0245191239124,0.8522204145864222,0.0,0.0,2.5290988301865736
2007-11-02,2.5981094604221027,0.0,286.960867366321,0.8342897580583648,0.0,0.0,2.475886771811283
2007-11-03,3.272332238599039,0.0,303.4712875943575,0.804530675735494,0.0,0.0,2.3875719896234804
2007-11-04,5.454053090088876,0.0,304.878205817463,0.743154206367226,0.0,0.0,2.205427612155593
2007-11-05,5.6597684033619915,0.0,298.16589348884924,0.6754380302089038,0.0,0.0,2.0044691523775175
2007-11-06,5.461363656528188,0.0,297.4300180044126,0.6131785345895537,0.0,0.0,1.8197042548887392
2007-11-07,5.599082224247727,0.0,297.0433624733724,0.5513840358171772,0.0,0.0,1.6363193090669155
2007-11-08,6.243832195523171,0.0,294.04880900297985,0.48890534959001325,0.0,0.0,1.4509039287918513
2007-11-09,6.614047269422867,0.013359900849626816,287.11024917595097,0.42496001278608087,0.0,0.0,1.2611360310289286
2007-11-10,7.484920101157708,0.0,260.369229495195,0.3326959146673752,0.0,0.0,0.9873277314078982
2007-11-11,4.913100379493694,0.026976131522138753,222.47236572796646,0.26593810628764414,0.0,0.0,0.7892133795463168
2007-11-12,4.765503035141046,0.0,224.68948966183694,0.2141726125014808,0.0,0.0,0.6355910917698021
2007-11-13,5.629023965355627,0.8366923907886588,244.35843677032813,0.17710586461220837,0.0,0.0,0.5255896565529824
2007-11-14,-1.1769465886257062,0.02381001525343373,214.43325137501574,0.18743360233901227,0.0,0.010028561652501575,0.5462397219786614
2007-11-15,1.3126535212055197,0.0,294.6170000921448,0.18743360233901227,0.0,0.010028561652501575,0.5462397219786614
2007-11-16,4.374462860792136,0.0,261.1286734133258,0.15946341141739015,0.0,0.007159168290820188,0.46609472998042223
2007-11-17,4.553794157928508,0.12097830948689943,194.8370615455403,0.13074462551727983,0.0,0.0010465969288804761,0.3869618237562823
2007-11-18,5.760688856484413,0.0,235.3662996765094,0.11003206385602986,0.0,0.0,0.32653754735076157
2007-11-19,7.943776596186659,0.0,245.0030279275282,0.0888628220938657,0.0,0.0,0.2637144752202865
2007-11-20,1.1798096807945504,0.6102347950954067,213.25180186802777,0.3828368170550022,0.0,4.803530013394778E-4,1.1356498441007985
2007-11-21,-7.358008909955309,0.6381015409046382,192.07082805300684,1.0209391587546655,0.0250991746700178,0.5113213860068208,2.4956165670755466
2007-11-22,-6.614115151424858,0.0,266.4344292847487,1.0209391587546655,0.0250991746700178,0.5113213860068208,2.4956165670755466
2007-11-23,-6.919853193856654,0.0,242.24490760522602,1.0209391587546655,0.0250991746700178,0.5113213860068208,2.4956165670755466
2007-11-24,-6.00007094807558,0.023049026940438495,267.60381243473955,1.0439901430084704,0.0250991746700178,0.5113213860068208,2.5640240075840435
2007-11-25,-2.1850792700477695,0.0,261.29215512953726,1.0344087470256589,0.0250991746700178,0.508429780822627,2.5384728187681334
2007-11-26,-1.9544465445816215,0.5014270241953895,204.81091226057288,1.3760890223365294,0.02802395316917636,0.5687479637469446,3.4894831337953467
2007-11-27,-0.8856833460691642,2.0326607734880895,219.53884349745942,3.3637353720932532,1.0746668423579864,2.0659034711679327,6.879512151876492
2007-11-28,-7.1430887655449835,1.234826333873299,170.42973091589795,4.5985773902648726,1.5138296874872037,2.8329635824005956,9.353043818183293
2007-11-29,-5.985761840087216,0.11776453956604774,230.0285306885358,4.7163365319881185,1.5138296874872037,2.8329635824005956,9.702512690881624
2007-11-30,-1.0287849720530142,14.210918617847096,191.90426902844587,18.77632817410528,15.258116853257972,16.23698513181545,24.72296979377572
2007-12-01,-1.98755138806113,17.405380872483356,157.45306910144984,32.24258644599171,26.049698864640607,28.685577716269794,41.79992903339625
2007-12-02,-7.817860266892356,2.6075489342656044,198.79764496567068,34.8501285464876,28.596035530552946,31.459344282783622,44.30114007756002
2007-12-03,-3.67443991563177,0.29326249818829103,238.11576002931176,35.12395659409605,28.596035530552946,31.69412318092191,44.87967824977162
2007-12-04,-0.32146551692233516,0.2025146667622373,199.86312798314134,34.61857825706922,28.260623887638573,31.122581765739337,44.27530033282133
2007-12-05,0.05432996814138334,1.8056108855818314,168.07927898720058,34.11561201741837,28.33260348224226,30.526202920119335,43.307434160015404
2007-12-06,-1.0766558035265306,6.547451367050728,85.65552692217665,33.11617733797577,27.25221420353011,29.350527532084044,42.562296913127135
2007-12-07,-0.8962295588188086,11.416186573295574,90.30297313394323,32.68360863472475,26.097727785423764,29.267798030779808,42.481603996872394
2007-12-08,-4.5594654584772325,2.9808852127111405,138.90395061209762,35.26976688519559,27.92137773508741,31.772146213565048,45.88941741274078
2007-12-09,-7.858628242029999,2.9184356324412506,148.86173349710677,38.18818567214032,29.702925670789433,34.73910668764234,49.86287583474199
2007-12-10,-8.044313694378934,2.9998996755197385,179.64579701919902,41.18807120606811,32.8937227382736,37.10062625220276,53.31395643252582
2007-12-11,-9.747959098475807,1.5338269284410355,169.5028724126474,42.721912762642404,33.664344681869075,38.38523355131399,55.837076372876986
2007-12-12,-10.786005655939446,0.24332075172854728,229.70917236511397,42.965254856504664,33.67243602666573,38.4391953308196,56.497575700934036
2007-12-13,-9.960637178927927,0.8270341305833592,232.14947217140414,43.79230341295619,34.567773434857585,39.140639895547345,57.38357893977559
2007-12-14,-13.260614615425853,0.37886860199084765,234.92264846462166,44.17116884476284,34.81543518104164,39.610312214268404,57.799249365144185
2007-12-15,-14.794844895721736,0.3384399721476708,271.6687020584101,44.50962133724049,34.82062625353579,39.62491685577226,58.78406045395325
2007-12-16,-7.871287095980626,0.17080691296885445,252.6082185558643,44.68044031687193,34.82062625353579,39.67033407283108,59.24570886122892
2007-12-17,-6.20900906071459,0.3562069788972406,244.29736634278328,45.03664028954999,34.82062625353579,39.69445351185875,60.27873994922499
2007-12-18,-5.4913822987497305,0.9407110323825894,225.138090942869,45.97734603101813,35.550392801882495,40.57003047784487,61.489119421106786
2007-12-19,-3.743765352945816,3.069117618220525,133.39603899530817,47.188223339339814,37.01945202986491,42.19991438785925,62.031630295089904
2007-12-20,-3.3652451466012785,9.577035613948306,122.20572615861111,52.00613049728955,41.03946049607582,46.71869139741477,67.92222456061182
2007-12-21,-7.851192474788088,5.21660813203938,167.29361879327013,57.22275927161822,45.44587868554686,51.52143459050251,74.33790892156071
2007-12-22,-13.688642423509421,1.5128868955837598,247.01570309779345,58.73562846885489,45.51563710444958,52.38408972286776,77.89975707915744
2007-12-23,-9.169444909985442,4.767257373397469,192.35211224522303,63.502864545137825,47.85082764871023,56.52363763994826,85.65336544300925
2007-12-24,-4.854368149314352,5.014995423334148,199.0902727862778,68.51785740524583,50.627045251623386,61.348673017629785,93.03069782007428
2007-12-25,-10.266313989540572,2.491720593887439,210.5860313907192,71.00956812167074,52.68009266857317,64.00069074524929,95.78833551933327
2007-12-26,-13.822855907827734,1.4193580713283906,248.96531703534683,72.42892980079877,54.14610161301694,65.19647775950514,97.38534019582589
2007-12-27,-15.39144834861948,0.2473092972281729,234.23563276132163,72.67625137456031,54.35175767029541,65.45917199586141,97.65777448106371
2007-12-28,-17.106793870595926,1.0579486384413137,271.4749730785001,73.73421927310474,54.4144459675041,66.02468125776421,100.1727671078691
2007-12-29,-12.200564031928334,3.163710537014213,221.28074358736484,76.89798326733613,54.81060149604199,68.16805266844655,107.04015030821465
2007-12-30,-9.119912238387574,3.8674611858426977,224.8604473612413,80.76542107761355,56.28903613135775,70.84043667249036,114.41788430696079
2007-12-31,-13.180519041591515,0.6693748088328831,222.56177933915424,81.43479839238626,56.28903613135775,70.87647428713613,116.36843547857035
2008-01-01,-15.516058902426684,0.43572783079673416,280.118969640765,86.52441621140231,65.9776820443819,71.5477639276125,121.39962996621769
2008-01-02,-10.205873061189969,0.49993453590216647,289.26361365315444,87.02433486859287,65.98297769142071,71.77715474986819,122.64936011581432
2008-01-03,-6.087076355912278,0.37767337043012855,283.2833679143783,87.40029667969705,65.99688427926957,71.89185732374334,123.63722266123196
2008-01-04,-2.15967805157995,0.32483697788642785,236.31757862255677,87.47340671538028,66.40974202084746,72.00864760797579,123.33702390773695
2008-01-05,-1.3576991815866586,11.194855899796607,180.45975710930918,92.36342419842403,66.49898285041802,74.95058560049165,134.82900363156014
2008-01-06,-4.252613199588908,4.156945357684096,196.6007661986412,96.39398566984718,67.94446394489405,78.36065519028288,141.98729677811542
2008-01-07,-9.273366175175743,0.5098640835598741,249.39799477462017,96.90384615399259,67.9977030862144,78.71722183156417,143.09319467628987
2008-01-08,-10.527597778624065,6.262900251843676,237.86928072347828,103.16675902675881,72.15557103816002,85.12577407559755,151.2540374162242
2008-01-09,-7.834322034495665,14.8387356707059,182.05761676213984,118.00543826593128,89.18017975225118,101.49033049061401,162.4496699227169
2008-01-10,-10.677246628334329,5.299292167768664,227.0867664148744,123.30478807159227,93.39726627983408,106.58746137098193,169.00108230263413
2008-01-11,-6.966048029843814,7.840563990280139,188.9769213969406,131.1453218513656,96.85237734015772,112.87358969186933,182.64792005876282
2008-01-12,-7.089072953975751,1.877754416575427,216.89732312029685,133.02305611310604,96.907454692724,113.5253094486779,187.51712863666418
2008-01-13,-7.5434445086659245,0.5262501251450707,255.14636562554836,133.5492903014584,96.90767037341769,113.606613165224,188.9975373568191
2008-01-14,-9.054973832273529,0.026964963730170457,290.38493083264905,133.57625643511537,96.90767037341769,113.60885428176009,189.07532908304987
2008-01-15,-9.592959836962553,1.0568599864753072,315.2563650347054,134.63311716622854,97.6133230297971,114.54914959452191,190.58929321908155
2008-01-16,-16.49070361058391,0.16345304286349466,274.958876902926,134.7965771678664,97.6572584395705,114.78040297620332,190.80116853347764
2008-01-17,-18.512869412024187,2.7495150674916484,254.03318199781427,137.546120176299,99.37659039999492,117.38569719429998,194.69445258651575
2008-01-18,-13.277864959711254,1.7831122462030702,252.45192125261195,139.32923021368887,100.46248380516185,118.86087977664587,197.46129991983133
2008-01-19,-11.336476501685105,2.904830740412562,261.33151460843357,142.2341129537959,101.11721916688136,120.67189723711309,203.6408148352321
2008-01-20,-6.426104850755379,1.8776594261523443,249.35440666290484,144.11171233390303,101.5930871612318,122.13611488672686,207.29109336261106
2008-01-21,-11.570299308239779,1.821677144852858,236.45799840861213,145.9333742870774,102.88893398364839,123.89916808475115,209.68154453359352
2008-01-22,-14.093209039396704,1.6421643146098763,295.8659716552906,147.57555784145669,103.08481244862134,124.82086526494032,213.44587349437828
2008-01-23,-12.16166117480045,0.507592145611237,327.1744491142017,148.08317991425747,103.1436250050021,125.15853753510564,214.55855795431162
2008-01-24,-9.40257792331977,1.777979129172427,324.56648261051316,149.86111120951077,104.52723716304943,126.42309666097574,217.23107812887898
2008-01-25,-7.91305562514465,1.368949228798933,260.841132174304,151.23007467912902,105.27270594910097,127.35466342372993,219.64131416723865
2008-01-26,-4.97647358289834,1.161333538160094,308.2077104406908,152.3914159096653,105.3056186977996,127.8987415760412,222.51335165223907
2008-01-27,-3.8380631799363467,2.4546851210668974,309.90713801583286,154.82549656272596,106.22615939893753,129.33061460545983,227.41572983477167
2008-01-28,-5.95489837044546,7.7220646807936495,286.04236028382184,162.54756500075354,114.87027173641312,137.64434704721654,233.65294138859667
2008-01-29,-12.910854730073265,3.6180614005422087,236.4727111183171,166.16561452370334,117.66693680735273,141.05803573833583,238.2719819507959
2008-01-30,-11.984430133191669,7.267131239102985,209.02613375835944,173.43275744960266,124.52080078572611,147.83208663760212,246.43189539123335
2008-01-31,-14.22632248755059,4.896617376205318,339.2218685486954,178.32937759039623,127.07240045806908,152.02145570791757,254.3097513099665
2008-02-01,-10.449768395426167,6.607171869169684,305.21728117865786,184.93654861639172,129.29899058342542,157.1667681709393,266.62625159296414
2008-02-02,-11.185449992230943,1.3833446066949473,329.5040759391274,186.31992501863166,129.5040159378913,157.71416753736193,269.9868508048373
2008-02-03,-8.02187857315658,5.122910608460232,287.513866192886,191.44281712664986,133.5671195801931,162.2873430266376,276.6864694297053
2008-02-04,-8.762416518528706,2.379610904105656,298.7937170049977,193.82241412309088,134.41341363540934,164.0705017342121,281.1489673142062
2008-02-05,-13.442461885774303,0.48177560725854013,368.6055094408218,194.30419712848263,134.45724447281964,164.37476398274933,282.2328233751852
2008-02-06,-12.486038282193025,4.288783858664878,295.7909123546535,198.59296409299617,136.94201038018278,167.96183185828136,288.9721807916076
2008-02-07,-10.405215937016527,6.725516986547952,309.05716434968036,205.3184627458115,140.78938335161462,173.07345318346975,300.1003088349097
2008-02-08,-8.101292093722169,3.0931070681715185,248.4544899755883,208.41159404353454,141.47968665113748,175.32029184208739,306.3694169942849
2008-02-09,-3.1536767184410657,1.7569314382293906,321.174537488706,209.83203557431855,141.44952872983092,175.49905947426782,310.43582992347075
2008-02-10,-3.6313378175104596,0.4651329306981456,379.2278447047606,210.29172639978077,141.44952872983092,175.51482433997688,311.7843165345339
2008-02-11,-3.3590653561608663,0.5380283180190399,308.0797526386797,210.80104479344695,141.4412004936115,175.546538767912,313.27226137617043
2008-02-12,-2.4525088556904953,1.122105694379598,269.95420578327696,211.74068431235477,141.38653162784195,175.61487354379486,316.04571721465175
2008-02-13,-0.5893266162778397,4.870322623699359,311.1358919722423,215.1196193021659,145.09086063947902,177.959273842038,320.14032553402774
2008-02-14,-5.207783383676545,3.7556328221585096,285.4974077796069,218.7172982615651,146.56294098240622,180.57440225364553,326.78076247655423
2008-02-15,-6.1493902605125506,0.0,390.01497051362,218.7172982615651,146.56294098240622,180.57440225364553,326.78076247655423
2008-02-16,-6.8819652359007035,1.271077797750709,359.8266680698851,219.988343329243,146.7823368731003,181.39850179098434,329.5181646546409
2008-02-17,-8.15381511585082,1.5164811431027336,336.79654315899285,221.50483863072148,147.0670419696253,182.47005851265703,332.67385962198364
2008-02-18,-8.187311286194085,0.08253781097747893,436.8721571479603,221.58737385376014,147.0670419696253,182.47005851265703,332.9187959465113
2008-02-19,-5.465012060143006,0.24580427273652483,463.28071002045004,221.83317503304366,147.0670419696253,182.5296890968199,333.58879423424975
2008-02-20,-4.216274444457213,0.23021428666106306,446.74042720576057,222.0634078759526,147.0670419696253,182.58096437782666,334.22092180372863
2008-02-21,-2.0950388453028026,0.0,390.03623120517057,221.9660340174672,146.9841515086782,182.48099528328663,334.11207808077796
2008-02-22,-2.194805850719742,0.18301860408385195,396.8664861829582,222.14858776321282,146.98312702725303,182.550322027191,334.5857062606147
2008-02-23,-2.236035336661649,0.6325219033796173,356.99048964493284,222.71462925711916,147.0250921831709,182.6324806934133,336.1428752663876
2008-02-24,-0.6048689825008502,4.284338904619693,323.0402275909082,224.7120166639203,147.56318750593766,183.79864193557444,340.3854279503606
2008-02-25,-1.7146748544757213,5.346718546513663,235.96948773173742,226.09242562059455,146.74333654345355,183.28358767842752,345.7912940241351
2008-02-26,-3.540674983341604,1.0443194685905852,403.5439421188204,227.11615426749495,146.74840880887575,183.6780412799924,348.4311516099807
2008-02-27,-2.5184762233406315,0.2101742803234333,469.3106622718025,227.32394186453584,146.74840880887575,183.67730966497356,349.04852362662984
2008-02-28,-0.5111187169864155,0.0,450.8307469351207,227.16288772561276,146.58013662505974,183.41739469853604,348.9930459565171
2008-02-29,-0.709560209088491,0.0,498.87860945187447,227.12407884631594,146.55032587759186,183.34203865954572,348.9819434527177
2008-03-01,1.6997764194374947,5.467447405308885,432.9746028615683,230.63333874456606,150.89478074045076,186.33780452631407,352.1925559874461
2008-03-02,-7.288802167825914,3.9962949000878845,318.1402372814021,234.62962869230358,153.91656323940828,190.55461763232634,356.9148200625748
2008-03-03,-9.535551460897032,0.5580143391778715,514.5492846399956,235.18763878102942,153.9744280854913,190.7962255943529,358.2737411410515
2008-03-04,-6.391518118239108,1.7229476752860338,385.134054301271,236.91059232603982,154.32642601283843,192.20202281530734,361.64356009042035
2008-03-05,-7.616520073102703,0.845714227596522,435.455862003566,237.7562923939077,154.50922961457456,192.81272292042308,363.3669730816213
2008-03-06,-9.214402010776821,0.5901985589191452,474.0411242053502,238.34650414131372,154.5446390155868,193.0798644182915,364.81779417245167
2008-03-07,-6.240141066519701,1.0069613129329722,510.0228658290967,239.35349535368152,154.56653725665245,193.45266610193752,367.4132379737852
2008-03-08,-3.7738725795404764,0.21927196193179874,483.5376401315005,239.57245221091307,154.56639183480428,193.46584458397808,368.050028408597
2008-03-09,-4.023546237191885,0.03790853736758069,530.3563705142649,239.61036018654065,154.56639183480428,193.46584458397808,368.16252632013914
2008-03-10,-3.3103248985763307,0.0,516.406767095232,239.61036018654065,154.56639183480428,193.46584458397808,368.16252632013914
2008-03-11,-2.173423553170547,0.23184441908069214,551.1419325832396,239.8412841690898,154.56639183480428,193.46583185910418,368.8478424387172
2008-03-12,-1.3574361410356215,0.0,491.8268501490478,239.75503300126257,154.49855645510456,193.30505570777473,368.8180232997033
2008-03-13,-3.117519627549283,4.5236232093427775,355.4760323317329,243.85839214060002,156.46242646876712,196.467918424303,375.93569175063664
2008-03-14,-3.1871576503942456,0.7382090925455492,435.3041775485244,244.58228055861355,156.52996573359715,196.76528171930374,377.7219013774173
2008-03-15,-4.145346589395233,0.37446237867693904,541.9059993714102,244.95674865065794,156.52996573359715,196.76606428084523,378.8324143852153
2008-03-16,-2.6535353495431226,0.4276892212215888,466.3062397976792,245.36378306234502,156.59149715895268,196.89958323224312,379.8475042991745
2008-03-17,-3.0893508153868874,0.002378456352542464,479.8220658374783,245.36429055151675,156.58791901836005,196.89768825639467,379.854372686015
2008-03-18,-3.135714387753021,0.43035020154968956,518.074128885416,245.79464205251196,156.58791901836005,196.9647849995216,381.06460898698083
2008-03-19,0.5077735960307102,0.43415541173492717,524.9221629801085,245.67932194782335,156.24231741896836,196.51214214088958,381.50913124285984
2008-03-20,-0.10981456899210258,1.0225660081191859,408.7129673907333,245.55184963363988,155.24064527840443,195.67153962581122,382.94118840305555
2008-03-21,-1.692074549504949,0.009457701226095312,514.9944952391486,245.51691172284714,155.19133191831037,195.58851200814087,382.96815177281957
2008-03-22,-4.6066169353158815,0.0,521.5642799046144,245.51691137504503,155.19133191831037,195.5885114841422,382.96815126312254
2008-03-23,-4.694670278926998,0.02962639637781299,626.3994940621773,245.54653352846188,155.19133191831037,195.5885114841422,383.0560596871314
2008-03-24,1.2972235673205996,0.11984191784063475,604.0384683308997,245.45423223128975,155.082915758711,195.39738459556924,383.07793491464906
2008-03-25,4.031612907408597,0.0,557.9941299171086,244.12485066501185,153.91429261240944,194.04045939851852,381.6199851497759
2008-03-26,4.102729601827164,0.8576918765574709,536.684197179294,242.74075769285847,152.53359373216279,192.64046010608118,380.248457533383
2008-03-27,-3.4451277250026204,1.3636922102435525,437.1985626795176,243.89933418809704,152.46804285279848,193.56257900834882,382.83092708016653
2008-03-28,-4.181402512441549,1.6640100210845843,592.4214365060167,245.56333494036616,153.04733036744378,194.76919991918214,386.0037803756459
2008-03-29,2.2950962629507163,5.046022543784917,440.37827078472645,244.91567297060797,152.40970255869576,194.04871458428806,385.4189889587219
2008-03-30,-0.6005037287280965,13.876763406170255,324.19405825190887,247.11521584081328,151.98800262768265,196.49679728149698,389.91488127377875
2008-03-31,-6.694995621819819,3.957608794492512,377.541044959769,251.07282043650213,154.68089953019833,200.29278398430344,395.2611458367553
2008-04-01,-8.421424966288463,1.994269501994246,601.7129110246368,253.0671117304136,155.495741151093,201.80378400545553,398.88207557733205
2008-04-02,-0.9492439603444307,2.126735460084314,541.3826066706886,255.19388363818896,156.25843679397843,203.50205845565253,402.76005020126667
2008-04-03,-1.7099252519754575,0.27352152969127136,511.5388340319579,255.36382931831557,156.08362414856097,203.57783611757458,403.35850753808154
2008-04-04,-0.795247981516041,0.7221411665739754,608.2333419001695,256.0852006305304,156.0838290695314,203.74451027236086,405.3329070827181
2008-04-05,-0.7498766893080145,2.0689928779735474,471.54686374987176,257.3995101309034,155.54482373232247,204.3927876638741,409.11010834110346
2008-04-06,-2.012076429756731,3.1804316794155487,480.5343586585154,260.2799394570439,156.45016454921785,206.92859423720833,414.2511560295843
2008-04-07,-0.05435591454481483,4.755713873490004,405.5166653449047,262.1113219335608,155.5501883986015,207.49618692522796,419.993656742686
2008-04-08,-1.0789658160729934,1.51579141787413,529.6111696796493,263.54713826778215,155.42878206000552,208.11178976850482,423.75870874230594
2008-04-09,1.6933673110449954,5.294347687013609,338.3527576350759,262.0746252697204,153.6072196435163,206.54157271796865,422.72239796205
2008-04-10,-0.613484491082786,8.854069672899161,292.4230330511913,263.2946446720779,152.07929704136797,205.4389243592807,428.9254016280466
2008-04-11,-2.954849193685908,5.672435115954042,403.10849448384806,267.87566058348136,153.39628825654864,209.8754494022104,436.8185237814247
2008-04-12,-1.53356487619863,0.5648895832591778,658.5036862693923,268.4405633029799,153.39628825654864,209.92682334164243,438.4437387575559
2008-04-13,2.535934359114685,0.0967376335899881,685.9922405404352,268.29730456852025,153.06554083718135,209.59402533889352,438.67143822087496
2008-04-14,6.708574485295621,0.03284593352764057,686.8122688430232,266.6563021424407,151.22185176642597,207.86485121816804,437.3150749511782
2008-04-15,6.660208814448101,0.0,718.9352834737095,265.4504358413276,149.35464106180436,206.49056993735144,436.91902558665265
2008-04-16,-1.918559736315632,0.0,556.2317186699648,265.42033177261544,149.26593765081765,206.4873167131336,436.91902558665265
2008-04-17,-0.5195498941181804,0.0037728360075792093,623.195353359592,265.397980816932,149.19986884217727,206.47584038027586,436.9282641644721
2008-04-18,3.765130946256481,0.0,711.3941703057524,265.06502612943376,148.78792093989844,206.0470569150216,436.7675272701776
2008-04-19,8.698113434385458,0.0,670.9631893344526,262.4842305208864,146.2026378912005,203.3666944769891,434.29036175462113
2008-04-20,4.896430945101362,0.0,659.4882479257269,261.1931416429873,144.24620130548044,201.99090713789676,433.7295045698138
2008-04-21,0.7167496465796314,0.0,665.2363330162239,261.19228251919196,144.24358776814853,201.99090323263832,433.72949555887544
2008-04-22,4.881161755633081,0.0,713.9885607834779,260.71924613067205,143.62220476944105,201.51871148202625,433.3996011887381
2008-04-23,7.675733411806104,0.0,680.224461428283,258.68241934975117,141.64037227268182,199.50896307051732,431.28239844378
2008-04-24,2.861148914679972,2.313706944034429,481.49301223093215,258.04680011854936,139.94223806105703,198.0936969733856,432.45540750032075
2008-04-25,0.8117470117173706,2.4815901051641527,473.95961534145925,258.46477411849236,139.01522120013348,197.43189415617587,435.25542800541876
2008-04-26,0.4551468628382608,0.28033187669228704,506.41326422113497,258.0489981853664,137.92434557605335,196.66715414968564,435.84283900217093
2008-04-27,2.404813531468653,0.0,722.8319852585715,257.99882608936053,137.81196417290357,196.63150633641493,435.8385651664796
2008-04-28,7.58247008590141,0.05318686341227552,715.4777689129626,256.4818155832833,136.23701127152296,195.0909390205789,434.4012808160163
2008-04-29,10.12226666731863,0.0,685.3220541614575,253.54057851051286,133.20658290885117,192.07064094366174,431.6254411539004
2008-04-30,6.899780527023245,4.9163454531888355,515.739717103253,251.330190567127,130.38089661794427,189.6978355213041,430.1741982698055
2008-05-01,-1.6761667462110283,11.25019795473324,232.026475515892,252.43291219206682,129.37354975751046,188.97410777046275,435.1460265476782
2008-05-02,-1.860715815339896,2.856638619429477,409.9552506562661,253.9798329890939,129.06516856799587,189.07682080594952,439.9336596342415
2008-05-03,1.4386066306901593,0.24397529466394666,684.7492801801471,254.19422224623418,129.03558803096752,189.01863781577427,440.65661654604753
2008-05-04,6.792282264108302,0.0,698.0502018158866,252.58885801690505,127.2091175560272,187.27120607609623,439.40750704754396
2008-05-05,10.302146154805833,0.0,703.933085066748,249.72209476375477,124.21679968981998,184.38517973259238,436.6818127754839
2008-05-06,10.785194440802655,0.0,665.7397092853861,246.28069957763952,120.62734483528686,180.9772113413877,433.35079457104376
2008-05-07,9.740993820150301,5.195194327214018,517.0834894799287,243.15677534302796,117.29535382165173,177.79500994803308,430.4869246136808
2008-05-08,6.4385569418305195,3.8957971000988794,355.73108552368564,239.99320275388567,113.59325891536022,174.45735572211677,428.0196087334337
2008-05-09,6.501591512510438,4.465568822754586,485.48533147844944,237.45270297784623,110.55772763903691,171.7713778796873,426.10463416205
2008-05-10,4.031482503793794,2.905930934640193,439.81573641106326,236.0022602738853,108.01690672893017,169.7760795823831,426.255761403056
2008-05-11,7.930267157344068,1.140301614545705,678.4513837684593,234.53190820259923,106.12935620301059,168.08039725625295,425.4150081629887
2008-05-12,4.969534018392396,8.166408482552097,406.0372785668409,232.49899375848747,103.58150644284682,166.01063713542825,423.9186238580629
2008-05-13,4.392118520698125,1.9394117653604284,454.6756599555938,230.6131650307692,101.21193556692803,164.0029294312864,422.6238331391781
2008-05-14,4.6125900621220115,2.471210979506339,437.32159650882966,228.70792779178356,98.92076297173026,161.96037377240614,421.23009745494113
2008-05-15,6.2982330365026655,0.9573558569276651,451.30890685497366,225.88034174673206,95.56966940148645,159.1019305305848,418.9413907704153
2008-05-16,10.498524118268316,0.0,619.8392916664358,222.26886415572926,91.46612964128832,155.48102804596274,415.81690249596613
2008-05-17,12.263784555663356,0.0,677.4096760383616,218.583042009039,87.44764171271284,151.9334478310739,412.3161272079416
2008-05-18,13.898243361212838,0.0,680.4208084836482,214.40047440218575,83.01764401705476,147.97675929244033,408.148497361024
2008-05-19,15.244444560350159,0.0,655.4684500448612,209.56037772094035,77.95893944284472,143.36489565882553,403.2930167481509
2008-05-20,15.515350396008364,0.003918298634439278,667.605485205198,204.78803365555532,73.01021981987313,138.81323563947365,398.471825189551
2008-05-21,12.628338308604677,2.4480557652624872,579.3933145765764,200.7115341193715,68.6730293186034,134.85358949611455,394.531840027305
2008-05-22,5.452988371847967,6.196747387353335,283.3807360207308,197.88450964217324,65.5182034364403,131.95785016776796,392.09149047318
2008-05-23,6.0545563547540215,5.293333859569227,406.34678178242376,195.54762872520976,62.97905988476889,129.62301372818698,389.9488857710076
2008-05-24,5.988596493601113,2.282132811485092,424.2940095186789,193.1140351050754,60.29501869513097,127.15603267479908,387.7916642478326
2008-05-25,8.023497423079052,0.11425995157037035,628.3062862511864,190.83721480892842,57.988061177324546,124.89104533027205,385.53229670364783
2008-05-26,9.40436354249707,0.3818102781224256,625.3409372043927,188.1770632782248,55.4108421108489,122.27858010978474,382.7441051482087
2008-05-27,8.73263285104365,0.12463093344108432,664.7838167817522,186.02247298897456,53.38958819927354,120.14082823292657,380.44331051369034
2008-05-28,12.452186430149526,0.0,629.3351186059854,182.25183828140234,49.93712734056004,116.52202011022295,376.2124775086496
2008-05-29,11.084920260911604,0.0,576.2463526439728,178.64588533415397,46.41439659891692,112.91220721119282,372.5295982968301
2008-05-30,9.908212610224176,0.0,633.9525982874368,175.9202292292939,43.86516455825429,110.18978032357454,369.6294864950592
2008-05-31,11.846439887343482,0.0,671.9445525412508,172.9951895612845,41.36135154519648,107.32455616450547,366.23596723676377
2008-06-01,14.715554606462085,0.0,670.2568924804966,169.28617999389044,38.2901168968137,103.62454710461093,361.8989637223944
2008-06-02,14.928309659690484,0.0,610.7357508256845,165.23179392362383,35.04979722981883,99.46829125230128,357.15602133048543
2008-06-03,12.090737978121439,5.183353854148171,433.40623050868254,161.75401572418204,32.426416329396396,95.82883967626462,353.01017000497507
2008-06-04,6.856379840159943,10.677923331376231,234.35620802500864,158.8567795142328,30.34279432496065,92.67261581545954,349.5814731237444
2008-06-05,7.635503057478414,7.005862107116958,295.05522699673065,156.0446091750393,28.468674674622406,89.60852579686932,346.1100177089916
2008-06-06,10.043615161639055,0.5810814179279442,564.0558260656371,153.41314377999007,26.758548532854512,86.70137679181796,342.8591814271928
2008-06-07,6.094809851169377,1.511224985119528,353.17389234398064,151.12834775194278,25.345803697665776,84.15434462855305,339.98944514911665
2008-06-08,7.157454594353772,0.0,539.661485866401,149.16536688479596,24.162013522081832,81.92441440565531,337.53635316986373
2008-06-09,8.634144180094708,0.0,658.4373764706219,147.5989129776258,23.28385611089698,80.18947619355218,335.4698333480808
2008-06-10,12.456575837592728,1.2972786977960553,645.6072644089754,145.68759828067556,22.208150358986202,78.00975835494144,333.0150978979134
2008-06-11,5.28461329723913,2.947000869327932,444.4005765082877,144.34777351297015,21.444199851851234,76.39282150606604,331.3926324165731
2008-06-12,6.684511994435156,0.004710543864274302,605.4396960603459,143.05424564635328,20.78613121363878,74.94034259335702,329.6408168358705
2008-06-13,9.561730770679013,0.0,667.6862607034378,141.5101635598051,20.05728619837098,73.26906766491675,327.43229092583755
2008-06-14,13.817840275136827,0.21552273369438704,665.1918450663733,138.9775092932935,18.957147941914528,70.61877764747517,323.6265371932841
2008-06-15,16.176052947858235,0.0,654.3633088916847,135.78165351048298,17.63218406188823,67.23303493174272,318.8041365185973
2008-06-16,16.95974042783102,0.0,638.204774493483,132.32045061356843,16.3311249449994,63.60588017177021,313.411778066496
2008-06-17,17.252026832781908,0.011272549701860068,626.0832841120779,128.819157900537,15.109915549292808,59.94847351431403,307.85310828045147
2008-06-18,17.782324748798928,0.0,601.2895425710665,125.19882375958424,13.918017648521968,56.17392474309765,302.02951302210704
2008-06-19,15.735307294117401,0.0,574.3217668210299,122.0289934794132,12.933050295584264,52.830427476385346,296.9122274368744
2008-06-20,14.420681083317739,0.0,621.8549146205473,119.42840585487984,12.194558413131816,50.20906093445886,292.5250207044842
2008-06-21,15.742927339760547,0.0,635.04852160989,116.72273714627983,11.465976496968391,47.507273917592784,287.8965351488322
2008-06-22,17.88806931458062,0.09526771979446262,602.4681948047094,113.5224286574978,10.61617310429195,44.31176589829815,282.4100565502364
2008-06-23,16.852614329467922,0.01903364234556266,560.7347061772036,110.3862372008249,9.871245091620297,41.21896947020457,276.90965392810205
2008-06-24,17.205886088064002,0.051862003456827004,602.8056378938029,107.466007704529,9.178546440173795,38.434127775251056,271.6924081893497
2008-06-25,18.52075497850298,0.0,592.5783067544875,104.35176624905789,8.467521320301941,35.502924832658785,266.0631205251328
2008-06-26,18.44326472748811,0.0,573.4045896219276,101.2270191126628,7.786444989803393,32.66281385506957,260.28276288399695
2008-06-27,17.74378489064956,0.0,575.8739900181515,98.34057048501772,7.164612598580341,30.113237029002743,254.86241051985692
2008-06-28,16.700840591019386,0.0,555.0669272867531,95.67761211550655,6.616736217855923,27.853209567969877,249.7448200709191
2008-06-29,17.462189828075164,0.0,597.2070818269048,93.10489000764306,6.099864130979218,25.743344928548193,244.71520533124442
2008-06-30,19.041342218723422,0.0,594.3596546781803,90.23800768170355,5.493694795101501,23.526159530281976,239.00630070309904
2008-07-01,18.616283414014152,0.17189228193630798,572.1497551591243,87.4584684632598,4.894981197408693,21.4695473098887,233.38926215110556
2008-07-02,18.892698163363676,0.4111977616643377,557.8240453149443,84.76725709399747,4.320719730668641,19.552079909389207,227.87188094135544
2008-07-03,18.430067470960495,0.004977865469261399,579.3993963185616,82.23301679565806,3.810517440315744,17.86970876393819,222.52375453655134
2008-07-04,20.29572551968195,0.0,579.0429591575613,79.45022452736136,3.263374720114524,16.10018218699611,216.5607646252135
2008-07-05,20.232262788560238,0.0,504.0643759845357,76.5928593785753,2.727962161591279,14.376521361950797,210.31935154485237
2008-07-06,18.027604615050777,0.22436991960025207,444.6983229188395,73.97754726613468,2.2752783356035735,12.83193518019391,204.5374241110274
2008-07-07,17.68125151542078,0.0,486.8446673919456,71.61441213509926,1.8866684078557563,11.495780826367616,199.23386195702707
2008-07-08,18.077690924131826,0.0,549.125397995716,69.47429464794766,1.540832139108753,10.337893127063305,194.37288064366726
2008-07-09,19.15364688532218,0.0,549.2421757599832,67.22278320144066,1.2165330221453448,9.171254079024795,189.16914199932776
2008-07-10,19.357006867577223,0.0,555.04569545751,65.00720560696513,0.9285387437527722,8.055225476611488,183.98634361019572
2008-07-11,18.882981913091587,0.0,557.4905792398921,62.91332766630551,0.6938587656840952,7.046819800634589,179.00565463263035
2008-07-12,16.482045614869378,0.0,549.5563232950383,61.17297060871313,0.5404712906691945,6.276895060856492,174.75741181191097
2008-07-13,17.707421019821652,0.0,586.4301087998585,59.44965177436393,0.3846900709801172,5.491266594423345,170.57771360291443
2008-07-14,18.57133756297467,0.0,528.2469679476317,57.598629280849885,0.2422386524122199,4.685326533141471,166.0263487652534
2008-07-15,18.036578709264695,0.0,556.3903177352122,55.891407721558274,0.14698074103508502,3.9986046554617767,161.7370619553919
2008-07-16,18.8414165904493,0.0,530.0696134017193,54.09164864818625,0.07401323578865616,3.3101745220197447,157.1532237715349
2008-07-17,18.37653295784243,0.056046877765547995,454.07314641817516,52.31263607198116,0.03144055208915031,2.69857222895139,152.52485073649677
2008-07-18,18.995879698344567,0.0,530.6845138857849,50.67560466821519,0.01157493326361548,2.2090734399031278,148.17404481485994
2008-07-19,20.10357896889915,0.00711689777024826,560.5724603806534,49.06691316071601,0.004104493706141758,1.7842823310707552,143.83079357004632
2008-07-20,21.10856721404619,0.0,544.634006739923,47.324715881086384,0.001602909326681825,1.396710628946912,139.04940992799771
2008-07-21,21.000062262220798,0.09360814360008432,493.64531445141273,45.64281541784629,0.0,1.0776099097869685,134.37782434435525
2008-07-22,20.793175057292572,1.086440796798691,466.08248807339555,44.057749173987276,0.0,0.8241314520242825,129.92662417579348
2008-07-23,19.865057019332088,0.610792351538197,463.45893636424415,42.53915183743643,0.0,0.6316785027639853,125.61183459209936
2008-07-24,20.319615738420985,0.1580497648880025,516.191750413391,41.168655383317954,0.0,0.4842753492040529,121.69164021317167
2008-07-25,21.20573631621237,0.0,529.8161574173308,39.73547425267625,0.0,0.36364312037021446,117.55872678929477
2008-07-26,21.299231605602117,0.013731052542750498,499.9941062745918,38.33696742366138,0.0,0.26543956790631384,113.5063519866459
2008-07-27,20.96390766211305,0.05093193617808339,495.75158980912306,36.97724075007412,0.0,0.19316552586188954,109.54321001597755
2008-07-28,17.616284373780363,1.2083965580165865,323.4853087925036,35.81802260073529,0.0,0.1387774803000568,106.15727529102641
2008-07-29,19.011987111555445,0.0,524.5865015016548,34.75396524795061,0.0,0.10122405466202809,103.0369600635907
2008-07-30,19.72324435236532,0.004710543864274302,539.4564641906392,33.703737238876826,0.0,0.07292140186810553,99.94846197710905
2008-07-31,20.81803636784824,0.0,545.3211041668917,32.58834502020576,0.0,0.04906599152093192,96.66214460469884
2008-08-01,21.600641616718814,0.0,550.0815262762527,31.437390904447962,0.0,0.03216615451139517,93.26335652004262
2008-08-02,21.230924707301362,0.08298112306038992,470.7949537864533,30.279926437738307,0.0,0.019295238849287195,89.84123084250355
2008-08-03,21.331687040758162,0.0966326406746983,482.8530598088784,29.184461906093958,0.0,0.010747500858132942,86.59878928570409
2008-08-04,21.039956387086388,0.0,505.91949247013827,28.145811096249545,0.0,0.00720847609635606,83.51995741814478
2008-08-05,20.643648951874642,0.0,507.6936779340122,27.19174275965337,0.0,0.0047923958198462695,80.69101776500942
2008-08-06,18.34584452750508,5.550887306472693,316.2496572037823,26.3029322105947,0.0,0.0035708361264309295,78.05454989987224
2008-08-07,18.614340966866603,1.950617444245823,333.1991888332155,25.415833243973825,0.0,0.002344504316150447,75.42316618435959
2008-08-08,18.168544982291397,5.628371184033564,276.328692574739,24.61290761984251,0.0,0.0011340784465420535,73.04156431259948
2008-08-09,18.452260878589165,3.711345526413305,345.23906950370684,23.847635408627646,0.0,0.0,70.77162877393128
2008-08-10,16.90145128520041,2.753076123650792,364.4129408839031,23.22337321846043,0.0,0.0,68.91903201860971
2008-08-11,16.31766683337724,0.2040069621997759,499.57478827635254,22.656111656139487,0.0,0.0,67.23559363914782
2008-08-12,16.3829719183906,0.0,522.1197545546148,22.097978029166203,0.0,0.0,65.57924385110509
2008-08-13,17.147088700747407,0.0,513.2143461747495,21.5114699670233,0.0,0.0,63.83868844023702
2008-08-14,16.16815506616137,0.0,492.27687601686205,20.967562474374365,0.0,0.0,62.22455695518489
2008-08-15,11.376267431163999,1.5495884689944168,315.4763904430269,20.568439204987683,0.0,0.0,61.040095545402814
2008-08-16,10.683857616616965,0.9927740889891732,399.8676583188955,20.2111619852852,0.0,0.0,59.97981890459931
2008-08-17,12.29741277806516,0.10283248142812072,500.6749526234005,19.85036708479283,0.0,0.0,58.909102989849295
2008-08-18,15.435181290987979,0.0,532.0363924184371,19.40304117084811,0.0,0.0,57.58159261071955
2008-08-19,17.817223116021204,0.0,537.0093400111414,18.869387734049543,0.0,0.0,55.997891657736304
2008-08-20,18.644612395174875,0.10402615850641603,497.7677638428812,18.283219769606212,0.0,0.0,54.25834554056671
2008-08-21,18.793130642949933,0.0,523.3091379113237,17.749704311986573,0.0,0.0,52.675054062613675
2008-08-22,18.543121157802975,0.0,480.6211056663324,17.182920271828372,0.0,0.0,50.993032805673735
2008-08-23,19.256743897000316,0.0,513.9950592127403,16.606294608571506,0.0,0.0,49.28180497606791
2008-08-24,20.720262718474345,0.2524550299928711,482.44189598038326,16.030417993320548,0.0,0.0,47.57280006485629
2008-08-25,19.746648232496838,0.33198584967914974,478.6072098800958,15.500549097404434,0.0,0.0,46.00033033533915
2008-08-26,18.678853570221886,0.0,479.6812257918536,15.023507360136401,0.0,0.0,44.584633551942744
2008-08-27,16.459946383078016,0.0,504.07989946521997,14.601459769815651,0.0,0.0,43.33214059508102
2008-08-28,16.39623234764245,0.0,503.58703940069165,14.211795477673917,0.0,0.0,42.17575019589139
2008-08-29,17.362031249301022,0.0,515.312098831141,13.789455546629853,0.0,0.0,40.92238967170941
2008-08-30,18.198189983743628,0.0,509.36140310538957,13.323991693672525,0.0,0.0,39.54105209065675
2008-08-31,14.705099578138366,5.598829320041747,255.18443696892038,12.86588257637308,0.0,0.0,38.181540850572105
2008-09-01,9.897368283040771,13.722388424687386,281.2722835133944,12.69280084566457,0.0,0.0,37.66789344765933
2008-09-02,8.31354815470383,0.11445052974916463,462.770216941743,12.563289033751298,0.0,0.0,37.283546667883876
2008-09-03,11.051527538648914,0.0,481.69462285525503,12.316256581208746,0.0,0.0,36.55043880511732
2008-09-04,10.758645086840959,0.029910250832961324,474.50592963110074,12.104028905630194,0.0,0.0,35.920619621192444
2008-09-05,10.480559039901925,0.0,454.0559173899883,11.884389526548384,0.0,0.0,35.26880503521085
2008-09-06,11.36289803007208,0.0,461.6367500838067,11.650849419297975,0.0,0.0,34.57573784045785
2008-09-07,12.827288370274982,0.0,488.2962811997649,11.394864448905407,0.0,0.0,33.81606196543275
2008-09-08,12.134534309136983,0.0,474.2784185067928,11.143133461207524,0.0,0.0,33.06901045667796
2008-09-09,14.66868048939087,0.5461372974633746,448.72160940578493,10.838086708792781,0.0,0.0,32.16373598603676
2008-09-10,12.261666632185296,5.923541357757725,274.1297932327926,10.557813362758928,0.0,0.0,31.331980515909134
2008-09-11,9.515062972570693,8.824728390520326,178.39754641085938,10.326781759677866,0.0,0.0,30.646357703913946
2008-09-12,8.436284270755861,3.482114661909527,213.85018451527608,10.138485476264718,0.0,0.0,30.08755871018205
2008-09-13,10.98002404295386,0.0,442.4336873224136,9.944128407840946,0.0,0.0,29.510773378622495
2008-09-14,10.559942666488816,0.0,436.41364702101913,9.735591305507457,0.0,0.0,28.89190655434198
2008-09-15,13.017398295119778,0.004710543864274302,445.14822796589004,9.496460065193588,0.0,0.0,28.182246788174123
2008-09-16,14.015682954969552,0.0,449.6125327113946,9.237312552269534,0.0,0.0,27.41318556813746
2008-09-17,14.43387559514097,0.12909932248193715,440.0003203032138,8.963151650701883,0.0,0.0,26.59956974344012
2008-09-18,13.673398853409832,0.30805496858897136,400.54572007880705,8.718356529664982,0.0,0.0,25.873101515675053
2008-09-19,13.213464038315932,0.0,425.3699716147848,8.495077622712488,0.0,0.0,25.210486055268685
2008-09-20,13.136089486730778,5.155446074723466,306.4098582059558,8.2657841117147,0.0,0.0,24.53002130635123
2008-09-21,13.22906854708346,1.6583025904775863,330.2975077888034,8.013813127588486,0.0,0.0,23.782257570248024
2008-09-22,11.121864952911757,4.264191174107423,312.7593956004023,7.856427860769027,0.0,0.0,23.315191905792112
2008-09-23,8.470648349476757,0.0,401.80842861701774,7.722274588434405,0.0,0.0,22.917070858325953
2008-09-24,11.687326348262108,0.004710543864274302,440.66129595467766,7.544972542128919,0.0,0.0,22.390899001578653
2008-09-25,14.36482583877163,0.0,432.9952409572191,7.3170581094625975,0.0,0.0,21.71452688566453
2008-09-26,15.22602759386592,0.0,400.3903249354153,7.052639113525524,0.0,0.0,20.929821706279572
2008-09-27,14.409553153521118,0.0,412.30264478134154,6.811847186063917,0.0,0.0,20.215233588419174
2008-09-28,14.467718709132953,0.01140012822735157,402.5016552871167,6.588859146814098,0.0,0.0,19.553481323911406
2008-09-29,13.925140881643934,0.0,413.1053288099246,6.369497766375646,0.0,0.0,18.90249174286008
2008-09-30,14.196427754473719,0.0,412.5020061134216,6.156391803454988,0.0,0.0,18.270066102376006
2008-10-01,14.013019373375146,0.0,397.88964063081914,5.942822149583623,0.0,0.0,17.636264385678636
2008-10-02,13.281289376720677,0.0,385.71609830838224,5.749288736230039,0.0,0.0,17.061923380773116
2008-10-03,12.487482361850162,0.0,335.32372589867146,5.568483957567593,0.0,0.0,16.525356611917612
2008-10-04,9.92031597883077,4.771771846978397,177.56841555705554,5.415312351647513,0.0,0.0,16.070795652428902
2008-10-05,6.894347644767094,7.216353784001508,141.43595648301044,5.305761720442559,0.0,0.0,15.745686832592536
2008-10-06,5.866888241490945,0.0,286.81918026711264,5.22960841121589,0.0,0.0,15.519689846386246
2008-10-07,7.5889539053749475,0.0,374.8367509150074,5.150502421206908,0.0,0.0,15.284930313091612
2008-10-08,9.769365454546053,0.0,379.32635859395253,5.0233525086838675,0.0,0.0,14.90759284321135
2008-10-09,10.24649604257541,0.2372880995051573,376.8178955572071,4.895425168460638,0.0,0.0,14.527948233706825
2008-10-10,6.367286366246203,2.553677575086183,221.4342346977697,4.7591245119678085,0.0,0.0,14.123454484214838
2008-10-11,5.723097430845714,4.327520685883666,263.70220678831987,4.67187941820978,0.0,0.0,13.864540873620296
2008-10-12,-0.42343269707977976,0.14295363618388898,244.88071393188787,4.701099167151679,0.0,0.0,13.95125509872269
2008-10-13,-1.4016195450139612,0.0,307.81049529018816,4.701099167151679,0.0,0.0,13.95125509872269
2008-10-14,1.4748153658002339,0.0,368.53945580233534,4.699421201230915,0.0,0.0,13.946275469539133
2008-10-15,4.3425918506778265,0.0,356.760209957186,4.6519539326904376,0.0,0.0,13.805408844798475
2008-10-16,6.764743860137127,0.0,334.3196616266027,4.553976063248297,0.0,0.0,13.51464402533502
2008-10-17,8.166220196332263,0.0,355.08437475453786,4.4631715719633895,0.0,0.0,13.245167339780856
2008-10-18,9.785345062977255,0.0,344.343408892874,4.340868128713566,0.0,0.0,12.882212533774444
2008-10-19,9.347759507906218,0.0,334.73551481184677,4.220504198320911,0.0,0.0,12.52501353884019
2008-10-20,7.65154187718657,1.0512696916823308,268.7491159801457,4.120159328311952,0.0,0.0,12.227224270933435
2008-10-21,3.2530947626050954,4.10815997950558,228.34742516476766,4.658103461911633,0.0,0.0,13.82365854510291
2008-10-22,-1.630392443968043,0.6610330568622154,239.3412426988025,5.299173611839814,0.0014770948355328853,0.2857675851611777,15.439773022490252
2008-10-23,0.4584593844443102,0.4294631518670618,355.9548900923514,5.728627282245989,0.4697226956972382,0.5780432958164115,15.968350879897681
2008-10-24,3.9298838991591287,0.0,334.1318290440777,5.408927318159833,0.22516709578252173,0.34983376926831145,15.484494397773881
2008-10-25,7.069387874923343,0.0,327.80824341678334,4.958744297657986,0.010306984789258414,0.10594805598381518,14.600216760746335
2008-10-26,6.408488367729826,0.0,304.01718672462226,4.734382337748716,5.130617161590231E-4,0.039924968664539214,14.009722401377854
2008-10-27,6.822361922420403,0.0,350.54624909841766,4.591639103313688,1.3071635475666235E-5,0.017642633786751894,13.60881150944443
2008-10-28,8.497180534741567,0.0,335.56800490487706,4.388611553850648,0.0,0.0020184369257200624,13.02188618377765
2008-10-29,9.084710174480934,0.0,330.14923989540125,4.2558502164754834,0.0,0.0,12.629908436493944
2008-10-30,8.423904327173743,0.0,325.3066215954808,4.147119799773166,0.0,0.0,12.3072337328834
2008-10-31,9.37134967342138,0.0,306.21301714735625,4.028565933353622,0.0,0.0,11.955406388989894
2008-11-01,9.527854827244559,0.0189648349124746,282.81043762211084,3.9072251340673008,0.0,0.0,11.595308381154835
2008-11-02,8.466909834107408,6.089060928616541,215.11318657713161,3.8089388805287028,0.0,0.0,11.303628383124606
2008-11-03,4.735500164308854,0.7444009090563194,199.85142159028698,3.7426025577480515,0.0,0.0,11.106764856422018
2008-11-04,3.6010610851546714,7.476267871668267,183.16407074785326,4.420263429597494,0.0,0.0,13.11783064283523
2008-11-05,-4.464693017938127,2.698688854986981,120.1611746254455,6.9417706501606125,0.4436725590542354,1.3285555234962605,18.84552013954856
2008-11-06,-5.970888733810433,0.1023230949717697,225.40381989912683,7.044092592912459,0.4436725590542354,1.3318957263839952,19.145846283556036
2008-11-07,-4.919966221205218,0.8500198797593977,252.39438918949375,7.894108117462004,0.4443637217559678,1.452909688796919,21.54707211248492
2008-11-08,2.0497690093244896,0.0,210.20366491844976,7.186632522549991,0.17720563026504207,0.8842453453974044,20.273823582522613
2008-11-09,3.3681052873332287,1.3605710312449084,223.8005239555109,6.641737508452045,0.07636613017975434,0.4433006009137873,19.1942862164759
2008-11-10,1.4787150195675085,5.364065413828843,120.17766977607145,6.286052333398626,0.011869045268470083,0.15620697653766058,18.487585683032112
2008-11-11,1.2943695912462314,4.116107125811286,97.82733764788559,6.01944653322912,6.699213333452814E-5,0.03508962717361256,17.828607693464846
2008-11-12,1.2097627167613383,4.41871307109282,105.57979330858326,5.8019183558896685,0.0,0.004332720369723248,17.213790094254875
2008-11-13,4.099931547053518,0.9427349328013818,169.99678698677678,5.623173599401166,0.0,8.954925029653675E-4,16.6867639070193
2008-11-14,-2.4246395604306583,0.0,197.69029855368828,5.623173599401166,0.0,8.954925029653675E-4,16.6867639070193
2008-11-15,-1.2186789236376798,0.0,288.4679710449772,5.623173599401166,0.0,8.954925029653675E-4,16.6867639070193
2008-11-16,3.6451416184849426,0.0,279.5984448089412,5.544890571336096,0.0,7.777900930103536E-4,16.454564000387148
2008-11-17,5.727126969930133,0.0,274.1692424960936,5.356630424982795,0.0,2.1790847857400765E-4,15.896430487536371
2008-11-18,6.715667409227722,0.0,272.8392493050243,5.120605560378986,0.0,0.0,15.19620665140505
2008-11-19,5.238159965190636,0.0,269.23732111628107,4.962890920353106,0.0,0.0,14.72816351987983
2008-11-20,0.4085695833865458,0.0,208.43415051943086,4.932795056458563,0.0,0.0,14.63884928512745
2008-11-21,-0.7451316257642054,0.0,230.10478148424545,4.932791414328922,0.0,0.0,14.638838476531859
2008-11-22,0.8149282673688575,0.0,272.25047577852496,4.9326260888196005,0.0,0.0,14.638347846942297
2008-11-23,-0.24082757479864886,0.0,229.3937679171924,4.931127455446279,0.0,0.0,14.633900415448668
2008-11-24,-0.24684606093625683,0.0,274.9522227506916,4.931127455446279,0.0,0.0,14.633900415448668
2008-11-25,1.3163208480573945,0.0,255.7535063928986,4.906239337400586,0.0,0.0,14.560040989932027
2008-11-26,2.0128647636971406,1.2323077965892228,242.55057967644228,5.3364627224649155,0.07757631359563387,0.2397379542980781,15.522467527809779
2008-11-27,0.9209263935868262,1.4637467629223084,153.80220523478079,5.057009319466493,0.01915003622343807,0.12812240046036202,14.861141480724928
2008-11-28,-0.5623029432828103,2.3668302907819654,158.59452239755197,5.8175859347857415,0.009243280413165217,0.08077883179378699,17.175092895865415
2008-11-29,-0.29011142535072615,3.0908847334042058,155.4908698040434,6.900523285191997,0.004187825279125246,0.048725607951148595,20.42574665464941
2008-11-30,-0.9203114945365669,4.273717062816123,90.39287911040624,7.479899071741044,5.784198874503996E-4,0.019237978392495133,22.17804026106695
2008-12-01,1.3570013235883982,0.4743717388856115,213.83530933579252,7.509532416765435,0.0,0.007491598064570569,22.27825521460426
2008-12-02,2.7350831996206386,0.7392587806028706,227.8754753669859,7.470749131938271,0.0,0.0021234147168724534,22.168512113111056
2008-12-03,-0.8783784584176375,2.730680509884502,118.28965900735724,7.732707112589548,0.0,0.009667501698794862,22.938391894340675
2008-12-04,-6.864800520036401,4.261992035180106,178.4894076058791,11.99305817084874,2.8778366242157496,3.692719168479825,29.116206847728566
2008-12-05,-7.414452098983645,0.6801136337677658,269.37506255046895,12.673158560829137,2.8804248081227137,3.7917005148588814,31.033309366491945
2008-12-06,0.23812884913277935,0.0,263.066400206294,12.574640477664499,2.863743767137286,3.7184764762146965,30.830141015140118
2008-12-07,2.9606380675253314,0.0,238.33157205975684,11.443077123464935,1.8207775589603141,2.6123019597321235,29.5872715684749
2008-12-08,-2.974684584484358,3.045109218934872,147.01981175862753,13.602521424139415,2.5909703708335847,4.56232126891149,33.30392396092313
2008-12-09,-7.704359191889038,0.02478208165505141,224.68916733230677,13.627304040330142,2.600341099358464,4.601524117817343,33.32928733558173
2008-12-10,-3.8988151416195094,0.044457508433784765,264.1889663841941,13.671761795361865,2.600341099358464,4.601524117817343,33.461222753132155
2008-12-11,-2.326968513387028,0.0,238.81944491374264,13.671707230427582,2.600341099358464,4.601524117817343,33.46106082306207
2008-12-12,-2.5442611591909805,3.8556710374760006,176.6124276020546,17.230906196829388,6.09609351023322,8.055293528109019,37.18696070589056
2008-12-13,-2.9896198536993874,10.520119471313441,194.88872916081226,27.75007909798735,18.87106232851529,17.400288116718535,46.68740620916192
2008-12-14,-12.419784610354359,4.079452216332763,145.65157708518592,31.829501770871598,22.4313854027333,21.999727546166394,50.7521727228028
2008-12-15,-12.153431347726423,4.593536314543338,192.47754388142334,36.42304139452809,26.2841333514542,26.128638046492622,56.52798504399206
2008-12-16,-9.079673504934222,3.2907824505629852,181.42977988851257,39.71380874299483,28.268904376498828,29.106244390641848,61.39858516825609
2008-12-17,-9.57524856727185,2.1925587389806105,205.28801101246697,41.9063470511778,30.84838664808731,30.495143161345823,64.01683935530994
2008-12-18,-6.363489423058468,8.400010566907001,162.07297054244688,50.306325683691036,37.2042109807389,37.919011547554646,75.37410528944129
2008-12-19,-7.384845950789723,3.2338287797917356,190.96863833497258,53.54018813690762,39.84133670606121,40.68679248112892,79.65186985461996
2008-12-20,-13.733016467535208,1.0849984786094355,200.783195853898,54.62517584489157,40.135932155913345,41.31906665836581,81.95539161561021
2008-12-21,-10.93963163408362,2.345386857014382,246.30620804370767,56.970593119086516,41.084526065200656,43.34204069543082,85.97805274460684
2008-12-22,-5.543985817014821,12.076720796206983,151.56889943650455,68.97519179542125,51.101387420306914,54.81493725868528,100.44207694047948
2008-12-23,-9.934659627949133,2.6983285611854053,186.45259724362361,71.67351760173,53.052670607212306,57.070378831796184,104.3070614950973
2008-12-24,-12.310978774875116,1.9180090332087347,256.57295736102776,73.591432318727,54.19141429448823,58.39690802725459,107.57088402803832
2008-12-25,-5.363589682735238,4.476664439273086,213.11106235243125,78.06812587445481,57.7242337031064,61.66267117850581,114.1710716955902
2008-12-26,-7.431900143030332,8.026272548244417,211.8369315185729,86.09440895587005,64.30749300867726,69.00366657204596,124.28121998030889
2008-12-27,-15.420445930776749,1.9024727579963543,249.94217811288962,87.99688874016286,65.06692725801916,70.07974356724816,128.11710914390025
2008-12-28,-7.384385651602875,1.8922029404479013,251.72167594253696,89.88908793862515,65.98130779473836,71.45951140387893,131.46929971345952
2008-12-29,-2.8662413692735718,0.0,252.5325379799591,89.8272650861548,65.9771657154173,71.40742497293664,131.341784461373
2008-12-30,-3.1147317256590337,0.0,263.53207951508546,89.81721277381656,65.9771657154173,71.40496867598634,131.31440172314635
2009-01-01,-3.010572844122645,0.009837315178383307,232.98811996898334,63.14771233967179,38.30706523659175,47.593822765460956,102.76611099814805
2009-01-02,0.15405068570932326,2.0292628885198365,196.12260793072363,62.705849482046546,38.58709652027566,46.97360729127915,101.80141193699681
2009-01-03,-9.018609243155087,4.591566906487629,242.09470088332912,67.2974106979471,40.98832660146745,50.76648036654197,109.31523726599417
2009-01-04,-18.09856067919203,0.0,303.04924206638276,67.2974106979471,40.98832660146745,50.76648036654197,109.31523726599417
2009-01-05,-15.791212039822403,2.3515701696806053,278.8604103725921,69.64899753697807,41.51450405983844,51.94450310018885,114.6086734855233
2009-01-06,-8.855213432205478,4.940242370483435,229.79115741587478,74.58920856211317,42.309161473141046,55.11915923562331,125.33290295425527
2009-01-07,-2.219449373903652,6.087469175610222,186.04421740426415,78.61621778350013,42.837168967500546,56.893731390285154,135.00184515087895
2009-01-08,0.5564201164134065,1.933893036765928,203.77865032453397,78.61396526349809,42.27400962088225,56.34164249452793,136.0922275400572
2009-01-09,-4.997676207921966,3.543046945183839,202.7899576788385,82.15412356722318,43.901252316042026,58.971991624737775,142.39618730521133
2009-01-10,-8.210402073497036,0.6219342133458153,249.3555443559532,82.77605727193743,43.9139579438642,59.039668905347426,144.16206326120553
2009-01-11,-5.9575647003953565,3.692188156624689,189.4573224561609,86.46824867124172,45.914475410220184,61.47370109418275,150.75064818581333
2009-01-12,-3.7942763389967915,2.5794868297604103,152.54550850873954,88.9487905877947,45.81261214724696,62.38242949605225,157.30485489012938
2009-01-13,-2.2669191630150896,0.27219099594412033,220.47131553227044,89.00227928583314,45.615838960262636,62.051489008116754,157.98454695658063
2009-01-14,-3.329484581374716,0.0,268.27993890204016,88.9512774349975,45.572261392215374,61.94410977129578,157.98255107548204
2009-01-15,-2.8923977189705856,0.0,290.16709703689,88.95126888045063,45.572261392215374,61.94408430959894,157.98255107548204
2009-01-16,-2.927906766052618,0.0,297.70777613995466,88.95008016691209,45.572261392215374,61.94408430959894,157.9790233801015
2009-01-17,-2.9970177331080583,0.0,313.3484547700986,88.95008016691209,45.572261392215374,61.94408430959894,157.9790233801015
2009-01-18,-4.153387283184321,0.0,318.037291184041,88.95008016691209,45.572261392215374,61.94408430959894,157.9790233801015
2009-01-19,-3.308464452456607,0.0,330.0634516984931,88.95007982734091,45.572261392215374,61.94408430959894,157.9790223723703
2009-01-20,-2.526361063075008,0.0,333.69770179355515,88.95005477637243,45.572261392215374,61.94408430959894,157.97894802966042
2009-01-21,-1.6136744516916204,0.0,331.6628561802057,88.89802276934437,45.56426972684414,61.921967403003,157.8543434725954
2009-01-22,-0.1389082587159977,4.452484217320285,236.08366118335576,91.12738880759348,47.86307580434904,63.95225080235431,160.21480985660043
2009-01-23,0.796360677396714,11.602873040229222,106.78687083103438,89.26804159837768,45.86314043390335,62.129379582451335,158.45554759123158
2009-01-24,1.4957256602869813,10.378268484239586,115.01629537434955,87.18634641290446,43.458213936945654,59.994826362146554,156.74028134937961
2009-01-25,-2.30313412133632,12.815632171841608,196.10091347648117,93.47991236486736,49.360695578036946,67.43278379287949,162.27239813143095
2009-01-26,-13.412257808440637,3.885975645492609,251.50903387063693,97.36588407269582,53.01037623221499,70.70581362459407,166.99885525507352
2009-01-27,-15.50847019312882,0.9724171072618207,303.3704977151977,98.33829122452303,53.13350123258437,71.1397903057112,169.33241994957675
2009-01-28,-9.357512635528781,5.568276159303718,233.44462419627777,103.90659914098723,55.155789530557406,75.341949925588,179.70460843666933
2009-01-29,-7.540130161877645,1.6667171146554618,263.9739892957913,105.57329717725277,55.17051636362548,75.7731065344976,184.20661340457508
2009-01-30,-4.692107799323424,0.0,352.1859321384801,105.57329717725277,55.17051636362548,75.7731065344976,184.20661340457508
2009-01-31,-4.4181928876440555,0.2280346066245781,355.16774745160325,105.80132763999016,55.17051636362548,75.77414517714843,184.88229426368795
2009-02-01,-5.193645672091151,0.0,329.4270379273436,105.80132763999016,55.17051636362548,75.77414517714843,184.88229426368795
2009-02-02,-4.4989356497099395,0.046462849356877126,330.1300429572886,105.84779052479828,55.17051636362548,75.77414517714843,185.0201802208934
2009-02-03,-2.251745947668534,0.0,348.51948029296784,105.84778925271344,55.17051636362548,75.77414517714843,185.02017644578046
2009-02-04,-1.7961720906774845,0.0,385.27353071875655,105.84769733693807,55.17051636362548,75.77413722379886,185.0199116011913
2009-02-05,-0.48855294443987074,0.06440213864867449,378.2362061502103,105.8129796248576,55.13889445666075,75.69327285533484,185.02820034498322
2009-02-06,-0.3360365658470298,1.1101167813414317,288.8938443836493,105.4280277322197,54.84977910495594,75.32137763529092,184.5372118260375
2009-02-07,0.5541424341959775,0.08833098294402865,331.22760981367827,104.96785762708593,54.224702970385245,74.8629208538194,184.23539005895935
2009-02-08,1.7653970559544063,4.056585797660686,292.0620674928023,104.51166414630174,53.58534972805989,74.30391725843204,184.05947853729924
2009-02-09,-2.434616951585714,5.692869158364157,190.237194491938,106.1571256361185,52.87337576958487,74.2092596209537,189.7280624343985
2009-02-10,-5.271893340772282,0.2248525209433447,298.08310207610515,106.38200611013653,52.91949904273693,74.35459088501666,190.20575913585893
2009-02-11,-6.107130482244042,2.2231323716252267,253.88353298943878,108.60511159491921,54.0547280801957,76.21380030758782,193.84757793522402
2009-02-12,-5.31379703698069,1.2394810070932458,336.697569008211,109.84457184948472,54.630420885966934,77.21557907704089,195.96827013525055
2009-02-13,-7.15167855723761,0.4513540984216433,350.8280120123329,110.29592619658996,54.74777966148195,77.58493397569848,196.82555702893936
2009-02-14,-5.923939067472947,5.375099039012325,247.81966562506324,115.67103218227653,58.75083725682146,82.54973374143356,203.94146557077858
2009-02-15,-7.45662785336152,0.23964384329831973,422.1731607937951,115.91066605690291,58.78876297788693,82.66755541901884,204.49833065753214
2009-02-16,-3.7402977168216105,0.7026071234066797,396.0541592228891,116.61326305532029,59.11131374421183,83.28906227643562,205.65065001125356
2009-02-17,-2.567359436672611,9.789979195106339,206.47330046720768,119.55842526871237,60.150312736739814,85.18072599846847,211.49632747631827
2009-02-18,-3.755661376691932,3.7745198098221535,222.4640584897636,122.9560493974659,60.7895438315736,87.17858219513101,218.96688831414966
2009-02-19,-5.278248927518637,0.4604206266606585,396.0911934530699,123.4164390322282,60.82998910732927,87.37245962234842,220.10060302519256
2009-02-20,-5.1803856002070345,0.26012902596615345,450.31185724105217,123.67656043177757,60.82998910732927,87.38358249092147,220.8614641832289
2009-02-21,-4.674845470195992,0.2518774176008002,466.2400626516231,123.92845067005486,61.2732123214146,87.66659310851156,220.89661893424406
2009-02-22,-0.6195165823038336,0.7047595274801146,435.54412569642335,124.54302917989013,61.56068369759609,88.00125576516473,222.10777966966884
2009-02-23,1.3584703846221156,3.9494922232355143,230.46659658129127,123.02200001465467,60.1673720169424,86.55354086342606,220.38968971473858
2009-02-24,3.2111984149063364,0.7945148855709494,315.63606556579816,121.00934744210757,58.15255513993322,84.51478852225672,218.40516097043732
2009-02-25,3.959293517853524,0.5101598682181194,399.84006297780155,119.33800701175092,56.379495668114856,82.72172184392159,216.9539173258246
2009-02-26,1.3352215026724956,0.963377877802854,321.7102440097489,118.1772505099494,54.970775352175764,81.33167629882345,216.26244887238215
2009-02-27,-5.294148907314914,0.5666215235714887,369.6287912656488,118.74385846075708,55.00665537432321,81.6060374115277,217.63556675679592
2009-02-28,-5.589917185096211,0.0905089945165016,497.20579260357687,118.83437040345986,55.00665537432321,81.6060374115277,217.90417525817588
2009-03-01,0.9755293701138809,0.28180946290379766,493.449542600402,119.0683254189058,54.98449405121704,81.5673570642251,218.65855020910828
2009-03-02,6.038503735289707,0.0,445.921619648182,116.80350519533971,52.75328870042342,79.26428905621033,216.3992391589296
2009-03-03,7.22198192271264,0.0,387.2454888518333,113.49765612813164,49.389689884088845,75.99011935918972,213.1178551966319
2009-03-04,5.737635537188816,0.4022610028393997,413.45324839686896,111.03965311696818,46.71648559958858,73.56603237229625,210.83490854352408
2009-03-05,-1.7211163629701567,1.8713610665060147,339.107399905738,111.75651412929294,46.305236277059976,74.30832858890578,212.62134496389243
2009-03-06,-2.2130375358224352,2.0626692345225464,336.6733436531916,113.45922649426457,47.12068320509844,76.16989090227602,215.02684718046245
2009-03-07,-2.9623413519676767,2.172639446592787,343.6973846336937,115.51214206823073,48.216144591879385,77.81874705117663,218.41193462895487
2009-03-08,-1.9558495759134606,0.3479325575248879,505.874473023086,115.86009129342288,48.22430946506355,77.89854768416413,219.3570377730337
2009-03-09,-1.3410026926476322,5.78450775889521,391.6071046202746,121.64209799112419,53.81160306979306,83.0744712914098,225.93233595398144
2009-03-10,-7.739039787619702,1.8707689860894041,397.6965876154495,123.5129053342607,54.66346848376971,84.62407765647053,229.11237947259588
2009-03-11,-4.441714431205615,0.13280008044021596,552.8574467170694,123.64570685972984,54.66346848376971,84.62407765647053,229.50648899750516
2009-03-12,-2.102855304089039,0.0,533.0600116353432,123.64570685972984,54.66346848376971,84.62407765647053,229.50648899750516
2009-03-13,-2.06887989266192,0.0,547.9340373243789,123.64570685972984,54.66346848376971,84.62407765647053,229.50648899750516
2009-03-14,-0.023463657874997264,0.0,549.3202428323281,123.64570685972984,54.66346848376971,84.62407765647053,229.50648899750516
2009-03-15,1.772930247081637,0.0,518.4465014274989,123.34951316436165,54.25842128911129,84.34096913986458,229.3029009679837
2009-03-16,5.091586669392971,0.0,527.8438068117094,122.11002277466277,53.00598937615603,83.05942812813699,228.11789873929806
2009-03-17,6.3402296232927,0.0,513.4556773057693,120.15643750437685,51.07402269190245,81.05183874989991,226.19717623496254
2009-03-18,5.2470903864746345,0.0,510.05006227462667,118.55316961071817,49.20317796268328,79.48522919818284,224.8170657826427
2009-03-19,5.391423940309459,0.0,546.5415512181141,117.41441877700815,47.911548983466844,78.39047867685414,223.78282622489618
2009-03-20,8.211216487236843,0.0,522.286678977623,114.87469631846436,45.3098567315231,75.86472252223474,221.2893258975329
2009-03-21,8.715798527260661,0.0,526.6008961506359,112.19888225485171,42.42612981052592,73.28105533618015,218.7234341525873
2009-03-22,6.929374265812474,2.3742350774008565,454.15923729576645,109.90497086165125,39.65582253326006,70.8945382541909,216.9842431611421
2009-03-23,-1.0182088627943429,8.170027683973913,206.37195649334868,111.18550506193355,38.224593885072316,69.92675623103524,223.13851306394668
2009-03-24,-1.4103410551238242,3.7029595933560313,294.43007572248314,112.7102420789608,37.42631645118776,69.68176161126921,228.68248931110864
2009-03-25,-2.492205472056526,8.193698042047751,195.0105799691649,115.59471597052136,36.67624469958773,69.57412014824213,238.0779615885563
2009-03-26,-6.513541853719861,7.502701057014982,287.731838108647,123.03290848837575,41.8709202122059,76.07894205694888,248.62432724647294
2009-03-27,-7.632126169951489,0.981953596215271,507.6508814982989,124.01486511084634,41.896514477121165,76.52915847914441,251.06470207174314
2009-03-28,-2.8810594727762235,0.5160873852526281,541.8386973755136,124.53092453472665,41.92364138745326,76.7841447790787,252.31562286924648
2009-03-29,0.521320368299757,6.636241437816754,446.8469190763789,131.16716344072762,48.80585467135715,82.97862237609253,259.1535855754243
2009-03-30,-8.211400543483778,3.126076628020255,290.7814965821998,134.293229893852,50.13713273508893,85.18355845589238,264.9400880148523
2009-03-31,-5.620706437531772,7.335513835811185,389.9017114553231,141.62874840010642,53.822915704897845,91.12168933082071,277.2113006846479
2009-04-01,-3.983773802994492,5.084865533300911,328.7453977397229,146.70210463773168,56.772515325600075,94.77751158767171,285.759333892552
2009-04-02,-2.795179959202054,3.441804700730253,448.8405800458916,150.1439197919192,58.92476111004695,97.34614434305642,291.32341574871
2009-04-03,0.1449506865267189,9.693500075947142,283.62839272115093,149.59697170743206,57.94805253244581,96.63317965344459,291.35911954905504
2009-04-04,-5.800082078071477,3.290801203166401,311.0400353671246,152.77399447904688,59.63084425697807,99.42769148656063,296.36782079857176
2009-04-05,-6.836150321631157,0.49260470276936924,569.3556648537236,153.26659411098368,59.841403806363274,99.68328701440595,297.370475083731
2009-04-06,-2.4823957405989354,0.32991755430062797,621.5223590445728,153.59652134778767,59.841403806363274,99.71319932667309,298.31976180188724
2009-04-07,2.720634876973923,0.2408284543113656,615.7095728952153,153.5224725810644,59.468551546604196,99.35209399620531,298.8219436996635
2009-04-08,5.378141919317035,0.6822421980168772,580.5834680711254,152.16643707988737,57.77802054585926,97.80850124074908,297.9775739804582
2009-04-09,0.5405844937874191,9.61111041675913,253.65604654131778,151.05179999832623,56.15197485933307,96.36196875567416,297.69022783523747
2009-04-10,4.58553791072957,2.6735823612111527,529.4056797903036,149.98859693373947,54.72473074719302,95.15162568093835,297.1270686285627
2009-04-11,4.276640429012212,3.90911189228112,360.74162466583607,147.73547121717854,52.25356785031994,92.77260211226582,295.21109662700627
2009-04-12,4.448514318006352,4.230486878006985,355.1798120883211,145.3880984398153,49.477641555699826,90.17812137539418,293.52605761507436
2009-04-13,5.047774126765646,0.45612518417697057,581.610091222598,143.79220282339864,47.594003283887716,88.37116160836165,292.41988770557674
2009-04-14,6.6259809011853354,0.0,539.1764939829113,141.1741230128245,44.684007452683986,85.60965796962945,290.2281424330852
2009-04-15,7.845253843769683,2.003675328755773,532.8378233766607,138.5296073021318,41.63323106255998,82.8532538270235,288.0895005384156
2009-04-16,0.20975512266046545,7.501771268078772,238.90244504267778,137.6787873609222,39.93024023131096,81.46117072468321,288.6054663061301
2009-04-17,1.314284547181565,0.442116103743112,385.8223045079738,136.3445203269961,38.194178747300114,80.0364380282872,287.75137830072197
2009-04-18,2.6649989179421802,0.010761684072631268,531.4487983285921,135.1504167281209,36.615623790586646,78.72031818567422,287.0520786317376
2009-04-19,5.063483497298359,0.008951133569249967,650.7462600030227,134.10282097037114,35.25030979367619,77.47940147786535,286.5056115450624
2009-04-20,8.482679821696804,0.0,650.122962520435,131.90032650414526,32.90651372992112,75.22771401704117,284.4893120366683
2009-04-21,9.59893159819937,0.0,646.56356714234,129.29881476073152,30.27754398925308,72.57249665977353,281.9679988280153
2009-04-22,10.227512063159294,0.0,622.9970779855213,126.313178135132,27.485525937661375,69.49354528719712,278.8874782566365
2009-04-23,11.355928358696952,0.0029648501532563974,628.1817645030779,123.15920582626912,24.657274895700272,66.24250778072629,275.5141435001679
2009-04-24,9.05327003470707,2.6155698431678744,453.2361788429771,120.04963811316242,21.936734185894903,63.090267848251464,272.0695358939156
2009-04-25,6.578352766545105,9.448922162473147,430.61058263549694,118.06163834796028,20.017994508387908,60.85900089575625,270.25686600727084
2009-04-26,2.1265376755714116,11.525667306944573,332.08943482756877,117.40332229402313,18.86426907687548,59.54152309853545,270.73661801198097
2009-04-27,2.1509374485715878,3.1652515636031016,478.42229108138946,117.61244260441582,18.408894136727135,58.86837394001231,272.4703728775798
2009-04-28,7.992222554036967,1.8984429789369335,610.9407269535125,115.88697789717044,17.192336594434146,57.03470513582008,270.35885298561544
2009-04-29,7.8089985687676515,0.0,599.5666761568034,113.97642628514451,15.807749709977902,54.993700067411055,268.0678742992155
2009-04-30,7.527726966530433,0.0,621.6753275834701,112.40696106750438,14.706441523039423,53.3327584307083,266.13522710625574
2009-05-01,6.8860727354777005,1.5190846994006064,417.89526816629785,110.02241172938596,13.153018132484604,50.848680966567535,263.0432287890897
2009-05-02,6.639527582595771,12.403439700483258,270.4555516058918,107.44984571453949,11.317600343290456,48.007490671820015,260.0230277926008
2009-05-03,5.993934159475199,4.2931067382773005,360.12200103930115,105.49403141411275,10.125269439689921,45.851175948134596,257.52609385556025
2009-05-04,6.560825573939928,1.5164549744094369,412.7225895272346,103.47890201508925,8.8468307981326,43.617567940563845,255.01377498930324
2009-05-05,9.057382543040687,1.230460117204357,483.62425044152087,101.14893478985066,7.524595625212977,41.11804687001507,251.87476634461368
2009-05-06,10.346912532099642,0.0,622.9289757490237,99.15703678741353,6.605329575647755,39.05560466764084,248.91211646904884
2009-05-07,9.501955300146884,0.0,578.8856497485372,97.14098990497698,5.696986507278713,36.935012643302976,245.9251783655362
2009-05-08,6.323800443270825,0.0,528.5240104733675,95.67472771120437,4.928426609027838,35.208935164066105,244.040783991414
2009-05-09,5.004125361729696,0.0,621.2362718325525,95.05628572368317,4.66640240322611,34.5338321701518,243.1329001240063
2009-05-10,7.790220256906947,0.0,586.2016380220199,93.49701987241049,4.054862261648719,32.95333713044451,240.67494524248895
2009-05-11,10.522261295627379,0.32292209219820234,643.0148667022719,91.98749296897644,3.5875087988061845,31.437610589949017,238.16007356310246
2009-05-12,12.394690215846369,0.0,583.5350906403479,89.62505375441941,2.88715670319329,29.04536465474764,234.21414351276468
2009-05-13,5.907734662108031,0.0,467.7571899578863,88.2070099363696,2.4595393782706507,27.490700124089486,231.97101845072805
2009-05-14,8.785059360149457,0.0,607.4603990034085,86.73656772326116,2.163069771442632,26.1595356008369,229.22225774579758
2009-05-15,9.75829474897496,0.0,566.3332355194784,84.99786596656025,1.8226173895915583,24.4797136537519,226.06771796570743
2009-05-16,10.017627879239729,0.0,613.8419094124533,83.50043501828065,1.5498940473134335,23.057912592302642,223.3061864972455
2009-05-17,12.840317658385304,0.0,631.3741612942985,81.7093290938845,1.3127418965141164,21.377437233482617,219.89651807927757
2009-05-18,15.793466902042924,0.0,623.1756319004862,79.41941850018473,1.0686192959333571,19.316156643650235,215.39302102785484
2009-05-19,15.316830527564054,0.0660091031120422,578.2081452560551,77.00646528949109,0.8388330106578393,17.13028331176887,210.63468790878633
2009-05-20,13.756115388803503,0.39601407619905377,553.6841854545827,74.87876396470966,0.6552173766317654,15.26803424310308,206.3553974820656
2009-05-21,12.888508288099539,0.03363244078843207,563.1590578840587,72.88036693369635,0.49910119789484114,13.567683278644472,202.27172425766832
2009-05-22,13.025682554285554,0.7322836400592092,512.9853331859845,70.90493487611475,0.36685872813387344,11.944748635074623,198.15584245381024
2009-05-23,11.91899900740024,6.6226102694123785,313.9564994454592,68.82145156047484,0.23043659981851897,10.215935949804065,193.82892550905376
2009-05-24,10.950057719111257,7.274872073009086,234.9886901192973,66.82902938671342,0.1265268983949279,8.644613813132514,189.58366223157762
2009-05-25,10.064602051958156,8.27110463384762,252.0127515616948,65.08434376570574,0.06589411565265922,7.383450213748389,185.72234380596646
2009-05-26,9.985894772780664,2.340087492967964,362.1879082439279,63.64967851973073,0.03197158731778402,6.374511704120432,182.503650232015
2009-05-27,10.73628803219311,0.2589463682101011,547.1314969136363,62.5300924992183,0.01875452936210333,5.74512361308951,179.82147100218694
2009-05-28,12.601610211417645,1.2619391556089206,537.3122039722361,61.176626441312045,0.010393584377023833,5.0875855836908075,176.4685697943664
2009-05-29,13.566383812161844,0.2945395308664175,560.2162191572089,59.74488472054357,0.006895287836370424,4.436171252165974,172.87254780223913
2009-05-30,13.668281837493105,0.4244368139283399,527.6330148318981,58.286558200236996,0.003932928478654076,3.826530132315606,169.1554604238425
2009-05-31,13.305413347420144,1.3211103503160775,494.03751638075056,56.817785324177216,0.0017368935434378524,3.2485239160378083,165.37508598424438
2009-06-01,12.19811616444986,8.147418145264085,356.9352060005922,55.478951905440574,5.604463944539655E-4,2.776087201321489,161.8740781548428
2009-06-02,11.950126146498265,9.87285408780865,301.1900190210978,54.054915885733465,0.0,2.30011782856762,158.12314253933408
2009-06-03,12.178797250761376,4.746722504700096,409.1831883805198,52.86793887168489,0.0,1.9588699717595515,154.94084691305602
2009-06-04,13.12641213797555,0.44352113141548327,541.7845199558535,51.69434512677118,0.0,1.6611688166471508,151.75484935567863
2009-06-05,14.21191397144123,0.4587478200308377,485.4619837463712,50.3401728837812,0.0,1.3407829091717276,148.05557472873096
2009-06-06,11.303765747271685,0.004731594864403043,488.38134773504146,49.25120865260865,0.0,1.1260683003169334,145.03798564204033
2009-06-07,9.771004662194203,5.223569482910271,307.0465449934561,48.268097714679044,0.0,0.9282996604253251,142.31763670520073
2009-06-08,10.41986766343233,6.232975865763674,367.3101979163228,47.325476162317976,0.0,0.774863459497743,139.6732440924543
2009-06-09,10.421164701271907,4.28604890601536,358.7005849525155,46.375306347663475,0.0,0.6474092693553494,136.98054506054055
2009-06-10,10.537435698570377,8.800355257440163,304.8476976166617,45.349407527942304,0.0,0.5138918125712244,134.06915370392812
2009-06-11,9.65036217619035,7.6297224551167115,303.63214022151146,44.46621092582423,0.0,0.40598576310596535,131.555717500083
2009-06-12,10.35138611228449,0.6752427998338005,503.8412406080446,43.65047407079438,0.0,0.34254099060513626,129.19814797271397
2009-06-13,13.810076271232907,0.016194069134645887,549.0999424682249,42.57323532607645,0.0,0.27120698315912795,126.07239632116746
2009-06-14,11.789567203588264,0.8881884954322018,511.10416663508664,41.64846277010775,0.0,0.21639902349371423,123.38263464591755
2009-06-15,10.831921260799877,4.389487852166888,417.59873884692144,40.809190055306814,0.0,0.17475305555892245,120.93348390507586
2009-06-16,11.761669099646067,0.7488820042801317,539.549250542288,39.994163126341654,0.0,0.14307202571066538,118.54635067493281
2009-06-17,12.68317218268706,0.27822095533744257,457.147627873872,38.96793565113908,0.0,0.10931370886137784,115.53451762005207
2009-06-18,10.399520096179128,4.809193650964232,352.29956292649194,38.11492168959419,0.0,0.0884597081880833,113.02385661096471
2009-06-19,11.997720680761681,0.0,566.5378936580034,37.31107564287709,0.0,0.07371032705531691,110.65302246001804
2009-06-20,14.16897073160826,2.228334724417633,495.29264158134833,36.35010245479223,0.0,0.059069102856822826,107.815780833198
2009-06-21,12.077233150835982,6.926536673159547,391.121486787032,35.47106314324736,0.0,0.04752949761236407,105.21859842394117
2009-06-22,14.006995752527382,0.0,591.0340939907468,34.56033078735635,0.0,0.038981759114000245,102.52437880835546
2009-06-23,16.474992009557365,0.0,596.0747942070975,33.53931387821636,0.0,0.029638733697781843,99.50366529608753
2009-06-24,18.029030390484582,0.0,562.2868650351288,32.33031906595752,0.0,0.019836033380423685,95.92555595977332
2009-06-25,18.73132799329143,1.1952570478551183,509.68112540240907,31.135220870791922,0.0,0.012757984727303183,92.38597037676217
2009-06-26,14.273792346701645,7.884189717238057,279.42927684516815,30.153438345420216,0.0,0.00873224496986576,89.47638942173279
2009-06-27,14.55571421247085,0.018551023891140866,529.4506291047509,29.32496895422599,0.0,0.006400465337993004,87.02010044507843
2009-06-28,16.08216444761246,0.0,569.8185742308773,28.466734117108366,0.0,0.004843294391047358,84.474705465926
2009-06-29,17.03354735067186,0.0,552.6422908453821,27.532658643444268,0.0,0.003112750981277508,81.7044142698239
2009-06-30,17.475614974952475,0.0,572.2647548713376,26.626808766623512,0.0,0.0013694831906076582,79.01789968231678
2009-07-01,17.769364665241422,1.6005930607476222,498.5239289433671,25.7129099526316,0.0,0.0,76.3071259134906
2009-07-02,17.49539265745889,1.8626363875546785,459.47793103670443,24.818709282371035,0.0,0.0,73.65344403683015
2009-07-03,16.400020692464,2.2608108008210057,342.8293470189303,23.91435557176663,0.0,0.0,70.96963140758864
2009-07-04,15.758939126557188,1.37798967834892,448.35361438579065,23.144032882774635,0.0,0.0,68.68357702746528
2009-07-05,15.91611416345048,1.0194509347835556,484.1224247006519,22.425732822647998,0.0,0.0,66.55190802412318
2009-07-06,17.059110871476058,0.3267435414077957,532.1554299575934,21.691630478603262,0.0,0.0,64.37334324465617
2009-07-07,17.686562525106563,0.0,550.5008608412425,20.93261519750958,0.0,0.0,62.12084538535606
2009-07-08,18.042772535890002,0.0,543.4318390537055,20.15236552478622,0.0,0.0,59.80533111139238
2009-07-09,17.871602792356505,0.0,551.9530800378786,19.41778885397867,0.0,0.0,57.62535869225793
2009-07-10,18.12079273644042,0.0,559.7322623533146,18.709803481147095,0.0,0.0,55.524300154383674
2009-07-11,18.846864964889694,0.8422690312863729,511.7852573031678,17.99199155047516,0.0,0.0,53.394079752379604
2009-07-12,19.359989314677918,0.5976172731350338,484.54907014272203,17.29040779530277,0.0,0.0,51.3120190271088
2009-07-13,19.809978657539894,1.3698489492966393,460.5790790991844,16.63140088502808,0.0,0.0,49.35631182116324
2009-07-14,16.650640007893017,0.0,506.2770573232139,16.0823271660382,0.0,0.0,47.726848742579975
2009-07-15,16.884331396079702,0.0,552.521413299708,15.54806578219531,0.0,0.0,46.14134361061638
2009-07-16,17.955806250494206,0.0,543.3688290813035,15.007099182557987,0.0,0.0,44.535939690579184
2009-07-17,19.14838661638532,0.0,535.0622357400849,14.421415461393659,0.0,0.0,42.79783064190677
2009-07-18,19.15001067760288,0.0,520.6641049981271,13.838021650299844,0.0,0.0,41.0665172634406
2009-07-19,19.469135945115205,0.012055479931571866,473.09753372484016,13.249334604461316,0.0,0.0,39.31949537392304
2009-07-20,19.384004658498203,1.1149387279470348E-4,482.2483920480459,12.71244657263906,0.0,0.0,37.72619524876493
2009-07-21,17.484525756845773,0.0,495.376197697473,12.231527773641979,0.0,0.0,36.29899267166109
2009-07-22,18.676437686081897,0.0,519.9438965067009,11.757050203653728,0.0,0.0,34.890905460103966
2009-07-23,20.104433026385678,0.0,515.8901479902779,11.248396277445991,0.0,0.0,33.381394507628016
2009-07-24,21.158891154344474,0.0,500.2862558330777,10.721894016053325,0.0,0.0,31.818915798378853
2009-07-25,18.60932005198512,0.05196859546412464,367.1215814811035,10.23533567976699,0.0,0.0,30.37497700266663
2009-07-26,18.58104907558656,2.0631779923262474,436.96077008367837,9.83366105083889,0.0,0.0,29.182944030033976
2009-07-27,17.70151059498528,1.5796090463693684,459.4773130957554,9.484418978666527,0.0,0.0,28.14651296001355
2009-07-28,15.403247323383766,1.0075995227595997,451.09530238551474,9.158659909815897,0.0,0.0,27.17977141539493
2009-07-29,14.70703620056813,0.4479894638658598,421.3205470936576,8.846380542418585,0.0,0.0,26.253033016198962
2009-07-30,14.336810078999017,0.3210443541252015,460.55287317225446,8.557970898742276,0.0,0.0,25.39713179633642
2009-07-31,15.615977906879733,1.133166833017337,437.02815241467493,8.270723013724794,0.0,0.0,24.544678278986876
2009-08-01,15.425515394705293,0.20958925285150268,520.5382631789598,8.010410070751908,0.0,0.0,23.77215846100687
2009-08-02,18.39463879292167,0.0,516.1222609928003,7.681782621762195,0.0,0.0,22.796904544787996
2009-08-03,19.812757363077022,0.0,505.4547157542408,7.324711937532196,0.0,0.0,21.737240830655704
2009-08-04,19.58548429802224,0.0,507.2581658942108,6.9837739437545086,0.0,0.0,20.725453426281263
2009-08-05,19.907692388312466,0.0,510.2891110650326,6.658797568247653,0.0,0.0,19.761034647916837
2009-08-06,18.39925480196594,2.373677279568917,343.7333210643043,6.332065513688086,0.0,0.0,18.79140561436209
2009-08-07,17.769953451306403,0.022643348956097476,445.8364267339656,6.0775094799503755,0.0,0.0,18.035970334798403
2009-08-08,14.098054312216203,0.0,473.93206481563413,5.8965205287487885,0.0,0.0,17.498857004812326
2009-08-09,13.205392922773312,0.0,474.0392987113945,5.7368786200265145,0.0,0.0,17.025094398698045
2009-08-10,14.87287633252751,0.0,513.46380226338,5.544004253425009,0.0,0.0,16.452709219235324
2009-08-11,16.730758290119233,0.0,515.3942440523841,5.328105851763918,0.0,0.0,15.811996575259059
2009-08-12,19.078634709594905,0.0,506.9994840161606,5.071893100619956,0.0,0.0,15.051644724838363
2009-08-13,19.299110328725103,0.03870493416624964,458.48563031980177,4.815609181582924,0.0,0.0,14.291081672442182
2009-08-14,16.86847046523528,6.8622229704999596,323.7094505102487,4.639553998249262,0.0,0.0,13.768610078713078
2009-08-15,12.189896102703738,7.75798895998888,303.08231067689314,4.532819478406997,0.0,0.0,13.451858514618474
2009-08-16,10.552680185047082,0.4527640848203102,455.4359703434497,4.436100595982504,0.0,0.0,13.164829938196206
2009-08-17,11.666612370145362,0.0,496.1837125499638,4.32952742531822,0.0,0.0,12.848557203299192
2009-08-18,14.032056867075296,0.0,472.86263359144385,4.171407354731745,0.0,0.0,12.379310892480243
2009-08-19,14.920250323054999,0.0,481.3629926067817,4.0225494161877,0.0,0.0,11.937551422990852
2009-08-20,15.92953871624534,0.0,483.47250269495277,3.8642822426940064,0.0,0.0,11.46786856103537
2009-08-21,18.5423756026997,0.0,515.4955842255629,3.692980062795649,0.0,0.0,10.95950225652764
2009-08-22,20.765749972359217,0.0,496.23439128428396,3.4837562391875907,0.0,0.0,10.338597478283042
2009-08-23,18.713891513250367,1.0288694139794674,380.2870135110982,3.2871160978899767,0.0,0.0,9.755036766979423
2009-08-24,16.308631690074193,1.2170726125903224,369.10985109406215,3.137033458872381,0.0,0.0,9.309642805189712
2009-08-25,15.320257528378784,0.7257024060304205,396.4621167135452,2.996364494162865,0.0,0.0,8.892185410364169
2009-08-26,15.489561540330113,0.10714565637492468,449.07377175380196,2.863585576512606,0.0,0.0,8.498142977731671
2009-08-27,17.21205196655467,0.0,479.2004693529064,2.730334328717738,0.0,0.0,8.102698830711972
2009-08-28,17.921070290686647,0.0,478.12429624038765,2.594167964126149,0.0,0.0,7.698603613670648
2009-08-29,18.308900088705762,0.0,441.0286447361991,2.4496933055282604,0.0,0.0,7.269852220489289
2009-08-30,18.56162579097862,0.26838841704284977,423.012844093225,2.3273059053318317,0.0,0.0,6.906648258968868
2009-08-31,18.15041334529236,0.0,424.3403753448903,2.201411731760751,0.0,0.0,6.533037392981291
2009-09-01,17.315527073081856,0.0,467.6640895527304,2.087233361420423,0.0,0.0,6.194195025539916
2009-09-02,17.785227210637995,0.0,458.1858959800055,1.9701986151141246,0.0,0.0,5.846875910780051
2009-09-03,17.663617346954773,0.0063294536862330405,461.19037704241293,1.8639137658765192,0.0,0.0,5.531458815305011
2009-09-04,17.681490941933152,0.0,447.63514662745996,1.7616578902032043,0.0,0.0,5.227998335928218
2009-09-05,17.38351730657244,0.0013695019765726524,437.8686843390932,1.6677170736634366,0.0,0.0,4.949214109276247
2009-09-06,17.175140867836284,0.14271518656986124,359.37547553841375,1.567245762839454,0.0,0.0,4.651049608258561
2009-09-07,17.447831328810995,0.1364414649869289,405.91358941935954,1.4766860350430193,0.0,0.0,4.382299297057524
2009-09-08,16.84219412155107,0.0,415.4235823438574,1.3894688110426623,0.0,0.0,4.123468394375534
2009-09-09,15.994240888241771,0.0,462.62699463015866,1.3116097322666955,0.0,0.0,3.8924092673218103
2009-09-10,16.79243446501453,0.0,458.17413050314235,1.2344469465851031,0.0,0.0,3.6634165001208987
2009-09-11,15.182715469664434,0.0,438.8018425102205,1.1699846496852293,0.0,0.0,3.4721144415334746
2009-09-12,11.72271971873241,0.0,383.45875581234304,1.1262885342662015,0.0,0.0,3.3424393099613314
2009-09-13,14.4686493721479,0.04181028657324609,463.0250783784146,1.0750477103922238,0.0,0.0,3.19037406310807
2009-09-14,15.013832743075975,3.9952019191974704,329.35350843748733,1.018093838807528,0.0,0.0,3.021354443847537
2009-09-15,13.353840277371697,9.02538305128459,248.85775312930468,0.9707634593892709,0.0,0.0,2.8808940592214634
2009-09-16,14.516591634154357,0.6693879928369652,377.152826125974,0.9267721842157072,0.0,0.0,2.7503429944081796
2009-09-17,14.454761821899696,0.0,415.0384828382328,0.8842391438527137,0.0,0.0,2.624119471965892
2009-09-18,14.7594077699962,0.0,430.7370139702792,0.840037506853485,0.0,0.0,2.492944125173323
2009-09-19,14.326298095042697,0.0,424.17890225710534,0.7972826329160403,0.0,0.0,2.366062276523357
2009-09-20,10.27193444608768,3.472078162513276,251.2980570586786,0.767022772452656,0.0,0.0,2.2762613560224163
2009-09-21,4.675542387670284,1.769345838924022,235.57977747999695,0.8244563540514883,0.0,0.0,2.4467045905998503
2009-09-22,4.346737541497912,0.19541174090331273,375.2948884809943,0.8250017339026242,0.0,0.0,2.4483230915415164
2009-09-23,7.671657278254504,0.0,400.69837521623623,0.7897748753017886,0.0,0.0,2.3437818187045387
2009-09-24,8.634341349046863,0.0,392.61712522071826,0.755223366166718,0.0,0.0,2.241244752190948
2009-09-25,10.8402277983579,0.0,430.66822092943573,0.7128405971736411,0.0,0.0,2.1154671837992343
2009-09-26,13.742904729785728,0.004710543864274302,442.76121914098053,0.6733644052322343,0.0,0.0,1.998315342385433
2009-09-27,13.8572457518432,0.0,425.8863462409925,0.6297479308796203,0.0,0.0,1.8688765582704197
2009-09-28,13.265467891644406,0.0,450.86341650769555,0.5961761888318183,0.0,0.0,1.7692471055054027
2009-09-29,15.071777755339216,0.004710543864274302,400.17440307224297,0.5587720946446829,0.0,0.0,1.6582445418097407
2009-09-30,7.774661576001542,9.04872613911522,292.6345724811352,1.1716861450500435,0.0,0.0,3.477163898062638
2009-10-01,0.6853313653478733,3.4022893662005713,223.25644452114042,2.3893114366808206,0.0,0.06138179593630669,7.029457828163997
2009-10-02,1.7159032808328087,0.26829787338610006,380.54190965442547,2.6575953440152555,0.0,0.10347471515689287,7.783663360688457
2009-10-03,5.95171354833686,0.16284777977637144,396.37380887534107,2.4467403373556222,0.0,0.08257936053068243,7.178751818577878
2009-10-04,6.223720619711986,8.573705572475022,221.12249775566391,1.999974196878644,0.0,0.04626340149553516,5.889112032624897
2009-10-05,1.7947855003038904,3.0100219816253766,208.3655217799659,2.3204155933021404,0.0,0.03504986299594039,6.85125317187731
2009-10-06,1.2916041705623107,0.09911752361731925,341.1047722220376,2.419165685713416,0.0,0.034898758493588325,7.144460346134978
2009-10-07,5.104389281065484,0.3862578234951283,386.0185979553423,2.284998030533184,0.0,0.028588956118669816,6.752587899309883
2009-10-08,2.3512786908979444,0.4524526638259641,254.93129012465204,2.0902020312385616,0.0,0.014437629597276276,6.188609765395886
2009-10-09,2.128103950782106,1.585328817390228,263.72099448012824,2.2210663207416235,0.0,0.05411736316916132,6.537406957025048
2009-10-10,0.8502137045153744,0.48134871759937514,315.24395534306984,2.4421487000910207,0.08400159964915167,0.6813943027833174,6.486536540403366
2009-10-11,4.275266586791605,3.096197622304872,265.6117528993811,2.308348727155872,0.07956051123029415,0.819098807116978,5.956474092622843
2009-10-12,7.4414524117006975,0.0,356.9416330270896,2.0477504704028453,0.061312507493307744,0.7294425460338239,5.290212077894655
2009-10-13,8.460544315008443,0.27967378382159847,252.10188094705518,1.604718789305073,1.8463685748508805E-4,0.23957845472134548,4.523202205848689
2009-10-14,9.02372749715944,3.953560064552481,199.37750088948923,1.3479182715619633,0.0,0.04717824273967761,3.953120817289687
2009-10-15,7.436357644157056,0.40160404315237186,266.84402760838816,1.2064243316686223,0.0,0.005241923012395155,3.575028420805401
2009-10-16,6.672976374483231,0.0,339.1203980718814,1.1168594410803454,0.0,4.157944475279429E-4,3.314042410888954
2009-10-17,8.607270284703262,0.007930682303053462,376.80285613897536,1.035522657441097,0.0,0.0,3.0730772189222044
2009-10-18,11.309093807002185,0.2781178408526797,353.2102725462316,0.9094762517514163,0.0,0.0,2.699014580052309
2009-10-19,11.06785219777136,0.19354301826189776,304.47869387836846,0.7945379336489711,0.0,0.0,2.3579169474667565
2009-10-20,5.912046565762201,1.3893531062323594,208.87364973243865,0.738536747201795,0.0,0.0,2.191724571986821
2009-10-21,3.184895488873613,0.004717648199232296,243.49361709899142,0.7351698078589337,0.0,0.0,2.1817326471190364
2009-10-22,1.925523046713066,0.16532725987709598,293.55013404366144,0.7432602439091169,0.0,0.0,2.205742295327414
2009-10-23,4.153242004330416,0.7921008717347123,270.83055463567433,0.7146648136682587,0.0,0.0,2.1208808346852943
2009-10-24,4.179001194076253,2.713658817742737,191.6688296258846,0.8260212417168645,0.0,0.0,2.451348642181033
2009-10-25,-1.2935584287716089,1.0363767430209465,257.2808756443971,1.6964918736774768,0.0,0.05173974353022279,4.983019983280729
2009-10-26,-1.8745794148956956,0.25644137307481496,339.0600073441122,1.9529390824478225,0.015548710798826608,0.12832105378793987,5.652619599248994
2009-10-27,-0.24992363760897074,2.4861798825890835,208.9997557034721,2.8534099863085913,0.16116836689674727,0.5559354249367001,7.757212586344973
2009-10-28,-4.15661831401832,3.010845885981784,117.17584905355861,5.034694962164997,0.1302343414364527,1.3196786306968653,13.499043267599433
2009-10-29,-5.996636283005836,0.7215964655129933,187.4862307482987,5.756299549227517,0.18115326472621485,1.6576235041718312,15.254144374269048
2009-10-30,-3.7459477164943586,2.326450108546986,249.81740572720582,8.082743419099655,1.1689853783324415,3.3906780832269554,19.47148318651916
2009-10-31,2.816760949875564,0.0,310.93706512264373,7.4174742688554565,0.725552184702222,2.744079400285897,18.572285943493352
2009-11-01,4.998978623526676,0.0,332.8716555184749,6.520571313803986,0.3227648307315397,1.914058037955975,17.12911255340326
2009-11-02,4.976735945226208,0.0,320.82016330231744,5.731668029480601,0.1194616793037651,1.289072783605894,15.608392941113479
2009-11-03,5.8815652290877205,0.0,334.2831976818291,5.08150674087079,0.06731238837385588,0.9400430517634257,14.077557631032162
2009-11-04,7.2112365520364445,0.0,350.3615745679014,4.529956506479828,0.030159531656708972,0.7109826927584594,12.70519350276261
2009-11-05,8.149473212468765,0.004710543864274302,326.7795598138259,3.717735606444803,9.280861312505598E-4,0.4027493081907116,10.630500155970271
2009-11-06,8.005012846290189,0.0,292.18741716588835,2.8516407038263245,0.0,0.16679706678466627,8.296387138049417
2009-11-07,6.856900553395386,0.0021284994024706747,305.03647991267957,2.2427126985783628,0.0,0.04879545624938629,6.606952293785757
2009-11-08,3.5636794791673205,0.0,257.0703938776289,1.9539114772548496,0.0,0.018451312196138252,5.780144093681207
2009-11-09,3.470475093597945,0.0,302.7558017693333,1.7767700679124896,0.0,0.012349837401974848,5.260532520361701
2009-11-10,4.847953024161177,1.3306461127975954E-4,288.8756867089476,1.56553840755851,0.0,0.0033223947567510804,4.642670117497267
2009-11-11,7.484838370508056,0.040000909548344836,273.86401202358877,1.2757185814867338,0.0,0.0,3.7858966024078833
2009-11-12,6.350900936802416,12.36105506083475,205.20435112236473,1.112505737168646,0.0,0.0,3.301536680290059
2009-11-13,-3.757965604375191,10.285290046643958,175.39623375554467,10.669988686776923,7.786925833339656,7.227631764116304,16.900523331334906
2009-11-14,-7.199266949682118,1.4436775017320076,264.28440551079353,12.11365611392857,7.865092582409139,7.7186097864359136,20.619429519120743
2009-11-15,-8.889868125986492,0.0,273.69315408492685,12.11365611392857,7.865092582409139,7.7186097864359136,20.619429519120743
2009-11-16,-7.5602089406329105,0.0,304.4148579747121,12.11365611392857,7.865092582409139,7.7186097864359136,20.619429519120743
2009-11-17,-3.0871320598384173,0.0,296.36017149490897,12.109412710320038,7.865092582409139,7.718223277113652,20.60722192293415
2009-11-18,-1.139820730481242,0.0,288.285840312885,12.070151870058716,7.8650746088881425,7.702849735743346,20.506055038885243
2009-11-19,-2.394541279752906,0.0,277.4316651520925,12.070151870058716,7.8650746088881425,7.702849735743346,20.506055038885243
2009-11-20,-1.7931672544146973,0.011392066042128845,295.690997555558,12.08154393620277,7.8650746088881425,7.703247378951038,20.53946632025669
2009-11-21,-1.157618429452626,0.6033999971711977,266.30899176890256,12.684945810404269,8.38293366365568,7.900690070466297,21.630663204568798
2009-11-22,-3.291453937200304,3.448867146045185,217.21786206550755,16.13381240991918,11.065777438412347,11.611358005996625,25.56199318823696
2009-11-23,-6.133814927770335,3.197448801309057,168.2769771259961,19.331236165263576,12.36985121187944,14.250034734598769,31.15419631553334
2009-11-24,-6.737987630900962,0.08941294608178665,281.4692077547019,19.420654637077646,12.37018617210968,14.257174815028884,31.41211553379222
2009-11-25,-3.3330150846021755,0.09389364944721591,275.08116158508074,19.51455598915419,12.37018617210968,14.257174815028884,31.69078264340958
2009-11-26,-0.0815024843839783,0.0,281.1841115833667,19.45069811107298,12.358609601971413,14.199619273243743,31.56989705538298
2009-11-27,1.072609125476248,0.1153875168740291,264.5039781385439,19.271521628776128,12.17103489701778,13.947574604465311,31.471526157782776
2009-11-28,-1.537481471528396,0.012691266598278383,215.72104706190197,19.28043591373751,12.169448147534771,13.947391711846345,31.499703151652323
2009-11-29,-3.4851992126522147,0.0,239.14204579646744,19.28043591373751,12.169448147534771,13.947391711846345,31.499703151652323
2009-11-30,-2.2382509163786977,0.0,263.17441113344455,19.28039936111572,12.169448147534771,13.947391711846345,31.499594675967607
2009-12-01,-3.309715782058836,0.022608747404438828,269.6557650188139,19.30300584918932,12.169448147534771,14.007002333146199,31.50724733110662
2009-12-02,-11.242769711936157,0.0022765061493382976,228.68648654062918,19.305279299588197,12.169448147534771,14.007002333146199,31.513994154634748
2009-12-03,-15.52270896163691,0.0,226.11136584534287,19.305279299588197,12.169448147534771,14.007002333146199,31.513994154634748
2009-12-04,-13.08906035864207,0.0,272.60595704237824,19.305279299588197,12.169448147534771,14.007002333146199,31.513994154634748
2009-12-05,-8.150397227584214,0.35036562128474297,260.77974188472035,19.65567382635883,12.21281329858686,14.139245737330612,32.379900116265304
2009-12-06,-14.488715246513218,2.84166023756784,163.40375236041888,22.497282040303194,14.951314614838651,16.82148546122416,35.480483926947365
2009-12-07,-13.74358398879093,9.314691020309317,146.38156286896987,31.812015258490245,23.00790634473714,25.100377824565918,47.049161243009074
2009-12-08,-15.435435231215065,3.5141080123782684,191.48344101685646,35.32611353057936,25.25902021953394,28.11551569159083,52.286599323786945
2009-12-09,-19.50525956533089,0.9841369001229531,222.43672181667986,36.31026432857983,25.305231717027464,28.542543149155467,54.736595679159976
2009-12-10,-16.254947707610874,0.0,265.3091197335928,36.31026432857983,25.305231717027464,28.542543149155467,54.736595679159976
2009-12-11,-12.365205678876277,0.5208966051631536,266.54723430378414,36.83115659127458,25.346194953947595,28.69677744096279,56.088885564066516
2009-12-12,-7.247396903358737,4.719552898739346,193.05170279954183,41.55073301212162,27.78628042272634,31.853677928209798,64.57900958852501
2009-12-13,-2.9268776832446033,12.0062542745318,110.86670679389802,48.3526908715823,31.504673435206787,36.356426244754445,76.6663155124496
2009-12-14,-5.3265470877469605,0.7290141730113353,183.7639340056123,49.07897961229339,31.50692992530899,36.42152679786365,78.75459256281053
2009-12-15,-7.248899127645253,0.0,259.633276537859,49.07897961229339,31.50692992530899,36.42152679786365,78.75459256281053
2009-12-16,-4.980919628672677,0.22257943334539035,227.03169675947507,49.295579561589754,31.50692992530899,36.42913346530665,79.389802817356
2009-12-17,-3.2912778095726596,0.27020031468292643,189.56489855874068,49.4702721971373,31.502065637787652,36.39504703153936,79.94693847334614
2009-12-18,-6.523974969804401,0.0,227.85043938571985,49.4702721971373,31.502065637787652,36.39504703153936,79.94693847334614
2009-12-19,-8.123083259810032,0.0,244.84539846438076,49.4702721971373,31.502065637787652,36.39504703153936,79.94693847334614
2009-12-20,-3.7559819624247175,1.938495417396832E-4,231.62064800494642,49.46094725117866,31.502057467205002,36.38302143522848,79.93126345500826
2009-12-21,-2.841701861063499,0.0029648501532563974,231.27307742511616,49.44656102713349,31.501776426213233,36.36121048246276,79.91058977761638
2009-12-22,-2.7853806909729695,1.0125092159453186,195.7626733601412,50.43540068574828,32.141521571467585,36.896572171554936,81.6904051944692
2009-12-23,-6.310172710904034,2.3445635124390205,199.94433955257202,52.77997614741167,33.283810960171756,39.018391125659505,85.42401381909234
2009-12-24,-13.300445051380155,0.2543591838244601,221.95768421164914,53.034335578893575,33.28675861294039,39.087386986740825,86.10721131119124
2009-12-25,-13.256019940184613,2.306965574069529,181.7207986475738,55.34130777855596,34.25272471551712,40.9869539469461,90.1219641687724
2009-12-26,-11.811526708160358,0.6708292172827122,212.48602675751567,56.01210141938214,34.49072489310287,41.33987183560847,91.52976693613599
2009-12-27,-11.155662217420298,0.0,269.92090912260335,56.01210141938214,34.49072489310287,41.33987183560847,91.52976693613599
2009-12-28,-10.638844072784313,0.0,280.6102066973646,56.01210141938214,34.49072489310287,41.33987183560847,91.52976693613599
2009-12-29,-8.978691611231943,2.988094432210192,197.18408225239915,59.000177626771276,36.72956717692957,43.926573765044644,95.64524062677509
2009-12-30,-8.12478031100908,4.03658777925313,143.218952338624,63.03676555718865,38.27909194683173,47.36848960751674,102.68868139454052
2009-12-31,-9.748249820150692,0.7423632193782385,226.411850526502,63.77911495334955,38.30763221930428,47.638815409208476,104.59448718302899
2010-01-01,-5.235432509694291,1.531207639134666,215.8689828394502,72.04369546771126,32.486297513769216,40.094217898505114,142.2935383806137
2010-01-02,-3.846199451066495,4.503040179811574,139.3309335473221,76.25195237583372,34.72844137043749,43.11303053546418,149.59604422313637
2010-01-03,-6.19129087370503,0.6368657109235437,214.8385591763418,76.88881786335797,34.76775268139138,43.349761856127266,151.2118514258074
2010-01-04,-7.485791539295896,0.20446943280680244,256.1782911042082,77.09331583260261,34.76775268139138,43.36089109623859,151.80763490660695
2010-01-05,-5.1674054043605535,2.7117305164985166,203.35568920916754,79.77058147578809,35.59692739193135,45.23723735184046,157.07721342628292
2010-01-06,-7.65059000990948,1.8016842352465168,282.86453798146385,81.57224790938267,36.05084485202242,46.56611534356289,160.6583964183543
2010-01-07,-16.319650787826305,0.010566078398222769,301.0361662891064,81.5828145218324,36.05084485202242,46.572406059290614,160.68348225817314
2010-01-08,-15.864355928760268,0.17563417297333692,311.6809163357729,81.7584580646684,36.05084485202242,46.572406059290614,161.2047322436385
2010-01-09,-10.66782815768647,0.08882009975877819,311.07330024959293,81.84727675950278,36.05084485202242,46.61853426654286,161.42232293666166
2010-01-10,-7.243441296148046,0.0,298.4006774206685,81.84727675950278,36.05084485202242,46.61853426654286,161.42232293666166
2010-01-11,-6.51825006156624,0.0,312.7092593520689,81.84727675950278,36.05084485202242,46.61853426654286,161.42232293666166
2010-01-12,-4.668503366645006,0.0,314.17274582838377,81.84727652665616,36.05084485202242,46.61853426654286,161.4223222456525
2010-01-13,-3.7571833351140653,0.0,291.7829693477183,81.84715830557491,36.05084485202242,46.61853426654286,161.42197140590125
2010-01-14,-4.957646241125367,0.0,289.24473522870426,81.84715830557491,36.05084485202242,46.61853426654286,161.42197140590125
2010-01-15,-6.009986233232144,0.0,294.37400579456863,81.84715830557491,36.05084485202242,46.61853426654286,161.42197140590125
2010-01-16,-4.34375850307225,0.006639084845743961,300.4495502400138,81.85272736797359,36.05084485202242,46.61853426654286,161.43849847912844
2010-01-17,-2.233875384387774,0.0,287.03923391243114,81.81869916006362,36.04901482538348,46.596022928012324,161.36173587371803
2010-01-18,-4.395424711325156,0.07287399856965047,248.2162111034043,81.88779465619753,36.222151933720546,46.63739120011764,161.35749516076083
2010-01-19,-3.098869582351933,1.7483013896420982,230.7321280481263,83.38920873227823,37.04920242901472,47.42511579564938,164.22503669376886
2010-01-20,-5.0148055221518,2.0223831782396493,221.55310199093626,85.41151833097436,39.47369675743015,49.006411297505664,166.29670840369008
2010-01-21,-3.464267123788063,1.0448936615246163,248.34096009310502,86.45509693664793,39.72480124345313,49.65414496097605,168.50414001514142
2010-01-22,-1.8384426891238244,1.3818319302698023,211.71299970461607,87.06454009383587,39.50885509928049,49.84388751140121,170.33316907378025
2010-01-23,-5.299625514935209,2.522219034649318,170.8588071687187,89.5867443387933,39.613085055233626,51.040772868006286,176.5236714396919
2010-01-24,-6.439532694753853,3.3003487358098647,169.13829669752477,92.88710040102404,40.0138483412699,52.77583898177854,184.19904792160546
2010-01-25,-9.434304249642244,0.8948972747805684,276.69290168612787,93.78201194108411,40.28983144288176,53.39072741053927,185.97388833835745
2010-01-26,-7.478189222057525,1.9535267364061308,275.72070163426474,95.73550888916672,40.97508904251766,54.81268990486179,189.6883039623255
2010-01-27,-3.0714280194202987,0.5463402863989417,273.81035706099,96.28056406629395,41.11113699474435,55.07965788422611,190.9076097295077
2010-01-28,-4.5332004644084005,0.38462146675011233,269.7825065041782,96.66516335674388,41.535849860225454,55.587017550221645,191.13087497447137
2010-01-29,-6.901974934833131,0.0,319.13836406152114,96.66516335674388,41.535849860225454,55.587017550221645,191.13087497447137
2010-01-30,-5.980181907795703,0.0,345.53060429118574,96.66516335674388,41.535849860225454,55.587017550221645,191.13087497447137
2010-01-31,-6.002915650116736,0.6017950782934971,295.1468563407505,97.26695535834335,41.556174621660155,55.88942044967592,192.5955454313924
2010-02-01,-6.055755858912221,0.7732073217695771,289.4573332128521,98.040154701759,41.57149294295568,56.12209422932614,194.64327796789294
2010-02-02,-6.969025620587948,0.02619536010119574,365.1943371364859,98.06635006104483,41.57149294295568,56.12209422932614,194.72101683848575
2010-02-03,-5.150828019321205,0.06918264855523122,370.36878861033836,98.13553152015207,41.57149294295568,56.12209422932614,194.9263237570999
2010-02-04,-6.075482423335407,0.11783004611367137,321.2630106333454,98.25335559490644,41.577159500227424,56.16057019180598,195.23212236712058
2010-02-05,-4.945210679554397,1.3927043916290036,302.73546165292464,99.6461163575151,43.08552495940532,57.3450003387277,196.72039721880407
2010-02-06,-2.5592589734029305,2.670750096140111,190.6740488125253,100.75087779188809,43.66641726720996,58.04227211597861,198.73991607953664
2010-02-07,-4.727474391218109,0.0,304.55929351170244,100.75087779188809,43.66641726720996,58.04227211597861,198.73991607953664
2010-02-08,-10.119556659332504,0.0,363.93116594283504,100.75087779188809,43.66641726720996,58.04227211597861,198.73991607953664
2010-02-09,-11.143482039286175,0.0,415.8948627164332,100.75087779188809,43.66641726720996,58.04227211597861,198.73991607953664
2010-02-10,-8.060285695794866,0.3871106423008928,368.899357306471,101.13800240743662,43.67561805571087,58.24187787349255,199.68081942297488
2010-02-11,-6.729498710133992,2.0974040022330067,303.21519742275024,103.23543609356261,44.394860305049015,59.642599488817794,203.81058335370028
2010-02-12,-5.2764873408153035,4.518487723172866,263.37324793152237,107.75391728088184,45.832996752860986,63.01630284402015,212.46024357256064
2010-02-13,-4.303779797559537,2.5968120178657186,287.03825935005364,110.34923861134416,45.9627703287077,63.960536607266874,219.09485008989168
2010-02-14,-8.951596467894817,0.09280952110114883,378.1309110653755,110.44204187734937,45.96314777054497,63.995618276379986,219.33491340362818
2010-02-15,-10.215874781437698,1.077790892747507,400.4728635927082,111.51981652236837,46.75211463755279,64.79124818938786,220.97431952617316
2010-02-16,-5.541303272407067,0.314397612349353,371.3118078857173,111.83422307028395,46.75211463755279,64.80236629493115,221.89628519440137
2010-02-17,-3.244574361618135,0.7470422119521479,307.92681251811763,112.36611676575073,46.793891593307976,65.08344368765707,223.1539629461784
2010-02-18,-4.553244065913929,3.219158550682954,282.809652163023,115.58460382213914,48.63850314179848,68.12217844080158,227.88514867215892
2010-02-19,-7.1407279554501555,3.521268852567211,342.9729824948884,119.1058398602141,51.799796678447215,71.18175729373934,232.21604466024792
2010-02-20,-7.262042978181639,4.341745783850606,265.35576346450347,123.44758382749747,55.16037822761423,75.11270859780674,237.91968502146057
2010-02-21,-9.75622416673958,1.253849725959818,352.2439819185409,124.70142020353158,55.83380233022751,76.25409743533275,239.84898299255852
2010-02-22,-12.241277101014568,0.008937773681141334,447.2480890080476,124.71035958174984,55.85059121927318,76.2641212223513,239.8492224645112
2010-02-23,-10.928787376672076,0.06407182732642559,479.081576163815,124.77443301653027,55.85059121927318,76.26504216537946,240.03845227308133
2010-02-24,-6.924862168520945,1.8022242803575221,429.78788850973217,126.57664746055451,56.19892254241564,77.50314299956095,243.8142534749076
2010-02-25,-3.8182838582611005,2.49207160034682,315.7678430351302,128.9941599251923,56.75978395989658,79.19469799248554,248.7576452896326
2010-02-26,-5.114877798427605,0.23394910509995606,419.5211931334844,129.22811306078427,56.775360443181185,79.41947775536622,249.21269971957415
2010-02-27,-2.7765390377231527,0.03230762897850298,451.5633177237121,129.2603945618266,56.775360443181185,79.41940069026097,249.30857701707745
2010-02-28,-1.0256080857229168,0.18246207770027822,390.79246235749406,129.35266209116264,56.651588973046145,79.36707023371254,249.75470409269641
2010-03-01,-1.2445493548666444,0.0,434.7724970847563,129.33628143576738,56.64265450807905,79.3351299477295,249.7466101824994
2010-03-02,-2.198940082122417,0.03554570222096287,471.0041142317091,129.37183354009457,56.64265450807905,79.3351299477295,249.85211667345567
2010-03-03,-0.10266447589641028,0.0,455.6794948922291,129.25545159372638,56.563038449033364,79.21896010674598,249.6998385323246
2010-03-04,1.5027670028890179,1.8980448542744601,429.7228719843223,129.86374827830818,56.81310990889068,79.67204209610541,250.81058526507968
2010-03-05,-2.144456560205894,4.872365832942466,240.62128793789617,132.2650741128679,56.70937886742659,80.46576408655116,257.24618745750337
2010-03-06,0.41877620186978703,0.0721982976784403,447.2490400361483,132.02522907316404,56.38470562423412,80.04930525292015,257.264771533771
2010-03-07,0.2973358842252805,1.5064325379123225,444.52558079709564,133.35247758514672,56.858611286286994,80.9549839285158,259.8406012087163
2010-03-08,-0.7300363621457329,0.1522151659097821,366.36068007752533,133.14919075192904,56.56616613180366,80.65136899265795,259.82388446963614
2010-03-09,0.11474799436591604,0.5537314718676651,413.9273494873941,132.97657809047098,55.95819919086865,80.2247497751368,260.3270846957928
2010-03-10,-2.185230498810374,3.9893974517069184,265.9282721206952,134.67765197373615,55.50520541967396,81.01320212471613,265.02882462792655
2010-03-11,-3.3527262699349003,0.24230382518576085,385.6289313608458,134.904538100846,55.474484802374256,81.19333381052193,265.55235927465037
2010-03-12,-3.084533865706096,0.0338595442632148,533.6910764676109,134.93839417775806,55.474484802374256,81.19333381052193,265.65283253608357
2010-03-13,0.572243566779115,0.012306606232751193,523.3892044841114,134.78506037132922,55.30027038708298,80.96357231753272,265.5959686841437
2010-03-14,0.3041207302804295,0.0,372.4859572359669,133.97608516166284,54.28336133602549,79.97962998036728,265.16326622382115
2010-03-15,0.7210479876578323,0.0,511.50513563259017,133.83537262699392,53.961983081110795,79.87826736640213,265.1586721333365
2010-03-16,1.8524006603864678,0.0,539.1579596030872,133.56252267260902,53.63385029468455,79.58741256335473,264.9574313142649
2010-03-17,3.4854370634332903,0.0,547.0512084064533,132.8936761040853,52.90044895407389,78.86197654606204,264.40766452074564
2010-03-18,3.3131203970607053,2.6564463176031206,450.1381171502298,132.23446686122725,52.11210001985396,78.08916351268502,263.9870677345251
2010-03-19,-5.407407297639492,3.07275296902433,361.5972477930604,135.26535547603575,53.966900233715364,80.07816695125457,269.19828687940736
2010-03-20,-7.118373809993203,0.04448081012944666,569.4178878392994,135.30983364862976,53.966900233715364,80.07837213529537,269.33007830744725
2010-03-21,-1.0587814993055311,0.12858980840434162,574.2197622392409,135.43841615054862,53.966900233715364,80.07837213529537,269.7116672128758
2010-03-22,3.1003335635790736,4.91973010426829,430.6215205181079,134.668211711105,52.961480373069705,79.21739423723542,269.26026825989504
2010-03-23,-1.6847466225057315,6.21028274697284,242.15035611024842,135.58138709777006,52.327463757305416,79.143113750253,272.6596951640538
2010-03-24,-1.5910290028005982,0.0,499.62061886070467,135.54974766133444,52.242494049699474,79.13220570926775,272.6591471622811
2010-03-25,-0.12896857087665436,1.6220745695547105,488.67677869092046,136.63208378118813,52.489364922759066,80.06615819936005,274.7003281248465
2010-03-26,-0.7276615855700418,3.951797881705107,312.34107824474796,137.38909923525398,51.894823378340305,79.76405232962955,277.8251682586541
2010-03-27,-0.7092883800693818,1.2236169691227767,436.3697219496072,138.04728655122344,51.46884688272684,80.08798896246529,279.86890705690473
2010-03-28,0.6642060999358638,0.01933506880868523,592.0472882831884,138.05953637489299,51.46517027520897,80.07605662300412,279.9207261547167
2010-03-29,3.877452099009946,0.006947148441805944,579.207210055864,137.22829158708183,50.443346954499184,79.16320275717003,279.3558251187995
2010-03-30,7.167747722900653,0.006564043014452363,556.4571012333013,134.8873318607375,48.05881285294462,76.91203704214718,276.9676278960604
2010-03-31,3.9224894724625132,8.860870082110637,380.2061074781183,133.25592457159922,46.26501681105058,75.39706506511565,275.37774039806413
2010-04-01,-1.6919877809613928,12.203601873252774,272.58515363232846,138.1873933174563,45.25723268856763,75.8412715247037,290.5478990569252
2010-04-02,-3.95453588884638,1.624846998983703,431.36073909037026,139.81224533687046,45.3639054081378,76.74055325305046,294.36972608263756
2010-04-03,-2.3405633344546346,3.9898677692750706,312.81516517501996,142.76369225374458,45.36375588563201,78.32567723251468,301.5482847378495
2010-04-04,0.09338055943755706,3.3122285990489515,402.0800395114675,143.30063449807324,44.689018017776704,78.17504012634717,303.9468365881312
2010-04-05,3.1533987768693987,4.815718510207986,372.46804812061964,141.7043084407919,42.81111957671952,76.48018820136144,302.72203941630937
2010-04-06,-2.785629975800974,14.57230663657773,216.98040015207235,147.54492788174443,42.03891769048262,76.37961342714203,320.90477443032495
2010-04-07,-1.3640941795257067,2.3676329094166033,426.1606203150739,149.0372930366567,41.3598374533076,77.22085949980075,325.1539373649029
2010-04-08,0.19973365648843427,0.22336564741531742,633.4574319446012,149.25880521450816,41.35713916786287,77.21830914823491,325.81647158089424
2010-04-09,4.405620291632708,0.0,629.2895076967776,148.44860692209554,40.2645112126569,76.28578402324823,325.4023653553825
2010-04-10,4.4051981825298885,0.0,644.3287429265213,147.93169578294038,39.5138910428928,75.777282500259,325.1039056238881
2010-04-11,8.390401557600505,0.0,615.412763013347,145.434264471909,36.899537511708886,73.29779942458472,322.70206263825065
2010-04-12,9.939991841542847,0.0,565.1740137978247,141.83185745217202,33.19002605183147,69.59279769820418,319.3059040413683
2010-04-13,3.8285056047422823,0.2711918940813545,468.8754680997643,140.09042810957294,30.8333003006415,67.47839609899765,318.53355470569755
2010-04-14,3.62886830915452,0.011987104488965897,635.9718474724177,139.75917435410528,30.448749367477223,67.05184861129057,318.349044875175
2010-04-15,6.612534833763192,0.0,637.905185393671,138.42880668515912,29.222785404247908,65.78221687716938,316.8567860195518
2010-04-16,8.447607891413854,0.0071544961819926586,632.4899253245097,136.39977230455852,27.48455447382312,63.753205187192854,314.5454772296887
2010-04-17,8.48343809457854,1.5010997290401908,479.50043905678217,133.3881876652184,24.385678996404963,60.62693298485796,311.7329674358248
2010-04-18,8.537393525022466,0.0,620.6412496720129,131.36794796677586,22.41947132211182,58.59215770006195,309.67477756092376
2010-04-19,10.120378386229223,0.0,619.3741057868189,128.8491729686047,20.101326184990235,56.13642474031853,306.898415610383
2010-04-20,10.408333303483978,0.0,599.4043841882667,126.1151509808529,17.66523896075958,53.55500932412199,303.7230615416319
2010-04-21,10.94873322176805,4.587213442660818,511.1872120470329,123.21944292807174,15.195152418027845,50.82267868054052,300.25135032216
2010-04-22,4.995190398495949,5.069397008309401,344.58382283106323,121.4003696895376,13.551774929287578,49.0270222381793,298.23839995227695
2010-04-23,1.7244611254457145,10.479070557906347,213.77098933346605,120.03885245138994,12.184357630517624,47.60969306586004,296.9382574056549
2010-04-24,4.529323946199799,0.18579710961893248,556.5913472686846,119.05215834220877,11.134912805887414,46.540734030866304,296.09449218998196
2010-04-25,4.740840668935401,1.0582921227193318,481.2109545563912,117.76925703612012,9.872557147817952,45.15136968290202,294.89780001041373
2010-04-26,2.8300467729492214,6.679950424813407E-4,594.2949102925309,117.45326052082206,9.444701269603923,44.740554513243694,294.7849137819173
2010-04-27,7.417354091333566,0.10739388878450132,639.1875677131884,116.32342304331493,8.581507633186355,43.64419374711685,293.3628952039529
2010-04-28,5.257969241870468,6.615426028824631,476.6745031602366,115.76504161418143,7.780977796820864,42.71312338517068,293.4111364615018
2010-04-29,-0.8155914397906842,4.55429973810059,302.0891256259064,116.79473005602082,7.442084188613661,42.334999048756444,297.1728420735221
2010-04-30,0.031598191624010216,6.82714893489573,303.5038387035454,118.13837018027897,6.973129453710487,41.739735338219695,302.2089874607918
2010-05-01,1.1582956820087633,3.4977085017836687,407.50149727337777,118.38422841450036,6.574330186297779,41.17675304456477,303.8870124329077
2010-05-02,2.4812493519327874,3.385545927363939,398.2469719339087,117.94607298276992,5.948156361328375,40.16683454391549,304.2014313587137
2010-05-03,4.0710259681837755,0.3697967868087042,572.838186716399,117.56432126518061,5.501872741267876,39.441656493298225,304.22473227816715
2010-05-04,4.897143239337828,0.14833707894655007,540.4689298875605,116.58069955912657,4.833930124140855,38.31971960835602,303.0726239103805
2010-05-05,5.645380504075164,1.8672626162668848,585.6963596490615,116.9301451052781,4.637089256336496,38.11946913299368,304.5003739536014
2010-05-06,0.9739416305952219,3.309363086700621,390.03988161363577,117.4023244732972,4.23913965479992,37.43055455499444,306.97478068672854
2010-05-07,0.7449547841270658,0.045686273526561204,575.7561618311671,117.42000483194236,4.2074213345981715,37.38109505173333,307.1073498719698
2010-05-08,5.923286055556951,0.21796575554094194,639.6336039818134,116.97104023726962,3.943490287586262,36.79500344137765,306.6155175837411
2010-05-09,8.610128940160667,1.4190667516127207,571.0015294735555,115.55675812335967,3.4403238112843146,35.39624542837255,304.30143449458643
2010-05-10,6.066159995265344,5.410154445630064,316.462950562196,113.93404515404602,2.7816375525941934,33.59943594810027,301.91662953692514
2010-05-11,5.55546023847082,6.54290045152696,364.1386278981096,112.6801301464407,2.313641950977394,32.10956829185638,300.13516683805466
2010-05-12,1.9326353244828665,4.8368948568876196,278.6870717878277,112.33337441236402,2.0162377230206037,31.08534846179053,300.41598671493136
2010-05-13,3.4306591248194014,0.5630483101218424,542.242084320648,112.0622609409959,1.8306972929235201,30.418942792121722,300.45594872340826
2010-05-14,6.392806089266165,1.9890251893886461,560.566609177304,111.07918654844563,1.5913180622434278,29.305013571617124,298.8815198205713
2010-05-15,6.694738702190682,6.8499165732822185,411.93416227518355,109.62778639834248,1.3285585755954987,27.75141719836161,296.3783296871196
2010-05-16,8.664014012935516,0.03497464458751839,630.0329023761818,108.50487115572356,1.1795615325762927,26.61685434219128,294.3217497132778
2010-05-17,11.642672516294367,0.0,634.2945820712275,106.85940510156206,1.0119276080307855,25.023941576652444,291.18951112674887
2010-05-18,10.80120612307278,2.8524239721189293,451.64403553085174,104.91123733313809,0.8323478479169955,23.061632315997553,287.5388642545051
2010-05-19,7.117869935216715,14.610496657508493,218.13002605448295,103.1529750855461,0.7109303236057495,21.276757053148245,284.2184269306623
2010-05-20,10.444199735355859,1.8394572437038232,529.6211275876369,101.49625569792657,0.6294956666777839,19.77764222148277,280.875605243959
2010-05-21,11.600617304557453,0.3783850447509802,596.1679606900392,99.91360186090785,0.564925057108774,18.401981364642005,277.61312500866205
2010-05-22,7.847937863711448,1.691475729317343,458.0108499109581,98.5200068519633,0.5020243431581303,17.100066557010543,274.836556334869
2010-05-23,8.264327612592256,0.5563204042409797,609.5651208255566,97.53806188591736,0.47288766602965326,16.380205726706745,272.6685073827127
2010-05-24,4.546607039834656,3.6737171675614104,410.2788585845649,96.90863616801347,0.4396203540679087,15.6787965030268,271.53222674978036
2010-05-25,6.977147477210223,0.039621274522858234,637.7029238050197,96.48842409375801,0.42374648535145126,15.301371072729395,270.6769057832666
2010-05-26,12.184042598233455,0.0,634.9884332635371,95.04327686731614,0.3834057840211544,14.3163563618806,267.4094811226569
2010-05-27,15.382229046952956,0.0,608.2128826126468,92.96671506949252,0.33020585853488904,12.962608703323452,262.64836572653786
2010-05-28,16.56292960743919,0.0,599.4852226776626,90.71671033729004,0.27239491542049493,11.551714916797605,257.4339848320859
2010-05-29,9.186663823498026,0.0,532.1780689455314,89.51017636034746,0.23465056779368265,10.6681819296704,254.77097882592733
2010-05-30,7.9326506359767155,0.0,614.3505657004631,88.83387496174896,0.21842376590333848,10.232802376263662,253.21379888806575
2010-05-31,10.88899603430556,0.0,607.9547182468021,87.71488120458325,0.1973147098169629,9.62863125878925,250.5158942459386
2010-06-01,11.287693359400663,0.4998923916845371,481.2044611593156,86.1628950465755,0.170431254573213,8.812878910718648,246.74958105243874
2010-06-02,12.227934496900655,0.0147057363729342,486.84069763012,84.49822670053474,0.14275696728596735,7.959062628517386,242.68758544703053
2010-06-03,14.104234983578197,0.008365963755700282,461.7528720242513,82.6257455472588,0.11251410477818771,7.077532166863471,238.03899836093754
2010-06-04,16.465797521851584,0.0,571.4659102800126,80.75716289338433,0.08539209403561504,6.311967194193116,233.28332646454268
2010-06-05,16.301716972996473,0.016157891596763237,494.3356640557227,78.82545650493091,0.06001514811060861,5.537024199532398,228.3479816560873
2010-06-06,17.733180537371254,0.6189123476906909,583.1823632750875,77.04582803037897,0.03977371946384412,4.888107069132027,223.73331160972558
2010-06-07,18.49473530928837,3.9352983828743744,481.31651407660775,75.16777887407824,0.02095709995557917,4.206444813096984,218.85782874201263
2010-06-08,14.516306436971952,2.099709334979067,455.4692308085726,73.63527234632085,0.0068119561501695765,3.616272300583709,214.91204292467737
2010-06-09,16.84551802891503,0.6166575524138153,524.1031285911556,71.88660153333961,8.807014380425783E-4,3.1081367786077045,210.2349868450873
2010-06-10,15.167597593899808,2.7947142723185867,436.330621258621,70.40568228135679,0.0,2.7011441911544485,206.2467777326066
2010-06-11,12.167189001465555,3.3541510854441223,422.5748562221434,69.22627733124312,0.0,2.4083419891309283,203.0386499295884
2010-06-12,8.33234765332791,14.722937060022394,231.4748677776589,68.1550700217087,0.0,2.126624511192141,200.1405635407861
2010-06-13,8.380506107751241,10.729099475284094,267.4413968734879,67.18721021188638,0.0,1.9003750685244871,197.4938719537594
2010-06-14,9.548461863502762,2.0393807696381643,366.1146727832728,66.22221902625284,0.0,1.6947140018581186,194.8351655105195
2010-06-15,12.928413766977997,0.07710750286104398,563.3527841322924,65.26209102715791,0.0,1.5229623494442333,192.1570814472985
2010-06-16,15.245616639482632,0.13619674962656717,574.2969900699919,64.07116485488243,0.0,1.315316249359514,188.8298564148342
2010-06-17,10.761226747543663,2.682668080412269E-4,558.5609180088319,63.299486639136035,0.0,1.1553634747411787,186.69926263089354
2010-06-18,13.227420666747406,0.039575972557081826,605.6420654612406,62.4233464479375,0.0,1.0460863489151415,184.20813449463367
2010-06-19,16.062999526014522,0.0,561.3353633662421,61.10252768077062,0.0,0.8886784900195995,180.44534184954452
2010-06-20,15.755891079730693,0.0,551.0280658621188,59.82321111839301,0.0,0.7514406833815411,176.78560270329493
2010-06-21,15.339866966656258,0.0,559.6193430244272,58.65008973852281,0.0,0.6455228500468844,173.4097864986486
2010-06-22,15.021866846413289,0.0,560.9249869641335,57.5366238245102,0.0,0.5581017828931875,170.1925648406096
2010-06-23,15.06526045902632,0.0,581.2426744347192,56.543969707274705,0.0,0.4888689233489487,167.31573646398797
2010-06-24,18.356034293628515,6.679950424813407E-4,576.6572185703757,55.258145685495506,0.0,0.40966635009587576,163.57882049473352
2010-06-25,18.667570528455983,0.0,566.9073621600246,53.95048447964846,0.0,0.3414323643499842,159.7661628326686
2010-06-26,17.843833647392984,0.03407894885478287,481.7014561341477,52.69462452901979,0.0,0.2784154578085146,156.10203181825983
2010-06-27,16.555788941036514,0.0,545.9646931176677,51.60400440776566,0.0,0.23207412108336548,152.9116494952135
2010-06-28,18.200508889605388,0.0,567.7339982353185,50.44878121166622,0.0,0.18943245195680153,149.5258585231628
2010-06-29,19.50915818333734,0.00906339446240853,541.0269104310964,49.146453042177285,0.0,0.14915914861803425,145.70114886791737
2010-06-30,18.960359112924902,0.007934400046242683,506.8818187852902,47.875357842680245,0.0,0.1204986165787049,141.95754930008258
2010-07-01,17.79719785643363,0.08966946437457786,476.4647425075448,46.680959892072934,0.0,0.09845963887433519,138.4349588243876
2010-07-02,17.67188305618024,1.3111383774101146,427.19124015309757,45.52306155822827,0.0,0.0784200123846957,135.01869324921296
2010-07-03,18.214616458828388,0.0,481.13557332400285,44.42234542296002,0.0,0.06251110278267373,131.76800629592321
2010-07-04,13.394882931643293,2.3962517974823667,460.883639986642,43.74187686910325,0.0,0.05261614962300755,129.75847418210387
2010-07-05,12.958667552536848,0.9625851323290109,531.6412980282528,43.134405927713374,0.0,0.044987761173417615,127.9633141127216
2010-07-06,16.50399817778034,0.0,561.1723285507196,42.255022779351215,0.0,0.03489716772318283,125.3636665541909
2010-07-07,14.932410396809697,1.3173415688777481,477.90928750526155,41.3964807630745,0.0,0.02695861841725795,122.82372262224223
2010-07-08,15.761331846767822,0.4694068513998235,506.2543673038768,40.55928000165231,0.0,0.020661541390255837,120.3454755836806
2010-07-09,16.64659816635876,0.08863302137280932,544.596971578387,39.73354510445365,0.0,0.016349497628434035,117.89927610266463
2010-07-10,16.93435944251438,0.13161325963062587,479.33836435185907,38.78776144777132,0.0,0.012408058689246272,115.09644342906988
2010-07-11,16.25154412111196,0.06124930894983897,498.00042927345436,37.91536305062437,0.0,0.008910388957020553,112.51095064974092
2010-07-12,17.531452469668587,0.012872825074113843,544.9718239978553,37.09548379009894,0.0,0.006241407599849414,110.08049045617204
2010-07-13,20.084817662401015,0.04718647195390993,501.0141253855817,36.057064121852264,0.0,0.004292956033844353,107.0007586327598
2010-07-14,19.70331548379519,0.580807290286234,452.46357756821703,35.01544734595176,0.0,0.0032113666302714654,103.91067456882386
2010-07-15,19.212110481612736,0.0,531.1420227728024,34.13714215898662,0.0,0.0022745191783396356,101.30509915011586
2010-07-16,19.890878565201433,0.006639084845743961,551.6729802013407,33.301601748647016,0.0,0.001372664371157634,98.82640007790417
2010-07-17,20.83521526032715,0.0,495.2922579139033,32.281110924959435,0.0,2.0836503172960946E-4,95.79909308471059
2010-07-18,20.91091059747927,0.0,497.0329395187044,31.310175066432475,0.0,0.0,92.91789515729916
2010-07-19,21.3628037341059,0.005718037563640277,508.8308962814875,30.41230672482852,0.0,0.0,90.25332888600875
2010-07-20,20.59349401527674,0.516243920970929,507.9319001295237,29.548739318002504,0.0,0.0,87.69055606220724
2010-07-21,19.004431266577978,3.3298376932878764,376.36235399855883,28.74648320405195,0.0,0.0,85.30973419432576
2010-07-22,19.298186506957148,1.7351800211820352,406.0379495801399,27.981650358832994,0.0,0.0,83.03997179363243
2010-07-23,19.76021286007736,0.0,506.37755294868913,27.254790161772625,0.0,0.0,80.8828992304427
2010-07-24,19.226770386379634,0.0,530.1747949246393,26.56005704993034,0.0,0.0,78.82116887245205
2010-07-25,20.719546452299117,0.0,530.0290233094892,25.82000511312113,0.0,0.0,76.62494773572912
2010-07-26,21.13292712312246,0.0,527.4982660868387,25.07680322228616,0.0,0.0,74.41937861237581
2010-07-27,21.02488934704276,0.20824707972244966,457.6011428239662,24.328313224767317,0.0,0.0,72.19811619630246
2010-07-28,21.354124975351493,3.2602892457847297,374.39819077489125,23.585341781358377,0.0,0.0,69.99323096212338
2010-07-29,19.82263352857592,4.292910962359518,308.8613753977746,22.91899165303292,0.0,0.0,68.01573159553001
2010-07-30,20.181523204579133,0.07291951032755985,490.06298655820547,22.291542660284225,0.0,0.0,66.1536774996626
2010-07-31,21.967740223460655,0.08322589581863055,479.719187458408,21.60188276351097,0.0,0.0,64.10700270954707
2010-08-01,19.86910829688471,3.777564698209785,338.0993138819842,20.990756347493335,0.0,0.0,62.29338844099381
2010-08-02,19.611382796342944,0.40647543010521675,442.8675880074313,20.42515884754778,0.0,0.0,60.6148884297462
2010-08-03,19.35732349483882,3.2172088112453063,401.05438305838146,19.894649564096007,0.0,0.0,59.04051824896131
2010-08-04,16.872149952972663,6.791783332362035,296.0412770494724,19.3871183432435,0.0,0.0,57.53433910214498
2010-08-05,17.402857886418452,0.6251508176259972,459.7565358334681,18.918742705563947,0.0,0.0,56.14436033952862
2010-08-06,18.505333488500057,1.336183861950833,428.1213814212579,18.432105581199767,0.0,0.0,54.7001877277377
2010-08-07,17.526314657988408,0.9870091718921007,446.4427298341082,17.969014004535488,0.0,0.0,53.3258902516801
2010-08-08,17.141019523535572,0.3420850709314716,428.7787521401171,17.500363929940267,0.0,0.0,51.93509705412354
2010-08-09,15.87432187685565,0.8390377920294496,385.99601119522845,17.05588586606055,0.0,0.0,50.61603812035308
2010-08-10,16.771318236033007,0.037782583417172735,510.5602869493901,16.669348664645856,0.0,0.0,49.46892785733983
2010-08-11,17.877467243107663,2.4175253412243825,443.1341623644183,16.24197385576107,0.0,0.0,48.20062553706948
2010-08-12,17.424274699090446,0.0,477.0548880448597,15.854318252320551,0.0,0.0,47.05019623920705
2010-08-13,15.437777664726775,0.0,535.282039866725,15.564543686996672,0.0,0.0,46.190244398539036
2010-08-14,16.072755376883343,0.0,517.4113307834418,15.179151977508226,0.0,0.0,45.04653356393782
2010-08-15,17.391698653104157,0.0,520.5752653821464,14.77103886651263,0.0,0.0,43.83539337774119
2010-08-16,17.15580825448185,2.203283089446643,396.0202306109168,14.416414374156194,0.0,0.0,42.7829891247764
2010-08-17,17.296638974520047,0.0460820911801214,528.1955695164636,14.075506148844822,0.0,0.0,41.77129006303262
2010-08-18,19.388537561501824,2.9703217221089853,413.76941636723404,13.656258142505337,0.0,0.0,40.52710531429505
2010-08-19,14.818995555457628,5.76533316208218,267.31120396296143,13.299000123692364,0.0,0.0,39.46688565516714
2010-08-20,15.59066181824781,0.09440640332118032,482.65270605539143,12.991402027480019,0.0,0.0,38.554039668397635
2010-08-21,18.27833694716361,0.020630750722146627,503.0619480581851,12.63675264754891,0.0,0.0,37.501561557619866
2010-08-22,19.636672179087785,0.3726514092563624,479.1843942544592,12.235527896337697,0.0,0.0,36.310863668245055
2010-08-23,15.321224672038529,0.31361526439288395,426.66292738852314,11.962271518832708,0.0,0.0,35.49993216172362
2010-08-24,14.719551005779888,0.0,543.4095921757674,11.729767177054367,0.0,0.0,34.809938764780334
2010-08-25,17.266754982204187,0.0,527.1643654017907,11.421964964794888,0.0,0.0,33.896487031366895
2010-08-26,18.97553845511461,0.0,509.09652102782985,11.068942596741104,0.0,0.0,32.84883733559212
2010-08-27,19.031927507706964,0.0,467.8445480054258,10.699748056238706,0.0,0.0,31.753194160992717
2010-08-28,16.603141622467223,0.404383210378972,365.02045797583725,10.351168055484,0.0,0.0,30.718727892588447
2010-08-29,16.027051544389995,2.2449125942101396,349.84926022447416,10.016601457491387,0.0,0.0,29.72584861262746
2010-08-30,12.761080497931594,4.275096001587473,291.68740291733116,9.805813229511534,0.0,0.0,29.100301217051797
2010-08-31,12.307514506532872,0.0,443.61932489617885,9.606101198276788,0.0,0.0,28.507624186644
2010-09-01,13.41777475786076,0.0,481.6522807614853,9.3988876337717,0.0,0.0,27.892685170142112
2010-09-02,12.629450056191125,0.0,434.5757756105595,9.201832204935297,0.0,0.0,27.307892027403422
2010-09-03,14.344052458911543,0.10798362526725036,507.59900106004613,9.0199930535129,0.0,0.0,26.76825559383162
2010-09-04,17.42319952219011,0.0,490.1878115058985,8.746841318882822,0.0,0.0,25.957634631587222
2010-09-05,16.804714008363486,0.0,451.35206281957613,8.470058984583801,0.0,0.0,25.13623929076841
2010-09-06,10.049680382230045,0.0,404.3896262491448,8.351956318595173,0.0,0.0,24.785750955495768
2010-09-07,13.189578099386798,0.39605455203048795,502.49940955989894,8.19525045198621,0.0,0.0,24.320701518588727
2010-09-08,12.661761333854097,1.727099493206728,328.45586993052484,7.954145471881261,0.0,0.0,23.605184367510496
2010-09-09,13.806387310766912,0.07851774070279723,384.6819930216503,7.781040930529328,0.0,0.0,23.091469270406638
2010-09-10,9.74899031902005,0.030816548788038026,370.630712196758,7.670742313276589,0.0,0.0,22.764140683704717
2010-09-11,10.576123935630452,0.0,482.86116935121646,7.564987521917782,0.0,0.0,22.45029661879578
2010-09-12,12.730314842793163,0.00788234150127982,481.42161089007163,7.4082777838060005,0.0,0.0,21.985235692591974
2010-09-13,15.08253401498067,0.0,470.4131473167461,7.210633700139496,0.0,0.0,21.398695623569065
2010-09-14,15.48508813593496,0.0,450.9297708100166,6.992079109007871,0.0,0.0,20.75010031735225
2010-09-15,14.222555852663039,0.0,436.5279143401561,6.795799215389169,0.0,0.0,20.16760869799682
2010-09-16,14.776885766233086,0.0,456.4111212462871,6.600618599102909,0.0,0.0,19.588379357939022
2010-09-17,16.29039548538824,0.0,460.27437898869874,6.3972184344393215,0.0,0.0,18.98475720842729
2010-09-18,16.878464720267765,0.0,442.6465741036345,6.175634141878681,0.0,0.0,18.32717078417483
2010-09-19,17.70353316269458,0.0,448.60778529986186,5.956170137448678,0.0,0.0,17.675876650202056
2010-09-20,16.157844839034773,0.45432805107343693,389.8108757132619,5.75906279609573,0.0,0.0,17.09092944886231
2010-09-21,14.09905672879723,0.0,446.73146063530754,5.608386513123469,0.0,0.0,16.643773754772372
2010-09-22,13.055868638715205,6.833465556802278,295.53260623848945,5.465972096138865,0.0,0.0,16.221136454336122
2010-09-23,11.498670080583327,1.9923206763286818,286.14026852560755,5.34922080085732,0.0,0.0,15.874658525310428
2010-09-24,12.071861594324504,0.0,415.8850673535465,5.224368366808922,0.0,0.0,15.504139186072365
2010-09-25,13.40483176885011,0.0,429.33846339087955,5.088725011522168,0.0,0.0,15.101596081839414
2010-09-26,16.195370900378762,0.0,429.94377825881895,4.910254951895519,0.0,0.0,14.57195796087967
2010-09-27,16.109412196470654,0.0,413.19735321503737,4.7286037701178145,0.0,0.0,14.032879356949547
2010-09-28,16.884848662104147,0.0,420.53872138040185,4.542778727641111,0.0,0.0,13.481414161439913
2010-09-29,15.983027318628977,0.0,400.25966568293154,4.372650087863809,0.0,0.0,12.976530522797184
2010-09-30,15.402137640240177,0.0,408.3753779248846,4.213978535532495,0.0,0.0,12.505647602702197
2010-10-01,15.102496494115192,0.0,394.40252562746633,4.059113311420276,0.0,0.0,12.046060563439745
2010-10-02,14.885988704424745,0.0,394.34092180132774,3.9161677378480477,0.0,0.0,11.621846971845232
2010-10-03,15.667318498019137,0.0,380.0169202346994,3.769224972854041,0.0,0.0,11.185771082685648
2010-10-04,13.247349611369026,0.04564129385429751,329.3962938555778,3.6406131713537766,0.0,0.0,10.804095226117063
2010-10-05,12.81435748794874,0.05218205628626459,341.679196277731,3.523136991383365,0.0,0.0,10.455466087161103
2010-10-06,12.589315774626714,3.2354919513965306,249.14821746284696,3.399694466908808,0.0,0.0,10.089130877513037
2010-10-07,12.210566272584302,5.290138166071568,250.55904713703117,3.2929325263639955,0.0,0.0,9.772297938147968
2010-10-08,7.414453753411631,4.227118784847652,164.2706482178461,3.2364076065326683,0.0,0.0,9.604551301039802
2010-10-09,5.793725747622203,4.191743997098268,168.29574635267693,3.173915637509422,0.0,0.0,9.419096501967138
2010-10-10,8.431713492159325,0.6099992013866439,242.64192423147506,3.106565238414989,0.0,0.0,9.219223543461451
2010-10-11,8.568738480666143,1.631157205639577,293.0537572584743,3.0397752931154725,0.0,0.0,9.021013820209038
2010-10-12,8.445531872477641,0.39094177991427503,290.15058240263636,2.981346567037369,0.0,0.0,8.847617337040846
2010-10-13,7.7347196571501735,6.679950424813407E-4,337.6174798373356,2.9251270324902863,0.0,0.0,8.680776979050053
2010-10-14,9.91294801724973,0.0,358.7355421817167,2.8561276458764238,0.0,0.0,8.47601038934873
2010-10-15,10.196835551472647,0.0,351.1904949568475,2.7786383787192968,0.0,0.0,8.246048736747142
2010-10-16,9.915765456705866,0.0,345.2087072457174,2.7072212894588494,0.0,0.0,8.034107232163985
2010-10-17,9.04733095340275,0.0,298.05103673081396,2.633209535364185,0.0,0.0,7.814465649426598
2010-10-18,5.8374819298379,6.020513984408516,166.48117657159287,2.582442898336061,0.0,0.0,7.663807627015058
2010-10-19,6.745700304744114,0.011656246274425732,297.6504990052253,2.549116924544586,0.0,0.0,7.564907530410648
2010-10-20,8.43373799383189,0.0037352543173905526,347.70457038615575,2.4951010528857682,0.0,0.0,7.404606890475706
2010-10-21,8.773545655331588,0.17361673732008023,341.1722047565155,2.424111977626861,0.0,0.0,7.193935585118092
2010-10-22,5.519047096560692,10.741273811793402,143.5267328693116,2.3653385859280958,0.0,0.0,7.019516252223349
2010-10-23,7.186903336609593,7.478141082385332,162.26381703349563,2.3144745943694995,0.0,0.0,6.868569314849298
2010-10-24,5.331871021327912,10.68538395910832,147.44031707866029,2.2722171692569924,0.0,0.0,6.74316372424208
2010-10-25,2.2814345101950724,10.031421971954902,187.57979090236702,4.410780148269905,0.0,0.0,13.08968750603467
2010-10-26,-1.6649827667799038,2.5089992948675532,141.30768365952594,5.71217796828356,0.0,0.015054771896334218,16.936780720777044
2010-10-27,-2.042622827157096,0.502844162843612,226.61729421218863,6.21502368698089,0.0,0.06095393230146024,18.383290446143985
2010-10-28,0.42182110794827843,0.1424396039559854,340.7957470012116,6.357461956238047,0.0,0.06095393230146024,18.805998531970463
2010-10-29,5.86126588389246,0.010789921179588897,330.7007049983452,6.160829060562821,0.0,0.047014151754147394,18.23635819248687
2010-10-30,7.593598318709448,2.220986190871017,275.77181028960064,5.814657360938881,0.0,0.014967290271720153,17.2409917470182
2010-10-31,4.93943291345673,2.5840143451745012,183.2916353079514,5.539418864867032,0.0,7.109860379813164E-4,16.438392454269163
2010-11-01,3.8989883416752247,0.03960456579113063,259.0940253149643,5.408804370077976,0.0,1.7814415780474424E-4,16.051304566773375
2010-11-02,5.865408477665502,0.0,322.1299762205726,5.27890965071299,0.0,0.0,15.665999069921302
2010-11-03,6.327440563550867,0.0,312.1691208362618,5.063554879329746,0.0,0.0,15.02689973475133
2010-11-04,5.841540553767268,0.0,318.7659015074175,4.893786876504526,0.0,0.0,14.523086343286472
2010-11-05,7.568412350551644,0.0,313.98109289844086,4.712478156848974,0.0,0.0,13.985024049852662
2010-11-06,9.306473637944102,0.0,303.45982794837744,4.487698615264701,0.0,0.0,13.31795521890176
2010-11-07,6.2795155144463495,3.185000382936624E-4,241.06022502229413,4.2920634079202715,0.0,0.0,12.737376808000608
2010-11-08,6.248572986634896,4.790194768346677,256.9057163105164,4.14709356845105,0.0,0.0,12.307155887287422
2010-11-09,-1.5915413070886728,6.752732976643466,113.4577056328705,5.745556743261331,0.0,0.10276342328350066,16.948386274180475
2010-11-10,-3.9742528217766897,1.0751626382455903,192.21665586652784,6.820340838485403,1.023105490868697,0.9035733346097523,18.34649936858796
2010-11-11,-4.564391046929579,0.43363549397254886,205.9256882795892,7.252079215867732,1.0254191702602378,1.0126436853908385,19.51675538242808
2010-11-12,-3.9934290355930417,0.5901867181202084,206.70323184687769,7.842257178745524,1.0254191702602378,1.0900648179481478,21.19100789136486
2010-11-13,-3.994600259781396,2.524091489023822,160.81268589458205,10.355860390525802,1.3022633442464147,2.2052440592809317,27.26991350385487
2010-11-14,-3.4718791523602253,7.131177272507212,151.37281227554132,16.693666571486204,4.11710285797132,6.2594840889346,39.303950587795164
2010-11-15,-0.6971072344165212,3.1256605011699232,175.96665653440002,17.16511957531159,3.3686209953010238,5.652617809549106,42.03461837113338
2010-11-16,-0.7735441199147362,11.107325520865443,158.87959728258605,19.905061452556502,2.711581756652012,5.055607564428326,51.39880489479738
2010-11-17,-2.706455375931851,0.08674575864219075,253.8590497494383,19.98936520856241,2.753788434633982,5.1139857803791156,51.54981723122438
2010-11-18,0.27281696630721747,0.018535526459854606,299.702728116026,19.90233560146454,2.626353058880973,5.007159098331608,51.52174415262023
2010-11-19,2.762768394302999,0.0,252.72507637622232,18.871627717044486,1.702351805045083,4.032533434929203,50.331549934655264
2010-11-20,3.3507396098193785,2.7879724295601878,219.93508969022264,17.790230158410047,1.033887959582773,2.9823583087992174,48.81823101660631
2010-11-21,-1.6805089305572023,11.15324534574299,176.48813114995198,24.098392911456028,1.1714048295585942,5.624915881678674,64.77042645643239
2010-11-22,-5.939707775670013,1.9499014845533567,160.668839543388,26.048353303836482,1.3033368489351016,6.315311968530618,69.7408200770342
2010-11-23,-4.6403724325817075,3.0862895093950566,215.88909592764682,29.13464658397514,4.539017014434465,8.6155516090258,73.46586618090696
2010-11-24,-13.317860334202209,1.7774620479360572,257.71201546072956,30.912059482004917,5.437048192716988,9.89196244787797,76.59633248657097
2010-11-25,-16.240232243699708,0.24237134574897415,300.03731742122363,31.154425634236887,5.437048192716988,9.905265998975377,77.30232785826573
2010-11-26,-8.780854210543643,0.03334109235382799,301.97061235772645,31.187766521625804,5.437048192716988,9.905265998975377,77.40127221332858
2010-11-27,-4.456392403189306,0.5313069089334916,270.60255648997367,31.71906767482275,5.451034842700299,10.108606424305242,78.7616733982675
2010-11-28,-5.196061375959439,3.4960006173250178,180.79616105542613,35.215071669102365,7.825454620131535,12.881991602395066,84.06677718548696
2010-11-29,-8.693700875403099,0.661387380993243,157.95152800744208,35.876433130804955,7.882626687320447,13.158488827534805,85.69829534300356
2010-11-30,-11.573648053090203,0.40563888033234285,286.3522565693677,36.282097807149015,7.887164179896112,13.226154971452782,86.83029780033915
2010-12-01,-4.154420649240304,1.2217912006394351,228.84881478285385,37.50060531279729,7.895043109801243,13.459927826589956,90.20567748987233
2010-12-02,0.4482077864499019,0.0,245.94851024014955,36.98903826264637,7.594169998093925,12.92310186014387,89.51479716863521
2010-12-03,0.9825444466963296,1.0586437811067115,171.95863548677616,35.54901186052956,6.31086937546722,11.468899639190466,87.9367880411158
2010-12-04,0.893447846094872,2.073080323632991,167.5570668471485,34.12622137651938,4.8276452290912495,10.024346307525992,86.59435302194028
2010-12-05,0.7960185236069617,0.4414317201366351,178.57998223288317,32.855414708226235,3.353730523178254,8.637341958586601,85.63653824481052
2010-12-06,-1.0895367513639473,4.084519811419674,166.86601438708811,33.56416495512581,2.9149038255807724,8.717762087843369,88.08560466871681
2010-12-07,-1.4052646010526737,1.8051462737466324,205.70275423792876,34.783338101070505,2.6016308676949897,9.028699246681073,91.6977296790655
2010-12-08,-1.8206300285869157,0.023925687922316596,266.3287341775374,34.796981590996126,2.6016308676949897,9.022595653315705,91.74430457287126
2010-12-09,-0.14671477323961388,0.08936586048408258,222.92933119855564,34.40900611541542,2.321837723580122,8.665218399503525,91.22081966620486
2010-12-10,-0.712051494548373,3.2791035152824026,171.84951403977925,35.29018015842497,1.6959246221605815,8.15460875498196,94.95246090307265
2010-12-11,-3.71126416279813,0.5462781267078545,176.0232285029233,35.74298186972497,1.4782430947037097,8.134333884990042,96.52771710369899
2010-12-12,-0.886549086909279,0.6361784984263731,229.7880755862209,36.21461342200384,1.3134759337054613,7.973745509532799,98.24739722792799
2010-12-13,1.2300562465876443,0.0,236.79357730373425,35.73361866689517,1.1032064404011983,7.501801984936811,97.49461376968014
2010-12-14,1.420297309635139,0.012463483988130191,199.9882506909327,34.92847147548673,0.8185817785148594,6.74674227980482,96.13431058220274
2010-12-15,-3.369164692630297,4.549773260471585,210.24960378027353,39.439544781110925,3.6184427397934384,10.25547195154237,103.30567646339281
2010-12-16,-9.855134009082004,0.0,277.4235766598758,39.439544781110925,3.6184427397934384,10.25547195154237,103.30567646339281
2010-12-17,-12.218873477938939,2.456153418045281,245.80876002228243,41.89567968489211,5.534416118504075,12.25285398987104,106.74349483919494
2010-12-18,-5.631420213919058,7.853734656740671,197.1179967811805,49.7494940806541,11.012761549189664,19.057711343963373,117.94880122291202
2010-12-19,0.5879904173996073,15.26333797728422,130.65839344572765,48.40817792974124,9.731858248805846,17.83031061231103,116.43526768996668
2010-12-20,-0.6874409671862995,21.413764649588146,140.91543361769388,49.35298445581568,8.59761204880758,17.12002978313439,121.04821809338063
2010-12-21,-2.3093058995121667,12.669639933699647,95.02753291746235,49.114836841790435,7.984105576015331,16.952726185392414,121.10375505073341
2010-12-22,0.5131203292450219,8.925958553865591,143.00248090102673,47.91734242416906,7.004592889482587,15.828453377143836,119.62168238225273
2010-12-23,-0.5217538928361878,4.075668004399092,155.66362003035292,47.253380686582865,6.385977721504949,14.923209021050804,119.15428207147379
2010-12-24,-4.3774939549060115,0.0,240.59137250670244,47.2513093689699,6.384866632277691,14.918125554676571,119.15428207147379
2010-12-25,-5.830764713831713,0.024131763621717196,255.43863611066385,47.27544039893319,6.384866632277691,14.918125554676571,119.22589471839798
2010-12-26,-5.207536446775417,1.0426561165152965,242.94293289072922,48.31809087428412,6.430667555775793,15.372273742907568,121.82285548108322
2010-12-27,-6.114191044638166,0.005426257301563879,241.3216691252892,48.32351873458114,6.437358598835813,15.38064015575472,121.82412737674731
2010-12-28,-9.441735650285523,0.08614353630099844,254.44713429915905,48.40966463859058,6.437358598835813,15.38064015575472,122.07977896796315
2010-12-29,-6.363213307781472,16.450094562024344,192.47497652533607,64.85975433789454,24.04947590864499,32.13306578996139,137.10056421193073
2010-12-30,-11.3225293126253,7.75855094187298,224.80690340707574,72.6183054950289,32.105040391029675,39.372000818155314,145.0889274528218
2010-12-31,-20.96386856736816,0.16631554884457794,222.84648589341467,72.78462232397798,32.12782751432263,39.476361481344426,145.4563275387773
2011-01-01,-20.097089207520632,0.6441411631335345,242.26807346049247,28.897654327473024,8.528740283462525,15.196304522483523,62.328717471593215
2011-01-02,-15.108622497682283,1.80206350625337,256.1844583016145,30.69969504990021,9.50899293291088,16.5347461932021,65.39061837781382
2011-01-03,-10.925034428406477,0.7765895453251492,243.31620567541444,31.476294176974356,9.707059264768562,16.98161285878613,67.0575021144989
2011-01-04,-12.26763902677588,0.4879866492103631,241.76249407600054,31.964287102187978,9.727426508121953,17.24688382582831,68.22143754162322
2011-01-05,-8.878593661490497,0.8238262009728092,220.39707728884648,32.788117410843654,9.76910051584468,17.620008341487722,70.25380629577494
2011-01-06,-7.2430612311273155,0.09317238668599322,249.1960616502079,32.88129497209771,9.76910051584468,17.632141230543297,70.51822816091781
2011-01-07,-5.862934360738449,0.0,251.76764491708494,32.879982539904574,9.76910051584468,17.632141230543297,70.51433331086781
2011-01-08,-6.177169567823302,4.685777014038571,198.50120706269274,37.56576679349044,13.504627214592151,21.72669848501733,76.71192270224577
2011-01-09,-12.003832359588824,3.1183339136721147,254.00645288394568,40.684075667791205,15.73596824830958,24.427802554466872,81.10709669835701
2011-01-10,-18.95037734427524,0.3579187330682147,272.07432831019827,41.04198929815278,15.76586961606347,24.721694287442308,81.8472107281226
2011-01-11,-16.97161808472732,0.0,294.18448013211076,41.04198929815278,15.76586961606347,24.721694287442308,81.8472107281226
2011-01-12,-12.09820030430398,0.7170729249181962,299.64080601314936,41.75906368956503,15.768452897839001,24.9494181891408,83.74567948592275
2011-01-13,-4.589929511708523,1.6660043606424457,235.38123240372875,43.22179011696306,16.402079375011933,26.116675830124287,86.30772612671781
2011-01-14,-2.1873596195895444,1.4769244889611768,170.93552850744032,43.43111816005233,16.726090917071055,26.22026155743342,86.5111751488443
2011-01-15,-2.42215884930911,0.4115301539316425,179.73300781630016,43.07828753332252,16.529147113417277,25.790597214731857,86.08365008710207
2011-01-16,-2.2151354168096953,4.234329197220666,204.4071485378257,44.75230392930827,17.02287423969158,27.308209648550424,89.05919189320575
2011-01-17,0.800119446707524,3.8393664681683144,162.17158088289167,43.47145974434977,15.396904375865132,25.788453898297757,88.35153466102174
2011-01-18,-1.8157591202584067,1.504276255197781,148.19247672685313,43.72288432473788,14.762285829331745,25.025361092064855,90.47448639761647
2011-01-19,-5.776030989613091,4.956049751772955,213.96735622942757,48.61587494123291,15.746491267143076,28.02251271850181,101.05159141549453
2011-01-20,-9.805847061568628,0.5336183840355074,265.39114360553725,49.14948815712047,15.746836028519661,28.07101724862586,102.58647620731313
2011-01-21,-5.689634945031747,1.2388185987839226,265.99441791425505,50.38830737177564,15.794581811966575,28.678503128229867,105.61082338671804
2011-01-22,-5.258220636648251,3.9914940491514543,223.8763514316726,54.37951520550811,16.57433919833462,31.093102870247122,114.29102343044057
2011-01-23,-8.469336143551294,0.4855125737003103,298.7163089477583,54.86503004442437,16.65738166880244,31.474430082944846,115.27105697242705
2011-01-24,-7.7260725035558675,0.3754482661893887,314.07160302290356,55.24045247931481,16.7339814538488,31.805702344664482,115.98053517013804
2011-01-25,-9.046789592644362,2.3125433422022956,250.8635065851934,57.5529299443632,18.95473290826657,33.77829325149758,118.72093029643173
2011-01-26,-5.214192964459995,0.0,277.5993862458211,57.5529299443632,18.95473290826657,33.77829325149758,118.72093029643173
2011-01-27,-4.702077715770915,0.044045455710237144,322.11869572146645,57.596974865321165,18.95473290826657,33.77829325149758,118.8516405635925
2011-01-28,-1.9976754899181954,0.0,336.11464841717753,57.55950573575745,18.954613630093505,33.74575192004439,118.77300659500105
2011-01-29,-2.6284951989595893,0.0,322.70895759251937,57.52840860454851,18.95448781532966,33.715740287533,118.71076660877495
2011-01-30,-2.397270994822375,0.5880989925001724,309.30680213741124,57.96072947152759,19.202897911032267,34.45907158781664,119.01149231572133
2011-01-31,-10.497735584479212,2.2607170258960676,324.88942046649237,60.221461825498565,20.495647136725033,36.18068436635204,122.7492796286471
2011-02-01,-23.130788257725477,0.0,317.7617956830266,60.221461825498565,20.495647136725033,36.18068436635204,122.7492796286471
2011-02-02,-25.197635094291172,0.0,386.60070705686235,60.221461825498565,20.495647136725033,36.18068436635204,122.7492796286471
2011-02-03,-17.851301941352855,0.0,405.4091167428134,60.221461825498565,20.495647136725033,36.18068436635204,122.7492796286471
2011-02-04,-11.42813505619403,2.154435013409862,348.89081650287744,62.375892128404416,20.76398985445442,37.464437460413976,127.60245518403883
2011-02-05,-5.764199062309395,9.057621610733383,222.16328856950608,71.4334485122752,24.55205848605122,43.872605390790675,144.41615222920555
2011-02-06,-8.048283485084541,2.9041490242126753,228.9210774876798,74.33763077392749,26.52067741014131,46.62372350414266,148.38100061895574
2011-02-07,-7.04180299577675,9.863768901101672,245.4148473891863,84.20139112343692,31.766494714228198,54.34765150458277,164.86045628545648
2011-02-08,-14.13655599717053,0.48381539235162474,348.5260479066166,84.68521901980776,31.883511990740626,54.80924167288607,165.72248045536634
2011-02-09,-19.132573490574764,0.05441535178709389,402.1245663674634,84.73963641366072,31.883511990740626,54.80924167288607,165.8839726758995
2011-02-10,-13.0726164554512,0.0023721839877247804,372.3988619295821,84.74201020074582,31.883511990740626,54.80924167288607,165.8910172644089
2011-02-11,-9.161142859055019,0.0,378.3192843181201,84.74201020074582,31.883511990740626,54.80924167288607,165.8910172644089
2011-02-12,-5.7855701848397,0.07551736027108685,400.9072819330807,84.81752704823033,31.883511990740626,54.80924167288607,166.1151254497604
2011-02-13,-2.1086774972965596,0.0,389.0955759494828,84.77200272696355,31.87737322415467,54.76992389846813,166.02518545436348
2011-02-14,-1.4664545566047718,0.043580939598581066,396.2518265335058,84.74725854311703,31.871574320164125,54.742655019260965,165.9845704007611
2011-02-15,-0.8712897766423284,0.00476744557186105,391.6706326519372,84.70204375882,31.84347683697127,54.69999402598093,165.920195388291
2011-02-16,0.3541824694332092,2.077900895254521,328.7027667799742,85.45558280997531,33.64148278521034,55.27963146870328,165.8333734408676
2011-02-17,-4.6405141887608075,3.8061890501084026,290.5264838786,89.26174283145765,35.93013827805766,58.10587830024967,172.0894499793801
2011-02-18,-3.9937057535270974,1.7931356806523548,370.7720887784914,91.05485108133797,36.81938918030374,59.13950438720965,175.51708901102555
2011-02-19,-0.35093383070606116,6.605650194363664,279.2686096942053,95.12235770968707,39.915383012919975,62.11382018639594,181.61752160279153
2011-02-20,-3.7621889865664735,2.939909797007759,230.0935723430978,97.94620367524061,40.932240317709294,64.47107343900808,186.66044139479357
2011-02-21,-6.231605653160601,0.2859273193037009,318.58452068554936,98.23212214529187,40.940993415500294,64.51072482925197,187.4609189487233
2011-02-22,-5.833605548003735,0.02617034612462172,383.97784106761594,98.2582965302668,40.940993415500294,64.51072482925197,187.53859557473245
2011-02-23,-4.7934812799591375,0.36761781782322833,345.60659372711865,98.62591050058971,40.958259410849344,64.793672765637,188.33067237889702
2011-02-24,-4.447487520670664,3.7928186620349384,249.2722755499717,102.41875641981088,43.258843945485864,67.64709041265219,194.5085678966185
2011-02-25,-4.080245681915766,6.93950652467292,185.90349924315248,109.21040123139127,47.621046805563864,72.71426517230593,205.3776209739244
2011-02-26,-2.1641991037032664,0.6424885982530277,248.74130422744975,109.13928869763521,47.153726516960965,72.41471632702019,205.91883078653208
2011-02-27,-4.212482027027428,0.002513956130821659,397.212204399432,109.14180331206921,47.153726516960965,72.41471632702019,205.92629330246643
2011-02-28,-4.521634942519279,0.02373403673571821,477.0991770141526,109.16554290131533,47.153726516960965,72.41471632702019,205.99674428716918
2011-03-01,-2.18445845841296,0.0,453.8988648959079,109.16553947492201,47.153726516960965,72.41470612872567,205.99674428716918
2011-03-02,-0.8608769165099875,0.4799967619447579,434.96824479978324,109.58639072618918,47.14458693331881,72.51756804778323,207.15199770031452
2011-03-03,-0.29912601218593565,3.0095411344798695,296.9851946725207,110.10724590933843,47.11973006414311,72.53763337654433,208.70183727463348
2011-03-04,-3.1911846597272757,0.127372760225215,345.82605080350777,110.11052057919585,46.86833865244531,72.41498482177684,209.07784271169547
2011-03-05,-3.9013229731445263,0.3889632026077484,438.14854045834585,110.49948482106677,46.86833865244531,72.44186072684525,210.205358572877
2011-03-06,-1.3663788360105074,5.782665516715329,219.42462253310944,110.46204142014815,46.08408381557466,71.88051197835124,211.41513286425723
2011-03-07,0.8305418892195802,4.492130621274446,307.0746445729297,109.82946097700157,44.78145204860691,70.83933351426212,211.84029837181654
2011-03-08,-3.1251971831937686,4.38731244103046,252.25096222239276,112.54479557111374,44.80648196279643,73.05799590102264,217.66203832881803
2011-03-09,-1.3182272099267318,0.7601575753038671,407.2474186558171,113.21436141122369,44.628034177827736,72.99651167979104,219.88358476856283
2011-03-10,1.0309607847852158,0.006040575987790233,499.22797311172076,112.89657078891938,44.21341116395648,72.61210761007742,219.72619693155247
2011-03-11,1.544398796658958,0.005886579710352296,415.1739007079745,111.82561615474171,42.97981643554604,71.49315915858446,218.86095259228944
2011-03-12,1.7040656090856736,4.558274959873306,351.10054267611633,110.94487442579076,41.87330279683149,70.54904597803534,218.26252895790333
2011-03-13,0.4392405933553064,0.9436895588059062,371.81791550738427,110.26742919078015,40.53151446535899,69.4507468896445,218.6495091715631
2011-03-14,2.140492099910001,1.641311515579259,443.18887198859545,110.03204964680076,39.3254534898297,68.88409565599117,219.6865656587167
2011-03-15,2.631600250615539,0.09807635431925525,478.9059670480111,108.85930631887797,37.895728226074844,67.57734710745483,218.89685912637495
2011-03-16,4.84365480312155,4.344176230599541,422.2440503208096,107.21018818968454,35.98084495533487,65.81917125063026,217.61442843484122
2011-03-17,-1.4110137122131547,8.084441887350362,265.42072213410967,109.95655203665302,34.99852942762227,65.1600477355865,227.37531502586995
2011-03-18,-1.6451449719409144,0.6726504233597985,536.6633948968527,110.62796738321035,34.99996077115294,65.26918534870065,229.2576396666206
2011-03-19,2.559516176284623,0.0,491.52995150795107,109.50209035963212,33.89553312670292,64.22190164209634,228.03258136953133
2011-03-20,2.39249811510858,0.0,515.7018012123103,108.57063206831312,32.722954981910355,63.36234921621844,227.26345748158232
2011-03-21,4.453594132175739,2.6504856886184456,460.4546854729692,107.39188914898901,31.11902106098609,61.911267329415146,226.76894165220105
2011-03-22,-1.397902540881808,1.933969182772499,354.082701969064,108.47834494661679,30.344384776296703,61.560440010756075,231.0948252432239
2011-03-23,-1.0103210036354024,0.07553114987677789,553.5187038773629,108.52811744626203,30.327514198665224,61.50713799203184,231.3120530548012
2011-03-24,0.350640870485442,0.1692067506871621,496.1820239007118,108.23666783211851,29.67663182987303,61.00687545802188,231.57766643042942
2011-03-25,-0.7174172597033407,5.008606640646174,314.7844359858744,109.25579065190959,28.729879416305028,60.49973157429041,236.02664126685858
2011-03-26,-2.271149427786791,2.7835312327683015,482.43957592211984,112.03263517646937,29.739185418953696,62.27763629523964,241.5150543185968
2011-03-27,0.062240810135691396,3.8314790285064944,376.0918013808138,112.66345472203622,30.015250800962086,62.245479622641454,243.15122624043047
2011-03-28,-0.8380439595710152,5.7751219591063245,372.14722462391853,115.28824143891644,29.38574478725473,61.95779175513536,251.83853350237666
2011-03-29,-1.8461117743968258,2.063621820792423,447.39461440188165,117.21771188939432,29.48888462900677,62.60580844392973,256.8183204864666
2011-03-30,0.9178762981382013,3.001451629729973,391.7570245370949,117.40909634726492,28.133117806488055,61.47576750532859,259.8289063074609
2011-03-31,6.162552983525722,1.2527785507905886,437.94233291302754,114.73790347128619,25.423376608399188,58.643401360103766,257.35582841084675
2011-04-01,7.135558654041067,0.0,575.3772530508147,112.68748205495389,23.575061961856175,56.37059344336011,255.33097741189982
2011-04-02,8.685980571992573,0.70325076447215,592.3638360794764,110.71719231654264,22.038942098031455,54.405598854675645,252.93400583495455
2011-04-03,-0.6111659530305737,10.477073277840626,419.5051164543947,118.07231258611831,26.297679384903773,61.325150045560626,263.7287444148013
2011-04-04,-4.604295612693543,0.6763690223396212,560.333140782199,118.74866888301351,26.311071275598334,61.55379011299876,265.49497155214135
2011-04-05,4.253917836860778,2.3255576216056295,542.0796322720711,118.15856200402784,25.542721335132025,60.82137680475269,265.21975491638744
2011-04-06,1.9381829933284742,5.497291451864981,298.80730659698725,116.84939916051553,23.84564643797214,59.20859929040907,264.58982039154506
2011-04-07,4.960006236885545,1.258847444240641,508.9475806704389,115.43057592398998,21.86141421597709,57.396299972940646,264.11210042818107
2011-04-08,5.018469787768054,2.1242410003432988,410.3072524368261,113.37247696431977,19.843406099845534,55.30501106720185,262.0481821158305
2011-04-09,2.3652237701197003,5.591579336266345,322.44100082183775,112.4272207564549,18.185248134084567,53.738848051775754,262.41394787963844
2011-04-10,-0.329414877214492,5.813199051866745,325.24987857117264,113.58879184733884,17.4971561635929,53.06755800527039,267.19827089282893
2011-04-11,2.696273578140654,0.6982618302294308,567.0305477038075,113.40876765541509,17.062034913173218,52.44907526105833,267.70301385258426
2011-04-12,4.954480209801827,0.0,586.8511421636065,112.43741761721924,16.304058996364663,51.357054810159305,266.64488065391606
2011-04-13,5.581456399114968,2.331216274931699,545.2450855923092,111.53176425006808,15.63099131580952,50.33643080017602,265.6281144742392
2011-04-14,1.4311450190363808,3.6514702149492804,406.103099480691,112.37399569987704,14.952856557244903,49.45730862992335,269.6623043760866
2011-04-15,1.0179488985152736,0.32726176913625615,571.7732154847471,112.60783735608817,14.84564138240566,49.36965481422523,270.5477253246618
2011-04-16,5.162088164875315,4.027469590548151,419.7923141406387,111.14448216218528,13.881054335670912,47.721424020053945,268.7846022889043
2011-04-17,6.747467207014089,4.646728035813833,356.1619193257786,109.07062437100497,12.595614197203806,45.51198516505729,266.08069501713237
2011-04-18,5.081524529132976,15.608921591617255,303.98898093096625,107.28808660439482,11.500042802608458,43.59420924137334,263.7662337697067
2011-04-19,1.962019310214875,3.7971497305602204,359.77289518889125,106.8998466850726,10.817035121328777,42.51580348952979,264.3522336635253
2011-04-20,3.50967455856486,8.362843045531209,452.0583861090351,107.72652361823258,10.319721473416058,41.79937872593035,268.0025394653555
2011-04-21,4.441241729427883,12.74485122078386,418.9496704692275,107.33915334246592,9.642793744573993,40.625157272844596,268.6807535007146
2011-04-22,0.1653719120707637,1.068082762751113,442.6883914012413,107.51179555756059,9.284281252644812,40.16039613970461,270.004463402754
2011-04-23,0.9927615900719627,2.3986348372560085,437.63808575501383,107.78572335208284,8.786083649424134,39.57065079067201,271.8889490692157
2011-04-24,2.688231587708553,3.5093045936370046,377.11923778926473,106.75212751287582,8.137872658205199,38.389087219285614,270.6288348727937
2011-04-25,2.949081057099512,3.895571841693717,402.6676561635267,105.88584550683278,7.51808921951992,37.21853166309381,269.8266836403488
2011-04-26,0.8863850112223438,3.0394074226132917,359.35533039607355,106.08333632967013,7.060567264528129,36.36689844227206,271.7059702775013
2011-04-27,1.0177576086314086,0.4711287305207984,525.260650348868,106.17835609445126,6.789515450609675,35.958976758135094,272.6577619320137
2011-04-28,3.7556990309696796,2.815382045117904,566.173053635432,107.70242539905131,6.7183730764051,36.75796917414071,276.453081374209
2011-04-29,1.2351584001352232,6.869835123140008,415.177938048401,109.80473176773788,6.370308099611885,36.29008878125924,283.4963445836902
2011-04-30,-2.1725272373328215,1.1187968438886207,495.8505026635313,110.82223563183479,6.498192808122762,37.19889295902669,285.48568721707903
2011-05-01,-1.3726065701532582,0.06499361239649017,634.5403955180035,110.88723858533349,6.498192808122762,37.19889295902669,285.6785937596101
2011-05-02,0.7473748518904711,0.1827393245269193,632.1354378601552,111.05268432847618,6.474511906122202,37.194302149940185,286.19714201484084
2011-05-03,4.204544634026974,4.9253940598435415,504.15477902581785,110.85526487126408,6.224982554129471,36.47295437306266,286.57269072048285
2011-05-04,3.9393691326871925,0.8468938120491463,512.7682646319498,109.99943415551229,5.721490926731543,35.36257933909934,285.6286794286328
2011-05-05,5.595403116770807,0.0,675.9913165131923,109.74557797229477,5.558146126365056,35.00541991589693,285.3899735930397
2011-05-06,10.139205709868888,0.0,604.4263400147096,107.90838952147789,4.882474908165959,33.31092798886815,282.28314694840753
2011-05-07,12.097769625116651,0.0,636.9517412308089,105.99952227280033,4.165404184647385,31.509448500203135,279.1104577749664
2011-05-08,12.851086887845145,0.0,588.4781077695837,103.57426501210983,3.3484612601647226,29.334049397211675,274.8750570615306
2011-05-09,8.209367557808589,2.8816701546834156,472.5362020824947,102.01682056657201,2.6700776759274687,27.678604208504193,272.56211544631293
2011-05-10,4.86602770249132,2.6166242563759816,445.46371895260893,101.20029056434647,2.3636916079947206,26.74621514306986,271.36596235977066
2011-05-11,3.3915058630991015,7.111445667831439,238.61576407861224,99.99749565036252,1.979323432292842,25.56768457105498,269.34461507518284
2011-05-12,6.804540435338666,0.8338317097190268,514.9939085227072,98.79592952137767,1.6463153324796422,24.36237416312022,267.3037659165672
2011-05-13,9.060272629974206,0.0,635.8818807371556,97.67688545406996,1.4239047213943985,23.346863185751946,265.2112264822305
2011-05-14,8.819452876297301,0.12790481126129863,588.9899521205082,96.3446304899008,1.2011101286474053,22.167766792872843,262.6494280050206
2011-05-15,10.147666940440972,0.01669987606203352,637.2874496441584,95.02785139551251,1.0277524570343832,21.02416640904265,260.0501816567668
2011-05-16,11.463473088138114,0.2953760071534082,534.1669246896098,93.13715031092948,0.8513523733749184,19.469101946398066,256.16094049070097
2011-05-17,6.097081748960371,5.919711945598419,326.28752570029087,91.86407259184848,0.7311897226067722,18.284717853062492,253.6804181853098
2011-05-18,5.196535010609886,9.264917326263864,335.35602161938266,90.88072351213613,0.6609770656516658,17.40745969640742,251.70500574897372
2011-05-19,4.47011917382553,5.723653708484543,333.7387360886416,90.24042581994607,0.610089189736462,16.717645750612107,250.54200196145652
2011-05-20,4.371899626818068,8.535928991797178,293.59719544506953,89.2768959727702,0.5590019669191253,15.931845522755964,248.5156537065475
2011-05-21,7.838334349000713,8.560937140642041,377.5380477338086,88.039074176166,0.5063167394998875,15.00013725799471,245.8223315514665
2011-05-22,9.883195696551587,2.5681883465993263,505.60554281811267,86.69830975948206,0.45783730948625,14.107991301590824,242.7799825783357
2011-05-23,9.233452017457386,5.311904320215797,442.23030878083046,85.43266701079718,0.4089101774710923,13.221615979357937,239.95524987117847
2011-05-24,6.4123276558756155,2.2690061272538773,419.48014140227707,84.45314967812634,0.3772506768883329,12.58673722506784,237.7121212738231
2011-05-25,8.88004235802322,0.1452548923786427,528.5871328487701,83.31599486675415,0.34029716030888624,11.809228662876961,235.14852807796157
2011-05-26,9.435594375577034,0.35665760988940765,503.81295515582565,82.13285641041865,0.30340083721847017,11.039105111201327,232.44105229674295
2011-05-27,6.781829654758025,2.9115492085667514,362.3971069250694,81.11545135630394,0.2708442936004981,10.369158998517564,230.12132099972894
2011-05-28,6.906649630541028,2.8623877229514387,380.1818224432726,80.05238555956896,0.23927629100746067,9.724619137572496,227.63979307027913
2011-05-29,11.155504545347297,1.0474505540135772,571.9371308578035,78.64440621493135,0.20528677330455447,9.023671172633813,224.19327251083436
2011-05-30,5.492902765862935,2.3199903961316246,391.6431305591418,77.82301745784689,0.17226782103632624,8.439654204538728,222.37002242433826
2011-05-31,8.886793920312842,0.09938308263150462,633.884701247278,77.21575883899747,0.15694132644093423,8.120599601826694,220.90088046659227
2011-06-01,13.82879094010336,0.0,602.2977855696438,75.70235350825736,0.12510699231825312,7.446230130994926,217.11289932775043
2011-06-02,12.351501670536651,0.0,570.5791981512523,74.44159225640446,0.0916648460557175,6.759473279546855,214.0885909967373
2011-06-03,8.482229541593414,0.0,607.5690515271104,73.71721351278879,0.07460145954332197,6.411589537146247,212.30230689553778
2011-06-04,12.518769574757414,0.0,635.1610047800913,72.56551455635802,0.05336495298227663,5.934051859851232,209.38120631671532
2011-06-05,15.121781575560714,0.0,608.2652529332067,70.99212337495692,0.029510852028968085,5.309966747244344,205.3573253422202
2011-06-06,15.954078196680733,0.0,608.1325759110413,69.49412705579049,0.014945781662728879,4.713296754708156,201.5208400141231
2011-06-07,12.015083298547118,0.0,579.5704129874422,68.3864824192401,0.007548869748936304,4.275268909830255,198.67765110521407
2011-06-08,12.591505881586379,0.0,608.292074289595,67.33015654651425,0.004619189266865706,3.9225895980670216,195.89732483144297
2011-06-09,11.035498137366865,0.0010066680061889316,549.4115868009771,66.35763420603993,0.0030244496852692235,3.541117741513986,193.39311114887064
2011-06-10,9.741003931807565,0.0,611.9467621746702,65.71728352246949,0.0022238119789064156,3.325566507724342,191.70846496067617
2011-06-11,13.469940443762464,0.0,581.720807455557,64.52656829464806,9.215503046866424E-4,2.987821071947255,188.51284741805725
2011-06-12,14.02817340083746,0.0,570.8956566032404,63.2892495842842,1.8953871317976945E-4,2.667320651397184,185.16117878792272
2011-06-13,13.652344006739622,0.049983569962597826,576.1907442938251,62.15582473818452,0.0,2.4021339842026785,182.06215369151747
2011-06-14,13.125302776016651,0.0,534.1854410998632,60.98027791432897,0.0,2.1098248764406335,178.86498384110226
2011-06-15,13.88353919163722,0.7725238935485266,574.0053685305556,60.029626527273315,0.0,1.916116960229104,176.2369149478255
2011-06-16,12.746777242789511,6.052245670366698,395.8344007156119,59.003907025237275,0.0,1.6841112399317744,173.42425495937673
2011-06-17,10.370725763534534,2.06048133978576,477.1868513854099,58.254275388034394,0.0,1.525594747812874,171.35765581597002
2011-06-18,12.680495548460955,1.375097645885521,445.4168937265222,57.174001592836184,0.0,1.3299654270355539,168.3468276966393
2011-06-19,11.226167371824301,2.6733393919150537,321.04411175086904,56.10826028036979,0.0,1.1217626260666222,165.39166359646674
2011-06-20,10.818417516474902,3.6302897979142257,291.42769927519475,55.12902033945168,0.0,0.9475360449955655,162.65932948907326
2011-06-21,12.404287065651795,0.0,523.8906922777703,54.20717474887805,0.0,0.8189334585533667,160.0518320965611
2011-06-22,14.992811311134298,0.11883137034321285,564.2681361607148,53.19408396867406,0.0,0.7027468872975159,157.16117060051118
2011-06-23,17.973093701971166,0.0,566.0508936645708,51.92880088023401,0.0,0.5654947685413363,153.54309227720574
2011-06-24,18.349846090550184,0.0,539.0361401304123,50.60671632751142,0.0,0.445021599636538,149.73971692136786
2011-06-25,17.455608765405,0.0,541.8714324087696,49.41206541702006,0.0,0.35487270650967667,146.28428576980545
2011-06-26,16.364337141681645,0.0,542.0643108915764,48.340569100617884,0.0,0.28501315271903493,143.1741055559119
2011-06-27,15.462908907078518,0.0,569.2828250580461,47.40081310761843,0.0,0.23045968919345317,140.43962441291814
2011-06-28,18.632950767117794,7.748742492783553E-4,558.2336460772382,46.20856411196967,0.0,0.17447947635021227,136.95725292332722
2011-06-29,19.73751929256156,3.0730452399815,409.91727502086525,44.973426951583534,0.0,0.1263121601144166,133.33981405668607
2011-06-30,14.435417676125939,6.213924424891853,282.38478164329376,44.0277624570704,0.0,0.09419372365257096,130.56542931774453
2011-07-01,15.465780518659066,1.807306385461944E-5,502.19791203143564,43.12186549571243,0.0,0.07214043074860418,127.8990254175298
2011-07-02,18.329214131654762,0.0,531.266151166471,42.04097301324538,0.0,0.055280358744806635,124.70811665924589
2011-07-03,20.033805911370116,0.0,547.9058120961982,40.90311798837901,0.0,0.04170004754166814,121.34489241451512
2011-07-04,19.309587201954926,1.7618472004297372,485.39572014339103,39.825550976516766,0.0,0.03226636012494763,118.1564479268489
2011-07-05,16.618635332020155,1.0690635930383254,353.0659597350522,38.76851627584944,0.0,0.02496404070977519,115.02681120640374
2011-07-06,17.935073472038866,0.443972968254408,407.218657689177,37.741770645510705,0.0,0.020069848330580745,111.9846610318247
2011-07-07,18.226914346681834,7.638036553819995,359.1749215413524,36.77482108441071,0.0,0.015997981368066096,109.11914523543273
2011-07-08,16.39563714168771,7.413958943672275,250.35179398863963,35.82818218072187,0.0,0.011822727383915748,106.31400760994902
2011-07-09,17.212557475451227,1.7142588833420822,382.26620495297516,34.93858778092823,0.0,0.0076204342657431295,103.67818552921578
2011-07-10,16.4474112888688,2.493547234265006,345.8411952955152,34.06775477537794,0.0,0.004957815525646868,101.09650569672657
2011-07-11,17.677805506131406,4.582043637987122,351.6887151382773,33.19875282196893,0.0,0.002820085567996205,98.51973645267657
2011-07-12,16.80527812867729,4.080401704097846,317.6718171592961,32.361723930931014,0.0,0.0018132529664028727,96.03672474833927
2011-07-13,17.782700796384226,3.80545456880451,380.3062413180442,31.591741940814035,0.0,8.382318787822955E-4,93.75265360553807
2011-07-14,17.668053978723723,0.007237325326194391,501.61287230916236,30.827981273880734,0.0,0.0,91.48690883522465
2011-07-15,18.147164918319113,0.0664126978081344,533.2950387057767,30.065790577257037,0.0,0.0,89.22498742825441
2011-07-16,18.6244757157872,0.054614838807231676,539.2742764652608,29.278114759931114,0.0,0.0,86.88743489598843
2011-07-17,21.14222452094858,1.202131894375215,469.95750114799347,28.472856335102286,0.0,0.0,84.49770319586152
2011-07-18,20.33534474160303,4.745668369247462,369.00820338534993,27.727805370492383,0.0,0.0,82.28664665371248
2011-07-19,19.323320795999294,5.716878011473526,332.58867946640737,27.003927822471105,0.0,0.0,80.13842557315154
2011-07-20,18.844104416203777,0.08144623074351982,471.0467873329983,26.33483266481068,0.0,0.0,78.15277989797289
2011-07-21,18.950199916498164,0.32737032940136795,502.37050474071566,25.64909371261505,0.0,0.0,76.11774113085653
2011-07-22,18.854018902821156,0.0,534.1725894589364,25.00090324096264,0.0,0.0,74.19413341677736
2011-07-23,19.123427585766024,0.0,544.9421429728089,24.34754629648872,0.0,0.0,72.25519337769703
2011-07-24,19.534375748700423,0.0,547.9253796562185,23.700503613120812,0.0,0.0,70.3349919068361
2011-07-25,20.667210500334,0.0,539.4629204639216,23.006219866207477,0.0,0.0,68.274595110324
2011-07-26,16.93742670980413,1.7637047459430144,311.63186040154426,22.40939594665776,0.0,0.0,66.50342576149649
2011-07-27,18.26214273676762,0.0,469.2174435815114,21.860756958412168,0.0,0.0,64.8752528151349
2011-07-28,18.537839794325404,0.0,497.95033323372695,21.302451522363263,0.0,0.0,63.218393156494436
2011-07-29,19.026886753109917,0.0,532.0829558370386,20.72818889447519,0.0,0.0,61.51417800797981
2011-07-30,20.028935184915273,0.0,534.1785431950342,20.13351514176334,0.0,0.0,59.74938961921998
2011-07-31,20.269070885558364,2.2039378251647324,415.89418328605626,19.507230621137943,0.0,0.0,57.89079127850044
2011-08-01,19.037833362835467,2.1083663994537925,364.5083729567656,18.946912462752753,0.0,0.0,56.22795854808293
2011-08-02,18.802541370143313,0.023625906430444196,488.79450738961486,18.43315411683769,0.0,0.0,54.70329942303377
2011-08-03,18.56422090109751,1.6733972154362726,444.50888770898496,17.941516440041436,0.0,0.0,53.24428688123204
2011-08-04,17.912357798397366,0.5054556892575949,476.58013166893284,17.462072423287644,0.0,0.0,51.82146095362221
2011-08-05,18.22647554398489,0.1589677794176402,511.8574443910651,17.01067084756913,0.0,0.0,50.48185540375035
2011-08-06,18.678900809503286,0.0,516.9153288014165,16.561814414181637,0.0,0.0,49.14980296617417
2011-08-07,17.862524212311886,0.0,530.3832455921505,16.1219467325961,0.0,0.0,47.84442607083807
2011-08-08,17.820490316666252,0.0,527.8658985858049,15.701844514048018,0.0,0.0,46.59770631230664
2011-08-09,18.484003923517513,0.0,527.8830510630893,15.275702744523246,0.0,0.0,45.3330632313007
2011-08-10,18.011850053231257,0.0,513.4007564005262,14.85396642282983,0.0,0.0,44.08149401330722
2011-08-11,18.63061158021518,4.0079702548880447E-4,516.0590313535156,14.437787767557435,0.0,0.0,42.846418049175526
2011-08-12,17.986095531212968,0.0,519.8383994230951,14.057513668414986,0.0,0.0,41.71789453245344
2011-08-13,18.09701782408485,0.0,516.8605158002234,13.667835934266254,0.0,0.0,40.561464241982655
2011-08-14,16.63560032585214,1.4279020447582809,386.19417524922954,13.275990863330232,0.0,0.0,39.39860203690441
2011-08-15,17.590381829423848,3.57784519989361,431.03165167384566,12.92901428408451,0.0,0.0,38.368894175355045
2011-08-16,18.129047130996522,1.3564819999038324,433.1752503208593,12.579723578879369,0.0,0.0,37.33231877912018
2011-08-17,19.055906681416168,4.0079702548880447E-4,505.80661942189374,12.197836371826604,0.0,0.0,36.19900810961564
2011-08-18,19.32357494526852,0.0,522.1448426707558,11.84067494803126,0.0,0.0,35.1390751114758
2011-08-19,18.851595224463424,1.4017317860450709,434.69101589765575,11.504368981913764,0.0,0.0,34.14103398158184
2011-08-20,18.87670400574223,0.0,487.8551629004989,11.1722439307195,0.0,0.0,33.15540037779319
2011-08-21,19.493023405374245,0.09903815704760494,464.8440681703975,10.816356640676597,0.0,0.0,32.099248573024965
2011-08-22,20.224867692565176,0.0,470.95191704766484,10.4555151777981,0.0,0.0,31.028394477031856
2011-08-23,20.390399167569193,0.0,481.31387245618123,10.090465693953663,0.0,0.0,29.945052413465795
2011-08-24,20.710622392139612,0.0,497.55656406331417,9.723156692814658,0.0,0.0,28.855004875061688
2011-08-25,20.516543047542655,1.335878595061008,415.68932898072893,9.381962800375058,0.0,0.0,27.84245805094628
2011-08-26,20.297314083738776,0.14987337959899116,434.88146184007263,9.053357430452035,0.0,0.0,26.867269657848873
2011-08-27,20.317486962764324,0.6550880032047429,432.2971554304107,8.731597902183712,0.0,0.0,25.912397382300632
2011-08-28,19.671555519327445,4.78047918641091,330.53100573031116,8.419913989818754,0.0,0.0,24.987426090064297
2011-08-29,18.194944029296124,1.2481780410293863,363.0822217976674,8.156003137017006,0.0,0.0,24.204228905779107
2011-08-30,18.452187555899,0.17125756998372338,453.55527335835967,7.8926452924023645,0.0,0.0,23.422672860728742
2011-08-31,19.257794941745924,1.5499494196889223,407.85411911538927,7.623364064275428,0.0,0.0,22.623538238522414
2011-09-01,18.89100604256332,0.04374940001213313,420.99475410217406,7.357493358429841,0.0,0.0,21.83452488044501
2011-09-02,17.257377766119944,0.026829493234846364,433.2139031720933,7.127638605784717,0.0,0.0,21.15239455819766
2011-09-03,14.033595572127973,0.0,464.8871050608167,6.949163194621349,0.0,0.0,20.622740555706535
2011-09-04,14.551514316791637,0.0,486.57080540491927,6.7751808964636515,0.0,0.0,20.106420576493946
2011-09-05,16.609437412464114,1.1505476932789298,448.3626578845188,6.576992515160215,0.0,0.0,19.518265218171134
2011-09-06,13.091070115131686,9.208694288680261,199.19399129631793,6.376292616859844,0.0,0.0,18.922656536048258
2011-09-07,12.598045818955987,1.1277109473739158,291.458690487833,6.232480042396998,0.0,0.0,18.4958699822239
2011-09-08,13.325862115815072,1.0810324470908774,396.3153858786759,6.087042923395234,0.0,0.0,18.064262335613407
2011-09-09,13.924862176595578,0.0,437.1632256986805,5.943674321527636,0.0,0.0,17.638793340664733
2011-09-10,14.329161731383959,0.0,432.4018071071437,5.788844024122041,0.0,0.0,17.179309951926665
2011-09-11,13.835358917879395,0.07194333427259603,388.931062795902,5.632036012125564,0.0,0.0,16.713957382431328
2011-09-12,13.828560123506074,0.1664846591322364,376.89663652911054,5.4793487553492755,0.0,0.0,16.26083380561029
2011-09-13,13.364606172047838,0.37659293835974955,394.7309419918255,5.34177096117525,0.0,0.0,15.852549948113126
2011-09-14,13.111580437354151,3.122551101550681,335.2148678231761,5.2058916007188065,0.0,0.0,15.449306461222868
2011-09-15,11.206713106628634,5.170781416529686,259.50748702143323,5.1048842468554945,0.0,0.0,15.149551167728852
2011-09-16,11.658006630804365,1.1339105081153829,364.1191117021345,4.9960189609774375,0.0,0.0,14.82647621851429
2011-09-17,9.691364390993675,4.852145144899146,199.94766270802177,4.887966281818929,0.0,0.0,14.505812808226322
2011-09-18,10.514397165795126,0.0,409.0565888634932,4.7851175400447135,0.0,0.0,14.20059290495334
2011-09-19,12.329029853176307,0.0,421.1984224883141,4.676504820176822,0.0,0.0,13.878267485308735
2011-09-20,11.539437138648985,0.0,406.46435346839087,4.558114685953121,0.0,0.0,13.526926042595115
2011-09-21,9.823149931182122,0.0,431.03410233782677,4.4682208406588115,0.0,0.0,13.260151843005982
2011-09-22,11.309556399663734,0.0,450.99747318890024,4.389633167994242,0.0,0.0,13.026930498385294
2011-09-23,13.301801746329511,0.0,447.282019551464,4.277164630866569,0.0,0.0,12.693162331354896
2011-09-24,14.866060991705627,0.0,438.17460279268164,4.1442915233006605,0.0,0.0,12.298840375254754
2011-09-25,15.03701195307388,0.0,424.03052063105844,4.005439743307046,0.0,0.0,11.886775763400092
2011-09-26,14.416993400839779,0.0,425.46807207220155,3.878891243407639,0.0,0.0,11.511223080573574
2011-09-27,14.668052032371648,0.0,416.99211558408604,3.75251216284203,0.0,0.0,11.136173176408056
2011-09-28,14.76249259553419,0.0,415.2164154476943,3.6318486540568244,0.0,0.0,10.778085135225696
2011-09-29,13.491155889122668,0.0,413.60376995453174,3.512468054454442,0.0,0.0,10.42380432989216
2011-09-30,14.245402709215067,0.0,426.8304605215274,3.40554842394618,0.0,0.0,10.106503420627208
2011-10-01,15.111257829954372,0.018471201875135842,386.04820490577714,3.2881168597317028,0.0,0.0,9.75800668598146
2011-10-02,14.456405564823159,0.0,372.61847102172356,3.1763067008729364,0.0,0.0,9.426192360564354
2011-10-03,14.234200795031404,0.8724762132132348,357.67906670164507,3.071747839876557,0.0,0.0,9.115897408101949
2011-10-04,12.469569261656174,3.675828815749106,262.5224679377903,2.987317131445384,0.0,0.0,8.865335930964921
2011-10-05,9.768816786407614,2.156988456792055,231.05153261201073,2.9162175019373886,0.0,0.0,8.654336538392714
2011-10-06,4.065092505272278,6.981947169007305,195.0557973876732,3.318140520298178,0.0,0.0,9.84710664594128
2011-10-07,1.6545666579728144,0.49005665648914776,261.99630641864417,3.34047419673346,0.0,0.0,9.913385362080284
2011-10-08,0.4849503533190035,5.274186922969508,151.35168267535428,3.465853545721005,0.0,0.0,10.285468404714083
2011-10-09,2.3653140907005485,0.025454886258446326,288.82544747256964,3.4547783586222627,0.0,0.0,10.252601035831445
2011-10-10,5.377208565568297,2.3055587274010194,284.39288308162713,3.4377596720498027,0.0,0.0,10.202095392496664
2011-10-11,6.526211607353702,3.33861975943945,208.46846272737778,3.3269941727292105,0.0,0.0,9.873381259436744
2011-10-12,6.727054439786561,1.0687920679701452E-4,320.9456739907502,3.2739791156604285,0.0,0.0,9.716050695042792
2011-10-13,7.915166949290069,0.0014904179713773613,377.6547141952451,3.2114646627493015,0.0,0.0,9.530529171477772
2011-10-14,10.23348845533408,0.0,357.0747079668443,3.1083115394911034,0.0,0.0,9.22440596802341
2011-10-15,11.977203634373119,0.0,374.2678339521871,3.0056184662780425,0.0,0.0,8.919648035819383
2011-10-16,12.48722374066246,1.1999355539156848,314.3396952030286,2.8822680479089797,0.0,0.0,8.553586165602843
2011-10-17,5.447230262599859,3.7944302194099544,186.78834627166145,2.863595832824854,0.0,0.0,8.498173414959957
2011-10-18,3.6620640059401017,0.0,315.21496133129335,2.8591239467761222,0.0,0.0,8.484902386032465
2011-10-19,6.059043308413615,0.0017430741226160161,367.01884124129464,2.844729732888238,0.0,0.0,8.44218528036096
2011-10-20,7.212341348227298,0.0,336.7584638777067,2.789500825744904,0.0,0.0,8.278284765825086
2011-10-21,7.741237772225075,0.0,331.5519629774833,2.731928374551737,0.0,0.0,8.107429413768925
2011-10-22,7.576068156306236,0.0,307.55753756254956,2.675500222278889,0.0,0.0,7.9399699496910685
2011-10-23,7.91439372118235,0.0,336.2977443126972,2.6301890125949967,0.0,0.0,7.805501770515281
2011-10-24,9.13767689637837,0.08491235058163836,333.0106593929173,2.5675396455161845,0.0,0.0,7.619579867825534
2011-10-25,4.593955793933693,6.766099992186552,195.81633494993926,2.5678794403736136,0.0,0.0,7.620588262792046
2011-10-26,-1.7916610355263498,1.9041174612137393,197.98153357807783,3.5687025955462985,0.0,0.021060774903806874,10.569690257628425
2011-10-27,-2.617214460216455,0.011745184454015943,317.2244967537368,3.580448000205193,0.0,0.021060774903806874,10.604546603093103
2011-10-28,-0.8756772488656517,0.2359117174374239,321.8881088204993,3.8163644974931326,7.695925231081149E-4,0.1280156640773059,11.197278158025684
2011-10-29,2.208686665580398,0.0024522847324353384,297.31138842797117,3.6478317932616067,3.7090766179594093E-4,0.06335569701307542,10.761987870514313
2011-10-30,4.224604180956493,0.0,323.12475535260984,3.4825905020478687,2.777722629883396E-5,0.017529703201246218,10.317632752582707
2011-10-31,5.021107408190506,0.34713141483772414,314.62619543276224,3.304242828220981,0.0,0.010986086436708344,9.794909203403078
2011-11-01,1.7695684338820556,8.311518807597624,207.84229352160085,4.496792432040789,0.0,0.00754567744243233,13.337419026104108
2011-11-02,-4.289237547628805,0.32363242396575737,231.72403718425937,4.820427277341902,0.0,0.3017025616428518,14.004563025547021
2011-11-03,-2.0654503688075656,0.6078293780531815,322.7166018648354,5.42826436798821,9.934443058897614E-4,0.4531298669856903,15.65646858299119
2011-11-04,4.353241172230526,0.01019262981461781,319.1849127141607,5.0599273307975485,3.741755676213801E-4,0.2828318557341388,14.73376945394424
2011-11-05,-0.7744465201687953,7.431499272469422,216.71618294658,11.044541613489589,4.2466668443116635,5.667776522623506,23.003496151206534
2011-11-06,-4.799351842463116,0.40366915734417785,215.8627462641558,11.448219447379067,4.2466668443116635,5.688869109368365,24.180443268274537
2011-11-07,-2.186641257243227,0.3801312309168053,242.34067860511527,11.808646693813571,4.205627629086431,5.7393972851946,25.239520602511828
2011-11-08,-4.298478601160725,1.710067334234221E-4,251.94942613962226,11.808817700534254,4.205627629086431,5.739779022613309,25.239647474920282
2011-11-09,-3.93192771508305,0.0,296.5275144732286,11.808817700534254,4.205627629086431,5.739779022613309,25.239647474920282
2011-11-10,-1.2134742674029735,0.049769031978385427,309.0414513426859,11.857554016770047,4.205627629086431,5.739777432155761,25.384281785143642
2011-11-11,-0.5820130798964025,0.32707348803438,297.3128080503794,12.16298254076783,4.205245283773724,5.721328322166645,26.30945528949185
2011-11-12,-0.30135496430801834,4.9684354325123286,177.87409297205747,14.06568232700812,4.021258565636993,6.578205527851931,31.28023157471863
2011-11-13,-0.982798399029847,10.455998938602239,132.96876385227915,16.277966386924202,3.4274774338290865,6.24531912796675,38.75376354058554
2011-11-14,-0.666147874998536,0.0,242.6410106601018,16.15642332477911,3.2029610117831173,6.126536787894527,38.72941307820544
2011-11-15,-1.5083879162567375,0.0,216.0687133843697,16.016331920914567,2.989514439150334,5.9502703388758285,38.696588562255315
2011-11-16,-5.224217702267545,0.0,249.3291196143531,16.016331920914567,2.989514439150334,5.9502703388758285,38.696588562255315
2011-11-17,-0.7292596799666555,0.2310290518889295,279.2947449767367,16.246667699300765,2.9893869907841855,6.00801761901839,39.32269230478136
2011-11-18,2.235468873259586,3.3376495307997556,202.64275792664606,15.48264581531721,2.493967396080828,5.142949550783984,38.39871655450799
2011-11-19,-3.6944879489864637,8.151276838194145,118.52080516071945,21.37458240694438,4.737595895631142,9.257478995068805,49.603866055422515
2011-11-20,-2.809518560551618,3.7437436594568645,173.24214972472126,23.328340792282003,6.924027529942451,11.796550026712957,50.74819858272213
2011-11-21,-0.6112299314478714,3.3983497054236267,145.80786258957045,22.670894933126405,6.150246347901041,11.007338407102,50.33504601729758
2011-11-22,-0.32487568924587856,0.0,222.40976870404413,22.19360126526413,5.493578881977714,10.506235145054493,50.05559101379332
2011-11-23,1.1604755127813577,0.042052424501045814,280.10295639459304,21.791777852255713,5.01860547156586,10.056649050041553,49.77238897961191
2011-11-24,2.243184885117672,0.0036079193013048173,264.9951074920905,20.9295141571467,4.2319844633381125,9.128903256442234,48.90199694208503
2011-11-25,-1.3964012460920683,0.9764549278502318,242.8580067518038,21.796004021545883,4.381410237145171,9.56394230842462,50.89464874006168
2011-11-26,-6.824486614821121,0.0,271.64995704796985,21.796004021545883,4.381410237145171,9.56394230842462,50.89464874006168
2011-11-27,-2.382891356235937,0.16638644960460564,297.7685545616584,21.96238474879611,4.381410237145171,9.564015474932592,51.38833690389968
2011-11-28,0.8864869402116977,0.05565551527501685,279.24073523503233,21.799342676064438,4.257602237770529,9.4042909748698,51.183906679201165
2011-11-29,0.9615513535171388,0.0,260.82092021841527,21.447619426370647,3.9455376742799646,9.029584570792245,50.81660668948529
2011-11-30,0.20370710563728903,0.02526282210409975,235.1772272819839,21.0799047773559,3.5330828089625728,8.512586891412397,50.64116148609287
2011-12-01,-5.697143605900463,0.6964578349750591,224.02724108881307,21.776347857594807,3.5947237415038584,8.956096728222933,52.20592999068248
2011-12-02,-7.584783076637286,3.3091193893025226,213.32730856106258,25.085468905800404,7.106378553423733,11.776434209866114,55.80582224792558
2011-12-03,-9.296979124750353,1.2491322638549636,201.32786585832696,26.334631999245513,8.106956559367669,12.84210601603069,57.47921304712317
2011-12-04,-10.951529011920542,0.013303336633729028,243.59692180611745,26.34793497330205,8.106956559367669,12.881031780618638,57.47988020300276
2011-12-05,-16.20449282782074,0.0,274.2353496157352,26.34793497330205,8.106956559367669,12.881031780618638,57.47988020300276
2011-12-06,-14.002442517194813,0.004973623910213581,301.0641377221622,26.352909131990017,8.106956559367669,12.881031780618638,57.49464180540465
2011-12-07,-7.622900744441653,0.20118725819920744,288.6883511433738,26.55409461116004,8.106956559367669,12.890266647299278,58.082483761865504
2011-12-08,-6.003002131505288,0.18160010746778366,248.23792136869253,26.735717710290714,8.14037092818234,13.079221927501653,58.40064655098998
2011-12-09,-5.628050916216556,0.0,266.26550861662776,26.735717710290714,8.14037092818234,13.079221927501653,58.40064655098998
2011-12-10,-4.850819398648132,0.0037685398749555173,282.40742424615104,26.739486249350243,8.14037092818234,13.079221927501653,58.41183028651643
2011-12-11,-4.3872915788184565,0.0,273.1900986689798,26.739486249350243,8.14037092818234,13.079221927501653,58.41183028651643
2011-12-12,-3.0238271281418565,0.2232350615724366,273.68546713263066,26.962720611086997,8.270152266190008,13.18799171622609,58.839898132280844
2011-12-13,-2.0552730734293028,1.244699778862344,220.65653026291974,28.135375781415586,8.654244307868245,13.943106624168598,61.19424197553371
2011-12-14,-4.815762567402716,0.655064777119055,162.44971323743758,28.777530570435324,8.746379732090132,14.418142719896952,62.536869918864284
2011-12-15,-6.459068008158642,0.009729748599939733,232.17136230557037,28.787261387546014,8.757632776123506,14.431921853409943,62.5410868380466
2011-12-16,-7.3414371906994536,0.0,204.39142652600432,28.787261387546014,8.757632776123506,14.431921853409943,62.5410868380466
2011-12-17,-5.310578200283878,0.0,264.0994505172911,28.787261387546014,8.757632776123506,14.431921853409943,62.5410868380466
2011-12-18,-4.036924679372133,0.0,266.49971113985447,28.787219334250455,8.757632776123506,14.431921853409943,62.54096203824272
2011-12-19,-5.95902847763328,0.0,244.2307863031187,28.787219334250455,8.757632776123506,14.431921853409943,62.54096203824272
2011-12-20,-6.847946613830712,9.153889375793393E-6,230.2280651224064,28.787228488140535,8.757632776123506,14.431949098987984,62.54096203824272
2011-12-21,-6.853743356270025,2.1429873807665745,177.39870927508872,30.930237465713347,9.993000979640385,16.418316055393642,65.72110307231284
2011-12-22,-9.837674347952353,0.1861750277431916,229.75197453763485,31.116436003180667,10.157842471131534,16.66926392043533,65.86347131094523
2011-12-23,-11.052314114487844,0.01318480962058876,275.4393233107558,31.129623593395458,10.157842471131534,16.66926392043533,65.90260757008001
2011-12-24,-8.905463676823397,0.0032063762039104358,270.97064505523895,31.132829969803225,10.157842471131534,16.66926392043533,65.91212299905028
2011-12-25,-5.371835572833328,0.27027466033672376,270.05378260878274,31.403108744015963,10.158197039264204,16.751822603626035,66.63155747036464
2011-12-26,-4.485266317163381,0.0,249.21656060497327,31.401847501621248,10.158197039264204,16.751822603626035,66.6278145341354
2011-12-27,-3.783919326969479,0.0,247.9874093298302,31.401658424698887,10.158197039264204,16.751822603626035,66.62725341847216
2011-12-28,-2.769175050547064,0.6267678785226191,232.5569476024227,32.003816775494556,10.150162884961798,16.780625663152616,68.39333290251511
2011-12-29,1.2506727060587457,0.4551888475096804,194.1254367113966,31.019667173659244,9.14279694215222,15.567265859837029,67.66025442048611
2011-12-30,1.6932293355628218,0.13651459776281136,234.88553792074578,30.441210562798204,8.510503717356363,14.85770973642841,67.26476600306809
2011-12-31,-3.627229128750371,0.0,249.9236115537522,30.441149107172755,8.510356661360479,14.857669971955952,67.26476600306809
2012-01-01,-3.987104929212468,0.08037272982757637,273.957702984335,57.041420535808676,32.533228655396236,43.12691487317644,94.7025679365292
2012-01-02,-0.9225989160065512,0.0,287.13678504444016,57.03941761847848,32.53318780622281,43.12448288565568,94.6990884605648
2012-01-03,0.26904417208866654,0.0,263.11930726159125,56.855894259331286,32.38678384898209,42.92678874373598,94.49366646432608
2012-01-04,-0.8478779857497015,0.0,266.6731497700321,56.78739123992735,32.35535637380459,42.85248108953288,94.39496578125826
2012-01-05,0.990083503146619,0.0,274.4491245617329,56.522266532785444,32.19779087272491,42.595720670478194,94.017105124442
2012-01-06,-1.0409592281791482,0.09786287667557553,237.23262603340527,56.50138661917528,32.103013347967675,42.560555305275955,94.08219323876409
2012-01-07,-5.138541230673082,1.9568811114123004,204.88322680671166,58.458261675926195,33.60758880008477,44.1866383944218,96.80788825401784
2012-01-08,-7.574223268670175,0.0,267.5450592058505,58.458261675926195,33.60758880008477,44.1866383944218,96.80788825401784
2012-01-09,-4.345894678640195,0.005444060037293956,288.2380260747971,58.46370469092824,33.60758880008477,44.1866383944218,96.82404126166564
2012-01-10,-3.070345422739749,0.4461152636130016,275.07723303939025,58.90984017163206,33.68705944258034,44.505854812681065,97.75260563093163
2012-01-11,-9.56791324304191,0.13723134030123477,263.60776100641567,59.047067151682505,33.68705944258034,44.517114479109225,98.14862177112603
2012-01-12,-10.559279361929951,0.055540685269166314,303.2344416567414,59.102611611898354,33.68705944258034,44.517114479109225,98.31345873929867
2012-01-13,-6.4280850400035225,0.24697043128141077,296.3365705546931,59.349566003309015,33.68705944258034,44.571267120346505,98.99234123231443
2012-01-14,-1.619238438918378,0.35381765197036735,288.768500713727,59.7033211313048,33.68742871601653,44.62593192501595,99.9873027235712
2012-01-15,-0.6006005763514309,0.0,254.48073306188357,59.486207599215355,33.51230964278438,44.38582076291218,99.75235980008206
2012-01-16,-7.404059129687463,3.784801887060142,242.19989991772502,63.27100087405153,36.71741562258205,47.572824314612774,104.69582878595727
2012-01-17,-13.942189597817565,0.039901249868782754,299.6539292416868,63.31090369589021,36.71741562258205,47.57364345864981,104.81342997908169
2012-01-18,-6.685906646235739,0.9073950274347994,299.88795594170443,64.21827049569859,36.72287629812488,47.75019226770048,107.32485367003775
2012-01-19,1.124378078553598,1.2504726680536409,223.3959702722789,63.39995266501036,36.17847903905922,46.776296634177406,106.39579166169207
2012-01-20,1.36997367037901,1.9283991794164936,166.40680721468394,62.124466895446446,34.25602629683503,44.94436281618133,106.30306244266957
2012-01-21,0.9631627085432962,6.995110322331481,141.84136246448222,60.8087829902117,32.708016177430416,43.46660649950726,105.37446948047307
2012-01-22,-4.304042359605824,2.60408815528525,186.3199056563588,63.39916487361213,33.402656666299606,44.79496012461548,111.06316902610705
2012-01-23,-4.129935270761665,2.6325291716167607,225.26280208273076,66.03169594059959,35.33668196213463,47.0888196669401,114.71134245838903
2012-01-24,-5.71263151264244,0.7703380395478919,234.435653386623,66.80204340979586,35.705955681925666,47.76157630483639,115.96827370656926
2012-01-25,-5.2183562780533235,0.39360629492185784,310.34479513253484,67.19564681985658,35.71186406282606,47.87253943163515,117.01998196210876
2012-01-26,-1.8804627948446047,2.387945130130942,228.8503967698248,68.85392792272116,36.413695489264875,49.06638511476973,120.06965876819098
2012-01-27,-6.556324030058761,0.06576650209188156,272.1381358942809,68.91969835143098,36.430837307464905,49.09979668908484,120.21489167033917
2012-01-28,-7.461820595783657,0.1819910528381478,334.48023486588824,69.10167386569628,36.43099089958409,49.141159539674966,120.7135422502232
2012-01-29,-3.275330580683746,6.082684269183033E-4,334.3239153389264,69.1022821341232,36.43099089958409,49.141159539674966,120.71534738295723
2012-01-30,-1.4485697856415383,0.009265339592623085,294.280974553061,69.10049292876454,36.42206787107973,49.1282615547029,120.73155839315145
2012-01-31,-2.9589390506473223,0.0,321.47035844973294,69.10049292876454,36.42206787107973,49.1282615547029,120.73155839315145
2012-02-01,-3.3437199484655076,0.0,330.97493281317514,69.10049292876454,36.42206787107973,49.1282615547029,120.73155839315145
2012-02-02,-2.9525011823368885,0.2966829392725763,288.475934194024,69.39718575820662,36.42206787107973,49.3215711899639,121.41929897728413
2012-02-03,-4.780456361114718,0.0,244.88985647433782,69.39693940170426,36.42202212024235,49.32088247224369,121.41929897728413
2012-02-04,-6.238375958833923,0.0,350.81537233983596,69.39693940170426,36.42202212024235,49.32088247224369,121.41929897728413
2012-02-05,-5.140006102358724,0.0,361.5021404321318,69.39693940170426,36.42202212024235,49.32088247224369,121.41929897728413
2012-02-06,-6.282575626261397,0.0,353.75408355604105,69.39693940170426,36.42202212024235,49.32088247224369,121.41929897728413
2012-02-07,-6.929881280954079,0.0,366.72481725024977,69.39693940170426,36.42202212024235,49.32088247224369,121.41929897728413
2012-02-08,-4.367394081647608,2.9449709704738294,272.3063989865134,72.34188098900954,38.09865334649066,51.57017690490984,126.28885921844595
2012-02-09,-2.81878475701505,2.068983268349181,237.79508523472995,74.33788800245358,38.354585039742304,52.758475917872694,130.77910860326364
2012-02-10,-3.6347595422676373,5.234709364118121,188.17230700902462,79.54360571714562,40.774591620759686,57.01598578463725,139.63404296263104
2012-02-11,-0.4461709981115019,0.30604287313172057,321.6676298819052,79.42195680545812,40.568149102043755,56.90941730195393,139.57965795996415
2012-02-12,-0.7088334921684607,4.69729267319774,205.41808683143265,79.71188519742962,39.8884383725993,56.87881318597284,141.13030306041512
2012-02-13,-1.7866038569433589,4.101597528019847,183.7448522768422,80.57932817144885,38.98747371501447,56.6180111026887,144.8390838746842
2012-02-14,-3.3743330064910504,4.088442448680385,239.4321730269584,84.08790569347923,39.917424020617744,59.39178606145641,151.58310487576205
2012-02-15,-4.34195883370932,1.0497710855448983,339.3478485970098,85.09236121864805,40.58209863241565,60.15521785274363,153.15766573154787
2012-02-16,-4.115552280597768,0.3873361235801884,355.0749075279234,85.47964378317982,40.84060268614678,60.60191611550194,153.61069849205103
2012-02-17,-5.694105456835624,1.3570291204462546,349.48969534766627,86.83669327009626,41.7558181751028,61.81539144237649,155.53974174303696
2012-02-18,-5.2663555639427155,0.013243019051690072,425.76007446482816,86.849939464149,41.7558181751028,61.81539144237649,155.57905191832717
2012-02-19,-4.862104744531194,6.645506614325836,248.3556030588396,93.49545327150236,48.58115445525495,68.17007432317271,162.34000867669823
2012-02-20,-7.721634923291428,1.6499149832408044,287.19169719714716,95.14537070268494,48.96287396855402,69.38022892445845,165.65930228424827
2012-02-21,-3.634295311867843,6.739144600191708,292.02741421122647,101.87755199098554,49.45417466331919,73.52489513970887,181.02875950854275
2012-02-22,1.2434609965057888,2.5492448699034527,259.6194851235973,100.41660494503067,47.750294653565795,71.89529875433799,179.9717558679172
2012-02-23,-4.575627160344155,1.6128174951619756,356.7600244237317,102.02043069146612,47.9718307570275,72.55053140554841,183.86303133880728
2012-02-24,-5.980045535578172,0.1327189147566347,430.07729092468037,102.15314368866466,47.9718307570275,72.55233034545871,184.2550844817966
2012-02-25,-2.838943233096535,0.048527378604061935,470.8505994897442,102.20167324303547,47.9718307570275,72.58512079623556,184.36640939219848
2012-02-26,-7.756450074051694,0.0,404.46896033872486,102.20167324303547,47.9718307570275,72.58512079623556,184.36640939219848
2012-02-27,-2.5083615794531804,4.814133512899372,383.1308041099731,107.01577458163047,51.399204889921876,76.54505372832519,191.37811995665132
2012-02-28,-4.042033499578237,7.099366801772064,280.6445591243203,114.09910430782517,55.39154057085526,81.92331410148067,203.16161200135485
2012-02-29,-5.426272050374223,4.038633968242332,374.36340230327784,118.137732617003,58.9439321059629,85.12602218665903,208.50564522459206
2012-03-01,-7.01269511525359,3.93696128104456,325.1899474510009,122.07468092814914,61.94031078583123,88.30117906112842,214.1150594983952
2012-03-02,-10.160420188666551,0.8949718744380443,423.0739455065276,122.96965685470057,62.03821896530418,88.88020801892716,216.0986834888712
2012-03-03,-6.958697677352982,2.8500221743671235,408.45983779431424,125.81970324536232,62.17390744461773,90.32402819869746,222.98536573276053
2012-03-04,-0.3334151789162288,0.15960641199862008,435.9051262438856,125.65013636002097,61.82189648751318,89.86256119046965,223.28392121929252
2012-03-05,1.412907898211744,0.0070455087827248535,508.68388763941607,125.37529715491821,61.49142823291633,89.47823491628037,223.17224091895298
2012-03-06,3.903437694233275,0.0,469.9776167157531,123.90607898783072,59.80903978679066,87.91379261930784,222.0048689874448
2012-03-07,-0.31937692848009963,0.0,424.81369157286673,123.51653146047408,58.99192376397778,87.62069310300281,221.93415148723898
2012-03-08,-1.4377248869800638,0.0,519.6208652370801,123.51134298807465,58.97709258398838,87.61976770658052,221.93407159460557
2012-03-09,1.4281026861034931,0.0,549.6707203154463,123.49514122422563,58.95888052635782,87.59994110039571,221.92343521171748
2012-03-10,3.6320322461465646,0.0,544.1325001651006,122.93427235019311,58.37335788693766,86.97619624717588,221.44918655632873
2012-03-11,3.494972505105038,0.0,527.5078183326192,122.25287370831214,57.61205597632857,86.20831516013062,220.93157009717197
2012-03-12,4.916739784971387,0.0,504.92835588314887,120.68912166633595,55.91984130976331,84.56834091242473,219.56850148038475
2012-03-13,6.025004856959943,0.0,488.6239861588507,118.50254333442574,53.549947992757275,82.23940010558702,217.70179204630725
2012-03-14,6.292544957625687,0.0,507.43587440231005,116.42146652989453,51.16753616051734,80.09596308053156,215.97536610437248
2012-03-15,7.348084597974105,0.0,518.0955316814515,114.07924780050354,48.51938135045601,77.69327575002356,213.9903779194745
2012-03-16,7.997214103500707,0.0,518.0619900559119,111.52342677095133,45.81941354313999,75.09634969006791,211.61544913251663
2012-03-17,8.52637013874823,0.0,483.141707132136,108.3830159403016,42.402408116180496,71.97972380247724,208.71978393572275
2012-03-18,4.228651860339462,2.943458375677869,424.9764733955251,107.94330276944973,40.53731762660883,70.70392046569259,210.49716833529828
2012-03-19,-3.3328407078052007,2.507398374041892,321.6742268371016,110.44008119619299,41.63988615262723,72.73348920120458,214.81299559218567
2012-03-20,-3.323996522117771,0.01107219755276954,531.6674556366817,110.45115362195453,41.63988615262723,72.73348920120458,214.84585476636352
2012-03-21,3.261228319476028,0.0,531.9147843487845,109.7966018065117,40.79971859914813,71.94079398594941,214.50919825065537
2012-03-22,5.541509391416993,0.0,574.1996411358616,108.92591435308563,39.644591768937964,71.0329380916228,213.95164501440357
2012-03-23,9.429814156563248,0.0,579.8745390607545,106.85405595098409,37.51113468395619,69.01856725992471,211.88225500841875
2012-03-24,9.211601967243473,0.0,547.5459070537391,104.3715891913438,34.91012554126134,66.69355380268371,209.3578534532299
2012-03-25,10.869180076782701,0.0,531.5435423400389,101.23330367562816,31.835710349288966,63.705283872143156,206.00800053917314
2012-03-26,6.79767325051821,0.0,525.516759974939,99.50812012348047,29.8212080979281,61.90830733355342,204.63520996772576
2012-03-27,4.084388012442595,0.0,551.7380027796493,99.0495985299869,29.41606238555725,61.445190343816385,204.12946402850704
2012-03-28,7.809512086941938,0.008945789964383857,543.0618211013867,97.1677552223048,27.645653901761246,59.67550838176349,202.02763069566635
2012-03-29,7.054682469019207,0.0,477.91445009498995,95.01798809948166,25.63645152832405,57.62303212282611,199.6444270857046
2012-03-30,9.088251697081246,0.0,526.5197363848704,92.67915984084148,23.588052316665973,55.34343198413823,196.96465614102925
2012-03-31,11.48358845917103,0.0,551.5315787708516,89.96473351141266,21.28173117768705,52.83761137247929,193.64613229165516
2012-04-01,9.384476005620755,1.0030869337465964,525.3830364694485,88.16192230141652,19.567338480655742,50.94528682005568,191.8467533279034
2012-04-02,1.1389166493301763,0.6629709110615546,335.40184910779425,87.37216048122168,18.717407820867162,50.12418238498775,191.14664158939706
2012-04-03,4.498504563749252,0.0,500.3372779401239,86.45163728727628,17.80505001545624,49.10558558187654,190.31597890390293
2012-04-04,6.521124360776727,0.0,570.0935980442831,85.54648566647253,17.128641034976543,48.28785868801056,189.10164313590272
2012-04-05,8.95396494521175,0.0,521.9291433669188,83.61475615033609,15.78562411924568,46.565296573282914,186.38995978168845
2012-04-06,3.2881932645589216,0.0,490.88100543463406,82.95648940588705,14.956623028363977,45.731275653619036,186.0726449560258
2012-04-07,0.6765234024988814,0.0,593.495264734697,82.95648940588705,14.956623028363977,45.731275653619036,186.0726449560258
2012-04-08,6.228953114630568,0.0,599.9970402829988,82.52430837133576,14.81434869395004,45.37650870759645,185.28189562625053
2012-04-09,8.70375322262197,0.0,598.7109391549133,81.37061919747589,14.219029205396911,44.3824719141235,183.42707293601936
2012-04-10,10.803158849101987,0.0,589.955130908562,79.514341161094,13.160306154467218,42.768768878167954,180.55483055768826
2012-04-11,11.726457159758823,0.7601357051835723,543.5606656860726,77.34622420393488,11.84631927420512,40.811229731444065,177.34774115520952
2012-04-12,4.739070743477521,4.011293310151698,303.66684402324444,75.97957037774849,10.791501980321762,39.410471655881594,175.71242514037405
2012-04-13,3.1168598177851345,1.6540704195829283,352.8582550782347,75.01927281973126,10.070461455602715,38.3709694397678,174.5988785909039
2012-04-14,3.668384145197306,3.3782446337586696,273.8507158808555,73.78041253719063,9.166017097399157,37.08521004609893,173.08219803114102
2012-04-15,3.0529091386115694,5.040678489912422,251.20509804663766,72.67993107546984,8.31927265369345,35.862335853379484,171.85747472865398
2012-04-16,3.3790998013836098,0.19564543532993323,469.37860047830003,72.1072947669713,7.8070655096814265,35.18665795491946,171.32892547541556
2012-04-17,4.815041474671433,0.03652010317493046,479.4154231481246,71.23383647795609,7.367765404921369,34.3536056207053,169.9937889345237
2012-04-18,6.3884089174194365,5.932738653554452,368.9973558655175,69.99861642697044,6.779487884094574,33.21186739145294,168.0374435439152
2012-04-19,5.491549087563611,1.7607748560033918,400.3937205391708,68.7559353470713,6.090552227876022,31.957109086489808,166.2693428271632
2012-04-20,7.414843768126889,2.8815472420763724E-5,521.3026674361282,67.4886857578864,5.580684897966407,30.81370883097794,164.14349748570163
2012-04-21,10.821261689100986,0.0,582.7965294740827,65.8999546146962,4.992064237961422,29.42477021554851,161.38485997008456
2012-04-22,12.459810160081656,0.0,583.6705710659953,63.96800748542239,4.366202485059309,27.749813814022854,157.92899905570738
2012-04-23,14.214014952031604,0.0,593.1103768533144,61.858061581697825,3.785436242972895,25.979193992502974,153.99651190931237
2012-04-24,14.581869311717735,0.0,567.6137273891254,59.62748578970289,3.268358280973143,24.152081597018622,149.7005478751807
2012-04-25,13.26414012560142,0.3135925557200955,482.76544842941956,57.42055823510154,2.788140698475857,22.338285755819342,145.42570982725488
2012-04-26,13.122703156784704,3.2265047759763994,432.6105654309284,55.33578713483649,2.3335320810733577,20.505721080735658,141.50724824097685
2012-04-27,3.850133038866725,1.6138983885682538,372.13459745911223,55.04539917812452,2.122800974293057,19.682179491377582,141.67113480865083
2012-04-28,2.151542558504624,6.087923445986807E-4,536.228634732497,54.96490119721537,2.0837135128557733,19.532687735637957,141.61923535653156
2012-04-29,3.927067082249985,0.03755651500018232,555.885319207997,54.83345238775607,2.0550392431616835,19.386366205837632,141.40286337202355
2012-04-30,7.866728511470495,0.3164672820634858,580.2139246341333,54.15458045716823,1.981447562964858,18.947779022789188,139.896931137524
2012-05-01,8.369500163083814,3.073310139505637,337.49328564935394,52.68949881219699,1.7516073649328703,17.80506313769564,136.91151316174484
2012-05-02,10.300196148524266,2.7178404099235594,378.8776976919832,51.14151673388144,1.5334564640955228,16.590390399116927,133.74047516283167
2012-05-03,11.888143377717743,0.0,573.1250663976764,49.81398111992982,1.3835836300497926,15.677080283504962,130.85689852438344
2012-05-04,12.290595847925887,0.0,554.099873428122,48.17570645440893,1.2195770764460891,14.639050171865337,127.18922666711188
2012-05-05,8.702348749047896,0.0,553.2771815048259,47.224436365249716,1.1061528616424727,13.944512249789636,125.16877056496011
2012-05-06,5.8260896166642615,0.0,554.2809396817544,46.726908305006106,1.0561473157683998,13.604134414714222,124.08019128527283
2012-05-07,7.140741857250113,0.0557160445178231,513.1735080445668,45.914673347907204,0.9707535924278706,13.040899856837195,122.31421971553429
2012-05-08,8.030004904067416,0.0,611.407580697556,45.40655799447911,0.9345369928132766,12.745000821997353,121.13648925362217
2012-05-09,11.091375018419129,0.0,613.0781104497079,44.4302671823012,0.8704124539988302,12.21666821765444,118.82821275169462
2012-05-10,13.010859318519438,0.0,596.530134780344,43.15803285128871,0.7915855825577399,11.522333851603884,115.8214616152132
2012-05-11,9.645486706639849,5.450839594613837E-5,514.3699585205912,42.00526668391179,0.7088650059383331,10.817167695905988,113.18383034696143
2012-05-12,9.669106420448129,0.0,561.2814360811708,41.00664652298027,0.6438728276518878,10.232660829703624,110.8661394952036
2012-05-13,9.478125203748196,0.0,548.8684416710138,40.09141113996467,0.5931369105679579,9.742675305184965,108.68782519436013
2012-05-14,11.352231331931025,0.0,619.2817571606022,39.30868974744522,0.5522259556269492,9.342490384638038,106.80369402164143
2012-05-15,14.421615972068029,0.0,601.5801186200251,37.9930451160806,0.4868252987014081,8.682827332072307,103.62051500737921
2012-05-16,14.195470354543938,0.006839384874031564,534.694273668623,36.550690308171184,0.41971715278659916,7.990094683132192,100.0959333279459
2012-05-17,13.96009132124014,0.07198749219127305,544.4880244592824,35.28090758108724,0.3626137120534124,7.372764741194701,96.99859467740052
2012-05-18,13.73272143514444,1.1817493088631708,461.39978263845694,34.06815613984453,0.3025544493908554,6.703542350976936,94.12511443654039
2012-05-19,8.988056153627626,1.5490149154646582,374.6133110390178,33.127346733166824,0.25532989625109936,6.146100654965401,91.93475526894198
2012-05-20,11.384091332264084,0.0,571.2836871959008,32.26440143525154,0.22321615468538708,5.731637147656504,89.81824513993149
2012-05-21,14.909297568848316,0.0,584.1419676940694,31.135060582775278,0.18512540739486136,5.215625103321524,87.01821582767792
2012-05-22,16.802580227196636,1.3794434305052548,511.6648520443853,29.730526911234012,0.14066877443359896,4.59716903079218,83.50983036594755
2012-05-23,8.586849803916106,2.945665126266819,313.17135334901855,28.924188794124316,0.1025960008832,4.110269243148548,81.6393184812999
2012-05-24,7.178420274545934,0.9973214879322937,432.7741666949971,28.39002935280642,0.08127779641356225,3.801429297989128,80.38274072354918
2012-05-25,13.741486316108164,0.0,591.5075508212558,27.45245306823907,0.05807727792064551,3.407167647978544,78.01595766185281
2012-05-26,13.413353882802491,0.0,587.1601015911677,26.621510301015725,0.03790284190208497,3.038296316833509,75.93737352706249
2012-05-27,6.627188707974436,0.051986974412096834,442.67037719217547,26.078412488103712,0.023499533229683157,2.7427217597640987,74.63433173295758
2012-05-28,8.16619542409135,0.0,538.1788349257587,25.614660176312146,0.016632022690220242,2.5273152523365114,73.47951329861851
2012-05-29,11.245763146469654,0.0,597.5932058166951,25.059391612103042,0.011390296740304206,2.3263845403992405,72.0370946288192
2012-05-30,12.974090752857977,0.0,543.1767291586858,24.210684704671447,0.004490106830934816,2.018545083187616,69.83205595503408
2012-05-31,14.30804342566082,0.0,533.7116254182838,23.31086664771027,8.872372496934568E-4,1.7053644743662992,67.477461983672
2012-06-01,17.28429685661904,0.0,481.47102217506404,22.152175992250953,1.4705590823167724E-5,1.3026234798286473,64.44127013632394
2012-06-02,16.104696945676224,0.46579806876164104,519.9950630206225,21.179973016122215,0.0,0.9875262284296199,61.870290842851524
2012-06-03,17.877559340855747,2.5651010013513315E-4,562.8143190611751,20.14025505614682,0.0,0.7109272055976065,59.060550644668965
2012-06-04,19.177707862710825,0.0,555.026596579451,19.037721858975935,0.0,0.48393337409386544,56.01493669079509
2012-06-05,17.06499744608364,0.0,564.8451015392221,18.218386526881872,0.0,0.3317759955316813,53.73514036104145
2012-06-06,11.664932632485051,0.0,593.2546986231387,17.79560917924707,0.0,0.2767469480475559,52.53534927908301
2012-06-07,14.480902086260127,0.0,546.1559666806286,17.11649484156105,0.0,0.21098153367605313,50.5855425052922
2012-06-08,16.614659909443436,0.0,585.2157214168848,16.389320104398063,0.0,0.15060497926992672,48.48773585248911
2012-06-09,15.848004712018103,0.0,564.812661103925,15.894835396005776,0.0,0.10680537546051358,47.063945352515915
2012-06-10,8.535807637506663,0.0,518.0640157230631,15.653094905226439,0.0,0.08673075474583461,46.36655792760783
2012-06-11,10.871826584033114,0.0,569.5822423136782,15.361957295125574,0.0,0.07222473143827383,45.51702448625344
2012-06-12,14.119623311616818,0.0,565.9199544877239,14.850554405664537,0.0,0.05225667990079615,44.01926499883656
2012-06-13,17.27809572084358,0.0,570.3126441742526,14.228301457040017,0.0,0.03512462035016215,42.189712764898744
2012-06-14,17.762121774749453,0.0,543.5849678813789,13.57116478470957,0.0,0.0235436590569928,40.25110275859986
2012-06-15,18.063648847289485,0.0,544.7611555082497,12.917381624745035,0.0,0.013690060343823782,38.320722537473166
2012-06-16,17.000579118663826,0.0,528.0034192309496,12.325312983030226,0.0,0.0071130416089509735,36.57022294363529
2012-06-17,18.653459814572606,0.0,558.7935183596138,11.746531378651138,0.0,0.0027707778548957227,34.85692653769241
2012-06-18,20.548859053963376,0.0,494.0939311049121,11.043460291303886,0.0,1.2088353362167227E-4,32.77309403628266
2012-06-19,17.85044394380408,0.0,522.7983217159867,10.555687832296162,0.0,0.0,31.325672668179948
2012-06-20,12.331984654223277,0.0,501.76838059018513,10.204919955982959,0.0,0.0,30.28471353311714
2012-06-21,16.795040800254224,0.0,597.816722636148,9.817011099912161,0.0,0.0,29.133532668031002
2012-06-22,20.255065424109308,0.0,537.8163562884439,9.246271981425245,0.0,0.0,27.43977409078843
2012-06-23,21.059750775358204,0.0,542.6149608607376,8.674898291932234,0.0,0.0,25.744132323749273
2012-06-24,22.42437933014586,0.0,523.0492491060885,8.092967148056466,0.0,0.0,24.01715964152413
2012-06-25,22.755992276224116,0.0,516.5209331547999,7.53844170833129,0.0,0.0,22.371517719653202
2012-06-26,22.275512772282315,0.0,467.81148205113055,7.015308289798153,0.0,0.0,20.819036584258512
2012-06-27,21.180701219660367,0.006145554390828335,463.09824551259686,6.554720292683043,0.0,0.0,19.452168876369694
2012-06-28,20.94288689617874,0.0,515.6452636703847,6.146462230314759,0.0,0.0,18.24059852405545
2012-06-29,21.78290542692195,0.07749588094816275,497.99511792184757,5.737925659534324,0.0,0.0,17.028201653991438
2012-06-30,21.98448820964767,0.0,509.7669918713936,5.373441425879969,0.0,0.0,15.94653705973969
2012-07-01,22.12770397739911,0.0,537.1263389147626,4.9970101849871496,0.0,0.0,14.829417832491743
2012-07-02,20.891353239347705,0.1755189842965018,457.34409381600824,4.685996658490178,0.0,0.0,13.906436016317558
2012-07-03,21.45508618841784,0.006883094261836073,502.4276554237201,4.3795027184516995,0.0,0.0,12.996866787579043
2012-07-04,21.667323703823126,0.749127959648143,468.70516727041166,4.085277813341354,0.0,0.0,12.12370785992363
2012-07-05,20.26211463915457,2.9193784701021204,400.69251072482064,3.833916616744982,0.0,0.0,11.377753764732551
2012-07-06,17.407866666234867,4.185544539769701,387.93997546363323,3.6075437976803792,0.0,0.0,10.705956630935699
2012-07-07,18.958718400143013,4.221178726061719,331.15926995736436,3.3827113704669953,0.0,0.0,10.03873085351833
2012-07-08,17.99451570017414,1.1406452091870234,456.69147089145116,3.186358966816102,0.0,0.0,9.456024049177353
2012-07-09,19.41456360685618,0.03599968098331744,507.04565269362456,2.9999039377457195,0.0,0.0,8.902689268839858
2012-07-10,21.06097941244903,0.5255633433662908,487.86405092776187,2.8037743310464016,0.0,0.0,8.320643649680502
2012-07-11,20.99638477128421,0.0013474387205978451,527.7716264731142,2.6087551729719545,0.0,0.0,7.741893462395427
2012-07-12,20.71882720109289,0.0,523.6890375518467,2.4227022415769275,0.0,0.0,7.189751970487728
2012-07-13,21.333503576937776,0.002796632785331678,506.2945181760441,2.239579067073686,0.0,0.0,6.646304995398593
2012-07-14,19.85972555096308,4.522423689082044,338.87051217631085,2.0785560034136354,0.0,0.0,6.168443593623413
2012-07-15,17.905419247758985,4.5623387821023575,316.0366336078736,1.9458337171451765,0.0,0.0,5.774569223570749
2012-07-16,17.326552808961427,1.7954271563647408,399.3902545290518,1.8299708395379157,0.0,0.0,5.43072781446677
2012-07-17,18.151506282586954,9.560345231463267E-4,501.4543294103149,1.7128960503816508,0.0,0.0,5.083289866218203
2012-07-18,19.83237559384528,0.022097525271594375,521.4192461079529,1.579005457367837,0.0,0.0,4.68594836117041
2012-07-19,21.80166352574339,0.24578802863929966,527.8905927847154,1.4395941849833531,0.0,0.0,4.272223367181
2012-07-20,22.46316023036382,0.5102637376516503,490.9993900394441,1.3145965238323691,0.0,0.0,3.901273043553247
2012-07-21,21.40156175251338,2.2822043109621233,426.9513283712512,1.1907193911033125,0.0,0.0,3.533648065191322
2012-07-22,20.760194783993335,0.5317407480586362,449.38056891650245,1.0733474702520402,0.0,0.0,3.1853283316564696
2012-07-23,21.223934851348762,0.9571639640477649,471.9919430634117,0.9703759385332219,0.0,0.0,2.8797440298077914
2012-07-24,18.712675498927297,4.6810243655570085,393.8814159999937,0.8781464821216272,0.0,0.0,2.60603853493003
2012-07-25,18.626661488012175,0.22920611372481875,478.67457868209493,0.7977436451578606,0.0,0.0,2.367430403244488
2012-07-26,19.644912486718685,0.03970028115325054,515.3453045620505,0.7041506915119005,0.0,0.0,2.089678514732669
2012-07-27,20.255134308010053,1.6752594030278052,468.1626801208799,0.6298947064972032,0.0,0.0,1.8693121381232083
2012-07-28,19.998073872501212,0.08801017092932154,508.12396097438614,0.5628553371287233,0.0,0.0,1.6703622095081452
2012-07-29,18.17223320098263,0.9312882259853349,366.4811475857125,0.48400028850191734,0.0,0.0,1.4363473844430312
2012-07-30,19.041234543604393,1.823620451264632,431.7535294197134,0.42483044906106954,0.0,0.0,1.2607515301888264
2012-07-31,20.088898085548305,0.1332391899027781,504.4351687739387,0.3638974312598142,0.0,0.0,1.0799231653629506
2012-08-01,19.833675403240395,1.535720969680804,411.1288646883431,0.3166363126939536,0.0,0.0,0.9396683232676303
2012-08-02,20.317567348226465,0.0,496.20641594980094,0.2776505168401638,0.0,0.0,0.8239718097834259
2012-08-03,19.065509804906714,0.0,524.5613366733946,0.24138655997616731,0.0,0.0,0.7163527838684239
2012-08-04,17.707756800523708,0.0,521.2016314679515,0.21055485274227426,0.0,0.0,0.6248548176577279
2012-08-05,20.901319398851864,0.0,532.0589828102138,0.18026172852076972,0.0,0.0,0.5349551816950243
2012-08-06,20.262182016695782,0.23565765322815227,413.57551636500176,0.15160977051154384,0.0,0.0,0.4499259659623148
2012-08-07,19.98101389147405,0.0,505.16222445351104,0.12899529375956328,0.0,0.0,0.38281393048441376
2012-08-08,20.962750980623138,0.0,527.8007264739649,0.10699587146462504,0.0,0.0,0.3175271663578939
2012-08-09,21.747925495145388,0.004359053761402993,512.9085773955086,0.08666807839193769,0.0,0.0,0.2572012262601578
2012-08-10,21.23296971294961,1.682793351237763,432.0019704238957,0.06979220974046026,0.0,0.0,0.20711941768772815
2012-08-11,18.880046447405597,0.6911344623037449,405.83539740536986,0.05956795885866926,0.0,0.0,0.17677733657574204
2012-08-12,18.653698671089003,0.0,522.5018323456148,0.04983974622415385,0.0,0.0,0.1479073273942568
2012-08-13,16.356917821973298,1.1404422806142671,368.85670531201725,0.04227726911856436,0.0,0.0,0.12546448083285283
2012-08-14,17.847468802181446,0.0,512.106326857539,0.03584168210363038,0.0,0.0,0.10636585879511136
2012-08-15,18.82070259135121,0.0,491.8232209149646,0.02842991489322291,0.0,0.0,0.08437026767734446
2012-08-16,18.369583469786477,0.0,505.13120066151265,0.021732268777267333,0.0,0.0,0.06449394382151744
2012-08-17,18.905173161223125,7.999908707750702E-4,505.1256125003854,0.015951721679610707,0.0,0.0,0.047339256310755834
2012-08-18,17.978617431606345,0.0,490.7290467228082,0.011620808368606768,0.0,0.0,0.03448658627255322
2012-08-19,17.85781333489875,0.0,518.6648583905364,0.008652764592813686,0.0,0.0,0.025678447071917344
2012-08-20,17.25459114236995,0.18881826795666312,392.4478266595459,0.0057136324662796474,0.0,0.0,0.016956107761859417
2012-08-21,18.59142761953508,0.0,501.5130349881573,0.003595879723514045,0.0,0.0,0.010671341646567363
2012-08-22,17.013772618577786,2.129779439318992,354.25576611698386,0.0013541595646429075,0.0,0.0,0.004018682622718414
2012-08-23,18.08283716371366,0.46022197753020927,427.75613663477475,7.054027650195582E-5,0.0,0.0,2.0933942408398192E-4
2012-08-24,18.178345433758896,0.21618003033652972,449.2055143351001,0.0,0.0,0.0,0.0
2012-08-25,16.82961148875763,0.0,510.9896516535136,0.0,0.0,0.0,0.0
2012-08-26,18.85765190465782,5.87366205591058E-4,494.65879050472876,0.0,0.0,0.0,0.0
2012-08-27,19.648853091247307,0.0,452.8612864530083,0.0,0.0,0.0,0.0
2012-08-28,20.972468326882623,0.009795479287657187,453.09476185897836,0.0,0.0,0.0,0.0
2012-08-29,21.274142371372452,1.923825798792227E-4,452.4021534732471,0.0,0.0,0.0,0.0
2012-08-30,20.140896276764124,1.3345759355457258,416.73231414613457,0.0,0.0,0.0,0.0
2012-08-31,17.77638954900578,1.246553633770895,400.77506981098566,0.0,0.0,0.0,0.0
2012-09-01,17.442158530138894,4.61769609831324,338.15342518942873,0.0,0.0,0.0,0.0
2012-09-02,16.32319250540872,1.813336963162266,377.63787892974744,0.0,0.0,0.0,0.0
2012-09-03,16.511015523081557,0.1443359994110094,428.1234979382493,0.0,0.0,0.0,0.0
2012-09-04,16.83355837085225,0.0,467.04597657465405,0.0,0.0,0.0,0.0
2012-09-05,15.719636128820401,0.0,477.5853092056126,0.0,0.0,0.0,0.0
2012-09-06,16.137170278881083,0.017915568345685872,462.008310023031,0.0,0.0,0.0,0.0
2012-09-07,14.02069694628057,0.0,413.8543851491023,0.0,0.0,0.0,0.0
2012-09-08,14.042215045918864,0.0,481.6553494670816,0.0,0.0,0.0,0.0
2012-09-09,15.732436980448476,0.0,475.81694185102526,0.0,0.0,0.0,0.0
2012-09-10,17.157347404011098,0.0,434.56851499979047,0.0,0.0,0.0,0.0
2012-09-11,13.949410470650191,3.5815832511703136,287.936343523519,0.0,0.0,0.0,0.0
2012-09-12,12.71305576891059,0.014063166111383895,376.46612516481986,0.0,0.0,0.0,0.0
2012-09-13,11.881695045692098,0.0,461.9876623199629,0.0,0.0,0.0,0.0
2012-09-14,14.179785414456983,0.0,469.44259966778316,0.0,0.0,0.0,0.0
2012-09-15,15.175374354473526,0.0,452.6315451969744,0.0,0.0,0.0,0.0
2012-09-16,14.830158092041723,0.0,442.0231373191074,0.0,0.0,0.0,0.0
2012-09-17,12.612346067390996,0.0,379.73528236391707,0.0,0.0,0.0,0.0
2012-09-18,12.424303155241912,0.0,440.98689759352334,0.0,0.0,0.0,0.0
2012-09-19,13.669478975173433,0.0,427.91636851001596,0.0,0.0,0.0,0.0
2012-09-20,13.955160310823494,0.0,428.2805029110646,0.0,0.0,0.0,0.0
2012-09-21,14.043363745177004,0.0,428.00164947548706,0.0,0.0,0.0,0.0
2012-09-22,14.861556024362788,0.0,432.8446749868778,0.0,0.0,0.0,0.0
2012-09-23,15.064783957590704,0.7667794461555342,389.42862641069866,0.0,0.0,0.0,0.0
2012-09-24,14.013863820298445,0.8012013722172495,343.1354204198812,0.0,0.0,0.0,0.0
2012-09-25,10.78279079662002,6.049770773241793,223.74736761121204,0.0,0.0,0.0,0.0
2012-09-26,10.204738054891676,5.994868841878679,186.26373584034394,0.0,0.0,0.0,0.0
2012-09-27,10.387785709470416,1.6177604704550828,276.15411787052335,0.0,0.0,0.0,0.0
2012-09-28,11.483282842072754,0.0,385.8649960272598,0.0,0.0,0.0,0.0
2012-09-29,12.09702274555091,0.026787669924474986,371.23400918792277,0.0,0.0,0.0,0.0
2012-09-30,11.624305712052447,0.0,372.4444197680189,0.0,0.0,0.0,0.0
2012-10-01,11.712618714445641,0.0,373.1960247939771,0.0,0.0,0.0,0.0
2012-10-02,13.038448917008084,0.0,392.8847003440957,0.0,0.0,0.0,0.0
2012-10-03,10.291087036057704,0.0,409.14360081944267,0.0,0.0,0.0,0.0
2012-10-04,5.0872240707898095,0.0,391.93787536313687,0.0,0.0,0.0,0.0
2012-10-05,3.713311157172815,0.0,323.4216495141762,0.0,0.0,0.0,0.0
2012-10-06,0.3898951117672661,0.0,320.60857994363175,0.0,0.0,0.0,0.0
2012-10-07,1.2640371844886922,0.0,387.02378786816377,0.0,0.0,0.0,0.0
2012-10-08,6.19286105924258,0.0,395.0583313479338,0.0,0.0,0.0,0.0
2012-10-09,8.50782979297499,0.0,372.02312741509024,0.0,0.0,0.0,0.0
2012-10-10,9.228886829862956,0.0027254197804906797,388.80088984763955,0.0,0.0,0.0,0.0
2012-10-11,11.554000222121811,6.087923445986807E-4,333.4656001540821,0.0,0.0,0.0,0.0
2012-10-12,8.229167509441899,3.6585897636409435,244.10329975284523,0.0,0.0,0.0,0.0
2012-10-13,5.509011139478154,3.8557125240128194,139.68755298330692,0.0,0.0,0.0,0.0
2012-10-14,7.787983495672583,5.771477014146852E-4,280.3429763739719,0.0,0.0,0.0,0.0
2012-10-15,8.788069956231817,0.0,333.5001009255333,0.0,0.0,0.0,0.0
2012-10-16,8.67083380232274,2.332871639652707,301.24734137155707,0.02704724819084469,0.0,0.0,0.0802669856159546
2012-10-17,3.301740576343012,0.007619953044006393,259.6426763609273,0.02704724819084469,0.0,0.0,0.0802669856159546
2012-10-18,4.0258733117875165,0.09131283704259743,333.1508144474106,0.026320304056225083,0.0,0.0,0.07810966395478594
2012-10-19,7.222513562856328,0.166456677153542,343.2964144060561,0.016746752031566427,0.0,0.0,0.04969863458740721
2012-10-20,10.410626393992372,0.0,342.4501842550968,0.003870863098000423,0.0,0.0,0.011487398289697366
2012-10-21,10.604501803812333,0.07044087900609569,314.73834380759666,2.2633243286416535E-7,0.0,0.0,6.716772813613396E-7
2012-10-22,10.428178025942117,0.0,261.1925690711625,0.0,0.0,0.0,0.0
2012-10-23,7.875802826309772,0.08146034914469034,220.27048015274346,0.0,0.0,0.0,0.0
2012-10-24,-0.4905171668854411,5.364689101155228,134.197874887063,1.0331455221529977,0.0,0.041862217730163145,3.0242833359681724
2012-10-25,-3.4216345977307303,3.1470721141398807,192.08989850235693,3.987517692606767,1.3107795181224624,2.2888995980963935,8.279173848952265
2012-10-26,-3.6265854734829595,0.7780525019526455,247.94922872092965,4.7655740040355745,1.3478425069893227,2.554134228866145,10.28774969476508
2012-10-27,0.7359095494550172,0.44327904174840654,269.3261158623669,4.59566304392166,0.8844562869520006,1.9913448255485329,10.794409160948529
2012-10-28,5.2504306757277295,0.5866629610575412,241.16267379822116,3.229061925945959,0.06095630534746543,0.5273432011593336,8.997792546335267
2012-10-29,7.405997279864731,0.0,296.6737975384115,2.3733331231117263,0.0022091064428658405,0.1313240550037044,6.9101585244622035
2012-10-30,7.428998148253826,0.0,310.790380849571,1.8826073244302817,0.0,0.027155849918485218,5.559858754676515
2012-10-31,8.101498046678229,0.0,319.6799821851546,1.4681745737155705,0.0,0.0024017649678863755,4.354645473635876
2012-11-01,7.868161845502691,0.0,296.4652030893971,1.098348158056657,0.0,0.0,3.259521825731827
2012-11-02,5.477702215714097,0.0,277.322087912817,0.9256270479324056,0.0,0.0,2.7469446214228204
2012-11-03,4.353357634982571,0.0,299.82350909774243,0.8287146459746978,0.0,0.0,2.459341745187151
2012-11-04,4.863046994508631,0.0,278.75105753568204,0.6916904985743347,0.0,0.0,2.0527009220313848
2012-11-05,5.616126053571948,0.0,282.0497826716823,0.5659453391434947,0.0,0.0,1.679532279066529
2012-11-06,7.0730962112099105,0.0,293.4499500331468,0.45545112904462254,0.0,0.0,1.3516232396672996
2012-11-07,7.573160894730297,0.0,300.2332643086291,0.35861809872499717,0.0,0.0,1.0642559113175858
2012-11-08,7.907877795904298,2.5254771000472385,273.98842973565445,0.26318336361371475,0.0,0.0,0.7810382450918331
2012-11-09,6.491210714906404,6.306096439631987,182.82397270309022,0.16892554958479647,0.0,0.0,0.5013132782683514
2012-11-10,-3.098664405290394,8.543575969812762,171.21938828382696,6.725669792567295,2.478462634564791,5.77827846107753,11.792590088279239
2012-11-11,-9.055428043566398,2.409966305423201,162.3911638981286,9.135635380395321,2.8746557455152333,7.04298189755238,17.29901006229236
2012-11-12,-7.726463824249702,0.5516353839224877,283.003788454132,9.687269616010418,2.8746557455152333,7.209462383132641,18.77007998959703
2012-11-13,-2.9533930095615175,0.05898423065478719,246.47276904998645,9.746248586103317,2.8746524776873206,7.209430571706364,18.94514429867676
2012-11-14,-0.4988979789663879,0.5470141530353948,255.31783000158367,10.06334176258643,2.857970841132318,7.267602132710827,19.84435868087993
2012-11-15,1.697525562296336,0.0010432521307597782,260.0962741130854,9.628488673685881,2.5773716718287076,6.766655595707763,19.325687294886396
2012-11-16,2.5548244408897105,2.8727231051590434,225.35458997045444,9.385359555188513,2.2489846935363635,6.332424520937994,19.35584995541823
2012-11-17,3.856378386305226,1.1672227633707235,199.35239999750698,8.027777749418679,1.5806688435070848,4.988934988898357,17.315220541629017
2012-11-18,4.577469528592825,0.5288233042753652,185.84780888688493,6.483890801268024,0.8223505822180648,3.3766589949397865,15.077054480053521
2012-11-19,3.694677699903948,0.0,240.39565627406725,5.563828301263112,0.4173381278457945,2.481038157243659,13.632718095538209
2012-11-20,3.9467745430633996,0.0,268.9053846290504,4.903480213004115,0.15233559358807872,1.8375084827366623,12.571881336584488
2012-11-21,4.99197491594973,0.0,254.59708042969413,4.113779660306493,0.020880304190898733,1.201974718288007,10.989578226062957
2012-11-22,1.1362875093524398,0.0,229.45077552259926,3.975387856021582,0.01240825018405872,1.0448421850467615,10.74377295272258
2012-11-23,0.612219304749374,0.0,279.4953714755767,3.9736777890122434,0.012398446466582403,1.0430464281562393,10.740498060503768
2012-11-24,3.3381153780063118,0.0,261.0496799240957,3.5831095450026456,0.005295646473340109,0.8167538354030827,9.81394742541478
2012-11-25,1.9543035568566656,0.0,243.19593997749203,3.401056361990512,0.0030554948593934845,0.7128251384887883,9.379473775762248
2012-11-26,-1.1774268150872806,0.0,233.77956682147592,3.4007064039139907,0.0030554948593934845,0.7124147706625893,9.378844383291574
2012-11-27,0.7335652766990495,0.07479497420749089,260.5560276955604,3.330526370109761,0.00295418967654403,0.6742139831761889,9.208761036123843
2012-11-28,2.3632468971650145,0.0,251.2066774782524,3.119401106835223,0.002197668756650721,0.5867801755771553,8.670124910818153
2012-11-29,3.646347886524252,0.0,218.42819310873713,2.6581485389709814,0.0012123942153245578,0.4130620340938434,7.475449588341858
2012-11-30,4.010134257889352,0.10864040626550578,208.1325302287844,2.2647230450687243,8.610940030899432E-4,0.26021775260259156,6.460633903176302
2012-12-01,4.888293741059525,0.0,188.10118862669117,1.8322334622138075,4.199262881340391E-4,0.1027004372489243,5.334635901320867
2012-12-02,4.10179591160927,2.1910745481348597,188.6298679288249,1.5884407523799973,1.7319916457431833E-4,0.049983096298072204,4.663944582024014
2012-12-03,-1.2002763834385966,1.0175894467202355,191.29910466252747,2.2546207254356743,0.5217592444699523,0.7088377789784395,5.477770196974575
2012-12-04,-1.7343318042552012,0.39678593306725396,234.57577936019408,2.651406055710752,0.5217592444699523,0.7230225074440965,6.64115030445553
2012-12-05,2.5048703622539716,0.39976042070089096,194.10829854109184,2.350134382153927,0.4695478631595336,0.6069196478317196,5.913517091396125
2012-12-06,1.7831690934807016,0.24167128900657966,166.96107607748624,2.0350544436120326,0.30373579641179543,0.3895885476919559,5.356096845837423
2012-12-07,-1.0283983715355542,0.48900704649456556,141.9083124268592,2.1881313028773963,0.1402030972825175,0.22848896813438532,6.129727093647677
2012-12-08,-5.616632415746777,1.903654340915508,186.83202182282497,4.075085640264498,0.3593245618988914,1.3870715612530489,10.36170237492127
2012-12-09,-11.941229744470608,0.823883896051395,203.06685341550227,4.898966230768873,0.4590513386917044,1.8891629160729622,12.209286398715879
2012-12-10,-9.714366029457793,5.112039253957478,170.12722943911905,10.01105421608248,2.6122779761336385,6.281474809094929,20.91088806867567
2012-12-11,-5.465123874786756,1.7631788370272445,192.35270796426994,11.774183089568934,2.910463228365275,7.254576135881154,24.883589855744106
2012-12-12,-1.9241458907921913,0.0,229.36475222770534,11.668396439550131,2.7067066906767763,7.152145416002687,24.869546009285553
2012-12-13,-0.555006322688315,0.0,216.03954429163932,11.38207022066545,2.399664360079406,6.821439314664486,24.64757633671598
2012-12-14,-1.833435984304601,1.6456393932339932,176.70995017315488,12.39292035698491,2.6510274024014238,7.4452693094131535,26.78146360240986
2012-12-15,-3.5060298120283035,4.097482592014556,120.72992009767302,14.58122415680467,3.196095010939835,8.528400990490008,31.666609499302993
2012-12-16,-4.820240689457896,4.702322434195764,109.02336084499618,19.23629780223229,6.078617749771913,12.666972174993726,38.557095199008614
2012-12-17,-2.902482748735466,6.656419957927871,138.50706692049545,23.843083643827235,7.26587005599709,15.944613410143496,47.80810001816917
2012-12-18,-6.445794690920748,9.138098003202597,100.11363207156955,32.90933828234186,14.883990360501896,23.231870009290596,60.05368060024525
2012-12-19,-12.266141669229144,2.1814311482934765,203.73122385290725,35.090754085770556,15.800209086573462,24.927883557517788,63.9470654654485
2012-12-20,-13.702555982971834,0.7270320590064758,280.1654823846352,35.81776915739543,15.829750984355423,25.141225503270928,65.8632086672746
2012-12-21,-9.070009294845919,0.23353043585195032,278.3014558692212,36.05130720949833,15.830272215763102,25.187565249568156,66.50956011372534
2012-12-22,-7.136317287549468,0.0,269.806173372748,36.05130720949833,15.830272215763102,25.187565249568156,66.50956011372534
2012-12-23,-6.339397639119657,2.26922215949052,205.2549948645144,38.32046420656008,18.128760514787018,27.12637636214469,69.07962472189249
2012-12-24,-5.192984227224271,7.721885060734368,155.66295929932963,46.03498328917825,25.60838961223043,34.57826876123894,77.28398228538316
2012-12-25,-10.17840149628251,1.159944579358796,210.6870852067232,47.19489947291682,27.02841347354796,35.734078092410115,78.19553458461364
2012-12-26,-9.59292223145669,4.389384266017993,198.69716379250744,51.58431224262636,30.41950610209108,39.20968663338325,84.4650322123674
2012-12-27,-9.841187304786668,3.0959669483504637,180.58204577175937,54.68025086883497,32.009466922387126,41.78504663059705,89.5417131196723
2012-12-28,-11.9833204545715,1.2224081833622567,216.12988273483003,55.90266634260002,32.22238263070377,42.51987693562592,92.2300961480832
2012-12-29,-13.068279991136285,0.27387984527332904,284.1431966305876,56.17656039991173,32.22238263070377,42.52882549871162,93.03399776992275
2012-12-30,-11.550767828070446,0.7845015801136782,270.0304318234205,56.96105552802303,32.533228655396236,43.12626910038872,94.46471594644832
2013-01-01,-14.618439128181508,0.38258393461193885,229.61851077122824,53.89736711428275,30.016151756950833,36.703154635633005,94.2200568542566
2013-01-02,-14.014924590637582,0.17063348778674992,251.4710518665381,54.06799481341456,30.047589043715025,36.8155381546364,94.58385503133576
2013-01-03,-16.149534976950655,0.1935227364719074,268.73866887294497,54.26152536692479,30.047589043715025,36.84529618781911,95.12851685158226
2013-01-04,-13.216226339560409,0.0,280.4427988789861,54.26152536692479,30.047589043715025,36.84529618781911,95.12851685158226
2013-01-05,-12.390786424545325,0.0,286.9181616961706,54.26152536692479,30.047589043715025,36.84529618781911,95.12851685158226
2013-01-06,-9.475964134549525,0.22614597365468292,278.7844327872641,54.48767083996308,30.047589043715025,36.89812070280566,95.7469698174904
2013-01-07,-8.51349710699832,0.0,282.1574832852076,54.48767083996308,30.047589043715025,36.89812070280566,95.7469698174904
2013-01-08,-6.15274380557127,0.04322922742771737,236.97580479536018,54.53059980477396,30.047589043715025,36.89928341115664,95.87320901236522
2013-01-09,-4.727628593942092,0.0,280.94193714409624,54.53059980477396,30.047589043715025,36.89928341115664,95.87320901236522
2013-01-10,-2.9270264447597723,1.701247855263921,228.50131518971511,55.95729913015312,32.4792820401487,38.1392896304674,96.51061373139079
2013-01-11,-9.358682582062098,3.4620169921965034,212.27916905719474,59.419307100035816,35.739276764464634,41.253398631985235,100.51557227262116
2013-01-12,-17.436213211648123,0.8204134990912669,250.117002764886,60.23973470036311,36.76270907380325,42.12055079413534,101.09237749698622
2013-01-13,-20.114994166493982,0.3819468441890325,258.2753741928163,60.621659793084,36.97070166839806,42.43456803584302,101.71082880135188
2013-01-14,-23.142759697562436,0.10287711270076874,296.5370325511981,60.72454134624847,36.97070166839806,42.43511519207162,102.01560052720971
2013-01-15,-18.89785798733507,0.6170505464883016,304.920497182967,61.341590401656205,36.97741885657459,42.66244781755003,103.6136060721618
2013-01-16,-11.444839441758734,0.012908772043193949,296.52738795573043,61.35450114766101,36.97741885657459,42.66244781755003,103.65192075232979
2013-01-17,-9.587328893843354,0.0,302.4703029560775,61.35450114766101,36.97741885657459,42.66244781755003,103.65192075232979
2013-01-18,-8.495136232809145,0.0,309.8165682218594,61.35450114766101,36.97741885657459,42.66244781755003,103.65192075232979
2013-01-19,-7.2916588265906945,0.0,306.7198089582988,61.35450114766101,36.97741885657459,42.66244781755003,103.65192075232979
2013-01-20,-7.218382791610686,0.0,286.9883401076421,61.35450114766101,36.97741885657459,42.66244781755003,103.65192075232979
2013-01-21,-7.19933280767766,0.0,312.6037703666504,61.35450114766101,36.97741885657459,42.66244781755003,103.65192075232979
2013-01-22,-5.344994092230941,0.0,315.6698240497487,61.35399618565742,36.97741885657459,42.66244781755003,103.65042219774145
2013-01-23,-4.038076119686251,0.10884751523965583,314.2044992383654,61.32836878370036,36.97741885657459,42.65304814820056,103.58374091299267
2013-01-24,-1.7964651771209152,1.1719711397550263,245.1229785921069,61.61156105395388,37.02684924076078,43.06996846144205,103.96048525683787
2013-01-25,0.20185606553152022,0.5944190544095421,147.77181692583102,60.17885976966588,35.812941969058784,41.57490539560486,102.37760280008499
2013-01-26,1.6801570670878665,4.107355787094695,123.956700052279,58.131869200569476,33.64291792106136,39.478155036464095,100.49964141323427
2013-01-27,1.4483477781869452,5.619410855239039,123.09733368502822,56.19868143757755,31.470522275366193,37.37416022287901,98.96893289664152
2013-01-28,-5.957375266247321,5.97739708852502,203.14473634138622,62.06581565081814,36.68804225015756,42.2223041141108,106.48257785631371
2013-01-29,-11.916432867967693,2.47750569803724,245.37553324463977,64.54331807210868,38.482998040017314,44.19610867322629,110.12477482290296
2013-01-30,-9.626056404979272,5.724913783732815,294.2900620112965,70.26825058353722,38.94339248633788,47.603292265913275,123.2703776437809
2013-01-31,-2.831033283396786,1.8542661224657244,197.14173913937927,71.65330267316682,38.63013678588219,48.009977994258136,127.27929033654888
2013-02-01,-2.7029622665112267,1.623119880068751,177.87546984926058,72.31088033055443,38.1921786106302,47.6484290240673,130.0163230116803
2013-02-02,-4.294756297533797,0.0,330.1194372353886,72.31088033055443,38.1921786106302,47.6484290240673,130.0163230116803
2013-02-03,-4.172308819498197,0.0,323.00344142722156,72.31088033055443,38.1921786106302,47.6484290240673,130.0163230116803
2013-02-04,-5.002970508077657,0.0,346.2689521916808,72.31088033055443,38.1921786106302,47.6484290240673,130.0163230116803
2013-02-05,-2.477415726998553,0.18380174568331864,346.5476969434688,72.45166967863832,38.16356643815227,47.57402429724445,130.53609479636697
2013-02-06,-2.499169718441449,0.5599155042786019,313.5715268349026,72.95155293105474,38.18564933401184,47.84466591124202,131.72829656437642
2013-02-07,-5.233573730519588,0.01200190622208828,382.0902418849646,72.96355483809702,38.18564933401184,47.84466591124202,131.76391412122112
2013-02-08,-2.4848899718742197,3.5818489003192284,290.7118986383204,76.40224358931818,42.33227259045366,51.612778048347096,134.18703004093516
2013-02-09,-5.365771406873318,4.153745057817448,202.88697434796805,80.55601578136991,45.209308908217466,55.431687441177864,139.91387312571823
2013-02-10,-8.658770032923794,1.434061662306917,307.7012130694411,81.99003570719813,45.961555402475106,56.600269607933825,142.27427629063456
2013-02-11,-11.80986979688988,0.3786526727361181,378.8288063006423,82.36869673906911,46.13480524978101,57.046932704356514,142.78450548655525
2013-02-12,-12.07145335186485,0.7987421093045154,373.0658776118671,83.16743343665419,46.14231000022287,57.44338773756799,144.75230737732477
2013-02-13,-6.690495439212522,1.4914388346757979,290.3719593056334,84.65894066497364,46.5134349648616,58.41409840794832,147.85051785242763
2013-02-14,-4.551045952200501,3.020665488555794,257.18108764080836,87.67648148576522,47.067504021502096,60.22425291288272,154.46292986653248
2013-02-15,-5.16969634642193,0.5779406740846458,322.8971007141088,88.25303413139154,47.0716199513435,60.38859516074035,156.00608618527167
2013-02-16,-4.381973241578304,0.043139612324383236,419.48591168772003,88.29616664289155,47.0716199513435,60.38859516074035,156.13408873309916
2013-02-17,-3.9378880127787226,0.9520630073202193,367.23803925826877,89.24823230007752,47.19118129756642,61.16153196060797,158.07278036420809
2013-02-18,-7.374617317394708,0.17326060607974036,372.76666648971957,89.4214900744357,47.207130317907826,61.236605443713046,158.49661704422326
2013-02-19,-4.665509799339238,0.3048829229342654,435.7329478864577,89.72640431870408,47.20968255648689,61.32055113398618,159.31532176945132
2013-02-20,-3.5228729901066367,0.4297214830185518,399.82160499432655,90.15612678339255,47.214852385840125,61.4959229553047,160.41071619931412
2013-02-21,-6.9362419607724055,0.7015537135557375,304.3767118413185,90.85767009632941,47.695573238183435,61.86280338994085,161.66026893149208
2013-02-22,-7.896862657142481,1.3375967499429293,329.10736269017735,92.19518521112731,48.66616016022065,63.225548591056594,163.32876593210588
2013-02-23,-7.221526372961033,4.459112077651001,276.4387207615443,96.65427211028522,52.183712426633974,66.95343807268648,169.43075118747473
2013-02-24,-8.711143578119279,2.62430786044717,281.12339933223484,99.27862197454276,54.24127287092554,69.60599209974691,172.57710149222933
2013-02-25,-10.364202989518331,0.8107469456234164,441.86622827265785,100.08933903610254,54.279571131229375,70.19573457710301,174.35784886989413
2013-02-26,-9.445100128349058,1.5669232316922128,345.82638177528884,101.65625060481882,54.69527366382282,71.35975692557712,177.44382263753806
2013-02-27,-10.437342106775475,0.23532319673078084,449.4236416454741,101.89157311337655,54.69803667769179,71.49980528090842,177.99986029466496
2013-02-28,-9.34348041293811,1.1811638690704418,436.31574400586834,103.07275442563954,54.705521821477824,71.87895012730729,181.11990546418005
2013-03-01,-2.5277533550199127,1.1988657050703215,385.4195852826881,104.2501455492309,55.01976393081371,72.51813746431989,183.67168719118905
2013-03-02,-0.0010663496941563466,0.03672518754264287,415.794483168223,103.9567610264083,54.749033952517834,72.09287677784012,183.48780345266866
2013-03-03,0.6756377406584215,2.4936655618630588,294.7737031059278,102.90737642903215,53.69691012115825,70.9649950884564,182.5193442508446
2013-03-04,-5.144192610020149,1.4308220884180367,371.2694255553384,104.33313031406321,54.034296695784604,71.95668061255182,185.4342542318027
2013-03-05,-5.5073770883792665,0.45988937157293436,511.17123414915676,104.79299926733232,54.034296695784604,72.08429703670673,186.67174617513967
2013-03-06,0.41254874786201057,0.19804149710284255,495.96643284103186,104.72073410049369,53.910170090499534,71.92935856515682,186.73224802643568
2013-03-07,2.672811079154765,0.006765872924395322,456.78587138467606,103.79481353113202,53.06136837751662,70.98897453820864,185.7458974464079
2013-03-08,2.7352507893070843,2.7174930682427765,393.7768797757867,102.68308509298761,51.93230661477363,69.79673033182746,184.73127207731642
2013-03-09,-2.2946346779196745,2.546612190268194,304.21569304205514,103.54922575483754,51.248034240842735,70.02538688504546,187.7378459209363
2013-03-10,-3.2555599535809203,0.010669638042654006,479.01665147256574,103.55986985481331,51.248034240842735,70.02533583701381,187.7694848688327
2013-03-11,-0.7897533399027685,1.783360579562503,368.637870475229,104.59117256982752,50.56587073408879,69.79200029190073,191.72479258611824
2013-03-12,1.6778671919266475,0.7979047130455792,398.75769697283135,103.59129321208194,49.16443735335164,68.77694359112974,191.1297915410228
2013-03-13,3.330070543201505,0.0,484.84717672423125,102.44908379689548,47.86341305849352,67.47584142548276,190.30015315505358
2013-03-14,5.374517026556487,0.0,518.3103502709188,100.82689614189296,46.07394345774134,65.70369081640774,188.98985101538872
2013-03-15,6.968748429596919,0.0,488.6707348640681,98.18303561886968,43.23857301298845,62.937285216427995,186.65405410135926
2013-03-16,4.505421963697205,0.0,432.214497045946,96.03149673090512,40.57797290966086,60.61970924707407,185.16215623815557
2013-03-17,-0.3272966132322263,0.35032620398833014,439.3171983788627,95.81145473856014,39.50752150542362,60.14053201858457,186.02589035644883
2013-03-18,-2.5693648078734697,0.2995206530787425,466.2123741691367,96.09596603673945,39.46708366385034,60.14521221439356,186.90480484442153
2013-03-19,-1.0623824068468464,0.006765872924395322,505.3014961790749,95.98264634710623,39.19101103163603,60.070065273288066,186.91139130019076
2013-03-20,0.1818147219627629,1.7525888891150962,476.16249073144905,97.50089175125423,39.02441709881496,60.78087280574413,190.86999808254492
2013-03-21,-2.2971046576870497,5.348864995420083,343.7165816378841,101.74995018732976,39.27284900948064,64.22626952081694,199.80333960040124
2013-03-22,-5.926409214912502,2.4402095774525225,360.36433023628433,104.19015891078551,41.42178201365629,66.07582415998615,203.11517908939337
2013-03-23,-8.389162828701709,1.3899130368348624,361.6994689965778,105.5800496700736,41.67959360137365,67.21209543553483,205.85673308427565
2013-03-24,-9.033043603826018,0.5095743758293455,452.1944022383163,106.0896146973968,41.72173983399319,67.4226252193883,207.11812912703624
2013-03-25,-7.672981439424745,0.47374965808183167,575.8909253412593,106.56335406908984,41.72173983399319,67.45883619496855,208.48792091687275
2013-03-26,-0.6832680873301324,1.0206950466993847,550.5599510304247,107.58406704774863,41.77131728804378,67.82016981931976,211.10865538187468
2013-03-27,3.5668022646102417,0.18571568816364953,550.4946269294711,106.72205437964193,40.77610844882852,66.92388814307003,210.41009041497907
2013-03-28,5.9302977214813355,0.039303225106533626,575.6963849165843,105.1885622907239,38.92621444519855,65.38429889222812,209.18977506871602
2013-03-29,6.20142131913895,0.00139710822573191,531.0332315941253,103.01717100737085,36.53777364710677,63.2255288180182,207.21646635143338
2013-03-30,5.379155665664819,0.18057339151972884,542.4759622558657,101.36089664135214,34.4933262114309,61.36178766987451,206.1438079359516
2013-03-31,5.363498337689127,0.0025483355973562674,601.4506878119585,100.43157685275696,33.39892834085676,60.3732584045396,205.43374747911716
2013-04-01,5.166380659800106,4.363311726028938,424.95130254748784,98.96315650556738,31.899927367442682,58.92040994314704,203.97948228830285
2013-04-02,3.8227648247864057,2.9419744729918462,372.7741282576472,97.3442003499586,29.978357218206447,57.09739361216439,202.85770243642125
2013-04-03,4.954522723005507,0.7413598699343341,542.9638783143803,96.41421173234217,28.58653561977861,55.962233435329,202.58053507473565
2013-04-04,6.904114265432488,0.0032277521140712077,575.4235141759187,94.74378821101487,26.807808600495854,54.30657984246015,201.00050358662696
2013-04-05,6.918670759022725,1.8020135168622808,449.81768114837007,92.63682911084456,24.523287692471545,52.21733128338892,199.0482261662127
2013-04-06,4.592707203561193,3.7053287991573396,411.00615274707286,91.32720779793543,23.002022181239383,50.862827329312374,197.98877614199898
2013-04-07,4.619778195160934,2.139039809955974,420.0154949985476,89.84604426952212,21.470222250086472,49.40493328336606,196.53355876038506
2013-04-08,3.7095203500109837,5.139999291435755,424.3440412245733,90.4356639068964,20.551421087776667,49.94179112952016,198.6398479690169
2013-04-09,-7.579723798940627,3.179404903176262,312.4058720053669,93.61506324970959,23.063102639058506,53.00791134594921,202.58027617655114
2013-04-10,-6.407391612384714,1.8788351202196942,527.1724090152716,95.49392797616093,23.60060508026893,54.013140227955006,206.6321295596477
2013-04-11,0.980654991187695,3.9714811273607937,404.91419387371366,96.96108830343535,23.73346955382979,54.463842227959184,210.407823234097
2013-04-12,4.280999801840387,0.2540819370132834,490.8685446555851,95.46764639796709,22.075156542972156,52.71325635651082,209.3307933502583
2013-04-13,3.2332649269899854,9.001345552965947,387.6068725266162,95.6641886604334,21.027834522505657,51.58636063497648,212.0541754282222
2013-04-14,-1.6578647142680916,4.7299656274675055,371.329992433773,98.787810700992,21.27267309279905,54.05300564469452,218.62697337292903
2013-04-15,-1.2226021492254677,6.068807947786237,285.31573879991333,101.04511936428472,20.713622553601912,53.99138474118026,225.92994432827564
2013-04-16,-3.2553551175433686,11.426102983155282,276.25216382642077,109.69925906653225,25.638639244516785,61.26875812964632,239.57627032239074
2013-04-17,-7.222478070210478,3.8056942313196216,321.09699222445545,113.50494613793556,27.734064959375527,64.42862351983716,245.6858513354257
2013-04-18,-7.68526984994619,0.3803097188301192,606.9890234136543,113.885263389466,27.742996151372452,64.45621836875192,246.77832049950098
2013-04-19,-2.17317615835676,4.498440768458174,480.1415173514809,118.29416467449006,30.490747128206195,67.95445949092627,253.70751010639657
2013-04-20,2.435346363414809,8.293250305497692,331.32015596180645,116.71652975518501,28.661540172873046,66.23921977137114,252.51125018732492
2013-04-21,3.908199484034488,1.492808116457327,486.4129003797222,115.10429939028731,26.884044698825,64.43586636982914,251.24998709396476
2013-04-22,0.7640432685163947,2.875920168719826,461.11369678389735,115.74643539179542,25.914299474239993,63.93868756249336,254.59257476987014
2013-04-23,-2.921621470508586,0.2145606259305137,566.3637211221765,115.96099674254239,25.92517834465357,64.04322000480566,255.11453489409166
2013-04-24,1.2192579931722096,0.07147222340185888,620.9510022662254,115.83567891849229,25.500114024302384,63.8759355421244,255.32199238556285
2013-04-25,4.69916766798684,0.0,668.4981289060418,115.21440955306457,24.674712426696903,63.16389062813109,254.98936146557133
2013-04-26,6.459315030933964,0.008132761617510358,659.6922519258009,113.95888860438951,23.257545671446906,61.91897637522423,253.88015723421813
2013-04-27,8.72668881722157,0.0,653.720349725525,111.86000431563434,21.030982090689214,59.82843599825987,251.8968781454575
2013-04-28,10.418639187185644,0.0,639.7721029556201,109.20913876167178,18.33825774764975,57.24911792924589,249.2153029346886
2013-04-29,10.400635872996135,0.0,605.8521794603502,106.59387836065933,16.027215175605654,54.7789744719885,246.1600798003221
2013-04-30,6.961028141169562,3.1601454968724645,455.3120423896242,104.79781848152274,14.231490255459093,52.63202728031169,244.71355232092773
2013-05-01,0.1493849076776385,0.7032045320078089,515.294284078114,105.24223968541604,13.907942049564843,52.39000394891668,246.58778915634522
2013-05-02,0.22762390375692626,0.17374144072142697,639.219973535325,105.41569658220803,13.907892953897653,52.40069576541424,247.09193713829106
2013-05-03,5.411211566785888,0.08171981601654672,661.9366117734605,105.06091792308179,13.642284780895961,51.95728390043311,246.73898331204626
2013-05-04,8.420726050326328,0.0,603.483367228551,103.42280537944777,12.705491275634166,50.34721983276779,244.3922092803032
2013-05-05,9.722598568313,0.0,581.8629273197445,101.16078154162848,11.13806959459392,48.018922320343265,241.522088641034
2013-05-06,8.949704510672108,2.4862275904962314,489.1937204874226,99.05392326243745,9.878426318169263,45.935537197996034,238.56952516713915
2013-05-07,8.675587343073854,1.7772676633882274,443.95570164339586,96.86735775162592,8.519309529916395,43.64393183938136,235.68457531169693
2013-05-08,7.132241028452304,2.7193896473869423,436.82986410951366,95.09126264112767,7.491125697921621,41.839112627785646,233.2112025699192
2013-05-09,8.813361774723639,0.19534886636083712,563.9824113525294,93.29335567488033,6.552587155967225,40.007195658742404,230.61310883824558
2013-05-10,9.358580620561577,0.039547691388100506,592.3909538283291,91.62773400981112,5.717825968573662,38.336092105264086,228.14652563194716
2013-05-11,10.40970561395325,0.014713398115326076,619.8371053600266,89.87542774653966,4.9237649408675015,36.65757010663038,225.39058555833398
2013-05-12,13.13723842731128,0.0,615.5279798468839,87.60180936143422,3.996822563134284,34.53347974129435,221.6608037272481
2013-05-13,15.787904575618592,0.0,600.0940046879667,84.77600519202807,3.108137604715078,31.957707118389152,216.70554752425423
2013-05-14,16.403503971960134,0.0,583.9483893674303,81.90609803395192,2.423045003859069,29.343964608564992,211.45966186814317
2013-05-15,14.673939289049057,1.1843086756830095,506.91417124293133,79.37143811094127,1.9106859062015535,26.88659170121818,206.8851107856273
2013-05-16,13.664575172068082,0.22711313590485474,564.7816324664873,77.24309411636838,1.587744608051136,24.923402606203283,202.83978542706905
2013-05-17,13.62629619667676,0.24014845966051945,532.0645113945394,75.07891453345106,1.3134330631282392,22.979269485308137,198.62191254958643
2013-05-18,9.135698450282886,4.7902292380036515,365.5527892629876,73.57985488096358,1.1457827969338226,21.6225027421419,195.688721002694
2013-05-19,7.862256602475578,4.070666314567093,335.2363441469041,72.14074454739608,0.9890685890395826,20.34408029169406,192.84470971386975
2013-05-20,6.432226695623638,5.704471396469724,316.5976698709224,71.00601425247982,0.8711902093571126,19.324427850912464,190.6082899784293
2013-05-21,9.076016984018663,0.031296775734806596,505.58085739409455,69.81334957854787,0.7645371031104126,18.29815148953581,188.1956501217149
2013-05-22,13.266893693878213,0.0,591.9645615970622,68.27988144523029,0.6667988439993366,17.21518367151225,184.8194945000718
2013-05-23,15.797234396875304,0.0,535.4361193203513,66.13652634542633,0.5410970952385921,15.771609759421638,180.02009180576866
2013-05-24,12.958664895282332,0.0,573.3308124715363,64.53550353902085,0.4455434355775601,14.646061965630931,176.48379166301333
2013-05-25,14.154719276979248,0.0,576.1905884685748,62.85356281125106,0.36843712573695214,13.61964303587769,172.59061199103303
2013-05-26,14.065194514160796,0.0,583.1460222565828,61.20580031453414,0.3022260226847907,12.660972458700897,168.72073729181454
2013-05-27,12.757360425687716,0.0,545.9889171705997,59.76626916368721,0.25104076508060313,11.85339409124035,165.30358928047957
2013-05-28,11.20268943012628,2.702637274562211,491.56420308311186,58.52342291469106,0.2066838025482342,11.132656239156457,162.3769216683398
2013-05-29,7.828734048118259,6.577066875830981,284.35874895295984,57.35964256037663,0.16181868092053117,10.382222377940494,159.71499667152068
2013-05-30,8.49986235805006,0.5537927041870324,420.2605200309901,56.33030616149626,0.12460046640644062,9.682155597683124,157.3944140751215
2013-05-31,8.209407675801405,0.0,526.1030100214974,55.502893072486806,0.10567600612158831,9.23249431654504,155.40564444393956
2013-06-01,9.787701594810052,0.0,570.444162986025,54.62766873677632,0.0885341894992954,8.787509294873525,153.2685946217095
2013-06-02,14.130623989489354,0.04612402778274906,617.4647058815614,53.41952849008263,0.06643658891568185,8.204893595481714,150.28560099472045
2013-06-03,14.656715979283375,0.0,569.0620419313019,52.01251552553017,0.04655299727523736,7.5417678821528344,146.79054595954258
2013-06-04,12.40467527545465,0.0,614.2131269814944,50.99745340275447,0.03442578691425339,7.0955597123511955,144.23485781033585
2013-06-05,11.532585441866868,0.0,575.8701613933532,49.88310574283884,0.022762619717351187,6.61743670218419,141.4158949088592
2013-06-06,14.242696590562389,0.0,576.6757794251405,48.578550326789674,0.011377224855263397,6.063623098911513,138.10765926430838
2013-06-07,15.951192542693915,0.0,543.5473063170016,47.045253235076025,0.003952535852737164,5.452916300646935,134.17347851779223
2013-06-08,17.118716555115853,0.0,499.6371034260043,45.404681314626416,0.0012614128879235118,4.818540182336734,129.9399482431596
2013-06-09,17.699063313781547,0.0,600.9680714468906,44.020099567478944,4.8528448255584353E-4,4.318398870327258,126.330409757357
2013-06-10,20.412117957807574,0.0,575.0013452869176,42.2924802131712,0.0,3.7167821942070445,121.80374818988197
2013-06-11,17.834701269692818,0.0,535.9183522802543,40.75336693956433,0.0,3.1846258384688,117.7667807447538
2013-06-12,17.86769741018543,0.0,590.3818159894874,39.444726438866944,0.0,2.756491351024201,114.3100611157028
2013-06-13,19.069795415777893,0.0,525.6375247404436,37.81296427148927,0.0,2.2446163827711376,109.97792156449295
2013-06-14,15.476594813957032,0.0,576.3520335471084,36.71795775744967,0.0,1.9084551697490368,107.06349122380689
2013-06-15,14.83570829011024,0.0,594.8402546460375,35.76895896145757,0.0,1.6572687327718811,104.49763648536057
2013-06-16,16.063692570675762,0.04455116388035417,526.4979952475422,34.62554505715693,0.0,1.377731913795309,101.3830913505124
2013-06-17,17.079633622750826,0.0,543.0319626830144,33.467479516778866,0.0,1.1047800755944648,98.21849951414143
2013-06-18,17.845828605041536,0.0,540.1873212345157,32.30384410849657,0.0,0.8928728270592962,94.97651278153106
2013-06-19,17.37653706989651,0.0,559.5444757472304,31.289927066317812,0.0,0.7384011699192988,92.12157194707157
2013-06-20,14.84550517100434,0.0,586.2949674382749,30.564329929172146,0.0,0.6438241158579785,90.06254719785609
2013-06-21,15.935581668453343,0.0,562.4413654980935,29.633894618863014,0.0,0.5400217480173429,87.40483102033893
2013-06-22,15.392724234774828,0.0,547.8347275151551,28.845840874197435,0.0,0.45736444728153386,85.1485716423447
2013-06-23,14.789786803720734,0.0,584.190382322259,28.21746326277043,0.0,0.40069074538869537,83.34026909642273
2013-06-24,16.732717731001927,0.0,519.2040253210612,27.33426122426399,0.0,0.33070076783979047,80.78901196555431
2013-06-25,17.258498817645016,0.0,488.399561462774,26.459204526731465,0.0,0.2619927964475406,78.26064917828441
2013-06-26,19.44347774954266,0.0,553.4214841241278,25.572035251547103,0.0,0.20894560066882345,75.68072558815489
2013-06-27,21.392223399475093,0.0,543.8918165789862,24.6155835820045,0.0,0.15952809294440692,72.89157650265422
2013-06-28,22.259878290909054,0.0,525.0741579134994,23.61811621276534,0.0,0.120352284300763,69.97049520189282
2013-06-29,21.90902967012623,0.09430251463221324,493.82809435610426,22.682576723845504,0.0,0.08587025450543428,67.22851467450327
2013-06-30,20.11367649740833,0.012985823625837264,505.71856456618605,21.87768786872166,0.0,0.06164901262808034,64.8640298869159
2013-07-01,19.871590041428583,0.0,496.2124048746834,21.12986019468583,0.0,0.04504025082314216,62.66129303797273
2013-07-02,19.832354027440836,0.7540434795811058,482.1281258932444,20.420801806304485,0.0,0.03233793617537222,60.569715191968726
2013-07-03,19.009928481733425,0.9545739079296657,491.6555528321692,19.762533445894036,0.0,0.02306648703711169,58.62544398828631
2013-07-04,19.11480255205466,1.1300121348748247,465.7641315100463,19.141607507840373,0.0,0.015867554785783246,56.78992589304467
2013-07-05,19.231588345690565,2.5451985744930083,409.63845386181464,18.467233349639613,0.0,0.009074218105728098,54.795387348277636
2013-07-06,19.3898376748094,0.8471386226847678,437.61491138673347,17.877949238752617,0.0,0.004222970971877965,53.05143058324207
2013-07-07,19.296990144287687,0.5268955155666383,492.97546039922537,17.31605046516537,0.0,0.0025099238844830288,51.385615146831306
2013-07-08,19.367614487655246,0.060339448375071165,471.287902447964,16.696604896632355,0.0,0.001414019301162991,49.548405166055886
2013-07-09,20.766312252070314,0.0,511.32855059665496,16.06749687604135,0.0,3.292485653512817E-4,47.68250922983637
2013-07-10,21.754285343659117,0.0,525.4635581342917,15.43303226709901,0.0,0.0,45.799963465899374
2013-07-11,21.533335528581823,0.5536323584136472,518.7865943629864,14.813999007172896,0.0,0.0,43.96288438784713
2013-07-12,19.394551025014795,1.4773172962675996,392.2457545504728,14.280099025167592,0.0,0.0,42.378451772980085
2013-07-13,19.037635122684115,2.488795374317522,386.5427251310604,13.78053850792221,0.0,0.0,40.8959269494157
2013-07-14,19.616944648711037,0.019554871087281975,478.72576973118043,13.280148179862401,0.0,0.0,39.41093953105294
2013-07-15,21.282224384209623,0.0,498.26770034909197,12.776996175024916,0.0,0.0,37.91775640018643
2013-07-16,21.663202692033103,0.0,503.94479795174817,12.291182933192733,0.0,0.0,36.476028790078445
2013-07-17,21.738321774387337,1.0422945114404483,482.70090370071273,11.798561423608229,0.0,0.0,35.01409656891763
2013-07-18,21.411056705943356,1.6075362689426662,436.66175413544977,11.33767203650134,0.0,0.0,33.646334438573554
2013-07-19,21.397441356851324,0.027608665812743106,509.04692216004884,10.923950693154785,0.0,0.0,32.418550936122756
2013-07-20,21.027760968023323,0.0,524.5137115553813,10.487646943606313,0.0,0.0,31.123750572622242
2013-07-21,20.988602983014104,0.0,540.2610804396388,10.06389633811605,0.0,0.0,29.866203648970608
2013-07-22,21.313444085859945,0.02923715273721028,538.2523000063875,9.627211487713657,0.0,0.0,28.57027230842784
2013-07-23,21.07607063527565,0.009170655077328147,538.6173821196081,9.217729466767253,0.0,0.0,27.355069665505276
2013-07-24,20.075356240267347,0.5407151352492311,480.2990489074845,8.817897438337056,0.0,0.0,26.16850490119524
2013-07-25,18.53555466400474,1.806358257582546,423.0111031232985,8.510818526054225,0.0,0.0,25.257199674827987
2013-07-26,19.152855175047446,0.04937710817568662,517.5733718783904,8.20410657612974,0.0,0.0,24.34698346728185
2013-07-27,18.78009172583937,1.3165676517719294,449.08686092319596,7.876796086002143,0.0,0.0,23.375637834718905
2013-07-28,17.41540934595076,3.7945643101915976,319.4654473459407,7.572042393880042,0.0,0.0,22.471233066833726
2013-07-29,16.771227858943394,3.783424615886285,339.0989205830472,7.323406934113741,0.0,0.0,21.733368026669183
2013-07-30,17.37043891806286,0.8883498751004298,482.26047673865975,7.090643317644829,0.0,0.0,21.042605191086082
2013-07-31,19.487471662229424,0.1411439178509587,505.37392034686627,6.800617677999906,0.0,0.0,20.181908247671448
2013-08-01,19.25134825057429,0.9821411872736352,468.00744108458645,6.530910312567366,0.0,0.0,19.38150899563151
2013-08-02,19.127246725084234,0.032722127589079456,494.84243981171636,6.2767249037002015,0.0,0.0,18.62717360397298
2013-08-03,20.111746772912507,0.6786003632724749,458.8878785242682,5.999213610688646,0.0,0.0,17.803614962914498
2013-08-04,19.442276941456612,0.29213630087407566,481.244917273496,5.747477236368622,0.0,0.0,17.05654746850679
2013-08-05,19.319484148202307,1.9407111470213778,420.57650548298517,5.519818907572428,0.0,0.0,16.38093538132145
2013-08-06,18.263221945222355,1.0072573436744139,474.3165445283694,5.30443857249629,0.0,0.0,15.741760181850779
2013-08-07,17.973939958068012,0.033037500830280474,479.9847487260669,5.09209043865904,0.0,0.0,15.111583518996822
2013-08-08,17.401148671465215,0.1723383611508082,452.36278927913366,4.909110323088622,0.0,0.0,14.568561093910782
2013-08-09,16.515635976539095,0.5323240819380316,432.34867403614857,4.735515688818678,0.0,0.0,14.053391568581064
2013-08-10,17.06741786532059,0.30494817804312924,488.7537038310201,4.559741157810256,0.0,0.0,13.531752855002805
2013-08-11,16.91560543176677,0.0,494.01157020448767,4.394780256026115,0.0,0.0,13.042205295958164
2013-08-12,16.845778219538754,0.050023381379353984,484.7112112692126,4.229224119316364,0.0,0.0,12.550891283155462
2013-08-13,16.139602911615082,1.8401798949116297,446.79038410361653,4.099870814747046,0.0,0.0,12.16701489898577
2013-08-14,16.529388150461713,0.033977434119078116,532.9097121868326,3.982095478770066,0.0,0.0,11.817497967278891
2013-08-15,18.48373864093294,0.0,525.889586562169,3.8172651898649157,0.0,0.0,11.328338022604676
2013-08-16,19.980764176503595,0.0,524.861749755434,3.6397140672268304,0.0,0.0,10.80142699245737
2013-08-17,20.861225355108992,0.0,505.92382262953686,3.4476025919624664,0.0,0.0,10.231305813663141
2013-08-18,20.32462486848057,0.037655361391754086,489.86332437683564,3.277526544043121,0.0,0.0,9.726578249674526
2013-08-19,21.019769851842803,0.002597164828369507,493.15001631407875,3.1163864893514948,0.0,0.0,9.248369658514962
2013-08-20,20.52463670274972,0.5936698360653915,456.3784061348873,2.9526868016514194,0.0,0.0,8.762564951683236
2013-08-21,19.62477591184304,0.00797579380698485,461.5204090572088,2.8090482994640316,0.0,0.0,8.336294984859958
2013-08-22,18.781888481989654,0.16832416304742456,419.5559132607845,2.652523047687671,0.0,0.0,7.871781551026806
2013-08-23,18.741392945110963,3.1499202984328525,375.5951385854915,2.5224027517458443,0.0,0.0,7.4856289986853914
2013-08-24,17.157289980855662,0.2729104588330767,417.68271655233167,2.3973950381072027,0.0,0.0,7.114648842711053
2013-08-25,16.763311378589854,1.1993547891585334,314.85006772469876,2.2799109638086463,0.0,0.0,6.765996276088102
2013-08-26,17.89828342462354,0.3203672894347562,361.0082607960051,2.1502502687052916,0.0,0.0,6.381207661905218
2013-08-27,18.916129745266566,1.5783370950014952,433.3909543691064,2.0267675739502864,0.0,0.0,6.014753240598346
2013-08-28,19.90032826516001,0.08496111875378473,470.8033993083342,1.901865057083798,0.0,0.0,5.6440852726786925
2013-08-29,20.315662782067307,0.0025483355973562674,485.8199457478512,1.776399020701598,0.0,0.0,5.2717449714945674
2013-08-30,20.674520287291788,0.3367519471598179,458.64485746680634,1.6529360170957537,0.0,0.0,4.905348986786321
2013-08-31,20.304537727097365,1.3003538588021344,424.49700227127477,1.539062055065997,0.0,0.0,4.56740999913847
2013-09-01,19.988828492841183,0.001742422362698096,451.0050174726522,1.4320353549564455,0.0,0.0,4.249791343902246
2013-09-02,20.34227354692372,0.08118622715026114,435.8189274601883,1.322246537037896,0.0,0.0,3.923975667332095
2013-09-03,20.391503576066818,0.0124354921030999,463.16340227550273,1.2181266224809835,0.0,0.0,3.6149833578333777
2013-09-04,21.115322745952568,0.5079191687065968,444.48862469397005,1.116065644023742,0.0,0.0,3.312101266761701
2013-09-05,20.97340216524811,0.5045295193064154,433.7948085448069,1.0248501410480093,0.0,0.0,3.0414048390273813
2013-09-06,21.358613228535507,1.0802787692134455,421.324355291172,0.9434242369688729,0.0,0.0,2.7997605939134376
2013-09-07,19.911183466662155,1.1190854249546829,422.36682537913765,0.868307834168351,0.0,0.0,2.5768407914785025
2013-09-08,17.085550313413833,4.977611919788005,298.8356642103017,0.796780422209687,0.0,0.0,2.3645718868445766
2013-09-09,13.27828280492472,11.967518577700043,149.57564503861136,0.7411568607295559,0.0,0.0,2.199500173162993
2013-09-10,13.979905563015485,5.82041991156726,173.7786005738922,0.6803514291684604,0.0,0.0,2.01905044067825
2013-09-11,15.287263900010483,9.886597856390532,192.99638012801034,0.6258171081756115,0.0,0.0,1.8572112203693043
2013-09-12,16.38114664767531,3.16941137948141,293.8784533559613,0.574504760928377,0.0,0.0,1.704933716596895
2013-09-13,15.1852449245836,4.157981732821679,238.78228765907508,0.5265215989222893,0.0,0.0,1.5625360964258954
2013-09-14,13.77564093870623,2.1066447334588507,257.44809284186147,0.4821058815519657,0.0,0.0,1.4307254322825154
2013-09-15,13.820615908471584,8.117092651837474,258.4178114272386,0.4415184443270964,0.0,0.0,1.310275794784095
2013-09-16,14.958009125126415,0.02296094375983616,410.5855779494167,0.4020046448672174,0.0,0.0,1.1930123471128673
2013-09-17,15.578212997060742,1.1546414536134006,351.0284241757103,0.36350338105340824,0.0,0.0,1.0787537590696976
2013-09-18,14.103803808265976,1.7112152036294443,372.8944319852445,0.33446949317067737,0.0,0.0,0.9925911060480405
2013-09-19,9.218754685699528,0.011477223614507627,425.92541280102205,0.3201306486270263,0.0,0.0,0.950038317660339
2013-09-20,11.251096820434721,0.09216674900393622,471.59926200119844,0.3016250586366438,0.0,0.0,0.895120053329272
2013-09-21,13.909449326261923,0.013890426237542438,434.7796350695035,0.27177782100460796,0.0,0.0,0.806543656322735
2013-09-22,11.438126642625763,9.317608288320445,294.1681689858687,0.2515128368194979,0.0,0.0,0.7464041115299905
2013-09-23,8.801251592896817,1.4911760929044438,301.60997188969526,0.2419676771051502,0.0,0.0,0.7180773408327454
2013-09-24,10.54763966571581,0.013529304383736207,431.67282747831354,0.22758670313422147,0.0,0.0,0.6753995267082504
2013-09-25,11.101053837915043,0.17538812461193384,429.2741606863741,0.21144004442084308,0.0,0.0,0.627481763927075
2013-09-26,9.021865872430622,4.467028693223903,344.87737379090595,0.1962514030651883,0.0,0.0,0.5824070691330624
2013-09-27,3.248401791833542,8.192853679931314,202.89799520637234,0.26888067802483695,0.0,0.0,0.797945926444863
2013-09-28,4.458162580363748,0.007992427157668873,387.93505408849256,0.2675052406624815,0.0,0.0,0.793864098593067
2013-09-29,8.520275857045162,0.010341198203064011,412.98838862634585,0.2514884435830799,0.0,0.0,0.746331720743953
2013-09-30,12.058101117444883,0.0,412.81911067286364,0.22017635383936682,0.0,0.0,0.653408143479082
2013-10-01,12.071118055658845,0.07075845705477105,418.2183683477268,0.19060459245472677,0.0,0.0,0.5656492657939649
2013-10-02,11.534690000999113,0.013911009825438676,387.68605976968746,0.16079502808684937,0.0,0.0,0.47718467015557353
2013-10-03,5.565322650312238,16.75902573679161,257.71833990646024,0.22075918005769887,0.0,0.0,0.655137772436282
2013-10-04,-2.135147684005213,7.169646868792888,153.2619984098213,2.361323598091493,0.0,0.02898798376584497,6.978698232793917
2013-10-05,-0.7622002524837106,0.014529050433406977,340.6497886183485,2.3758503891949565,0.0,0.02898798376584497,7.0218087823152695
2013-10-06,4.118135833360675,0.08718333054229792,412.0449941226787,2.283861908737053,0.0,0.016295505852095948,6.76147364899308
2013-10-07,8.818227227727238,0.0,417.4391710330564,1.7683531098695917,0.0,6.998520242670453E-4,5.247169660852378
2013-10-08,9.798648031950123,0.0,370.6764096715804,1.0965878791632317,0.0,6.998520417468146E-5,3.2542281399792445
2013-10-09,8.922764174044856,0.0,336.89721379466675,0.5955175372469428,0.0,0.0,1.7672924527837615
2013-10-10,5.378088963355801,12.431416358838671,168.3024232908398,0.4157660877553972,0.0,0.0,1.2338516047913695
2013-10-11,4.040712002835399,7.452829256608212,166.73958148487367,0.35151585908701505,0.0,0.0,1.043178892212332
2013-10-12,4.670615459212628,0.537672191331557,312.4522042694299,0.32190470228503726,0.0,0.0,0.9553031023972093
2013-10-13,7.390064851786472,6.43669464520519,257.2876976263049,0.28815994938048556,0.0,0.0,0.8551602125589582
2013-10-14,1.4211619892561274,8.323745298586351,138.17421634668833,0.48440675557746854,0.0,0.0,1.4375536397587816
2013-10-15,-0.0325562320998319,0.12264108162734363,237.94029359469573,0.5605937521020844,0.0,0.0,1.6636505983482366
2013-10-16,-0.18066623042358074,0.07919887533017242,322.63477250793994,0.6314019538310222,0.0,0.021140303592748166,1.8527068730740561
2013-10-17,1.9426943335769096,1.3102081525121878,278.27962123837375,0.8494162816551912,0.0,0.005027800738709568,2.515764077469773
2013-10-18,0.6468518123565605,0.04884773098374407,287.02931813492336,0.8842339979931648,0.0,0.002521057922491217,2.6215905418351064
2013-10-19,3.298561901060708,0.048067617514196595,348.6115012646449,0.9046482832124764,0.0,0.0010068326128514892,2.683682942329213
2013-10-20,2.656873917964804,1.036904379674209,261.0267565828564,0.8714047692503764,0.0,0.0,2.5860314360101935
2013-10-21,3.3277797571484813,0.0,346.4799426561678,0.8663070206523644,0.0,0.0,2.57090306100867
2013-10-22,5.674181800419508,0.0,358.96091921523424,0.7953881243204114,0.0,0.0,2.3604400227132216
2013-10-23,7.226362018901485,0.0,353.2919541128699,0.6812747579807542,0.0,0.0,2.021790564922027
2013-10-24,7.48442318097271,0.0,353.1954820685408,0.5664781705910783,0.0,0.0,1.6811135406365472
2013-10-25,7.0809605777733955,0.0,342.83181754026873,0.469999108797961,0.0,0.0,1.3947966698574243
2013-10-26,6.505040928850375,0.0,344.01876825292373,0.4068719164498596,0.0,0.0,1.2074567451291185
2013-10-27,6.420912609674825,8.337751650690111E-4,324.9303542102161,0.35618082646908816,0.0,0.0,1.0570229205258115
2013-10-28,6.984816115829957,0.11474680531322218,283.87961602174676,0.30703323454861375,0.0,0.0,0.9111696704685707
2013-10-29,2.596382304771043,6.703444163783341,172.42928461980034,0.2871048474792444,0.0,0.0,0.8520290308382628
2013-10-30,-0.058250308676818144,3.8309510709531676,132.83581744379015,0.6920970847920491,0.0,0.0,2.053907530920343
2013-10-31,-0.279705952299427,4.08977606144219,140.10207022890776,1.4201643935991355,0.0,0.0,4.214562389082463
2013-11-01,2.1359540486209614,1.2217939095679078,227.43173226827528,1.8202890232720659,0.0,0.0,5.40199549384532
2013-11-02,3.565591519343649,0.07645293681157596,318.7872667354785,1.862125101666696,0.0,0.0,5.526150671445472
2013-11-03,0.38098515801749216,4.7588187497690075,265.7627193983938,5.758817946454294,2.943435579205783,3.330539878237381,10.912559708322595
2013-11-04,-6.512272252193655,6.624306211120197,221.12161122951906,12.383145303797189,9.77565283217323,9.103843123955718,18.18363707170541
2013-11-05,-7.367066063766906,0.803774762172944,271.86567061543764,13.186922956141474,9.907776025296265,9.54046649988766,20.005394553627816
2013-11-06,-3.768882085333008,2.258501776232973,274.34146326578474,15.445416248451103,10.061451078686238,10.869321710321914,25.23371936522399
2013-11-07,1.1386171107213068,0.01320546050486804,304.8741509315464,14.937734751491163,9.457703497980589,10.335924331802001,24.84491934321492
2013-11-08,4.367229646170299,0.0,285.4045405691453,13.256638459810187,7.677569384544851,8.751074916100759,23.1639840601816
2013-11-09,4.827614098622693,0.0,320.55114237471497,11.93531749541738,6.298837499996837,7.563047499579364,21.765483381039882
2013-11-10,5.1863273885183245,0.0,315.86623576916696,10.591879207386446,4.998905557111547,6.406071768902058,20.193902823653875
2013-11-11,5.075167739181986,0.0,318.2598322316517,9.527724200079373,4.064784551586221,5.499692334880802,18.846225203382698
2013-11-12,4.285878774075477,0.0,319.11917993253775,8.774602740731,3.5424664265800154,4.880586564942682,17.73546527702732
2013-11-13,3.6116421301618167,0.38008824888763415,271.300889589813,7.884192518641556,2.880842229888894,4.045695048231417,16.567641180453887
2013-11-14,2.1538324160096898,0.008657215750558176,248.65631692888115,7.168648464752104,2.3679617348452786,3.4002421183316986,15.58550788389866
2013-11-15,1.7575725976033325,3.4979559485307896,191.66835801243124,6.589136225488854,1.7792546742835367,2.7104226874281565,15.124903529422127
2013-11-16,-2.38507815967848,8.891119357288531,104.59906550667212,8.029846866112056,1.5163717323424497,2.419416977675528,19.9457441410998
2013-11-17,-1.3082150466785185,1.9230077571433364,197.9949696357279,8.951401145085454,1.3659303833390366,2.52448346808353,22.721861357518257
2013-11-18,0.6552483940194713,0.016194871799406305,281.0275824026657,8.872804546733823,1.3160751649999762,2.4322665538840704,22.628948919868872
2013-11-19,1.1631773148236817,4.115389194328985,170.23530791314454,9.20118516966074,1.061745249267852,2.6616168581955075,23.621643975673805
2013-11-20,1.5590197390007623,2.6154460613962747,155.22980836666366,8.394045451129113,0.5948901434146969,2.000170564641797,22.338960567631272
2013-11-21,-5.424971494789042,4.009175906538155,173.9231252638465,12.238000855861879,3.7129727597838182,5.05069739238469,27.67854297782927
2013-11-22,-8.241127617787395,0.49973933658924025,240.28985989203352,12.737718867461135,3.7150805609111393,5.188857729744567,29.021734517251147
2013-11-23,-3.608039210815602,0.3323946785274224,251.1352680577863,13.054867769026826,4.291441648947588,5.38460693317356,29.208337299569198
2013-11-24,-3.0315201791212316,0.15345434873989416,234.65972151471647,13.20297844678081,4.326135405853614,5.509676367836416,29.489503264050768
2013-11-25,-2.843811927711973,0.0,240.54737659097802,13.202975774739484,4.326133771861745,5.509670005399472,29.489503264050768
2013-11-26,-3.7155168198082342,0.0,253.39967142536312,13.202975774739484,4.326133771861745,5.509670005399472,29.489503264050768
2013-11-27,-1.7843496354087625,0.0,269.9134279040317,13.184059686485762,4.326133771861745,5.5026878586444505,29.440328436372113
2013-11-28,-0.743404053632439,0.0,263.3343764400594,13.055097693725019,4.312202676294509,5.429940416022194,29.143668694637185
2013-11-29,-0.7628048724705462,0.0,247.9562524196604,12.94064553148962,4.298319989712055,5.36936344210607,28.877887433680502
2013-11-30,-2.510927983219585,0.0,229.8412762704768,12.923525674413256,4.298319989712055,5.362270585213235,28.834153591253436
2013-12-01,-2.12808200101045,0.5958842393623722,180.31636640226466,12.901757955788819,4.061252116881354,5.206296453911357,29.155167225460392
2013-12-02,0.7849928015526753,0.6324107062582858,133.90576983312636,11.442938210816187,2.40147828566712,3.7721057130259577,27.866835382975594
2013-12-03,-5.8521084220232416,13.8890500677899,178.9361518635658,24.47755002617722,17.420792376263066,15.427874349834813,40.34990558822661
2013-12-04,-18.166682444800365,3.609483656553238,227.6978862754144,28.087005405469537,20.127616055698848,18.695174262629664,45.176600241762735
2013-12-05,-21.55435441258834,0.07053671598010693,287.85168233487826,28.15754564969515,20.127616055698848,18.695174262629664,45.385939570061595
2013-12-06,-20.097774218705794,0.9214115976413425,263.92348524765333,29.078981253397995,20.14844734058867,19.128672166650347,47.66800106944495
2013-12-07,-13.910399181767248,2.9529699360439734,222.37290285827333,32.031954192954174,21.5421698255698,21.538395860012482,52.676026430724335
2013-12-08,-14.243958943146035,2.407205452695125,172.45830466302834,34.43912170912997,22.696224951977808,23.471961629663493,56.771667819945115
2013-12-09,-17.691107375145915,0.6764831159471548,239.81220541986423,35.11560327476131,22.734884319498306,23.77442815545916,58.44013248833039
2013-12-10,-13.034713158847905,0.3858720570796047,254.94649310541413,35.50148537870687,22.73667513376056,23.907781776372865,59.45059824712864
2013-12-11,-10.693139526545107,0.0,273.0542492986766,35.50148537870687,22.73667513376056,23.907781776372865,59.45059824712864
2013-12-12,-7.6915425658245855,0.030696554839243773,280.57811823449697,35.53217765436878,22.73667513376056,23.907781776372865,59.54168242810308
2013-12-13,-8.418367649869488,0.21883509146701163,249.91201835660766,35.75102392458695,22.74558508651223,24.00725619841818,60.08331292172061
2013-12-14,-8.547443763968383,0.008800624624118333,257.501741212579,35.759825046698865,22.74558508651223,24.00725619841818,60.10943164318823
2013-12-15,-4.268750051082815,0.0,260.52703210339433,35.75982132899345,22.74558508651223,24.00725619841818,60.109420610309556
2013-12-16,-1.9923150085977583,0.0,240.99106837521322,35.59932207047958,22.68313861402297,23.849689752548688,59.85082780144847
2013-12-17,-2.846221785160138,0.0,263.27627135163937,35.57563146245259,22.681736682345946,23.83643500178127,59.795098731266556
2013-12-18,-1.119540170825745,0.02996486822036925,248.60852848805598,35.3174951299275,22.530868759358807,23.598858670358425,59.41234877378444
2013-12-19,-1.4497277913148954,1.6845190372957561,219.12719804275227,36.278842413236035,23.605443220116474,24.697281116788634,60.12712568715092
2013-12-20,-7.6736273683149445,2.4564520066185986,174.4045936992219,38.735317604664,25.154109430977392,26.591122402545107,64.0256965516636
2013-12-21,-9.453452020236199,1.9828174030918109,197.98268533261614,40.718127647971365,26.01083263764536,27.875651315885246,67.79771034043674
2013-12-22,-7.656570851706217,4.970223333010788,169.8192944909627,45.68833700893006,28.096492212678527,31.752798619153737,76.65749753082015
2013-12-23,-4.135657214887506,2.9286748837258836,181.99632974371596,48.512567559873204,28.193813812755987,32.8273785397124,83.87296240380661
2013-12-24,-5.444176783105696,2.299078052006763,204.69599889360728,50.811706857698745,28.89746976753449,34.379582145566324,88.46541016555516
2013-12-25,-8.625891376751255,0.10298834676802893,276.73939645024745,50.9146903602953,28.89746976753449,34.379598051051936,88.77101413407102
2013-12-26,-6.183000212204214,2.0775221754084258E-4,278.8134638271844,50.914898762482025,28.89746976753449,34.379598051051936,88.7716326005119
2013-12-27,-3.634172151805395,0.0,273.7953025202561,50.908252558813665,28.89746976753449,34.37840756796412,88.75309592944383
2013-12-28,-5.006452484769241,0.21262705911856256,249.97166537335238,51.12084850796112,28.90621632624149,34.49889663322564,89.25538322786733
2013-12-29,-8.74488058157307,0.0,252.5938728915988,51.12084850796112,28.90621632624149,34.49889663322564,89.25538322786733
2013-12-30,-4.808320142087623,0.48847425016542934,242.02051149261243,51.60929969734324,28.91627331713232,34.65648901525357,90.53804824876458
2013-12-31,-2.6298029532953024,3.981416028500692,171.59343764349526,53.65718626829534,29.882033514372495,36.37610923060784,93.96354201472488
2014-01-01,-4.3059293002988674,3.2870112808423233,189.6183042075663,52.997484619954,21.110670962256464,31.762037785468983,105.1197257264088
2014-01-02,-5.263343593682697,0.4040151668851615,269.5771972048411,53.401511100361034,21.11589798148095,31.843298561329895,106.2326425949087
2014-01-03,-3.5246194349310347,2.7869887157895605,230.3344428497886,56.172993517327804,22.17409265210759,33.96878731948523,111.31112781904518
2014-01-04,-8.60560693508127,2.879621585882894,196.5701711591642,59.05262843062912,23.515623207291593,35.824915641679695,116.7041387599031
2014-01-05,-13.003715067639908,1.2318806889490108,192.1652076532384,60.284500481002766,23.761644474724147,36.369424383571,119.57821664823364
2014-01-06,-11.723007756250338,1.353223357690906,281.3487876654776,61.637718100996274,24.089077515726153,36.90354192697471,122.74374970759085
2014-01-07,-6.7136102755358475,2.128664173770006,232.51899955877724,63.766367889551546,25.181725735916316,38.690100242582425,126.21902282182089
2014-01-08,-4.974758131223411,2.049933531165037,194.2259514608418,65.81631431769235,26.6365215756646,40.42236847479226,129.16336408483613
2014-01-09,-5.4634618574057905,6.809175478074126,160.1374690342733,72.62552206931315,30.170301061246803,45.6628428997492,140.7158088139283
2014-01-10,-6.384348896484608,5.195052885053088,215.3235213735397,77.82059097415592,31.603538928121395,49.21847777970424,151.19670701048113
2014-01-11,-0.8545150929252345,3.2755590990443655,197.13611469374135,79.85542790163422,32.27715110119925,49.913898640819326,155.8882241913394
2014-01-12,-3.4982104844202113,5.205128151837253,166.15033415884932,84.32576063710734,33.77089288236406,52.78394230626908,164.84320764125843
2014-01-13,-4.265418246921929,4.218812826995652,185.20015953619261,88.54094388457712,34.39973660791906,54.71030006609294,174.8213749400723
2014-01-14,-3.088342183460007,0.5304124340606461,206.89279816504464,88.99494705243208,34.24704915408431,54.635936161287574,176.39104415310965
2014-01-15,-4.00482276998677,0.04909046843759456,265.3388180346998,89.03159157834115,34.23899539324052,54.60796802537249,176.53549555496636
2014-01-16,-4.488842717982737,0.0,279.4579981999597,89.02883501696489,34.23660165008078,54.60228377940408,176.53530593703636
2014-01-17,-4.413527116742601,0.0,303.498862496883,89.02880389629975,34.23660165008078,54.60219115206161,176.53530593703636
2014-01-18,-3.917549520510311,0.0,313.8549734083007,89.02880389629975,34.23660165008078,54.60219115206161,176.53530593703636
2014-01-19,-2.7874520181973685,0.0,313.48194623535505,89.00445021726144,34.23660165008078,54.58803393186997,176.47714821455767
2014-01-20,-3.2540051108224364,0.0,315.14549238984876,89.00445021726144,34.23660165008078,54.58803393186997,176.47714821455767
2014-01-21,-4.539663543189014,0.0,323.5433404776806,89.00436134610524,34.23660165008078,54.58803393186997,176.47688447534972
2014-01-22,-4.811283573497056,0.0,311.0217933522126,89.00436134610524,34.23660165008078,54.58803393186997,176.47688447534972
2014-01-23,-7.754596672437244,0.0,315.2219451166932,89.00436134610524,34.23660165008078,54.58803393186997,176.47688447534972
2014-01-24,-6.981059535264812,0.0,353.5829086443096,89.00436134610524,34.23660165008078,54.58803393186997,176.47688447534972
2014-01-25,-3.1864058368243566,0.0,334.74939092345306,89.00324704353737,34.23660165008078,54.58803393186997,176.47357760629018
2014-01-26,-3.7779742680652397,0.09053227309875228,325.2337940102177,89.0937760991283,34.24351163870171,54.65541536583602,176.66834642735554
2014-01-27,-8.473981198199708,1.1448932125110924,293.6352143824647,90.23864326312368,34.45679336805341,55.37995308969486,179.1364997013522
2014-01-28,-12.094423222817197,3.671175018150683E-4,366.1553566531707,90.23901021144718,34.45679336805341,55.37995308969486,179.13758867852263
2014-01-29,-5.254474052848512,8.228274718102611,249.01089226929588,98.46726692188032,40.09153698566474,62.635093924277655,190.853350892209
2014-01-30,-3.125823353089167,8.000656675256893,136.46422441423897,104.43094895079722,42.321435362362394,66.11291546977063,202.91958193555112
2014-01-31,-5.557743357296534,1.9481651494339904,216.34379265420418,106.37773233708013,43.01744113581294,67.3701694316843,206.76786703785973
2014-02-01,-9.231189590157987,0.64615697176662,287.54828869277526,107.02388453942906,43.02468772364241,67.52468878275857,208.52432651934043
2014-02-02,-10.336232543523296,0.6595401346777436,345.5184751280675,107.68340836713874,43.032030713564,67.80949992935132,210.19046543837908
2014-02-03,-8.27317637157463,1.4411017495910474,280.115356524594,109.12453310557618,44.46056963709732,68.82958619763187,212.0636086629313
2014-02-04,-12.413231775619273,1.36130336857233,298.51093721929055,110.48582420902729,45.566081936970704,70.19789082574873,213.6661639347721
2014-02-05,-15.89788481083525,0.6899148881553574,361.2317361964186,111.17572859553364,45.60805006860589,70.5722132701822,215.29960645145297
2014-02-06,-12.928443751489576,2.9190811314416174,327.4832991233375,114.09475379566527,46.262104222163806,72.01461500433926,221.88928642098568
2014-02-07,-6.148658280758544,4.047682932712646,291.29966752538024,118.14246801516275,47.40773343742366,74.44537399795935,230.3659536464285
2014-02-08,-2.2510533666047605,5.272477013834886,252.05154540507354,121.62916664177321,47.80225173443485,76.12100156253848,238.65965659996306
2014-02-09,0.6697414604620693,5.462002420844531,192.11225244534768,120.47013072188682,45.96607424803816,74.5479588759932,238.5706412423359
2014-02-10,-1.5573528441754125,1.5365952679461716,245.36662306467656,120.88354084934873,44.98570987004534,74.12169381625584,241.1740499714895
2014-02-11,-4.65356579640625,0.4499886425363443,335.8773317565888,121.33353615563956,44.98622620150315,74.23095344485588,242.4000420795413
2014-02-12,-2.57801909962009,1.813168038056566,295.58619223829714,122.95978912282898,45.14231574946905,75.02686508443159,246.28112972528785
2014-02-13,1.064804366454185,1.1571519097195408,256.54996915077015,121.66195547534777,43.77528893344328,73.57008448955463,245.20893494186097
2014-02-14,0.29164462422482196,0.6203026958572413,313.4802270294437,121.48013581812171,42.635843021601595,72.72424417802058,246.61865244690443
2014-02-15,4.29988195654387,0.004955211322294037,259.87299826186734,118.7745659431105,39.90336165771504,69.93134905824917,244.02627163157217
2014-02-16,2.404871942984956,1.2582767100479866,352.5030504128242,118.23923432207195,37.877868733124735,68.44182440387964,245.88867271380965
2014-02-17,-1.4072135335479634,0.23288789295210238,425.2458815734639,118.47201796433963,37.87784173771012,68.441582444382,246.57976243005788
2014-02-18,0.7723874238715617,0.046083257918875416,362.07627476009577,117.91257188534428,37.10563876401338,67.77033203708692,246.3382928966183
2014-02-19,-1.1622863556877208,2.009766969685219,374.92147981595986,119.84395585218851,37.26765963793435,68.83298256875295,250.85319207503562
2014-02-20,-6.8782367814047225,0.4254276003159306,304.06218991714945,120.2694027580708,37.26765963793435,68.84187864628453,252.1069030694935
2014-02-21,-2.828969131966381,0.16808985471995752,356.3817397995999,120.40733877991872,37.20363476133476,68.81467406729614,252.60551685702157
2014-02-22,-2.1399745279662024,0.9719579804928298,315.5365376762222,121.22161366320466,37.07462618456062,68.76647707143624,255.1952766859149
2014-02-23,0.8259548147982553,0.5528053169295338,419.50473405169856,121.21778096221166,36.8492599223729,68.40703775011279,255.76102586855902
2014-02-24,2.7383985681678853,0.004629919194388664,420.29241778169285,120.1441105895668,35.836152575343256,67.26971643721836,254.69203758270024
2014-02-25,1.051203080073954,0.03680115573257087,456.6260013350444,119.79200858207864,35.281308669614226,66.94293862762892,254.51146556194587
2014-02-26,-1.6839481471520716,0.11992024083132088,483.71359151704513,119.91191061066532,35.281308669614226,66.9465142322459,254.8637286795067
2014-02-27,1.2507918623374148,5.161417429946465,304.0463127419554,119.1319536970338,34.33563743909095,66.03134154699445,254.37943185007296
2014-02-28,1.7041147805319825,5.914693114202577,234.83380173571499,117.625822969231,32.527931190827275,64.41325124884521,253.2776391882838
2014-03-01,1.971132887856716,4.089916847419748,289.5134186436575,116.28221307442683,30.510781731452518,63.12712923755444,252.5304428969959
2014-03-02,1.159613111116125,0.7335042618420534,404.27284299008136,115.63925017859948,29.56904397224269,62.4169052575023,252.2445324666289
2014-03-03,2.645029181396664,0.15200439588977066,422.2521864652495,114.53562175398866,28.30477152518324,61.31178724039904,251.29830922209516
2014-03-04,2.079381370114248,4.439040577108225,315.2549248297323,113.70849741470776,27.10347893590841,60.08059441435043,251.2372325606256
2014-03-05,1.2757902604865234,0.4795537393469502,434.9253118396606,113.42609001655006,26.544799968124146,59.527743265339346,251.4926224437735
2014-03-06,3.708965593659287,2.3139098595821173,402.91156979390763,112.6359919459778,25.270485518896002,58.497233117134265,251.41220789033434
2014-03-07,0.4150553889186909,2.1404093054313686,316.3945776382033,112.76279906093384,24.033267217461493,57.553587277369296,253.93023981804689
2014-03-08,0.6409668147379987,0.05435731643319998,486.62691691772216,112.56881732816997,23.51650712169601,57.325709512084316,254.083341048738
2014-03-09,3.3451026184325303,0.1694624226369307,523.2166575990115,112.24734514468322,23.143825028511266,56.90229517131833,253.9132158154094
2014-03-10,5.351934977913511,2.0825239687705492,449.13256933938584,111.27843056762667,22.218406646060707,55.76109370156667,253.07386539288657
2014-03-11,-3.055016172373631,3.9619282320585474,347.9653309686789,114.6016242971595,22.368969555542744,58.642509379053855,259.91687379872604
2014-03-12,-3.414523932743081,0.25906386184339225,536.5310288193125,114.8606965222452,22.368969555542744,58.646350612682866,260.68188163003873
2014-03-13,0.7647430507111895,0.0,531.1231763742054,114.79229977949626,22.336283929476664,58.5311276487139,260.6255127213576
2014-03-14,1.2455453907054426,0.3251642811516269,517.8654501614193,115.03349311339151,22.21917042233484,58.521227064089636,261.46483315116876
2014-03-15,-0.27741112939952883,0.0786077515683159,422.94623384640187,114.82606417324524,21.837667267786244,58.08498961410794,261.65449640994535
2014-03-16,1.0686701355190091,0.807390510911377,511.9194939717782,115.50570332145965,21.817296967391105,58.10922478554902,263.6670402700011
2014-03-17,1.930520163652504,3.2072711083972236,425.60397858445805,116.9515350822511,21.935684584176773,58.91150400027689,267.0429438004714
2014-03-18,-2.894894375475188,2.3225572026566645,326.00393611108836,118.80450311873295,21.823159494987717,60.41254434998809,271.1545004824529
2014-03-19,-2.3537977277809614,0.3687686784501631,506.2718778449034,119.17327090339975,21.823159494987717,60.44383568496774,272.2176776922353
2014-03-20,1.305578151293492,0.04157553568886566,523.1822874943014,119.1019295693917,21.72660967099874,60.29460461056212,272.2484646866365
2014-03-21,1.5746037183828507,0.8195215363717613,465.74877315421537,119.26644555447255,21.43899324578769,60.37469910395017,272.9359909386792
2014-03-22,-0.8168771408099041,2.822713014675016,388.4483124024138,120.84774171803971,21.130279110954643,61.03410844428156,277.27089903413787
2014-03-23,0.134118529393267,0.11002413358930721,548.6390464824678,120.95777409165132,21.130276714472192,61.044725520353985,277.58685391026995
2014-03-24,1.6655664165363373,0.010056075957166162,536.9823456360174,120.92384222118629,21.073714057745565,60.98169626062569,277.60389931451897
2014-03-25,4.365272235140215,0.1557818067116686,564.0824892842833,120.67248737992199,20.822848065985283,60.52945620357852,277.5523656458367
2014-03-26,4.075343692794557,2.912414140640044,425.7311368082939,119.89575780000348,20.30398955057849,59.614759908638504,276.6629100252844
2014-03-27,0.5388344161196919,4.033089612381616,304.2586342165285,120.29201940477266,19.703132477332126,58.87083118095488,279.1638120493653
2014-03-28,-0.5767747149016502,1.2277668596293845,451.64484887171653,121.5059413623401,19.826277445143862,59.31049621820866,282.20841907543365
2014-03-29,2.836103866543458,0.7846074410966714,542.759495791137,121.70474742523677,19.711192485330034,59.06866492165554,283.1512297111991
2014-03-30,4.096231116399528,7.501224962503335,374.7369042359423,121.00512964324182,19.028609933645793,58.04737308262639,282.75580764416776
2014-03-31,0.3094679355517163,6.746984354804404,297.929342837508,121.7752488393936,18.587084450093545,57.408359858246435,286.1069374709797
2014-04-01,1.5446460908521562,7.7011469343254815,267.79151872897603,121.34229444242963,17.950441235963897,56.362025871809045,286.4832614169305
2014-04-02,-0.9863296574269268,6.272758749884653,258.2590063147632,122.75940683299984,17.50723440687681,55.85614725734978,291.623333871554
2014-04-03,-1.5386732613055973,0.6350620864955625,466.0960827292299,123.33526404424913,17.47602949154809,55.91026552814486,293.308609028431
2014-04-04,-0.057494652546705736,0.015071263317424526,531.3436861145825,123.33697349324162,17.47199838501314,55.87986732354033,293.3479036425159
2014-04-05,2.248913280417562,0.45665690250321267,472.94207951598435,123.31758786900012,17.16212301771843,55.42893573480078,294.0407447605405
2014-04-06,1.8333934452917304,1.6351361445569046,373.78106309732027,122.78770839884142,16.633128453151986,54.569927700632356,293.8381690260937
2014-04-07,3.1600013515760246,1.1926453479385413,452.97856594869336,122.21678822342027,16.04841990941562,53.72920537426909,293.5496420643765
2014-04-08,6.566965262651236,0.006785142597253337,583.3739145869508,121.3768191577563,15.535103847739446,52.74933616897983,292.5321154412425
2014-04-09,8.907212083218539,0.0,574.3085870943708,119.80716464627073,14.829342675444073,51.25067845655087,290.05318369178457
2014-04-10,8.139077693417706,0.0,512.9588491897329,118.08470209654855,13.970299285744591,49.5991328600217,287.4219837505852
2014-04-11,8.64550526517866,0.0,597.6323339266075,116.84277341346039,13.387111534694611,48.40970659058417,285.48833742131416
2014-04-12,8.61808429243236,3.3323216897178263,486.041331388951,115.23234665017407,12.624071134337685,46.94369130886684,282.9114557542738
2014-04-13,-1.7451247807324493,8.802266514169574,365.9896917729769,120.05387252468711,13.930272321582358,49.89535196699789,293.00930849771845
2014-04-14,-5.674981507343947,0.18288495060735824,605.8778024593553,120.23676522523039,13.979954336153279,50.00326914567289,293.3962500334409
2014-04-15,2.393543821465752,0.14319788230355984,619.5243743528846,120.20552522090351,13.772737865374282,49.76057513329936,293.7466449716951
2014-04-16,2.9656469276609614,0.0,518.9616763846476,119.36409900101778,12.896157225203286,48.71763251483681,293.1402643619421
2014-04-17,4.899981573187596,0.393739791320534,593.6177454678339,118.71006649511597,12.291947004939962,47.930726140610346,292.57035859827744
2014-04-18,10.232358096038164,1.6712974004042956E-4,583.3919476714925,116.60503412224335,11.07444668864798,45.76306067246429,289.66634312419416
2014-04-19,8.661803996427382,0.13405439346018025,478.227305127953,114.64496714088257,10.152736221522945,43.97818179281278,286.523780657017
2014-04-20,9.122439991655627,0.17506258305211436,545.4111786569338,112.93263043509059,9.361835286887542,42.4867445313873,283.69685373060634
2014-04-21,9.342452970107637,0.0,582.6077971407916,111.3446611670402,8.651226835767428,41.129631846014355,281.0271451672518
2014-04-22,11.10713604646343,1.213746437284274,489.18574527239184,109.14865036605995,7.725054055985361,39.34363825857919,277.1898246343845
2014-04-23,3.7075006067315988,1.4346866154684057,412.00659927345896,108.55650806978286,7.102966758449449,38.39183200536671,276.98535514068857
2014-04-24,3.28402148482241,0.5204004974804596,594.6958579069578,108.56290415682952,7.09011243435048,38.3496478002092,277.05887325752997
2014-04-25,8.547076741332187,0.023799570420532806,595.8051254308612,107.37609359296356,6.636145949158988,37.42891073426232,274.8954767703312
2014-04-26,7.207589307817773,2.07270710581046,440.3418248021017,105.93993219428138,5.861538792719658,36.09447348743008,272.71578986689576
2014-04-27,2.292545986518588,1.060005768495627,322.2686838941218,105.4174107949293,5.370584490521722,35.30447722264354,272.42931952992336
2014-04-28,0.8606064937449347,0.8777197210379107,349.35945715456717,105.2151065567939,5.0468850437711055,34.74985219700538,272.6961274047154
2014-04-29,0.9477547985436372,2.013611302474343,379.60744983093883,105.52404474646576,4.800621961836075,34.36174272806095,274.23894197082035
2014-04-30,1.4243018849980105,0.15536258448140944,437.8429010745529,105.33449640325865,4.507846729668801,33.914180164678484,274.40684190608124
2014-05-01,3.445294253647589,0.0029664219062975304,652.8728019028216,105.33643304460311,4.507846729668801,33.91252278873126,274.4142417072719
2014-05-02,8.935208013613742,0.0,631.5477941293799,104.3854662606865,4.235830889332405,33.23823563970146,272.5284222887556
2014-05-03,11.962742349670323,1.6712974004042956E-4,622.6098982084534,102.86504152816158,3.7806650987335804,32.14248301591807,269.5506389559047
2014-05-04,13.642223904714191,0.0,549.9700775033028,100.50308622764399,3.09689762944231,30.392375007502423,264.9497947311944
2014-05-05,12.383669096241684,0.0,530.7096340359736,98.3748333366236,2.499373550082919,28.75819425647012,260.84320510308805
2014-05-06,10.924359658561583,0.0,537.8387088128773,96.67425079321343,2.0767888140337565,27.45945768928439,257.5015402525916
2014-05-07,7.6636718838235245,0.3893368226254101,519.6637899954618,95.54992685184516,1.7690383873171505,26.469279187290976,255.45090405431378
2014-05-08,4.535193107526513,1.0251816471206237,397.8276350547932,94.68682908095491,1.546384315290347,25.681902680815835,253.8906970964168
2014-05-09,4.682601837177855,5.7425874684125535,328.8484691415114,93.82726576598913,1.3575383934890501,24.927225184663005,252.2755621988801
2014-05-10,4.72074562972699,12.08147094539747,308.10161494509686,92.87307060383398,1.1744015099532719,24.12156820922518,250.4248810413756
2014-05-11,0.15038089737277244,16.185242265206874,188.65720755841105,93.8706686672946,1.0279289276355212,23.493233120557647,254.15406730555006
2014-05-12,-0.09566217837791835,2.8191885279251867,319.6611710451364,94.24563439902599,0.9245094142338324,23.034341711311814,255.8247602843581
2014-05-13,0.7373452453480956,0.0,569.2181915987444,94.24443832116748,0.9219261327924754,23.03333965293562,255.82471716648612
2014-05-14,4.231242534239764,0.0812489862408457,585.1145800076297,94.07295529938767,0.8800576812403956,22.831562758298354,255.55763611834337
2014-05-15,7.949236434520788,0.5264335198403951,572.1201919095633,93.22881623467761,0.7801838500358287,22.18838438644929,253.79074754598975
2014-05-16,9.892154738010685,1.665505435301096,472.62710780502385,91.90978795003294,0.6448384961369565,21.164812605639096,251.02825554528155
2014-05-17,11.43767982087041,0.06094684880286546,590.0086253383213,90.50380718659184,0.519950454827138,20.02661936904079,248.11185357927883
2014-05-18,14.585820764076834,0.0,582.8999646241958,88.58856313189686,0.4104640708387396,18.654858478566936,243.90206569960617
2014-05-19,13.235308660674054,0.0,511.16088248155523,86.76442939593538,0.3172992519601032,17.238014370823116,239.99177140488624
2014-05-20,12.229451138461782,0.0,609.622985942223,85.42235959256621,0.26960575640639606,16.36160081133564,236.92909944331325
2014-05-21,13.099044634107058,0.0,568.233984151757,83.8808245553918,0.21920642972835713,15.352234420502116,233.40967175624942
2014-05-22,13.603001862862017,0.5493606989302513,554.7352138089682,82.26383390887824,0.17116490044876292,14.311061338069704,229.695742499646
2014-05-23,12.545068569330468,3.9060718762769744,433.35212689653696,80.72718377425711,0.12866901260919836,13.272608171833815,226.21214192098017
2014-05-24,11.802269877856677,4.275896814427684,405.9743571987937,79.37090600693212,0.09941469200804874,12.367297048056583,223.1182214003048
2014-05-25,10.943212445145775,7.727353451994433,356.6097961392038,78.019489994175,0.07756545305360314,11.44389952502068,220.04957490309206
2014-05-26,12.5002104740454,0.39014258685946895,593.0816686165583,76.8936197224273,0.06480917007617887,10.78724584999548,217.37548450253914
2014-05-27,15.578930327019243,0.369023246358183,593.5678489889259,75.36059946528702,0.05095650433397202,9.94561013057006,213.6786154333303
2014-05-28,17.15677420328848,0.0,592.5835304838536,73.6077852640583,0.038371786276035526,9.013639454296436,209.41831225763198
2014-05-29,17.06332831840162,0.2814403652435011,496.8528413336656,71.74125193057151,0.025349169563055173,8.033340775064731,204.8691407646699
2014-05-30,13.98934176699396,4.273972256931995,311.0626646899734,70.14316360865392,0.013970310843748597,7.082994183669618,201.08516268634892
2014-05-31,14.891141848512257,0.7897102386025899,545.831362436783,68.73619346185673,0.007462270100910034,6.400947017059418,197.596118425449
2014-06-01,14.977055536186363,0.0,530.5857719968727,67.26684782168586,0.0021747933817857002,5.697807254500817,193.94181104672197
2014-06-02,13.835807526153717,1.6712974004042956E-4,621.669193337983,66.1957182829479,2.696024935551778E-4,5.296496186008181,191.1650472204549
2014-06-03,16.402831533166772,0.0,551.9672232140358,64.67750784710415,0.0,4.740369890801982,187.21427351688513
2014-06-04,15.221002352106435,0.0,601.1135891993208,63.44468326023743,0.0,4.321995160529339,183.97281848617118
2014-06-05,14.35740034778658,0.0,596.4397968450437,62.25660244112348,0.0,3.9353428037613964,180.83251838809431
2014-06-06,14.702768861851082,0.0,587.1645770800623,61.06494932440389,0.0,3.586339309415551,177.64407856362556
2014-06-07,14.361490453662384,0.0,578.966689150624,59.89011571348425,0.0,3.2633623794979547,174.47960310186252
2014-06-08,9.096843915789234,5.814183625536327,362.3931551240599,59.158428065636485,0.0,2.997226129261049,172.57355949366084
2014-06-09,9.554372334901174,0.002942594120890537,608.4350217303408,58.69104406846774,0.0,2.8555538117833965,171.32778011059216
2014-06-10,14.176999877827466,0.08970663461150645,572.6754663932722,57.70061647522302,0.0,2.641822179515793,168.60163398550466
2014-06-11,15.52803869649704,0.025496600976063155,519.4028626280553,56.498086896046836,0.0,2.369796052160235,165.30416508949608
2014-06-12,14.892218910054467,0.02017292215124719,583.6765303323681,55.46886966351284,0.0,2.15477765292467,162.46418756703676
2014-06-13,16.76746148617759,0.0,515.1863588819404,54.1984451257279,0.0,1.902488937658428,158.94555016044563
2014-06-14,11.278855645790564,0.0,427.63026121197373,53.45441793423441,0.0,1.711750616015749,156.92771035890928
2014-06-15,10.509026679130807,0.0,578.2180399023653,52.9327276580373,0.0,1.6222347758060855,155.46876510063348
2014-06-16,14.250788007897782,0.0,484.5453310765677,51.82709527488693,0.0,1.4335260261486642,152.37578110171378
2014-06-17,12.71229603640787,0.11694434865060853,541.99704353056,51.13976938742696,0.0,1.279870333487811,150.4892375885126
2014-06-18,8.541293088657461,0.005659254224780468,515.7953377601517,50.65476541415492,0.0,1.1979319798288623,149.13160948715372
2014-06-19,10.198877757276682,0.012914570821305921,598.8266563549299,50.228850484049346,0.0,1.1314444415218963,147.93393199490552
2014-06-20,14.83198166748222,0.0,589.8834982141524,49.39163330528348,0.0,1.020549703820539,145.55992691681698
2014-06-21,17.1741172513725,0.0,518.8032273515742,48.27632247124386,0.0,0.883399375623999,142.38681347967727
2014-06-22,16.275633139475122,0.10562426453401329,495.86826768897816,47.239738782131084,0.0,0.7588766181253238,139.4347447825611
2014-06-23,15.777622240706412,0.06983362465557882,567.3536430395667,46.34847163948082,0.0,0.6717020865910476,136.87668729970497
2014-06-24,16.700620366899745,1.6656810082268627E-4,567.5961397798606,45.43494217069434,0.0,0.5914036069154273,134.2457069723717
2014-06-25,18.646458688202625,0.0,540.2629940325115,44.379108714354246,0.0,0.510134878122103,131.19338446297496
2014-06-26,18.5376082011662,0.9305398508180791,506.0491162086444,43.35561480886211,0.0,0.4421108511433895,128.22382885361458
2014-06-27,13.646480463917888,1.1533243245906073,359.6948947215343,42.57034413313812,0.0,0.3821383043988877,125.95321049526233
2014-06-28,14.238044328383552,0.1680587269094119,531.4109240757975,41.87847773235087,0.0,0.33499054445409754,123.94699694363001
2014-06-29,17.470078695976827,0.0,546.7008601058312,41.08257110002517,0.0,0.29452000818105817,121.62536992747785
2014-06-30,16.748279495118275,0.0,518.1774750374367,40.28698451761893,0.0,0.2568663779616722,119.30188407122853
2014-07-01,14.799551068454361,0.0,547.6152061490106,39.656421763365174,0.0,0.2318625741286401,117.45551981701207
2014-07-02,17.097019250526156,0.0,575.4723627587214,38.931652753785166,0.0,0.20622890076911402,115.33021162552436
2014-07-03,19.348545663861483,0.0,545.0595231677108,38.03595216547443,0.0,0.17636271680027024,112.70185703588933
2014-07-04,19.913965826560872,0.07146294155645178,511.5429093589433,37.13434346682486,0.0,0.14598913752007953,110.05647510083443
2014-07-05,20.004756950399667,0.01715979823096364,546.7243119713564,36.278334218736276,0.0,0.12067198970013127,107.54137515377481
2014-07-06,21.003982374246863,0.0,545.667652962238,35.383592794933534,0.0,0.1000883864215775,104.90661169883002
2014-07-07,21.170785777098935,0.0,550.5170848729201,34.51294476009803,0.0,0.08395043293866251,102.33891658275108
2014-07-08,20.44912425631466,0.0,527.0220735516024,33.67500880837898,0.0,0.067538903147494,99.86857251903336
2014-07-09,20.910604626420884,0.18121228279271342,499.7872316272438,32.83306983426225,0.0,0.054165368234814194,97.38331977460852
2014-07-10,19.630334577072944,1.4692795724050671,449.99446068659256,32.05543983989604,0.0,0.04163483398062723,95.08807356931607
2014-07-11,19.45146190374807,3.436608102676951,378.33212899989013,31.315894887960507,0.0,0.029751664644733593,92.9052052843059
2014-07-12,19.19952971178528,2.3045151348073944,392.5368443106747,30.568997920431666,0.0,0.020644044840347653,90.69775132685783
2014-07-13,19.946971679989712,0.0,497.2630631279412,29.828996665779272,0.0,0.014868674597543478,88.50743901780808
2014-07-14,20.048091531121944,0.025706433683330872,499.28218687837057,29.111336627216453,0.0,0.011709797332579975,86.38081898606752
2014-07-15,18.95469075729293,0.9039184078266771,476.52578677689206,28.45903191222017,0.0,0.009497310530287269,84.44720759780736
2014-07-16,17.154628246174823,1.5275831511989508,447.52113832056693,27.893209387579052,0.0,0.007722230972039875,82.76980966014983
2014-07-17,16.437276223518722,0.08304210485216136,524.195123253642,27.41337892360303,0.0,0.006193690536277375,81.34736094369318
2014-07-18,19.391168250156987,0.0,500.6297925345574,26.798976172807105,0.0,0.004383618788346689,79.5258283930904
2014-07-19,20.17873055826164,0.0,531.736628801683,26.151064000958527,0.0,0.0024653879635387534,77.60495917877518
2014-07-20,20.297031042727514,0.0045411487258368655,518.283698792645,25.50998859666011,0.0,9.670682689733781E-4,75.70396047441787
2014-07-21,20.256666587183588,0.0,527.3790649739627,24.89591654146246,0.0,0.0,73.88256878590671
2014-07-22,21.339090777900505,0.0,548.7563763518448,24.269229870725955,0.0,0.0,72.02277700114598
2014-07-23,22.257180475592452,0.0034070240408380545,527.1498669497024,23.57755750747357,0.0,0.0,69.97012989854998
2014-07-24,21.397806223894765,1.1581523023525375,405.4176568961003,22.931732933416733,0.0,0.0,68.05354335967253
2014-07-25,21.3786260672159,1.1427634642742064,447.16547048003184,22.34426751115835,0.0,0.0,66.3101468312876
2014-07-26,20.85509810225613,0.5212157090889248,476.59398264478153,21.793983008176763,0.0,0.0,64.67709055976431
2014-07-27,20.080477276701515,0.0,498.23293566717155,21.2640283723614,0.0,0.0,63.10436638353927
2014-07-28,19.995741285621495,0.1372316923248995,465.20309539774286,20.724369006870205,0.0,0.0,61.50284188752569
2014-07-29,16.13730825778986,10.68425600047492,194.75743829068716,20.25773715923248,0.0,0.0,60.11803809758
2014-07-30,15.335673689685953,6.35954376029297,232.24604510929908,19.84312469883823,0.0,0.0,58.887610064390074
2014-07-31,16.62732565078306,0.3952292919958764,464.82761623881566,19.430715585761977,0.0,0.0,57.66372081275133
2014-08-01,18.065681087063666,0.026020009025949226,475.3067788674392,19.014112509788,0.0,0.0,56.42738531307988
2014-08-02,18.303635215994053,0.0,522.1126000794134,18.620628734088356,0.0,0.0,55.259659992509725
2014-08-03,19.39935258266644,0.45821803032785363,475.89232632347273,18.153873254217714,0.0,0.0,53.87448930436458
2014-08-04,17.155634955301686,5.26113058804185,266.28079707044367,17.704650487838638,0.0,0.0,52.54134971571268
2014-08-05,17.130597199500933,2.0608278093657306,377.1454387957245,17.294661803673158,0.0,0.0,51.324643469575804
2014-08-06,17.06176552534183,1.2666516906471423,428.4976753037486,16.92015007420075,0.0,0.0,50.21322069597388
2014-08-07,16.306857836100995,0.6704177030795471,450.5314386453801,16.579655256642937,0.0,0.0,49.20274848710529
2014-08-08,16.203966446102456,0.1857564782876251,486.22453277489046,16.23654815270985,0.0,0.0,48.184523905373126
2014-08-09,16.729952799246565,0.027241106022949515,482.96061643079315,15.882890125559882,0.0,0.0,47.134987790722384
2014-08-10,17.558197013414528,0.1037435653146809,501.8753251434658,15.533362889965604,0.0,0.0,46.09771045315845
2014-08-11,18.79204472828264,1.6712974004042956E-4,528.4483727928158,15.187440309903042,0.0,0.0,45.07113050083952
2014-08-12,19.519544087890615,0.0,516.0004872384221,14.802577975240858,0.0,0.0,43.928990669738006
2014-08-13,18.59820638955745,4.037499815495442,380.203042322618,14.423294930750288,0.0,0.0,42.80340826439722
2014-08-14,17.421599936510074,4.701311121398303,332.24524474144636,14.097953413563426,0.0,0.0,41.83790587036254
2014-08-15,17.886972867850133,1.555617909904419,442.69146448677577,13.772089082362811,0.0,0.0,40.87085194307666
2014-08-16,18.534515322713087,0.0,521.2893776118232,13.453091284233711,0.0,0.0,39.92417553839099
2014-08-17,18.86924596997477,0.0,517.2318809069193,13.119876814894733,0.0,0.0,38.93530891400319
2014-08-18,18.794814508159536,0.0,507.70008610124546,12.779442065774766,0.0,0.0,37.9250149677217
2014-08-19,15.051986933141764,6.157075361776696,258.18827450068284,12.482076537263561,0.0,0.0,37.04253574354062
2014-08-20,15.130575045830884,8.429024978232817,260.2736279672442,12.204430580755986,0.0,0.0,36.21857746726521
2014-08-21,14.567792459879914,0.8888408221481345,403.25488295548286,11.937116429794457,0.0,0.0,35.42528045757411
2014-08-22,14.569990495035327,4.149402395655495,334.30453624958903,11.643823073907722,0.0,0.0,34.55488604953284
2014-08-23,10.738122793102182,10.500544445834413,243.34778855077363,11.483096720121672,0.0,0.0,34.077905181223414
2014-08-24,12.25783257354888,7.096751646653332,365.69451951601616,11.296353227988423,0.0,0.0,33.523714341136156
2014-08-25,14.406459575936603,6.386278173279922,351.5423625307034,11.072344893908072,0.0,0.0,32.85893419039359
2014-08-26,13.783992146658074,7.225929084969618,284.6722485612302,10.834725319974691,0.0,0.0,32.15376053322886
2014-08-27,12.55149127688315,11.37466648035578,216.88525905320574,10.63126507747806,0.0,0.0,31.549960093248295
2014-08-28,14.07000753318379,3.146731152073573,341.42911830777354,10.439466994244956,0.0,0.0,30.980768954859197
2014-08-29,15.216180690594808,0.515271670910107,437.13956209816183,10.223898666165244,0.0,0.0,30.341035856425677
2014-08-30,15.347298933105114,1.5394305147972887,410.485580709454,10.016762074001871,0.0,0.0,29.7263252675184
2014-08-31,13.141018996343782,2.0427616911276636,322.834701686982,9.846984262040799,0.0,0.0,29.222482765891915
2014-09-01,12.551976485095464,0.0,498.9959815870518,9.70806285509389,0.0,0.0,28.810211525044203
2014-09-02,15.403160233585728,1.6712974004042956E-4,513.2752590917822,9.529753822357108,0.0,0.0,28.281051276841104
2014-09-03,17.631688391062244,0.0,470.80233253672543,9.288008134704095,0.0,0.0,27.563632724807714
2014-09-04,15.251334868965989,0.1427427992458958,456.53711066350314,9.073177216262375,0.0,0.0,26.92608800607138
2014-09-05,13.962131284810866,1.297323046251041,411.11938079303445,8.905162911825546,0.0,0.0,26.427478991862294
2014-09-06,14.332091471483416,0.572268676654055,467.50831070760955,8.73004067891108,0.0,0.0,25.90777607601678
2014-09-07,15.015050732261114,0.4220970692142103,431.40358705135327,8.550302692984314,0.0,0.0,25.374375183281682
2014-09-08,14.359301627727142,8.709782895563166,295.36334939679824,8.36199546922276,0.0,0.0,24.815543722336045
2014-09-09,11.30844197009403,13.799791953507345,171.88768717746893,8.203821880285794,0.0,0.0,24.3461385873499
2014-09-10,11.627754917418718,1.8329818052974398,392.56651890993953,8.066700826356552,0.0,0.0,23.93921017874718
2014-09-11,9.848316231584695,0.0,470.39352779488496,7.986489677019532,0.0,0.0,23.70117091040294
2014-09-12,6.356028686569543,0.24406445872409713,490.7279362457843,7.935784769146888,0.0,0.0,23.55069607902067
2014-09-13,11.612268476836478,2.792460249246507E-4,496.03223592387,7.8319634399474065,0.0,0.0,23.242589868781327
2014-09-14,14.712438593055525,0.019222759523520545,465.31071488354195,7.676866507907025,0.0,0.0,22.78231519960526
2014-09-15,15.456621388786639,0.0,461.5413182735434,7.506783543002735,0.0,0.0,22.277567108370135
2014-09-16,16.5459040608543,0.0,450.3469239174831,7.321897421116296,0.0,0.0,21.72888830817072
2014-09-17,17.144122419778263,0.0,448.25586416326985,7.135180555697536,0.0,0.0,21.174776487068833
2014-09-18,17.40973828673038,4.081947591269321E-5,445.4075011974678,6.9484080776876755,0.0,0.0,20.620499626809597
2014-09-19,16.575606723973117,0.0,418.67274354416213,6.7483472432501035,0.0,0.0,20.026787467745958
2014-09-20,15.397805516131076,0.0,430.0062804669663,6.582952109462728,0.0,0.0,19.535951256572584
2014-09-21,13.304475303359052,3.2828813092229923,274.02637835631316,6.403123644419833,0.0,0.0,19.00228185275415
2014-09-22,12.95518784404965,5.998104034083882,232.08668087721782,6.234571740916358,0.0,0.0,18.50207742831164
2014-09-23,14.637977104743571,0.0754069102853874,330.7599433155346,6.081316468402306,0.0,0.0,18.047268174976267
2014-09-24,15.718932354141222,0.0,411.9689706867195,5.9366784312080725,0.0,0.0,17.61803192997744
2014-09-25,17.13294620268762,0.0,405.4917288581579,5.760421392575573,0.0,0.0,17.094961298732432
2014-09-26,17.299298512499234,0.0,385.8899076066574,5.585216962304278,0.0,0.0,16.575014449233787
2014-09-27,15.597686417607298,4.967562642203655,303.14869770377004,5.429173638749928,0.0,0.0,16.111931213600137
2014-09-28,10.29895630198732,10.93078676236207,179.6735463410557,5.335830724078799,0.0,0.0,15.834921355281358
2014-09-29,7.970250807677404,4.806395543036809,210.2540699713492,5.275805225275782,0.0,0.0,15.656786196576261
2014-09-30,6.0218690619986885,7.078357465385628,130.41887133130555,5.216576660078494,0.0,0.0,15.481016064354321
2014-10-01,4.31175159959245,6.310522825314549,154.62265393895544,5.1779798139094835,0.0,0.0,15.366473820558967
2014-10-02,4.721551301853864,0.061214348961945574,329.02443284330843,5.147386382685645,0.0,0.0,15.275682976083418
2014-10-03,6.118640223130328,0.0022434155073765495,380.6020066057669,5.099475160272303,0.0,0.0,15.133498848028713
2014-10-04,8.204229301781716,0.00601302416701026,392.4625762560688,5.04409035670468,0.0,0.0,14.969135686204003
2014-10-05,9.411899953840818,0.013904775237219443,374.14191249321135,4.97553146373057,0.0,0.0,14.765676331027848
2014-10-06,10.61782319627066,0.005852160489816923,374.6421922800934,4.887042085447767,0.0,0.0,14.503070109364428
2014-10-07,11.141686920237678,0.016950832630934356,376.27520316115886,4.800747529373677,0.0,0.0,14.246977369642433
2014-10-08,11.693799634008649,0.013818433547432852,355.98696574540025,4.700406333672466,0.0,0.0,13.94919900582489
2014-10-09,9.784493738727226,1.963667650753208,248.95284302519414,4.602311073244706,0.0,0.0,13.658085810050187
2014-10-10,10.027400867737253,0.36424948518293043,315.5171532901459,4.525919463407302,0.0,0.0,13.43138162910234
2014-10-11,9.423226829157697,1.4607435650293759,278.4253812266516,4.447756802329811,0.0,0.0,13.199421573567548
2014-10-12,4.594815605933816,5.290214769146806,170.8774842150683,4.420311658942217,0.0,0.0,13.117973771041541
2014-10-13,4.535949348801037,0.11107781026952977,301.5622170272961,4.406530660258327,0.0,0.0,13.07707647844718
2014-10-14,7.614885274034292,0.0480025386163134,386.75182652613086,4.38083778095642,0.0,0.0,13.000828796656885
2014-10-15,10.82488751894155,0.11389772334932527,345.6611309288995,4.301394635775365,0.0,0.0,12.765068702079411
2014-10-16,9.84042849543124,0.0,332.5063199566831,4.2142502266464845,0.0,0.0,12.506453889041742
2014-10-17,9.63541529036425,0.0,361.673949970639,4.142114335659605,0.0,0.0,12.292379226681163
2014-10-18,10.395841185624999,0.0,352.6470069628871,4.069145069767223,0.0,0.0,12.075831392518381
2014-10-19,10.738823800162347,0.0,355.89556102511466,3.9953122355790494,0.0,0.0,11.856720782893653
2014-10-20,10.739937633055277,0.0012665186508715497,340.1329851120975,3.9129014119719345,0.0,0.0,11.612153633348647
2014-10-21,8.775862805852434,5.424003198585614,242.26217627307724,3.850888659412424,0.0,0.0,11.42812098490403
2014-10-22,7.395655907452415,0.14902702379644558,264.11854135121234,3.798856720647597,0.0,0.0,11.273707979524048
2014-10-23,8.759824317009132,0.02387511104281502,342.50183569266363,3.739394470428915,0.0,0.0,11.097244350051723
2014-10-24,11.50230240442404,0.0074460186705205865,333.05263029782196,3.6604203755976306,0.0,0.0,10.86287623655168
2014-10-25,11.506882237953267,0.06694668346477312,326.6439851942584,3.5874964266692424,0.0,0.0,10.6464628876449
2014-10-26,8.15185395428693,2.6457761277823084,256.3152228184503,3.5431087237471206,0.0,0.0,10.514735360806098
2014-10-27,2.091805654603478,0.6655180312528931,211.7542265311219,3.752418009235109,0.0,0.0,11.135893760692303
2014-10-28,2.372924565105058,0.0029397021045982773,324.34953008589173,3.7553475577830646,0.0,0.0,11.144587659217608
2014-10-29,5.085705377245048,0.04274749137736279,326.1612303600148,3.716764132309267,0.0,0.0,11.03008524345733
2014-10-30,7.121890159020884,0.005900884834092032,324.2374017620592,3.6307536974797463,0.0,0.0,10.774835678452781
2014-10-31,9.04808707975178,0.3737829997721514,303.5994486089025,3.551868975558345,0.0,0.0,10.540732793194126
2014-11-01,9.962304249224458,1.5149242481136382,238.4461358350725,3.4703669692418937,0.0,0.0,10.29886270265795
2014-11-02,3.9840846331129636,9.9530398620767,134.43934509296656,3.4295517438538288,0.0,0.0,10.177737067768234
2014-11-03,-0.6311705892671373,3.466461690248356,121.55276705646622,4.190257126905669,0.0,0.0,12.435250571861769
2014-11-04,-0.6772946646949306,0.32928228566480167,274.9730318216329,4.444197792993721,0.029411180477640138,0.32740784641870707,12.833866414199985
2014-11-05,3.155310461669751,0.020106344719094803,271.73580203581145,4.274420418592346,0.019127071027942408,0.20642156710788256,12.460638097392078
2014-11-06,5.705280476663484,0.07808627758551949,299.4778499080686,4.032796942609881,0.0058560928002288765,0.04669006161685079,11.915725662448802
2014-11-07,5.821937255583326,0.0,267.6640716525944,3.825084960618981,0.0,0.0,11.351544428750241
2014-11-08,4.721485353218826,0.0,286.14980323800205,3.7360823718297924,0.0,0.0,11.087415173762198
2014-11-09,6.290788891878907,0.0024495163285204046,268.95634291042035,3.627119923110688,0.0,0.0,10.764051878453802
2014-11-10,-1.390379430396231,1.557991466955568,247.20498451587252,4.765253615985562,1.7810104279073228E-4,0.23661443740897004,13.905550697919578
2014-11-11,-8.695403938836794,0.132450004878086,221.1458988703517,4.897705630389066,0.01201610129509303,0.3129667053103855,14.21100492867903
2014-11-12,-14.704789761900654,0.34794098082160374,187.91376261785462,5.245638371554038,0.012522627184992483,0.38202460588853204,15.17420349589848
2014-11-13,-12.431150327567977,4.89728326715951,251.16106867667128,10.142912587262122,2.0730862703647532,3.8711686279751483,24.228766592802792
2014-11-14,-2.915918943615255,3.2727515997641006,217.1203659436578,12.613688624876932,3.3950665469745136,6.103784627892065,28.052016795463746
2014-11-15,-8.802345422902352,4.4548252404783195,231.62409005883214,17.068526586782706,5.877863632531331,9.527747907324484,35.44875298727591
2014-11-16,-14.407161315655472,0.18057160024249114,302.12932532800465,17.249101887012657,5.883476265811912,9.589012001135252,35.91810686769838
2014-11-17,-9.598756613708247,0.0,304.5154636329579,17.249101887012657,5.883476265811912,9.589012001135252,35.91810686769838
2014-11-18,-6.39470702051259,0.3937063656572258,294.08241603662657,17.642804450400256,5.915715821157817,9.800158954114181,36.844662722514855
2014-11-19,-1.3764898874333338,0.0,264.1292025390265,17.476098412424978,5.7515622210964885,9.520285459985,36.788314632131346
2014-11-20,-0.6121806338130238,0.03692973769370607,242.05129535658335,17.20698653325427,5.430753236513429,9.078011595737701,36.74203337966895
2014-11-21,-0.06577445920619354,0.0,266.19082376510335,17.13757266466367,5.400985853715251,9.015361480537377,36.62739500782477
2014-11-22,0.10996305817630705,6.467135065234657,183.6952193777222,19.61866308018368,6.926107220657959,10.918582721081,40.612515475987955
2014-11-23,-4.6960321024287515,4.912757230991025,137.33478035064465,24.318069311199448,9.004476328359273,14.791441614977693,48.68000345975507
2014-11-24,-5.47498154443234,4.16446911178332,168.4538320067333,28.48243569141182,9.831414154985385,17.159580279807518,57.874610586152585
2014-11-25,-4.1878094962284385,6.65912178125288,229.44119001138097,35.14157635552264,11.536345979857169,21.528917254454395,71.62535497976675
2014-11-26,2.2766715172508087,0.2528404490746598,209.55131126282348,33.8962502273155,10.18507805697449,20.152443678808424,70.6136177614899
2014-11-27,2.62991392544271,0.07734241914981195,237.0565979556874,32.95075825781304,9.271241425951189,19.137616603533672,69.70653296008264
2014-11-28,4.03993033545067,0.0,242.71963868776746,31.719071175933507,8.277059775783002,18.018051359422184,68.13253199891237
2014-11-29,3.7708673493866494,2.661501816317813E-4,220.90989110106156,30.468951578725672,7.419674507671717,16.94904452770911,66.32064599617792
2014-11-30,1.6681839428171816,0.37139455818860434,160.02610689108528,29.195429339828774,6.232368026432658,15.775978792731712,64.86328167026325
2014-12-01,0.9753127177551681,0.1725805607676481,214.33909530157624,28.499332052844043,5.807557841676633,15.11002675309931,63.87381825284716
2014-12-02,2.245756081128704,0.0,222.87955217683776,27.75750078804686,5.317998939112507,14.404487980357635,62.850947227218334
2014-12-03,1.0268532861585018,0.1686071356384335,158.68041892025016,26.939814620812584,4.790238184958353,13.679646079718198,61.65928970940373
2014-12-04,2.1482767789129116,0.015215858359492716,181.6077259191043,25.989355583547106,4.284570112515428,12.841068963004302,60.16556612412256
2014-12-05,2.1830124369714503,0.0,221.97965566920206,25.331002199319244,3.9364904299649113,12.198940720413045,59.1898857422029
2014-12-06,2.2168434780070974,1.6712974004042956E-4,202.66094040178282,24.575227265531293,3.5557316578313602,11.487258252449568,58.026159696435286
2014-12-07,1.8363675121095557,0.0,228.68628989432125,24.164395720822807,3.3724575201119578,11.085119945694643,57.385794807028276
2014-12-08,1.7374978506329206,0.0,241.5645212772182,23.908653421371618,3.286171653751216,10.860822569454468,56.934226647539326
2014-12-09,1.361406712429931,0.0,246.92494125897377,23.697584525551754,3.265322395900702,10.723013744597106,56.46548684464382
2014-12-10,1.7699485188931647,0.0,255.5286236728506,23.49133075990872,3.252690293055818,10.60380825527744,55.98451245157778
2014-12-11,2.3791295206076475,1.6712974004042956E-4,255.6073829952682,23.24461950070236,3.236043566984948,10.467939943113922,55.40398453431483
2014-12-12,3.4290614556208103,0.21142068452871704,215.92314028917207,22.66681506190017,3.060377120004253,10.00967204316068,54.316682070274425
2014-12-13,2.3248177951686158,4.940493302879703,153.15868838522053,22.061873734569225,2.8110650779784807,9.528714649774585,53.24294939879918
2014-12-14,-2.5392670445461207,7.801832314728636,72.64275580354222,23.380463133333482,2.5950644616288367,9.21354422217135,57.67996605800339
2014-12-15,-6.198187158582629,0.5173724168541051,177.9723845408817,23.8978229564845,2.7166551827453533,9.625252736123038,58.686797828228904
2014-12-16,-5.4712296384668875,3.000792062578975,204.49264809873333,26.89864744762066,4.853820393176992,12.017421471475924,63.13275338658811
2014-12-17,-4.554494999327387,0.1308917304766465,215.72440509562372,27.02954293221159,4.899574385724867,12.119137008388732,63.37538091377238
2014-12-18,-5.31924685550959,0.24756540870806826,195.4586165411647,27.277088751928552,4.996092073521579,12.284658382274447,63.85129729288192
2014-12-19,-5.611158457498627,0.3523695854282236,178.83325058088502,27.62945233898318,4.999173711441924,12.378421063072912,64.80051343499426
2014-12-20,-4.063653031062309,3.2563737310003367,147.1953334522864,30.34879125571951,6.279932576881513,14.552526055966506,69.4597617809008
2014-12-21,-1.4374296271104965,12.14655440989438,151.567082709712,34.00552314890457,7.673479149398421,15.664484274286712,77.8504305716385
2014-12-22,-3.442292130030532,2.3350810636462813,155.6259491765994,35.39864661854646,7.041874731277084,15.610277508455201,82.65182322988662
2014-12-23,-7.480324290369119,0.23184201180945102,211.45139404917688,35.63048884303791,7.439930549247417,15.727517041284068,82.83660605774212
2014-12-24,-7.605524371005984,1.6397269297490757,249.29994995932984,37.27020589715719,8.22131862634805,17.153829582680384,85.52218938645481
2014-12-25,-5.65767085719401,6.8460106529250115,162.63764073226264,44.11613364089058,14.605906617166024,23.160675699723175,93.65250929489603
2014-12-26,-10.154799331403753,1.4397789126527583,164.9092007366751,45.55594656575023,15.611069901875327,24.28947222823546,95.82429371396776
2014-12-27,-12.72560960945118,1.1156856383711675,232.66526564299258,46.671683625137106,16.040620187468758,25.09427087373493,97.91606468830825
2014-12-28,-10.529916363126759,4.954473385336544,180.03480366858375,51.62610974191994,19.169441558718663,29.023446245357313,105.66465172358731
2014-12-29,-13.212745531724003,1.1093849718661228,204.9475842447392,52.735535375627805,20.169996830645278,29.965748305237298,107.0463792554949
2014-12-30,-19.073400130701117,0.017169561924109605,244.48694266165236,52.7527035855112,20.169996830645278,29.965748305237298,107.09732863289695
2014-12-31,-18.602278106589008,0.2785222730514501,304.8392054102267,53.03121543166987,20.171893851729987,30.081883983600797,107.80622050149121
2015-01-01,-14.736588151885211,0.27338339370276443,296.0327875967898,66.7527728175893,41.352053764542006,48.93390485371712,109.17310437783031
2015-01-02,-11.599668766515894,0.0,275.24599161330303,66.7527728175893,41.352053764542006,48.93390485371712,109.17310437783031
2015-01-03,-8.902019422918237,1.386323991989947,242.60246867879442,68.13907446392601,41.70745031145438,49.84906361670785,112.02975541591245
2015-01-04,-6.9664309778938325,0.48729069563787153,256.06540198546463,68.62639270725366,41.92490514244291,50.11586954877889,112.99886633013314
2015-01-05,-2.023425820685526,0.8176153087688254,234.02357045388976,68.88210300727482,41.78814152951453,49.855148465574864,114.15042478326025
2015-01-06,0.9200052151895323,0.02797563234089557,215.26787191087985,67.78117780713409,40.87690679750605,48.583500757990166,113.03560880908756
2015-01-07,0.6352964097280998,0.0,255.77626028348018,67.17127926672624,40.26624719748993,48.01049399094904,112.3896654464865
2015-01-08,0.2538820515825245,0.0,282.77845989919587,67.02881076233427,40.15897771853365,47.86000831919655,112.22102665347813
2015-01-09,-3.497869337678694,0.0,234.34261400425225,67.02804436080584,40.1576358901438,47.859153512334984,112.22090690309389
2015-01-10,-2.0931819376237004,0.5330854539212484,203.2697681038592,67.25408161869794,40.07613343128386,48.046126647933136,112.78438952364483
2015-01-11,-0.9313718443696024,2.936909490678362,115.49638942764608,66.17243026056325,38.89346441736916,46.85553738771288,111.90940337730908
2015-01-12,-0.3499495874451593,0.10595602824165731,168.14455813688008,65.03796351688841,37.432658887945905,45.480768483799515,111.33127567371236
2015-01-13,-1.876154607015104,0.0,245.76749488560833,64.90788779227269,37.12659414593351,45.39678055791086,111.32606111504195
2015-01-14,-5.423072858829722,0.0,257.12713859630014,64.90788779227269,37.12659414593351,45.39678055791086,111.32606111504195
2015-01-15,-4.949680991252381,0.0,289.6127700264034,64.90788779227269,37.12659414593351,45.39678055791086,111.32606111504195
2015-01-16,-3.2198453313633992,0.2864048451961941,289.69484928841507,65.18958502365915,37.13268716666852,45.499088856367365,112.0541203087152
2015-01-17,-2.6425897943449344,0.03236784803479517,270.53304926629187,65.16452542990972,37.0401210176986,45.41990707401039,112.14854545083014
2015-01-18,-0.5755948495276481,0.01896953355854057,298.7887535441063,64.96419180666693,36.85033408521442,45.109256306715004,112.0479686627007
2015-01-19,-1.049847008123984,0.4146600406919041,240.1113598611152,64.95053407538448,36.392352549533264,44.6336885593491,112.92612287006372
2015-01-20,-4.9240036766738315,0.0046492454956701314,278.7375167939293,64.95518332088015,36.39970534465267,44.640130379313725,112.92636075577285
2015-01-21,-9.20853003219968,0.0,305.43400493159913,64.95518332088015,36.39970534465267,44.640130379313725,112.92636075577285
2015-01-22,-10.413913307821753,0.0,342.9936197738238,64.95518332088015,36.39970534465267,44.640130379313725,112.92636075577285
2015-01-23,-5.441322628712521,0.005366930986956965,330.5534588150512,64.96055009890627,36.39970534465267,44.640130379313725,112.9422875181401
2015-01-24,-5.554777202505158,0.2979819150389027,297.4666812702739,65.25855292420064,36.3998622041323,44.69630623241969,113.77049478955277
2015-01-25,-0.03572252757814244,0.0,304.1889697994553,64.84760944907197,36.07227884838336,44.1662236437233,113.39743202568495
2015-01-26,2.356558823045242,0.0,347.0757515965695,64.25741254590379,35.59447134503021,43.49306539113876,112.78086863057936
2015-01-27,3.196379259357189,0.0798738616696855,329.5007400420241,63.16424309252162,34.7274656262926,42.33560981032862,111.5322837024899
2015-01-28,1.39894749890904,0.04409395158804872,233.42726349846822,61.76461875404025,33.45028359916477,40.82388600748338,110.12558818553212
2015-01-29,1.920981607311307,0.07524917924889729,273.75324343049914,60.418520732281955,31.826561744933613,39.30231586410558,109.22390704077776
2015-01-30,1.3462177586373525,1.0368162900359634,191.69698594938802,58.75520914234132,30.019966813537522,37.6129606878772,107.72563240728192
2015-01-31,-0.9771632351815243,0.3228880465682954,243.80281030129967,58.24705548721125,28.782954342723315,36.93473021688516,108.09448166167266
2015-02-01,-4.2222884291803915,0.8992253714277622,305.0721974005283,59.1462617492328,28.83233734987156,37.54402300522129,110.10758302227529
2015-02-02,0.4173487985532441,2.0565882143811116,240.43316390156306,58.66149067802724,27.819440573556438,36.713685644987706,110.47995915076339
2015-02-03,2.9961575162070315,4.056273299416278,200.3507113448842,56.61084261119786,25.535660824048115,34.69261589242276,108.62609555074687
2015-02-04,1.6440282971544058,6.482672932626643,161.40006258751254,54.696406920787446,23.381930747334778,32.88782007638625,106.83459921307168
2015-02-05,3.786377650800931,4.462206832811379E-4,338.1411752365905,53.24077136390841,21.725249067183316,31.366250925214054,105.6398376993138
2015-02-06,5.176957653261021,0.0,357.97940321050004,51.67770853482577,20.143708831603654,29.885863061212458,104.0122765852228
2015-02-07,5.368456258882835,0.0,348.4415971716078,49.928996780640766,18.34133193845837,28.267136267492308,102.18604836455998
2015-02-08,4.524139092952833,0.0,352.1768329825448,48.51321464265734,16.883112523980678,26.971539952063583,100.69162245453407
2015-02-09,4.965661693055719,1.7835917658423144,326.2789215975076,47.33365833116466,15.623326274641352,25.815313295694015,99.56667557100045
2015-02-10,1.4117341091766982,0.8342641002780858,288.49720419109025,46.69562697314126,14.505724931691926,24.89644201367402,99.6741271694373
2015-02-11,0.9984409623196498,1.3359900849626815E-4,375.10380638184694,46.51126277438595,14.243609179354735,24.701784549322564,99.57549113855701
2015-02-12,2.3194092838340183,0.0,379.2620057473595,46.113543176088285,13.839588930124526,24.323255398967788,99.16475278104959
2015-02-13,3.9718068106475277,1.3359900849626815E-4,391.35535744856156,45.482348397147504,13.247698883153836,23.742479716216774,98.44513798208641
2015-02-14,5.034813033283334,0.0163794626554619,392.084097551669,44.51249273412759,12.439575839722565,22.86437240883664,97.22682668763709
2015-02-15,0.015273501408375556,0.2145311189352435,324.8262856037236,44.415086278841116,12.041017539332016,22.629567593939438,97.55871121210467
2015-02-16,-4.578313810028242,0.135009281737981,301.38025822625434,44.54853878699314,12.047827858161968,22.700185848227445,97.87773158362116
2015-02-17,-5.05680063592958,0.14956076194878967,365.72121006095193,44.69809209808015,12.047827858161968,22.739302807600144,98.28255252437643
2015-02-18,-0.364190522366473,0.0,415.9330925877552,44.69809209808015,12.047827858161968,22.739302807600144,98.28255252437643
2015-02-19,3.1740852899127083,0.1403952081486062,408.43115329402866,44.455757307794165,11.894746602507638,22.44419888810325,98.00620313995377
2015-02-20,-1.0620715241449006,3.341886179391882,227.4071017603774,45.99092828641981,11.559956642920044,23.021710620231126,102.3111937186907
2015-02-21,-4.550057431092919,2.5335702009652095,280.59788664625967,48.41771550707548,13.478046304593688,24.722141039285162,105.95594426394511
2015-02-22,-9.491371665832432,0.6045037430196685,310.2645713943465,49.02221795645892,13.557005518853668,25.077455918727935,107.31899152443638
2015-02-23,-8.34781136743335,0.01946007345581571,432.08952858006666,49.04168016577679,13.57213266871023,25.09293855165315,107.34662920891098
2015-02-24,-4.648151190925904,0.7025091626620037,441.11276471921906,49.74419939761038,13.58575984859683,25.289679674164507,109.22207594852634
2015-02-25,-4.613052846486983,1.5922826621820254,378.713242247215,51.336481850042325,14.240498481923037,26.519701204819164,112.08552958146517
2015-02-26,-8.266501556322453,1.3512510440931997,374.56320355599917,52.68772347397182,14.886779875049115,27.471286782236373,114.51948376489129
2015-02-27,-8.439496966525327,0.027602255063164636,458.305878582532,52.71532977594677,14.909477137515522,27.49302673234264,114.55770388108385
2015-02-28,-4.966013999818964,4.088629014433699,367.73217819878204,56.80397523663515,17.647339424071316,31.237052693928458,120.30101808876015
2015-03-01,-4.069854007941714,6.16962470705754,281.7471278800714,62.973597830510705,24.336827428411876,37.316852510279844,126.05562212894131
2015-03-02,0.3917909526890267,14.338508375875616,248.51789552378798,62.79075161680757,23.39789668045231,36.51221809632883,127.22658959212139
2015-03-03,-5.126091889683662,7.5418712872510065,270.5814237288654,69.92439769889306,27.725027899216904,43.30994703254957,137.4191505560513
2015-03-04,-11.037019555879386,0.06038256481914151,432.05360300429857,69.98477737011257,27.725027899216904,43.311402405718916,137.59688567554488
2015-03-05,-6.720820894018285,0.6360763744914173,469.73039014657644,70.62085548850997,27.728446131826832,43.56978459766869,139.2236064763689
2015-03-06,-1.8201495199566045,0.28202925279293584,472.699821504793,70.90288903599638,27.728446131826832,43.6320746070569,139.99847842548232
2015-03-07,0.6056764063776334,5.553527412001736E-4,480.0403814901836,70.87060616808951,27.689948249610936,43.59006383431325,139.98192716162094
2015-03-08,2.167930796806101,0.0,456.85489488810146,70.32677276755695,26.930878622767178,43.01728263516665,139.67586337083208
2015-03-09,1.9273273522687075,0.0,465.98138554568254,69.9033514038934,26.37150012983921,42.50192633347723,139.47606616360983
2015-03-10,3.061278328016665,0.0,486.5355555005217,69.32903764046803,25.637330170462693,41.780691303405966,139.2033977744395
2015-03-11,3.849584298453991,0.012198320866541856,463.47247669186714,68.2317686230944,24.441872273301477,40.51721421593628,138.36715046704302
2015-03-12,3.845489523756314,0.0,338.00672143542675,66.03933618963777,22.067114517563912,38.15463535696482,136.5213287803206
2015-03-13,5.084433772159438,0.0,471.51924004774645,64.51434852581475,20.37883970905412,36.58584908954164,135.19849653267158
2015-03-14,5.413265397571535,0.012092543980793593,503.8679418981868,63.290304429548286,18.99452690632912,35.26474520204929,134.22678305132163
2015-03-15,9.09790830956703,0.0,507.4757065125097,60.78440844898343,16.57926255867969,32.683311795875696,131.7082363788221
2015-03-16,9.64390694058163,0.0,485.7680937856933,58.132363886224695,14.02101398508391,30.19503429678427,128.80186765728232
2015-03-17,8.72549219431321,0.0,489.71502450834595,56.07233976674793,12.473631304371331,28.400589831387272,125.97947714385924
2015-03-18,7.1351155194941684,0.15307005522274444,401.2393894928582,53.96269216582536,10.621436071909427,26.436142280702096,123.47517417434833
2015-03-19,4.329764006935128,0.009298490991340263,432.50270003557125,52.89408035735629,9.516864879381465,25.339543239861754,122.46936938521294
2015-03-20,5.110780895169948,0.0,524.1696845804598,52.485372073237905,9.235524055395706,24.94384197132891,121.9240702974558
2015-03-21,6.953101478639435,0.0,511.2438706415985,51.44756954356683,8.613369753275594,24.03183959457181,120.35741157142974
2015-03-22,6.76445262547631,0.0,459.1429211959412,50.10125378414993,7.691366830657783,22.86519413215751,118.42011776386974
2015-03-23,5.557387682817077,2.8890916955605808,351.98982263427257,48.932048411214176,6.6146169711524765,21.650963718197158,117.20606861827807
2015-03-24,1.7027279236577892,3.370571143923434,341.78343890382314,49.94190265113441,6.184645117379392,21.221524641810422,121.04847714369029
2015-03-25,0.5181966611259485,1.4927360799229656,358.06396721106876,50.57914821212573,5.774339547032532,20.87238161477855,123.68596215043316
2015-03-26,3.055763752914296,0.4340079935818623,511.65589215076227,50.9541081350421,5.701434135671786,20.911683962870473,124.83028948756399
2015-03-27,7.493809641161625,0.0,530.4605359140534,50.12788231644692,5.252253511251123,20.221918471116823,123.50204641769574
2015-03-28,9.746580384578625,0.0,527.9530673604783,48.676393253789854,4.456751341533725,18.957190833242876,121.22764777966817
2015-03-29,6.9978854372581685,0.0,516.8167950024192,47.693453912170796,3.8743903581519334,18.053556990914046,119.77683714943345
2015-03-30,7.836020545359166,0.0,527.6796755627992,46.71654847020786,3.4164925942595645,17.23319093438446,118.14010653748069
2015-03-31,9.609861919597774,0.0,537.8810757840645,45.415915923264784,2.857418731967541,16.139574989470937,115.91331330424953
2015-04-01,5.492879316377903,0.0,408.90836691733887,44.38481588065458,2.280108301284616,15.078973195444759,114.47118342113859
2015-04-02,0.22758594647328886,1.1628536766826758,295.07585207624584,44.278192645409796,1.973246751683484,14.552970578125159,114.97705865042526
2015-04-03,-1.2840224185600726,0.04437619018387832,469.47092504674976,44.319691860289154,1.978151882315641,14.561931869421901,115.08651825576604
2015-04-04,2.8717842929571638,0.094592469872882,553.1455064682592,44.40723060274795,1.9781208372492558,14.561060235062019,115.347202523672
2015-04-05,6.626258153228493,0.0,535.4150608555748,43.776393298736735,1.8037517508692598,14.075215587840233,114.12875325115239
2015-04-06,7.759286348698373,0.0,502.8940612573202,42.7333748832462,1.473702752370948,13.202906980129596,112.2235229306772
2015-04-07,5.564562513019253,0.0,509.0038027317643,42.13009757005655,1.2647526557726418,12.643128506104476,111.19414321573777
2015-04-08,3.419558347963009,4.5148510122798005,347.86773903773513,41.73427929717991,1.1170627764333938,12.193079558434526,110.61156478325785
2015-04-09,2.0322771446110304,0.20651836552239697,439.1956863597323,41.48639090592959,0.965533108734124,11.763251129446623,110.45155736186379
2015-04-10,5.059904343057829,0.023683254426432643,527.973380076855,41.13809643567788,0.8519520321424089,11.372085353249073,109.91819720589244
2015-04-11,6.919262528418264,0.003952078694925793,532.2965275520432,40.49283303253948,0.7153174895837922,10.812163247133064,108.6941713723168
2015-04-12,5.640589428601091,0.10482215870285469,439.73733927512933,39.79956929643694,0.5689364113908051,10.177261179528507,107.41191678608519
2015-04-13,6.770526477359225,0.42704271104768876,547.4759748096812,39.494784252464974,0.5211677507423311,9.937623874566066,106.79271690680673
2015-04-14,8.42637130257277,1.7688266360390505,499.21239155800333,38.83440664115684,0.42324322780837714,9.4217677041122,105.44232898919869
2015-04-15,-0.1755462008812193,1.009001961775972,277.9859154868991,38.716318888496424,0.344846091727287,9.085247036515145,105.50350964864462
2015-04-16,0.9853712743633415,2.897217691854337,291.78746730295865,38.78864968387692,0.30303646437341236,8.87149153789578,105.97187100799627
2015-04-17,2.478923361659162,3.3039647910575756,264.08269275576043,38.459842813313905,0.20718215946517854,8.29930521989895,105.65962717784134
2015-04-18,1.4412978504782692,10.897511336369195,204.50549304469558,38.49514967111643,0.145407241913702,7.778531000392292,106.3436099836699
2015-04-19,3.3645558965814057,1.1007753186784959,345.66301481740237,38.14283708401988,0.10156660979096949,7.247387837323335,105.87020241861359
2015-04-20,4.641288230067096,0.32876366074548,461.0001254712363,37.664276820271695,0.07094630303365632,6.763972996097295,104.96171511032361
2015-04-21,7.055701696365082,0.012708325391325626,556.6935579714899,37.173216005763564,0.05549889782033121,6.4230352931776515,103.85934474116408
2015-04-22,8.73906302801453,0.014240051246539093,532.1034224871839,36.343420022962576,0.03651724835175136,5.872518953353316,101.96411806684986
2015-04-23,8.026838376699352,0.0,501.02597636095646,35.587931934412026,0.024893296297450004,5.38426240300495,100.22019342268298
2015-04-24,6.888654005729042,1.0660894449380343,449.7550878311387,34.94658712328733,0.018715314375937223,4.995874744792845,98.71014539058761
2015-04-25,5.716529943483439,4.613272162812358,318.14516927902906,34.19310532406438,0.014383701398144778,4.564905849879087,96.90797730978456
2015-04-26,5.960935127616633,4.414624566970096,314.32488243879965,33.46257432664288,0.010182804372152594,4.09648692981606,95.21113260493254
2015-04-27,6.206775776571733,0.9493118658679988,406.46820008183613,32.8284047930064,0.007249856124865211,3.6726899241731705,93.75453416250316
2015-04-28,7.395271196776421,0.01947285706250611,549.6198365352408,32.25527733550815,0.004980293230663584,3.3346073155568448,92.39298101803641
2015-04-29,10.674649718426947,0.030232921271774616,579.083007211676,31.562023558136538,0.003142094421593693,3.0590151200424978,90.61220833377298
2015-04-30,12.29730580557193,0.0,548.4717373826929,30.599956258417205,0.00124017147814512,2.696625369576688,88.12029368492385
2015-05-01,11.198270034914627,0.2800602423286351,539.4663575575406,29.68682279914757,4.8038262381768475E-4,2.353548351715088,85.75323334502089
2015-05-02,11.659388426111132,0.6131651084393187,502.7434975406632,28.811940602727535,0.0,2.053450206323266,83.45656575040582
2015-05-03,11.217558457240536,0.33109692640688815,507.2329940701595,27.98514586496802,0.0,1.8005554843928546,81.25507414859464
2015-05-04,9.962930324235622,0.5278312845801937,467.95537421219086,27.159458304561618,0.0,1.5640436678458307,79.04053344673677
2015-05-05,9.868011991174638,5.915553111100312,454.15176615699716,26.445471184715107,0.0,1.380811261481048,77.10435842114386
2015-05-06,7.7255279312008485,11.127173733173983,231.38645756676658,25.724856815525996,0.0,1.1909875312397733,75.15508796453682
2015-05-07,7.385018574781443,3.138102588622232,331.69270240944485,25.12533884014957,0.0,1.0346421750626875,73.53181008404125
2015-05-08,7.53721320528295,9.631994174090318,345.97098065597265,24.60929373343504,0.0,0.9047973583289536,72.12982837555796
2015-05-09,4.045650851142579,6.985184241659731,328.5162333814217,24.658036496869347,0.0,0.7990672058135365,72.37990008274873
2015-05-10,1.8147804102233553,4.813561515668989,296.08924034197724,24.775236574300504,0.0,0.7376265601524036,72.78897016993794
2015-05-11,5.709880895742397,0.7132569653552735,543.1038705620628,24.65139994901379,0.0,0.6649676025190917,72.49391111782576
2015-05-12,10.778658928093549,0.5844222614285892,539.9891860377091,24.081388375449237,0.0,0.5709949685600118,70.89600848292814
2015-05-13,10.535744528428953,0.4594767508716882,446.3156394277038,23.447363750076754,0.0,0.4523636852780708,69.13272327500876
2015-05-14,9.65723697710716,2.5187286977663224,441.2904350355553,22.919263874643182,0.0,0.37350467535295195,67.64413096352139
2015-05-15,5.717305024167043,4.911674378781472,313.4748182353079,22.570125365031757,0.0,0.2964668702363862,66.68481894197883
2015-05-16,5.425614329204539,7.4035174418599565,367.9099139864925,22.30755918386324,0.0,0.25733241532405027,65.94463188427754
2015-05-17,6.758804651611065,6.983359825715439,358.1093084893759,21.905514325951867,0.0,0.2126993529917097,64.7960022692912
2015-05-18,9.049797457089406,7.279249035327533,384.6439846957947,21.451278600035806,0.0,0.17409137874322714,63.48648059596214
2015-05-19,5.749617556942016,11.563863611303557,234.50266285325625,21.02703077402612,0.0,0.13959662558378771,62.26185160780486
2015-05-20,7.34924871807554,1.978755419476139,443.7443634888422,20.648776639022337,0.0,0.11478527969377741,61.16406118220043
2015-05-21,9.06474777544414,3.9625075307350754,424.15268963727334,20.248921767731755,0.0,0.0964141633564657,59.99574582783509
2015-05-22,8.027235466043837,7.548590666293888,304.81219444015693,19.81088853517132,0.0,0.07752451969211928,58.71464715530557
2015-05-23,7.530968774544548,4.567836069257436,365.36064799772635,19.461677682743296,0.0,0.062099144772085925,57.69368883846899
2015-05-24,4.562574618211932,8.831610547603072,234.21206988730276,19.13954218155153,0.0,0.049783339197713564,56.74998046427371
2015-05-25,8.160204431984388,2.6858637901056257,371.1976494095699,18.788565424159238,0.0,0.03822623665912323,55.71992462568078
2015-05-26,9.410152037796093,4.629616407398298,362.0253547198697,18.350196315432914,0.0,0.028081563310188816,54.42910988244022
2015-05-27,11.009074936187012,3.2014701342843632,393.52207750681663,17.85885705675385,0.0,0.01813412108148195,52.980901191497935
2015-05-28,9.644932715646075,4.492019290924954,337.1332449417742,17.467646126740988,0.0,0.010855659560528355,51.82717800015704
2015-05-29,8.883905030309293,1.9659651005684708,458.9381864503052,17.13693262312869,0.0,0.006526120225295314,50.850050219764505
2015-05-30,11.83481767628409,0.5989028305621262,571.6527067359083,16.784325078485207,0.0,0.003984384974380634,49.80616585367248
2015-05-31,15.960302584914224,0.1907163251220669,561.3724629368382,16.237822921337006,0.0,0.001595344544712182,48.18671632039866
2015-06-01,16.945736425567176,0.2981617588461441,554.1858468844298,15.641406081684929,0.0,3.78556351926049E-4,46.41796826262722
2015-06-02,15.480348708253524,0.0,564.7014346916529,15.110935105888267,0.0,0.0,44.844089211209244
2015-06-03,15.340252295515867,0.0,587.6196766406129,14.642880068777297,0.0,0.0,43.4550618814723
2015-06-04,14.954401842227274,0.0,600.5311968163554,14.198118864560735,0.0,0.0,42.13516268398317
2015-06-05,13.994759845331814,0.032994074253562745,526.9551282162307,13.746321584410596,0.0,0.0,40.79438281864316
2015-06-06,12.212329599210975,0.20802144360540725,457.8393176659409,13.354150604871108,0.0,0.0,39.63055342825267
2015-06-07,12.587187684932017,0.2503584229685897,559.2210552656134,13.013592892943247,0.0,0.0,38.61989457039633
2015-06-08,14.719186068724184,0.00857234108633702,577.768406346962,12.626543664818808,0.0,0.0,37.47126478716216
2015-06-09,16.4423537035996,0.00804168792013865,557.4738293061181,12.166320142009084,0.0,0.0,36.10547871440389
2015-06-10,14.076796795844182,2.062638739223711,339.6934631265833,11.693638748830946,0.0,0.0,34.70272194153552
2015-06-11,11.934735793308048,6.64229617380786,229.22825752108372,11.282267072020243,0.0,0.0,33.48191144605035
2015-06-12,14.70527762821014,0.052172032747632706,540.577696201397,10.92506940354959,0.0,0.0,32.42187088610564
2015-06-13,16.583142761205153,0.1725620390564288,536.3750438551717,10.51689903752897,0.0,0.0,31.2105607865693
2015-06-14,16.151195178284322,0.08741674652454239,559.5928480714272,10.13505916540996,0.0,0.0,30.07739059096511
2015-06-15,16.61910421296478,3.2670757378767834,457.9198753470235,9.738756039364604,0.0,0.0,28.90129840245893
2015-06-16,16.945437353334924,2.1499773183108157,464.3709291834263,9.355049498952237,0.0,0.0,27.7625885735436
2015-06-17,18.180077213650385,0.0,560.4517942681636,8.965935814231687,0.0,0.0,26.607832188936325
2015-06-18,19.265978176188607,0.0,558.6480898999979,8.560313747300272,0.0,0.0,25.40408456987472
2015-06-19,19.822128886423556,0.0,552.9239433075975,8.149298805040221,0.0,0.0,24.184332740574128
2015-06-20,18.961158494167865,0.0,546.4523016802808,7.77179525543547,0.0,0.0,23.064031267674082
2015-06-21,20.504411801575046,0.0,553.2191359390222,7.38984608064016,0.0,0.0,21.93053669909544
2015-06-22,19.787074637943547,0.0,539.5680480994661,6.995735698222701,0.0,0.0,20.760951824013453
2015-06-23,19.830792185714394,0.0,549.2132785097057,6.644468314700113,0.0,0.0,19.718510322326587
2015-06-24,20.625327197702536,0.0,500.08042639850373,6.281289969292005,0.0,0.0,18.64072115792774
2015-06-25,20.122645858172373,0.0,512.609725698369,5.943962917536476,0.0,0.0,17.639649794952685
2015-06-26,19.222622948100575,0.0,494.7213541707425,5.62668764560585,0.0,0.0,16.698085259120386
2015-06-27,20.586301236763607,0.14952397256106162,520.9851817144248,5.316456654674296,0.0,0.0,15.777425740968173
2015-06-28,21.572597882137675,0.0,512.1905282876747,4.9963561565152625,0.0,0.0,14.827476899588884
2015-06-29,21.073352917075223,0.0,492.61235287804533,4.68597330383725,0.0,0.0,13.906366707692245
2015-06-30,21.915826419474563,0.1520405359389038,499.60091850999265,4.400694240349341,0.0,0.0,13.059755979534398
2015-07-01,20.141343226205965,0.1591458509001044,453.5813755825836,4.1207976489100995,0.0,0.0,12.229118588237302
2015-07-02,20.407942728112623,0.013050869039375614,486.5225678993099,3.8678784657092193,0.0,0.0,11.478540921454336
2015-07-03,20.5861503438514,0.0,498.20105992962,3.6244525314178895,0.0,0.0,10.756135971847433
2015-07-04,20.86254333646275,1.6060021453302094,422.1482281006682,3.3851292168644918,0.0,0.0,10.04590619500372
2015-07-05,15.934823238180766,6.237268028137291,230.54028002245806,3.1905882165378237,0.0,0.0,9.468575016439695
2015-07-06,16.646318041066454,4.6730428667210875,322.73570699349557,3.011285296475437,0.0,0.0,8.936465250448126
2015-07-07,15.496000832620311,10.3525906794584,241.89322270153264,2.8339590438834477,0.0,0.0,8.410221557718222
2015-07-08,14.186280069525521,12.361152049538722,223.24072737523753,2.680082012942315,0.0,0.0,7.953567137940371
2015-07-09,15.286272583352515,3.1164024626679554,390.9774977747928,2.5405003213571677,0.0,0.0,7.539336398026947
2015-07-10,15.524002314526637,0.11826708141944002,405.0583295858956,2.4045781299519255,0.0,0.0,7.135965803523859
2015-07-11,15.810139884736559,2.0632333997734422,409.5937253039831,2.2750910553947197,0.0,0.0,6.751692435763902
2015-07-12,17.664578455367657,0.10814821089113053,463.50986867216363,2.128386588316806,0.0,0.0,6.316323733349098
2015-07-13,18.697665897565773,1.7032901020968156,430.4729570360903,1.9798046463790544,0.0,0.0,5.87538332742843
2015-07-14,17.7701928653016,1.9924098659974472,393.9189169013113,1.8518788060915734,0.0,0.0,5.4957431692203995
2015-07-15,16.91519793908652,1.188159979774312,436.61798857347856,1.7372718611331277,0.0,0.0,5.1556289388351475
2015-07-16,16.639236212463835,0.03496148994516758,511.0448868747852,1.6293213525064254,0.0,0.0,4.835268735755135
2015-07-17,17.985860321914203,0.10456330608010483,472.6686032150967,1.506868002619996,0.0,0.0,4.47186905810192
2015-07-18,16.04795572875005,1.2773198447356775,431.6995687592246,1.4011863465038543,0.0,0.0,4.1582420335894605
2015-07-19,15.744957300021955,0.009501561494447386,425.2807787864876,1.3002006667145607,0.0,0.0,3.858551061337119
2015-07-20,16.492877410765445,0.21489299283832639,489.32486305625014,1.1984862725509757,0.0,0.0,3.5566975139574786
2015-07-21,15.778381894536517,1.4963147564814994,373.4141217983933,1.1026484732514104,0.0,0.0,3.2722836910219963
2015-07-22,17.025698299560798,0.6532424367362013,458.81295596220565,1.0142474316612549,0.0,0.0,3.009939622461474
2015-07-23,18.312438088410797,0.0,510.0816587977843,0.9185999567228765,0.0,0.0,2.7260906171611894
2015-07-24,18.809842586331108,0.0,512.1002180666985,0.8300418933473919,0.0,0.0,2.4632805616250057
2015-07-25,18.644744270234913,0.0,516.5452496404403,0.7483678068983561,0.0,0.0,2.220899796086719
2015-07-26,19.92301287405184,0.0,516.7147670894076,0.6662899292219908,0.0,0.0,1.9773207162353743
2015-07-27,18.838844425978923,0.0,505.1835420361074,0.6023921994960151,0.0,0.0,1.7876941000037407
2015-07-28,14.27088205575463,0.0,526.3671057761718,0.5555667068867861,0.0,0.0,1.6487320468142703
2015-07-29,16.02295373389857,0.0,547.6835246697325,0.49956619337701447,0.0,0.0,1.4825416683824844
2015-07-30,18.257845505892465,0.0,545.5682876817186,0.444280258382644,0.0,0.0,1.3184719146816313
2015-07-31,19.755601049689414,0.0,525.9808485765227,0.3840798519546409,0.0,0.0,1.1398176899436492
2015-08-01,19.72603360962882,0.0,518.8535218024191,0.3271387778318414,0.0,0.0,0.9708360491747804
2015-08-02,19.83973842231861,2.6841789445756326,445.37524454574674,0.27894768295647115,0.0,0.0,0.8278213553366179
2015-08-03,17.082006611402377,5.1007917374141565,303.1531007378322,0.24134249930215038,0.0,0.0,0.7162220268515699
2015-08-04,17.036431911359266,0.007438792903918861,478.182874039569,0.21305123485730643,0.0,0.0,0.6322632263026798
2015-08-05,19.22803813318076,0.0,498.9479668011263,0.180623862360448,0.0,0.0,0.5360298711235165
2015-08-06,17.742472729503717,0.0,468.54499064692686,0.15402122857356618,0.0,0.0,0.4570823490520867
2015-08-07,16.085390385404683,0.09787844450972759,379.77130113914274,0.12945026538488463,0.0,0.0,0.38416413072096495
2015-08-08,16.649006230690752,0.01064188927658046,430.4821193152378,0.10962438073210862,0.0,0.0,0.32532768321919603
2015-08-09,16.299213739057816,0.016894023157553895,478.735781801019,0.09388184243667452,0.0,0.0,0.27860921167627783
2015-08-10,18.121815793827995,0.0,515.6319366498647,0.07822899257664762,0.0,0.0,0.23215690474663012
2015-08-11,18.682931549363644,0.4454015619621061,421.32980304272866,0.06298074383195716,0.0,0.0,0.1869053156007569
2015-08-12,19.011535347873856,0.04556057933348975,385.55297599656706,0.050777806071964325,0.0,0.0,0.15069116831514554
2015-08-13,19.961081851231537,0.004215250910192224,470.20937595393247,0.039826222996157415,0.0,0.0,0.11819061391437373
2015-08-14,21.465440130487053,0.5956478768934019,441.7643057903038,0.03038453887610002,0.0,0.0,0.09017092340435863
2015-08-15,21.43867375357298,1.2066805311721092,408.0907351924734,0.02340824177730246,0.0,0.0,0.06946765869769785
2015-08-16,19.94170289607286,1.800414339756682,403.34317663360997,0.017740751592090927,0.0,0.0,0.05264848545075279
2015-08-17,17.83799359128574,0.004858728566695478,505.18237819097664,0.014046396329152243,0.0,0.0,0.041684902070359194
2015-08-18,13.407783982945759,0.0,481.8736540865602,0.01236489946434498,0.0,0.0,0.03669479425205465
2015-08-19,11.995240623812613,0.012421578861816718,492.99331765864986,0.010978965343219417,0.0,0.0,0.03258181560890005
2015-08-20,16.01910861757003,0.0,483.1254043736906,0.008728284266349938,0.0,0.0,0.025902563644024216
2015-08-21,17.732803415730466,0.0,514.0474015138038,0.006533502880582894,0.0,0.0,0.019389202851144736
2015-08-22,17.474935014723876,0.0,470.0260018114218,0.0044554482470182365,0.0,0.0,0.01322224715182289
2015-08-23,16.009389249732273,0.0,516.4419374124666,0.0032586695050848126,0.0,0.0,0.009670617004961343
2015-08-24,18.84576462234007,0.0,493.0958599825824,0.002670942821452183,0.0,0.0,0.007926445142138663
2015-08-25,20.47006032169511,0.0023082911785185572,495.2050800543689,0.0021946073791222925,0.0,0.0,0.006512844400647901
2015-08-26,18.46443808516093,4.086414848633258,328.8223622700292,0.0017500087564235147,0.0,0.0,0.005193427689519569
2015-08-27,17.01539600462746,4.454238414651921,299.7397698351963,0.0014740361091342949,0.0,0.0,0.004374435222927021
2015-08-28,16.398790638443252,0.09817991815190112,464.97821161929124,0.001220633848366655,0.0,0.0,0.0036224239470822777
2015-08-29,18.855367302275145,0.05849717101207109,470.4716128608789,9.839844363684624E-4,0.0,0.0,0.002920129398858597
2015-08-30,18.765907856373587,2.194646356132024,380.1353024992241,7.822384440601816E-4,0.0,0.0,0.0023214162673627775
2015-08-31,16.568528794625315,3.38762786762793,318.98251072452825,6.158924796253036E-4,0.0,0.0,0.0018277583159011554
2015-09-01,16.651376041317587,0.8734853704079583,426.38893512853434,4.581387651486169E-4,0.0,0.0,0.0013595992247648614
2015-09-02,17.16496114745104,0.7562852082466643,425.6848353855227,2.677345073861696E-4,0.0,0.0,7.945444838464074E-4
2015-09-03,16.851644114102495,0.17154663411790336,367.20536495283767,8.76409479347103E-5,0.0,0.0,2.6008837045482535E-4
2015-09-04,15.76669143537971,0.5230309163873568,378.6444296826258,0.0,0.0,0.0,0.0
2015-09-05,15.844292218975841,1.2421589018219268,363.08936910989837,0.0,0.0,0.0,0.0
2015-09-06,14.004686718933504,0.39778552956812696,438.22735028593513,0.0,0.0,0.0,0.0
2015-09-07,14.556131992937177,0.36149124152294376,396.24523343924994,0.0,0.0,0.0,0.0
2015-09-08,13.374548761889072,0.025236909157942508,457.3736615375132,0.0,0.0,0.0,0.0
2015-09-09,14.72344837516481,0.0,466.03677070815814,0.0,0.0,0.0,0.0
2015-09-10,15.61306769258886,0.0,465.549976936648,0.0,0.0,0.0,0.0
2015-09-11,15.342934886916302,0.0,455.8360390679466,0.0,0.0,0.0,0.0
2015-09-12,16.83416400523258,0.0,458.53145272594855,0.0,0.0,0.0,0.0
2015-09-13,16.358620758127884,0.0,431.95429053643517,0.0,0.0,0.0,0.0
2015-09-14,14.829611466133434,3.802214918403753,287.9042057256666,0.0,0.0,0.0,0.0
2015-09-15,13.43496816168805,5.456569004123322,216.66873288564588,0.0,0.0,0.0,0.0
2015-09-16,12.671590288324934,6.213787184157443,261.03242359869154,0.0,0.0,0.0,0.0
2015-09-17,10.864116231160583,5.439614232515916,252.17183642040166,0.0,0.0,0.0,0.0
2015-09-18,9.683239507137612,1.3202433820297048,323.4700024610132,0.0,0.0,0.0,0.0
2015-09-19,10.626243358772333,0.0,424.81600420352135,0.0,0.0,0.0,0.0
2015-09-20,12.196029015768831,0.061155829469704076,433.4877423500069,0.0,0.0,0.0,0.0
2015-09-21,14.614459982772987,0.0,440.549576615568,0.0,0.0,0.0,0.0
2015-09-22,15.401623969185723,0.0,411.82103324342194,0.0,0.0,0.0,0.0
2015-09-23,16.30301145976569,0.0,416.68263856082774,0.0,0.0,0.0,0.0
2015-09-24,16.082125198995058,0.0,429.67415829674496,0.0,0.0,0.0,0.0
2015-09-25,16.39748069809731,0.0,426.15227045019367,0.0,0.0,0.0,0.0
2015-09-26,17.045758859123364,0.0,415.24523530531627,0.0,0.0,0.0,0.0
2015-09-27,16.81826805660387,0.0,398.6765786671692,0.0,0.0,0.0,0.0
2015-09-28,15.17087598411786,0.13050175184011387,348.6125082212784,0.0,0.0,0.0,0.0
2015-09-29,15.698098193887644,0.016715373392088596,366.8275969939265,0.0,0.0,0.0,0.0
2015-09-30,15.37460637249995,0.0,310.5412783856125,0.0,0.0,0.0,0.0
2015-10-01,17.6528299000991,0.10534709351798675,338.28280875391795,0.0,0.0,0.0,0.0
2015-10-02,13.953338500494743,0.0014919855219389234,383.4662696037858,0.0,0.0,0.0,0.0
2015-10-03,10.386570780778825,0.04333497282428517,334.3338008323356,0.0,0.0,0.0,0.0
2015-10-04,11.392873942564588,0.0,370.2925026123043,0.0,0.0,0.0,0.0
2015-10-05,9.699842722521598,0.794063134838481,263.3087330185531,0.0,0.0,0.0,0.0
2015-10-06,11.373743120075533,0.05008470277729287,290.4874142270858,0.0,0.0,0.0,0.0
2015-10-07,10.981812266226868,0.0,357.27536040788755,0.0,0.0,0.0,0.0
2015-10-08,11.16871888380008,0.0,348.5911332780964,0.0,0.0,0.0,0.0
2015-10-09,11.573320413410583,0.0,358.08613243465686,0.0,0.0,0.0,0.0
2015-10-10,13.467641408506605,0.0,380.1313630973612,0.0,0.0,0.0,0.0
2015-10-11,13.326718020287785,0.0,359.43531817480834,0.0,0.0,0.0,0.0
2015-10-12,11.32670393841931,0.0,374.3952053090247,0.0,0.0,0.0,0.0
2015-10-13,12.310086100642547,0.0,375.45018731385943,0.0,0.0,0.0,0.0
2015-10-14,12.790934170079897,0.0,366.8511927897567,0.0,0.0,0.0,0.0
2015-10-15,11.773155640563532,0.0,361.32379510344873,0.0,0.0,0.0,0.0
2015-10-16,11.519797041085619,0.0,371.05369353539976,0.0,0.0,0.0,0.0
2015-10-17,12.299557603586154,0.0,333.88419320024855,0.0,0.0,0.0,0.0
2015-10-18,11.397379524344622,2.207919252608906,216.09866630936259,0.0,0.0,0.0,0.0
2015-10-19,10.311304280907837,4.730611821836157,167.61703565972635,0.0,0.0,0.0,0.0
2015-10-20,8.940876435490635,1.3849563258140538,224.4106122826523,0.0,0.0,0.0,0.0
2015-10-21,9.057752779751569,0.19562255243429985,238.61195497850457,0.0,0.0,0.0,0.0
2015-10-22,4.3056555693550065,10.973575203816798,123.7489315060589,0.0,0.0,0.0,0.0
2015-10-23,5.780985538686282,1.4226787429074716,209.44019329802026,9.524613989801003E-4,0.0,0.0,0.002826579801103978
2015-10-24,5.959400328533438,0.05045240908537599,310.0198590355809,9.524613989801003E-4,0.0,0.0,0.002826579801103978
2015-10-25,7.610674429653996,2.100205002952159,272.0895462647729,6.571457532114577E-4,0.0,0.0,0.0019501839280812406
2015-10-26,7.444135556845486,2.795848021817426,191.7250372518151,3.3955314402160696E-4,0.0,0.0,0.001007677643756014
2015-10-27,3.4026972609721535,1.0353774502322957,218.8545512119736,0.18491244901162526,0.0,0.0,0.5487569301061505
2015-10-28,2.165010109339132,0.10495011027891367,303.30343200570314,0.27225032047118736,0.0,0.0,0.8079458731996559
2015-10-29,4.066920797022634,3.145782744204337,183.16817516988357,0.20580446743563585,0.0,0.0,0.6107572981471384
2015-10-30,3.8652106457954947,0.8309092426769609,186.44889164103844,0.17391766365442762,0.0,0.0,0.5161281661043687
2015-10-31,5.575425373565971,0.04390080812913003,257.6199135980953,0.10595149535092727,0.0,0.0,0.3144278151076546
2015-11-01,7.5647388796571375,0.0,295.1280706268688,0.04956938567099877,0.0,0.0,0.14710498970437064
2015-11-02,9.136579527171302,0.0,300.4980448402298,0.013057700937708002,0.0,0.0,0.03875079216743464
2015-11-03,7.902429718599305,7.035372648862573,235.5482957642118,0.002337012352545179,0.0,0.0,0.006935453675821572
2015-11-04,2.514323421430924,8.545721050578942,133.79291844069272,9.09340870410887E-4,0.0,0.0,0.0026986128145182974
2015-11-05,-1.7551095991256938,7.201276045828845,93.0040683900964,1.0493801950149217,0.0,0.00694444110656279,3.107277592606958
2015-11-06,-2.403864772784974,5.0147891690358835,161.40264290478265,4.752405498723803,0.45358412699635486,2.165752597002111,11.503872760120714
2015-11-07,-2.392631887643694,1.0512205837505817,289.44055601292325,5.803655061327572,0.689135002971859,3.2094165005527993,13.354397132190536
2015-11-08,0.8023301477205288,0.022711831444365584,295.98625934639483,5.717430348518843,0.6711157536549139,3.1085757772558713,13.216545790397063
2015-11-09,3.168553416627846,0.328883728632628,291.24096776668824,5.491359030768231,0.6218977766468577,2.85033991316462,12.850892010898617
2015-11-10,2.043239638167919,7.967863289323237,198.64337176796994,5.019070810786466,0.5662910395427648,2.548174022488115,11.804552627044533
2015-11-11,-3.4147808625941667,1.4649411057857424,166.17174718047258,6.316879054917761,0.5636865143925867,2.761415760769516,15.445915825541602
2015-11-12,-3.64276991998865,0.0,258.0749725839688,6.316879054917761,0.5636865143925867,2.761415760769516,15.445915825541602
2015-11-13,-2.025094476044154,0.11295447032530906,297.46679276306145,6.429393404052968,0.5636865143925867,2.761805451082717,15.779431400319977
2015-11-14,1.0724488534939671,1.3359900849626815E-4,305.89952874026494,6.274333609641239,0.5420725646161815,2.630729522896056,15.470936529827956
2015-11-15,1.5251002385620458,0.1399571771340366,288.50226770463667,6.041408794941219,0.506774223796427,2.429074199367355,15.015019128625461
2015-11-16,-1.4508409567355902,3.171913422118709,152.24581507463319,6.545524790261653,0.6109062495359718,2.5958357610642198,16.24372110081567
2015-11-17,-3.195010495514702,0.30699201044379587,173.9692558092493,6.814491335268111,0.5401525919173797,2.6969151609965714,17.00981210761095
2015-11-18,-0.4954993848696554,0.5842859505577285,198.00515245588772,7.0834880147398875,0.4251239091655256,2.446306781429387,18.16962119775337
2015-11-19,-0.3408994265131077,1.3907772068049193,212.14615601045904,7.562862709820404,0.38293520335781356,2.3817993755738396,19.697507549596764
2015-11-20,-3.0028719369163728,0.7522559160098641,268.16993577319505,8.30086198272475,0.38577501625803245,2.6446576834735187,21.622793922725492
2015-11-21,-6.698092863613307,0.1306163391824412,300.7375187780306,8.4314857803568,0.38577501625803245,2.6446576834735187,22.010440695944464
2015-11-22,-1.042853993021225,0.017568804046484785,299.7613815367835,8.443539695214977,0.38572763205208516,2.641051853896491,22.04985383196747
2015-11-23,0.8817438652858077,0.07702439708207537,289.70031304929904,8.280802792514965,0.35920528206500235,2.492884152185049,21.740381599126856
2015-11-24,1.907653838200234,0.22315745939517634,254.808205309044,7.8933549788353305,0.3040952669495065,2.1483773768660113,20.987554040966653
2015-11-25,1.3126166928628993,0.54177389080454,259.74969152176214,7.992191553132022,1.1274492809051364,2.318084301354941,20.312516723721078
2015-11-26,-8.177840551086376,2.230545810513753,179.02023520873271,10.222784195005882,2.993907305552426,4.364986546167239,23.07968715834169
2015-11-27,-9.578438257590298,2.0621575756843633,208.92238699433514,12.284944515603167,5.314371467037375,6.199985538776457,25.117634228161933
2015-11-28,-8.837079567162323,1.3000239824196225,228.26311868442002,13.584974623614617,6.5842928489461565,7.708210583288444,26.23930373994063
2015-11-29,-9.8324703956234,2.5378998928885896,192.8939735512369,16.122926059834697,9.653602435174891,10.271368541120724,28.236390145590853
2015-11-30,-11.137666268216403,1.4831346185595806,176.9466677778851,17.606051126021374,10.236888231078327,11.447753942619519,30.89873231199145
2015-12-01,-10.585559616942785,0.005903472988962016,268.20606242361913,17.6119529960531,10.244649514815482,11.455496850904874,30.900993813076695
2015-12-02,-8.012202124460343,0.6416115501216252,279.07302220264216,18.2535257488446,10.312380196059602,11.906448109026867,32.28959569597103
2015-12-03,-3.5057424690982906,0.02439561904205024,273.79126155907716,18.277521238898668,10.312380196059602,11.906443337199159,32.36081086460664
2015-12-04,-0.6168005694625213,0.0,256.1105820827617,18.08879851458119,10.246979533898976,11.750136722784776,32.02007164008971
2015-12-05,-4.209763610139063,0.002704578354842135,238.30678999324604,18.091503627044283,10.246979533898976,11.750365765053974,32.027871118983235
2015-12-06,-3.506431362477929,0.0,277.09733927203587,18.091503627044283,10.246979533898976,11.750365765053974,32.027871118983235
2015-12-07,-1.7579471387852985,0.49493461762730856,246.90648184569477,18.262227089180012,10.229626935570204,11.771116379845669,32.5306725823126
2015-12-08,1.047861066849095,0.008053662582763271,218.4514205801947,17.435784086159423,9.671942757391758,10.825928755066267,31.56177027581699
2015-12-09,1.8417378242287503,0.007945211622925122,227.27540757730387,16.45610288475911,8.819161844177396,9.694009957771824,30.61071134682237
2015-12-10,0.5941109302168507,3.2911652544552576,192.3250360743338,16.497714665853657,9.595409846086417,9.656227222471937,30.01845187923736
2015-12-11,-2.7554336836599087,7.945556539586409,86.29215426453777,17.156257529697207,9.050373922945537,9.207309072454368,32.94939063060522
2015-12-12,-5.994613887936786,1.4933297849470195,156.59951551801498,18.641893406829873,10.18708534397078,10.552862106040473,34.91336185338846
2015-12-13,-8.46630476329153,0.1660447257936976,248.58241749897823,18.807926617582588,10.18708534397078,10.55342835018666,35.40552707654596
2015-12-14,-5.697283966738537,7.545546012781951,164.1295445438073,26.35351966677302,17.529391872802037,17.391916765819033,43.853457976715184
2015-12-15,-8.148967765743267,3.6663429654954727,115.18456136284348,30.01982113200712,19.713652414811676,20.46980300835069,49.54490625594643
2015-12-16,-9.16436802069835,3.8731743202539217,111.74034317149633,33.89300094068711,21.90744225363863,23.813470242126975,55.576048699515056
2015-12-17,-10.5843974836032,1.973789231279539,162.35875992729106,35.86681137590193,22.14781493194444,24.864824575519304,60.15207046593858
2015-12-18,-5.941863941513693,0.5703368452175335,245.12902306081077,36.43712970755037,22.149287124648538,24.974723620841058,61.73357488443146
2015-12-19,-3.2723345543491265,0.2613554820177265,233.6162082535213,36.49806376240725,22.16215451439342,24.97466709341406,61.90197369034509
2015-12-20,-3.662891301600634,2.6711563036124035,177.62290521151084,38.62367111288385,23.63948195480416,26.583505128824402,65.17204963721099
2015-12-21,-4.114768682581926,6.682302096896334,133.4981790222945,44.796836203169406,26.229988930400733,31.32846293515053,76.24653321821258
2015-12-22,-3.7246057262920513,9.812142805428563,124.09877646456572,52.44146322608048,30.699641376849524,36.51520578895512,89.423438885588
2015-12-23,-8.691059180361497,5.986449143876978,162.96945854986188,58.427977110201205,35.80924018450925,41.768918887645995,96.9917305009259
2015-12-24,-12.637970724397231,1.3803202657739404,236.55732648431953,59.80826875590986,36.21725659169343,42.88812728602362,99.57602266629007
2015-12-25,-10.723002222943874,5.517060329844062,199.65722381676383,65.32534258082241,40.46907712490152,47.89742034052883,106.82743295169949
2015-12-26,-14.78476008539653,0.11175825334174673,246.62971295811914,65.43709061491964,40.51622161305325,47.955921605482686,107.05497523102531
2015-12-27,-16.116068264975404,0.13240080233188187,294.3675980412322,65.5694910861051,40.51622161305325,47.96051199755586,107.44331764400447
2015-12-28,-15.20629654072717,0.0,284.0347943718751,65.5694910861051,40.51622161305325,47.96051199755586,107.44331764400447
2015-12-29,-13.082660952655942,0.46331844837735947,267.18380283881766,66.03280803828201,40.98282088550979,48.27415751446983,108.0526809702418
2015-12-30,-13.866308033696141,0.4465724751823057,242.8249838819578,66.47937727220821,41.350887121772764,48.774831660300414,108.52149854030571
2015-12-31,-15.766633330636243,0.0,285.1998317975255,66.47937727220821,41.350887121772764,48.774831660300414,108.52149854030571
2016-01-01,-16.5446527125257,0.21422916254886137,286.46831180609263,55.24200596375671,20.929967479224842,35.392273430564536,108.33650581632168
2016-01-02,-13.763745599004817,0.3916103074424635,290.27619892332604,55.6336133893093,20.929967479224842,35.55453252963876,109.33687987926766
2016-01-03,-9.301609244006368,0.0,286.36275074286203,55.6336133893093,20.929967479224842,35.55453252963876,109.33687987926766
2016-01-04,-6.4051061430206095,0.0,282.5352851220808,55.63355564224813,20.929967479224842,35.55453252963876,109.33670850573289
2016-01-05,-5.187364542270711,0.23616844175465662,255.53772607678727,55.869712253835374,20.93354583976561,35.72036246726643,109.86872420868647
2016-01-06,-2.977978025614592,1.735695289065656,204.41964414414264,57.53196135416414,23.00758605652006,37.580656602724744,110.93382794377024
2016-01-07,-3.0968483192118814,4.752090921103975,104.21515746890576,58.54025291128353,22.534641369743074,38.23756722453746,113.73014667303984
2016-01-08,-6.072153793413726,0.9951199369044562,185.75596633623357,59.535381838781355,23.370723960289684,39.264914867425745,114.84752069946626
2016-01-09,-8.175645892112282,0.8313833817752095,192.76864412996252,60.366777454403476,23.544099596609183,39.761891230424325,116.65102366308123
2016-01-10,-10.108265548181405,0.2122105069901558,239.8608509255812,60.57898840917731,23.694462624055856,40.02322235471112,116.87428777264877
2016-01-11,-12.29944087184594,0.0,272.9102747959301,60.57898840917731,23.694462624055856,40.02322235471112,116.87428777264877
2016-01-12,-10.684942156227075,2.671980169925363E-4,296.30517014561724,60.579255607194305,23.694462624055856,40.02322235471112,116.87508072501255
2016-01-13,-7.443216749265987,0.028784238586433572,306.894987340787,60.608037244455495,23.694462624055856,40.02322235471112,116.96049478442983
2016-01-14,-8.566046544307362,2.038555894539609,244.85448924450498,62.64655577490878,25.175862932019484,41.6697721272045,119.9305667325506
2016-01-15,-8.046943584616075,2.8052124170998334,197.21275084576922,65.45176581434225,26.632324212897505,43.91203759774536,124.60615524651993
2016-01-16,-9.155631576840538,9.225686873052862,216.84523456435642,74.67745972179368,32.16930410180567,51.81387252910073,138.7320626991618
2016-01-17,-4.667411112669181,8.31623057701672,193.4741040837066,82.99286630479634,37.86646708665569,58.76009236519502,150.95388649994297
2016-01-18,-3.1409737383667884,5.9063441046549015,181.8657870933839,87.26632085729929,42.449181781742574,62.44692980534779,155.51207080648823
2016-01-19,-4.485660576823764,2.1618478125732516,216.32730311092038,89.42817385700735,43.868482869423616,64.13166340957974,158.8703585924679
2016-01-20,-5.4239699690356185,5.973559414813941,183.7925415172568,95.40171688262147,47.54886204543757,68.84733842487726,168.3238066842285
2016-01-21,-7.780241703141044,0.06452460760673001,279.68151271241067,95.46623565103245,47.56186342734634,68.87744796783564,168.47263610526932
2016-01-22,-5.7988124367182206,0.5271286274610152,324.1678546830514,95.99337627270032,47.56692214400586,69.11895422067091,169.79130182812102
2016-01-23,-4.033362017956838,0.8886209630871089,303.7697290790043,96.87829287883258,48.81077812274273,70.42213102489549,169.9108017371342
2016-01-24,-4.664783037004513,4.50877483482631,176.40972575981186,100.69336856457042,51.97435999085072,73.43577656877638,175.15729080343357
2016-01-25,-7.09671815855783,1.859516847285878,237.7534000793468,102.55292726898821,52.92493584029467,74.89490973699147,178.2983522240273
2016-01-26,-10.789056532347601,0.01099126901664004,328.1811579515272,102.56391853718941,52.92493584029467,74.89490973699147,178.3309705503126
2016-01-27,-7.877966492668233,0.22361813135872566,345.5935003383398,102.7875480401775,52.92500773344371,74.91760083986964,178.97193217315981
2016-01-28,-5.150571044004675,0.754404094876836,332.8383596020865,103.5419439106025,52.96119165906804,75.42741282370058,180.66728557820443
2016-01-29,-3.464275737621083,2.855740211001185,273.8327971507487,105.93285862334207,54.032727573867724,77.71005515583302,184.44673469749384
2016-01-30,-2.3077472304416955,8.59329945467712,243.15605743388394,113.71888975675195,58.67205449247243,83.70313873377101,197.07462034099754
2016-01-31,-8.685312815971455,3.4812837594607684,255.00301618026316,117.20016335864723,61.88899077519502,86.5530549210536,201.44196235847116
2016-02-01,-8.04506664178045,7.491810868659302,185.30873454859153,124.69189089761791,69.70076801193166,93.94418879624538,208.723350345614
2016-02-02,-10.231306803984545,1.734694871111414,226.118392959378,126.42658427390806,70.79396853493047,95.36467368519487,211.39395850794364
2016-02-03,-13.988682758384664,0.2848423197802811,330.53865952544487,126.71143397321708,70.82370160089853,95.55893990432658,212.01674024948983
2016-02-04,-13.534623862304208,2.220370363081428,330.6074590094143,128.93176810982177,71.66243820279296,97.29193521132784,216.0639518046508
2016-02-05,-10.390598388055947,1.8166616785344754,332.0737699841209,130.7484749807442,72.40681559447059,99.093029898086,218.93702049738997
2016-02-06,-8.11605459234549,0.03584051058549207,396.94698668332217,130.78432115368898,72.40681559447059,99.093029898086,219.04339968346653
2016-02-07,-6.130959304356809,0.0,353.03236682396323,130.78432115368898,72.40681559447059,99.093029898086,219.04339968346653
2016-02-08,-4.692128292781381,0.0,373.94651434367455,130.78432115368898,72.40681559447059,99.093029898086,219.04339968346653
2016-02-09,-4.0428454103823865,0.0,389.2301366546544,130.7835303199907,72.40681559447059,99.093029898086,219.04105275942314
2016-02-10,-2.756476907680045,0.0,405.15485318771516,130.7497649266888,72.40681559447059,99.08275803920769,218.95109032838735
2016-02-11,-1.7422163928165497,0.0,394.5625516029485,130.5835879618347,72.32638091469217,98.86027453187211,218.75783379501144
2016-02-12,0.2957749161101379,0.0,386.41733647411303,130.04089737968246,71.94005035767933,98.26002511945333,218.12077117456994
2016-02-13,-0.9656743555024129,0.0,379.9768866870157,129.85636059665092,71.77572191369008,97.98099124927987,218.01084007140915
2016-02-14,-3.0358894121910285,1.346820406770249,304.312430734241,131.0656134101655,71.82282555890141,98.56924622528014,220.96724199901828
2016-02-15,0.21254885411213068,1.5091138730664626,277.6778151414583,130.1403730412639,71.00044813711001,97.48271180819108,220.10298424976193
2016-02-16,1.646815388372173,0.09409143651840939,300.0180606623464,128.66173009343015,69.39964731724088,95.71140888181091,219.03470793757634
2016-02-17,2.060964007278711,0.100514409551968,404.48589757648523,127.92861217224645,68.64350381847595,94.85675908584315,218.44511367634544
2016-02-18,1.124975923845463,5.849487209477013,327.9402154334876,130.09636874952645,68.85453060281272,96.2936161742099,223.24081284419688
2016-02-19,-2.1799304354374325,0.3165970959419878,395.99227110245585,130.37303831813713,68.8410962228367,96.26507874473702,224.1033665260137
2016-02-20,-1.4172462605448306,2.671980169925363E-4,410.73820075388585,130.3226159400015,68.81347422446039,96.15259670671954,224.0926917831822
2016-02-21,-2.885185166237237,0.0,429.1030731107535,130.3226159400015,68.81347422446039,96.15259670671954,224.0926917831822
2016-02-22,-2.9124269080762613,0.2046735893235348,336.75920881914806,130.35519888204067,68.68835077920117,96.03241566756793,224.43065907732034
2016-02-23,-4.621923807412753,0.0,394.83265647854125,130.35498620717158,68.68770051042841,96.03241566756793,224.43065907732034
2016-02-24,-5.819854809876492,0.011824046685667059,467.2932912561945,130.36681398898165,68.68770051042841,96.05114466022323,224.44708586425932
2016-02-25,-2.3952538985799983,0.17586005229978754,458.6559714686431,130.54267056429325,68.68862206065032,96.14615593711399,224.87334117469538
2016-02-26,-0.33985043576688845,0.0,466.1788797508629,130.4730093651643,68.62871637578556,96.03864581877535,224.83194918003286
2016-02-27,1.6057851218216885,0.004853573391017365,459.28631870084644,130.00123001491983,68.19067320855183,95.44493277012049,224.4490015681134
2016-02-28,0.3994316556726154,0.0,425.26670705645853,129.6380184754567,67.70029059655349,95.02118082302233,224.26958410822567
2016-02-29,-0.6933112050382427,0.41834463997621013,385.41738801289017,129.6556419453674,67.12539285168191,94.62720407730134,225.27269673349974
2016-03-01,-1.2958743001976347,0.6588519974004682,424.1851996260575,130.25700905314844,67.07206673883374,94.95217393231644,226.78509054707644
2016-03-02,2.172466751173717,0.8048022551938033,377.5347664568954,129.09111832255965,65.51856128021765,93.5991903936103,226.18195966524775
2016-03-03,2.208994483034061,0.11635717934875921,470.74509585892076,128.64183387901207,64.86931971227955,92.97574492152114,226.1004020924043
2016-03-04,3.935007004877527,0.0,440.34695746975405,127.15940365082619,63.17415851886734,91.42896741463765,224.88860547284202
2016-03-05,4.687431646238459,0.0444687893633733,454.14638736152915,125.55831343117364,61.43869042517362,89.76938287040926,223.47626412556548
2016-03-06,2.8247661250063736,4.849753203117083,270.3758425468384,123.79313627723273,59.6654704410681,88.1163849762731,221.6070432563039
2016-03-07,-0.6685270892257151,5.593824976966473,193.0535691774167,123.18617760879346,58.22861648870727,86.95902585079588,222.3543602292783
2016-03-08,-1.308834565457663,2.824139185373819,366.56222054959056,123.91329623793366,58.49412539803462,88.16806018325651,223.04901265886232
2016-03-09,-1.7805652832946497,2.213074886388475,377.23103859973264,125.51548147185399,58.8588500672776,89.53812111677348,226.0837114699444
2016-03-10,1.5944229574426572,0.7564234492127456,504.2414675308388,125.82785661746836,58.65904930171736,89.58677547969947,227.1561477558277
2016-03-11,5.879114498135381,0.003113391280746399,518.6930133801987,124.28365558172115,57.00039887073927,88.07350730163269,225.69218842466486
2016-03-12,6.38099416793088,0.0,455.268624405824,121.83342577878715,54.361276648067964,85.73014340492001,223.31874400685126
2016-03-13,3.713111273689053,0.2132485274693997,457.4297990416133,120.37869721169191,52.73508856119309,84.27763314166826,222.02822105134885
2016-03-14,0.890050202838451,5.113809673446526,330.74911348206194,121.42980038718656,51.36942774215419,83.37688615173909,227.37114014208794
2016-03-15,-3.4004775303088093,2.335276362804675,325.50464706152235,123.73651203424824,51.7308341452836,84.48277261160868,232.7632523264601
2016-03-16,-3.3621350610197984,3.2454289303345196,336.07263163094285,126.88856323273635,52.16252619072716,86.49692310794768,239.69022612935012
2016-03-17,-2.4119406543070423,3.79656213581458,371.90897011402535,130.322052273461,52.007439442325364,87.98590891137873,248.5455580127471
2016-03-18,-4.636893576318835,0.3700538086773558,467.8602686427211,130.69181440987177,52.00938644499827,88.13369221588165,249.49364628914645
2016-03-19,-4.071928043042682,0.0,548.6060932440337,130.69181440987177,52.00938644499827,88.13369221588165,249.49364628914645
2016-03-20,0.7919970457777461,0.7437119806472761,583.62012102306,131.43552549972225,52.0411031365808,88.58524945825727,251.21971055650968
2016-03-21,5.798561234083306,0.20061586335508116,544.3891553027142,129.94035921838037,50.55688270142558,87.04726400854962,249.75661381402247
2016-03-22,3.079845974616968,8.831559742319232,361.7926411635177,128.7621105908978,48.93031689176539,85.72863036612468,249.1534716982361
2016-03-23,-1.5093749782630232,6.619653650341542,233.72460129916558,129.91577818459652,47.97313633780842,85.17605804628725,254.05714601489282
2016-03-24,-1.84397975293809,2.574763074492893,392.2145289296347,131.74050658563056,48.33645345017177,85.76896660707668,258.5285145688276
2016-03-25,-3.048129128623738,2.3555987058046077,370.1772555151414,133.71102365211303,49.74651397550946,86.91093146819013,261.8691273391888
2016-03-26,-3.2864932592961074,0.0,531.9593431184295,133.71102365211303,49.74651397550946,86.91093146819013,261.8691273391888
2016-03-27,-0.897649046076863,0.5526235430715489,586.0498957272974,134.2636317661707,49.74836361441396,87.07636054437955,263.34234048188915
2016-03-28,4.027892476332405,0.47408729153492546,548.0140088965271,133.22970364116804,48.5716685883366,86.04745964002275,262.4419684413565
2016-03-29,2.3422585326053724,4.785101732370673,383.7638857800206,132.5718098393393,46.963877493634364,84.92054337487237,263.1736842265908
2016-03-30,-2.4529378915868487,5.793891769055271,273.78653925485986,134.99717308601143,46.267708916343,85.84440790974206,270.1258763545975
2016-03-31,-1.393982042954731,2.7664387087887623,390.53016807994044,136.30099008212673,45.5401196138875,86.58798127682444,273.9599614234878
2016-04-01,-0.9018291256956549,0.1844552301011477,564.3928969915582,136.45275119849944,45.45446748787076,86.6520963945253,274.4295429348256
2016-04-02,2.511765841280738,0.24266272773448852,599.2515754318222,136.3670271558193,45.03106780759658,86.37802023079645,274.8593638276869
2016-04-03,5.6405787844372215,0.0017159456850020193,608.360619115159,135.20843187713555,43.78237771967423,85.25925050195751,273.74850527017827
2016-04-04,7.6012237492523305,0.41856049005916773,584.7048752130241,133.12282787852237,41.62776435542551,83.2983736123792,271.60552022406137
2016-04-05,3.6274899294668423,0.7839844275691874,428.7210230512381,131.70442890546227,39.422486512325456,81.4807012121528,271.34896196967685
2016-04-06,4.788450095031731,2.671980169925363E-4,629.0260266224926,131.20200431298343,38.831467198607086,80.92892729550067,270.9817312820501
2016-04-07,7.4640780221125995,0.05224558668468286,603.9476944315008,129.56161537778289,37.08531563117595,79.37782181315434,269.3549733957659
2016-04-08,8.326029465619929,0.0,614.8282112516931,127.66206465630457,35.216048832167786,77.6195732122488,267.2851418928389
2016-04-09,7.82601828205412,3.377032711806886,415.71401300689087,125.02040528069678,32.739106203924976,75.20446950796187,264.2577188368157
2016-04-10,7.761188158976747,4.18165122886887,389.2972459331706,122.24379472809915,29.965275693586147,72.50873958816385,261.39776673499944
2016-04-11,7.580799297318648,0.227928670605989,503.9561157391562,119.79165868303473,27.630741997262074,70.14847129288873,258.7398885455382
2016-04-12,8.615917884054772,0.2359487979344745,553.8442524262736,117.4459584136422,25.607077944845425,67.92316504782339,255.9615815018067
2016-04-13,9.240441473134021,0.2646035702367101,573.6567359215021,115.13459538348607,23.598689711743923,65.70804261109436,253.26019512158408
2016-04-14,7.215952744563684,10.919271424184762,443.2807207873479,113.5330019098764,22.06135098176904,64.09838229100197,251.60427961677297
2016-04-15,1.3892510561397151,6.471706374633914,262.6927533796214,112.36644182984874,20.922394852571554,62.895306664193185,250.44733571493197
2016-04-16,-0.3793463017705675,4.952626052971871,163.20868995084956,111.77675507881003,19.77246015540204,61.750758690004176,250.95465446849244
2016-04-17,-0.5999812670306367,1.862438696421547,301.53451301746736,111.68476178294526,18.972451570467268,61.04891927166713,252.15791214843156
2016-04-18,0.8187839525403017,0.16004734561082198,479.9037376549758,111.35872058871541,18.27100797723294,60.54493205831729,252.37365765774632
2016-04-19,1.0928433382804807,0.9861996306567086,461.65556880776734,111.18156295823735,17.67700016584007,60.01429346311665,252.95353543238025
2016-04-20,6.470174191164815,0.843423748953433,546.750486754406,109.5990972269245,16.356879340567893,58.4740387346673,251.07435245916966
2016-04-21,8.537427508880628,0.0,642.6119965036816,108.09839991617315,15.170232959849796,57.02757541419138,249.21476470130997
2016-04-22,11.381180472672549,0.21250319882882515,621.6574483254584,105.78500994656326,13.540534948666508,54.857200049943046,246.09519324323307
2016-04-23,8.87573599994898,1.9797061644726084,513.1571248212547,103.90871512594221,12.05842550345114,52.94254622842942,243.8745512899528
2016-04-24,5.677520744055778,6.4881439231846,414.1127022463851,102.25629206757601,10.786306984324394,51.21638944662574,241.92652464377394
2016-04-25,6.825351502060346,6.835182697419474,441.1897770441273,100.908618917115,9.841098640006061,49.807959816749964,240.24880014849458
2016-04-26,1.543451056886893,10.187357174122202,243.90833651415073,100.2466220886566,8.951269895978173,48.55946863909066,240.39270844865842
2016-04-27,3.0604163157751003,1.9714906384248272,396.49441306461773,99.396126692526,8.130900575187278,47.36321135389591,239.85772002299373
2016-04-28,2.0344809388768836,6.366366043480743,294.26459067023364,98.40374144495439,7.428401460890375,46.233633732188935,238.72076306571446
2016-04-29,2.522472888059628,4.068529031014097,293.54485179712816,97.19329589782731,6.664955834500921,44.88489474380352,237.21435010647372
2016-04-30,1.8957800444506785,0.8894241729472376,331.2484862499924,96.31374541943579,6.001058896102964,43.68336082176422,236.44652628598925
2016-05-01,3.8326269921671297,0.07090466321921558,551.2672775518085,95.62498354923417,5.505839980664394,42.71311099471796,235.8505748139907
2016-05-02,4.9094216434936655,0.009901289532526295,641.5741845112118,95.13227032786807,5.238029937525729,42.09207030784476,235.26752299105098
2016-05-03,8.086262099234347,0.0,661.8175646980432,94.1406480383142,4.835501980690197,41.040840107407874,233.76356285200345
2016-05-04,11.206607395267003,0.0,651.8736439091151,92.32404476834107,4.208965411381129,39.208766593754675,230.80731404583156
2016-05-05,13.307357808378706,0.0,636.1445110185404,90.00457924815207,3.515637679453233,36.88911543054056,226.9097157135995
2016-05-06,12.337706700387692,2.6234446134552916,524.0253418547226,87.62333738357961,2.8502603824560904,34.3916075022864,222.97899259676583
2016-05-07,5.377736850144066,11.939677706213075,239.51232859239582,85.90612323624018,2.368534648691933,32.43595846502172,220.3003571948341
2016-05-08,4.104698773083297,24.030086515768392,203.83534966260902,84.35924587672787,2.000805025565058,30.702844862379504,217.79469699484716
2016-05-09,7.733605883168355,8.828219452462978,399.37559596250713,82.79726408727215,1.671291965987509,28.963835014630234,215.212998223191
2016-05-10,4.974782822799226,1.0253581696788399,427.5238748435385,81.59139218228971,1.4126941593974933,27.45852322866122,213.3862698027768
2016-05-11,4.429492623195055,0.004853573391017365,573.8040385340992,80.95050504734381,1.2877914091280265,26.62476401199284,212.43687787975918
2016-05-12,7.791555221174913,0.16610808177777175,646.1191636511312,80.15897028284994,1.182053313584624,25.77976585541517,211.03302017224544
2016-05-13,10.9364041112701,0.0,646.5610628532796,78.67289901645202,1.0318193748872702,24.4185424856634,208.12591309669205
2016-05-14,10.958038993691146,0.006713082991916296,635.6019355037032,76.97129298475461,0.8799204304889007,22.914065772356693,204.72362148392511
2016-05-15,8.355482303037892,6.545687785249931,345.7967567638731,75.12695280404333,0.7058928416481843,21.034322018495775,201.29338730775754
2016-05-16,6.417492697662123,9.733133514833128,251.40309267715503,73.53494065436279,0.5784035434637954,19.39804252224766,198.32405699803402
2016-05-17,7.999091773400632,2.308981841114345,446.1270269055531,72.11049392397534,0.48124861109447187,18.008494205445405,195.57655418377448
2016-05-18,8.77641521761729,0.7016670539904598,565.3520943279162,70.82839497330285,0.40971245072880214,16.889012476116733,192.9573515324779
2016-05-19,10.867318004415983,0.8852551862383102,528.6171143312181,69.14087052252135,0.31984822110368416,15.375299312101724,189.54584812242183
2016-05-20,13.294522676552308,0.0,530.9685570309683,66.96877417538916,0.2308695971322158,13.510642146657736,185.0453554597257
2016-05-21,12.101680203830503,0.34966683870140886,547.937263891618,65.14392464383681,0.1698822469764521,11.943994694287339,181.25106939667046
2016-05-22,7.712807663019546,0.5229406560151291,515.8935322568326,64.07301969098847,0.14130764984351585,11.021554726206613,179.02045666381522
2016-05-23,7.311142149366682,1.3359900849626815E-4,615.0154269341683,63.35405415926881,0.1272638118284338,10.477912848635746,177.44248998539027
2016-05-24,10.170964416779922,0.0028600875426089676,600.5329110802372,62.0882709290953,0.10702891881801588,9.614963450152676,174.56613471962632
2016-05-25,9.143793180301405,0.0,554.1278563248061,60.88085283969067,0.08746068076537823,8.777307353808064,171.83712111703178
2016-05-26,8.362138482326728,0.5952979917561524,546.3677185088087,59.844504335852484,0.07467662101695935,8.162406230480986,169.387097663591
2016-05-27,8.480766548798771,1.7016886561651903,462.60354249331715,58.702878919531635,0.061732433722398325,7.48772657754815,166.68440683322933
2016-05-28,9.589391994081442,0.33734808601348126,552.5120210816086,57.61199494141114,0.0508666367825551,6.887853166802842,164.05569527610905
2016-05-29,11.263900398694048,0.0881318389493184,568.0262514011861,56.30009864426492,0.039391374218093904,6.253889003450491,160.80567696082744
2016-05-30,11.412826788077005,0.10884899054480654,534.9523564824158,54.933491114554194,0.02794225517293179,5.637871287110831,157.37537526069562
2016-05-31,10.976046977684796,0.0,561.890021599204,53.72135936860782,0.01906498038873745,5.102045470623226,154.32105211192706
2016-06-01,12.20613124395343,0.0,585.4035006751262,52.43201564183491,0.010965468267171234,4.587604917357566,151.01551281007107
2016-06-02,14.210653528351923,0.0,591.6290220679513,51.01293236335084,0.004875720085988707,4.078179427682966,147.31799986672394
2016-06-03,15.472204793338896,0.0,549.6113876902114,49.38231746621693,0.0016715354269290687,3.5424951830975098,143.01611437999827
2016-06-04,15.757108254267674,5.552374976575223E-4,582.9731541746547,47.79054516740125,2.74504342554209E-4,3.0353298907362314,138.79931118167954
2016-06-05,16.91224421133248,0.0,589.3640074823038,46.13905765008372,0.0,2.536154063209529,134.3962380970416
2016-06-06,17.763506575719283,0.35802818022752425,561.8819758183269,44.47019895590182,0.0,2.0611294853712083,129.91726649717415
2016-06-07,17.123890442500564,0.28704944056015713,560.4667250867976,42.91626765711894,0.0,1.6507267015237448,125.7149279767525
2016-06-08,16.841709499390323,1.8138074344669677,465.44291381261706,41.3986938427428,0.0,1.2888427599397845,121.5721095935997
2016-06-09,18.430486917101504,0.23032918789730986,566.0133620065162,39.9428017232751,0.0,0.9954774981541662,117.54402380566974
2016-06-10,19.178085444201443,0.0,543.3781995451532,38.3650354752774,0.0,0.7466037531911173,113.1098963304467
2016-06-11,17.733163834021706,0.12378848644350084,536.8713330688994,36.98133583120945,0.0,0.5560769845085013,109.19351645119984
2016-06-12,15.881302824449314,1.3442336000986737,489.6574394975923,35.84976998408389,0.0,0.4259999395690398,105.96511116836099
2016-06-13,13.07073910588956,0.7382742803927362,469.15428665025854,34.91774598654456,0.0,0.330602154565675,103.29430039369937
2016-06-14,12.962152393747711,0.0,560.3826448677613,34.16746063380925,0.0,0.2715569091243031,101.12658193325755
2016-06-15,16.940404280524433,0.0,543.6422174339746,33.09401627343428,0.0,0.20839844150125433,98.00393917141692
2016-06-16,17.026686739203768,0.0,517.1231965342531,32.01015180711019,0.0,0.1545066536513314,94.84113361418758
2016-06-17,17.617844323606807,0.0,568.3274769321773,31.00686756446235,0.0,0.11454351221205615,91.90357484393044
2016-06-18,18.465766279746383,0.0,576.5866266568916,30.028895142338314,0.0,0.08196221729127216,89.03377272143071
2016-06-19,19.63446713310523,0.0,533.4400729322527,28.96801592774771,0.0,0.0564207984147823,85.91091236835739
2016-06-20,20.377947196796534,0.0,574.2793177306334,27.915566679259275,0.0,0.03587537034213384,82.80808794431982
2016-06-21,21.77913755140149,0.0,543.0295314606569,26.816247804660232,0.0,0.018891233621794512,79.56261965447648
2016-06-22,20.000366615657317,0.18006542207773943,525.8729748435196,25.891554385463262,0.0,0.009578429667295255,76.827731196158
2016-06-23,19.623806326204043,0.5892666067973469,458.807561308366,24.990995859744192,0.0,0.005287063977231515,74.15946014929114
2016-06-24,20.100453840606374,0.4353437390408601,486.19520099458407,24.102015479600453,0.0,0.0030061825894807746,71.52354449629298
2016-06-25,16.91877907751603,0.0,472.2182730055494,23.353912433137815,0.0,0.0011356690178559357,69.30529544254465
2016-06-26,16.411076492965233,0.0,562.8948089281747,22.71443396301193,0.0,0.0,67.40867430649662
2016-06-27,18.447024588203877,0.0,549.665109203751,22.003480299606423,0.0,0.0,65.29880689700923
2016-06-28,20.40895317202617,0.011098885840368842,535.5271182771021,21.221029227585376,0.0,0.0,62.976759622552635
2016-06-29,19.245644484734136,2.347614432661501,437.0589951174383,20.493258669577894,0.0,0.0,60.816985419309475
2016-06-30,16.69399556780684,3.435452493796004,280.5367672211608,19.78273305281163,0.0,0.0,58.70838830590517
2016-07-01,16.173583107888074,2.9007417904912183,301.0430046176107,19.09218461992855,0.0,0.0,56.659076644391725
2016-07-02,16.80984896576096,2.9394414643101494,346.6331683246018,18.448876516098004,0.0,0.0,54.74995812880566
2016-07-03,17.493365938955876,0.4641002361009097,438.1761951160211,17.83249815183866,0.0,0.0,52.92075787342673
2016-07-04,18.323240909680965,0.858306272578766,443.4208659977607,17.232889448227947,0.0,0.0,51.14132423757857
2016-07-05,19.083521847088523,0.44418547193083374,433.98123046688625,16.613747542617052,0.0,0.0,49.303922736278096
2016-07-06,18.91289389045682,0.06763850621515376,482.2238164664701,15.981102323167267,0.0,0.0,47.42644801606729
2016-07-07,17.786810862794546,0.0,487.2111648479813,15.42656028034259,0.0,0.0,45.78075682187338
2016-07-08,19.042120078292626,0.0,525.0322133750018,14.868205602734001,0.0,0.0,44.123751031118665
2016-07-09,19.886822025349595,0.0,510.75332013914664,14.27107035941319,0.0,0.0,42.351657779775074
2016-07-10,19.52172763407081,0.0,500.59101729595403,13.716308266266502,0.0,0.0,40.70531355145705
2016-07-11,13.657493806506517,0.0,476.3597378650908,13.383529506443407,0.0,0.0,39.71773996395039
2016-07-12,15.074280223483115,0.0,562.7280620331761,13.027514141348988,0.0,0.0,38.66120807621604
2016-07-13,17.118745483667638,0.0,526.1253503093453,12.598825779798974,0.0,0.0,37.389007580717596
2016-07-14,17.31665135202551,0.0,541.1637083512435,12.186275794754943,0.0,0.0,36.16470026924032
2016-07-15,18.590330186143973,0.0,532.3792420210575,11.726193178968332,0.0,0.0,34.799332360352835
2016-07-16,20.586074082774804,0.0,428.34310453249003,11.178314405369212,0.0,0.0,33.17341547115694
2016-07-17,20.92593266321311,0.0,492.81910948874724,10.664585338235241,0.0,0.0,31.64884323552011
2016-07-18,17.662991866493243,1.5405281800369726,367.93595606019534,10.178708334609956,0.0,0.0,30.206926402209316
2016-07-19,19.797648079977094,0.3533960410794673,419.64296756496447,9.695341628087187,0.0,0.0,28.772459272469018
2016-07-20,19.638441507996358,0.40474954893019593,446.93946543095734,9.244264287783114,0.0,0.0,27.433815942456405
2016-07-21,19.985460995700993,0.8711626138651382,463.2129356329307,8.825121534044612,0.0,0.0,26.189943547454387
2016-07-22,19.96095993338795,0.2034352129230452,515.0603588948966,8.42164604977245,0.0,0.0,24.992566251843723
2016-07-23,20.57839345051842,0.0,498.1171258139832,8.002608630410073,0.0,0.0,23.749006453257937
2016-07-24,20.287029829856774,0.003909106987326706,516.1294231252975,7.6162996124716535,0.0,0.0,22.602573360790043
2016-07-25,20.50860204650467,0.011085580513544774,531.4836119893074,7.231183290579442,0.0,0.0,21.45967978242391
2016-07-26,20.844451765075554,0.38100033145802603,502.31063744133365,6.865893492068338,0.0,0.0,20.375624547086858
2016-07-27,20.57484497850354,0.0,534.7336635189853,6.535777138998502,0.0,0.0,19.39595207259028
2016-07-28,20.259759182346876,0.0,534.1975473963442,6.2099449348052405,0.0,0.0,18.428993487278518
2016-07-29,19.982597754946813,0.0,529.58116936962,5.908512809209388,0.0,0.0,17.534445993253645
2016-07-30,20.375139142644503,0.0,526.4801088994762,5.611001523987539,0.0,0.0,16.651534212987226
2016-07-31,18.914406119708715,0.8662224334773752,421.9837039389711,5.338062193081506,0.0,0.0,15.841543592378416
2016-08-01,19.463394489993643,0.0,520.501882679848,5.090447876642043,0.0,0.0,15.106708956495623
2016-08-02,20.7253118036857,0.061903254577126164,507.0685218343835,4.810023801497277,0.0,0.0,14.274506173898637
2016-08-03,20.63972079831754,0.16353360683216372,456.3635226996746,4.53900677913483,0.0,0.0,13.47022030784115
2016-08-04,17.258179131143336,0.523051147968886,358.67998310487883,4.298778575051696,0.0,0.0,12.757305128240194
2016-08-05,18.695294610779445,0.10789897880652859,444.4309635540236,4.073649429673518,0.0,0.0,12.089198792752835
2016-08-06,18.624425001139524,2.7889948755575737,368.40267634079686,3.8697163232418736,0.0,0.0,11.483995054277639
2016-08-07,18.661663001035958,3.476156616831292,412.7413354321915,3.682489839660501,0.0,0.0,10.92837086069928
2016-08-08,18.565019211827902,0.6901626852369678,446.89305943126317,3.503751750340663,0.0,0.0,10.397937319245148
2016-08-09,20.474821217036435,0.16488898199816773,466.51653505084283,3.305856337021557,0.0,0.0,9.810651389738837
2016-08-10,19.03181689772158,0.3316508795732244,443.15574743262385,3.127901224713087,0.0,0.0,9.282541456367333
2016-08-11,16.978947812954704,0.12618573465918015,457.7412165524875,2.9840560400926477,0.0,0.0,8.855658126744121
2016-08-12,15.141005295019616,0.01487908813280255,517.543762767128,2.8574486437135116,0.0,0.0,8.47993065930152
2016-08-13,16.63725752552504,0.0,522.0218328144144,2.7198256762002218,0.0,0.0,8.071512742777449
2016-08-14,17.857634293091248,0.0,527.3501884143781,2.581790118902054,0.0,0.0,7.6618704008296
2016-08-15,18.27411808939082,0.0,505.8957310263613,2.4309816482126188,0.0,0.0,7.214322418787922
2016-08-16,18.512366070551927,1.3359900849626815E-4,503.04210727664787,2.288213131680368,0.0,0.0,6.790634271955138
2016-08-17,18.750569739607627,0.17653907962039708,449.52392120533545,2.1453363229657567,0.0,0.0,6.366624750948445
2016-08-18,16.42322989891372,0.9319060152661485,397.8115350703588,2.0267827922536603,0.0,0.0,6.014798403319869
2016-08-19,14.631100473465516,0.20531066015677146,479.3546465030144,1.9435541775988483,0.0,0.0,5.767804329534762
2016-08-20,13.689006811005076,0.0,522.9857268351608,1.8623449918891388,0.0,0.0,5.526803230448789
2016-08-21,17.061655819931268,0.0,528.405508631962,1.7616460391350646,0.0,0.0,5.227963166009667
2016-08-22,17.60100908124576,0.0,474.4989383989323,1.645268568070291,0.0,0.0,4.882594619454927
2016-08-23,16.177777361453327,0.7415296061800256,426.8069389462085,1.542088261544948,0.0,0.0,4.576390745357196
2016-08-24,14.649020823769016,0.1278617217903707,444.8242343691235,1.455189630630249,0.0,0.0,4.318505318031642
2016-08-25,12.621762419323243,0.04961125095050835,437.3028303234495,1.3775175274033302,0.0,0.0,4.088001070483592
2016-08-26,13.237308117566554,1.0806962783944494,442.71801380405554,1.3069817971622029,0.0,0.0,3.878675138147456
2016-08-27,14.288148188321932,0.0029178024615015446,485.51065756553294,1.2355861651539524,0.0,0.0,3.6667973113529335
2016-08-28,16.262509061467075,0.0,480.9661376927552,1.1522582674180841,0.0,0.0,3.419508599326522
2016-08-29,16.638295754884474,0.0,487.22350288000064,1.0688719240839486,0.0,0.0,3.1720464407460534
2016-08-30,17.06306803849626,0.0,490.9636916483243,0.9917943002611618,0.0,0.0,2.943306404826622
2016-08-31,18.178732629202134,0.0,488.0883548709895,0.911486654408568,0.0,0.0,2.704980767814748
2016-09-01,18.652702881449706,0.3520109109225112,447.4606485930071,0.8242435066244208,0.0,0.0,2.446072932205389
2016-09-02,18.279020810737883,1.4153332491794333,360.3707459759091,0.7446556718655786,0.0,0.0,2.209883448428058
2016-09-03,17.08224285886132,8.906081794933288,283.0756458329329,0.6728531021438239,0.0,0.0,1.9967979696252447
2016-09-04,14.780236346686255,4.474811369290026,309.0976865049733,0.6109284707617945,0.0,0.0,1.813026834708195
2016-09-05,14.360950367304604,0.0,436.709157050209,0.5535469919699771,0.0,0.0,1.6427382234488785
2016-09-06,14.24355247653598,0.027120598724742435,471.6793769585709,0.5037982324722996,0.0,0.0,1.4951009135519209
2016-09-07,14.682808234201834,0.0,440.53144340198594,0.4557326115937861,0.0,0.0,1.3524585836389091
2016-09-08,14.230975806219073,0.0,466.8097013562389,0.4161704863996752,0.0,0.0,1.2350517217102641
2016-09-09,11.979663677078403,0.0,421.3614527356604,0.38597293568023433,0.0,0.0,1.145435715226659
2016-09-10,12.600535491772893,0.0,497.71933394742814,0.36307888989154946,0.0,0.0,1.0774940144279284
2016-09-11,15.18033426547816,0.033612976138652856,479.6117369724113,0.3305134590792987,0.0,0.0,0.9808509493685743
2016-09-12,15.376555984289155,0.0038957472425542603,418.2266511609989,0.2958755097082274,0.0,0.0,0.8780573577870452
2016-09-13,13.1333643480285,1.4045043571543423,397.03987236613034,0.27001621401211595,0.0,0.0,0.8013158090338125
2016-09-14,12.029443743160831,3.2321068774602155,319.46873597742797,0.25016574314689644,0.0,0.0,0.7424063980591377
2016-09-15,8.686577687430454,0.002981929988127952,350.1775095729843,0.23571427125561467,0.0,0.0,0.6995193702091277
2016-09-16,9.429141044086439,0.0,426.20545058099503,0.22400997378163312,0.0,0.0,0.66478501681539
2016-09-17,10.998467946536483,0.015698145457151695,437.63504811260657,0.21014614584702687,0.0,0.0,0.623641915322877
2016-09-18,13.98925966011508,0.0462342955745774,446.20202896315084,0.19330323282436096,0.0,0.0,0.5736579077897663
2016-09-19,16.317277965401196,0.0,448.45547421603897,0.17565844328594654,0.0,0.0,0.5212942049064593
2016-09-20,16.049777838961496,0.0,417.06521061295274,0.15831282734953342,0.0,0.0,0.4698183469913008
2016-09-21,13.476321982008807,1.7486795526165297,284.6653414943519,0.14077413009028208,0.0,0.0,0.4177694897213242
2016-09-22,15.456379720754429,4.94432253744198,271.7286916287969,0.12427150351887209,0.0,0.0,0.368795336037135
2016-09-23,7.257975335122981,5.875770670494504,176.25971330350535,0.1322536122446962,0.0,0.0,0.39248350578216595
2016-09-24,4.702699358607475,4.693362803891735,136.83231518420655,0.1269548064937381,0.0,0.0,0.37675846188887036
2016-09-25,7.689210886268183,0.024315019546320805,372.16963780689116,0.12176010485171389,0.0,0.0,0.3613423633993881
2016-09-26,10.6303634332745,0.11969110656258494,414.68433015015717,0.11248319144511015,0.0,0.0,0.33381165603447505
2016-09-27,12.893893031269883,0.0,419.1654414509441,0.09895673952040136,0.0,0.0,0.29366977119596444
2016-09-28,14.246781408268278,0.0,415.9391389675732,0.08554385596868992,0.0,0.0,0.2538649184613294
2016-09-29,12.509603223165213,2.9741308508087467,249.30082288211065,0.07620665413139031,0.0,0.0,0.22615529564574544
2016-09-30,13.055644427587614,2.9497140325267,265.56218691137,0.06957319821378488,0.0,0.0,0.2064694663530363
2016-10-01,12.560194282723975,0.3901136806080258,350.9879600628929,0.06326610271895611,0.0,0.0,0.18775216321780513
2016-10-02,12.712651029741982,0.6753695469054247,332.3193213866903,0.05733722210389691,0.0,0.0,0.17015727254021099
2016-10-03,6.597181672325825,5.437397694145775,243.78369053860735,0.06836981547677992,0.0,0.0,0.20289823780660102
2016-10-04,3.7742903487498247,0.06415270569819512,227.60766515506864,0.06821902091018352,0.0,0.0,0.20245073108715386
2016-10-05,4.420858728695085,2.114960663770527,275.7788457790725,0.06705075232873631,0.0,0.0,0.19898370934945503
2016-10-06,3.0831100264239213,0.06371428513516256,285.7413987781273,0.09517424484014123,0.0,0.0,0.2824446201583948
2016-10-07,4.574033440002294,0.20798818995910862,383.6512911965494,0.1614439611799884,0.0,0.0,0.4791104817163348
2016-10-08,8.377884759063061,0.09448109939259237,396.08067906285737,0.12796666481244207,0.0,0.0,0.3797613114408735
2016-10-09,10.141264809961962,0.07736921854977397,376.91982361566176,0.07542472313339255,0.0,0.0,0.22383479177318508
2016-10-10,10.671996126474108,1.2027827910310938,349.14380810889617,0.06041316403669036,0.0,0.0,0.17928561658219808
2016-10-11,9.653470263935134,2.779577495549874,293.72599570763543,0.05423448304051632,0.0,0.0,0.16094940377614456
2016-10-12,7.406881885362185,0.03501656208571207,360.31031128001166,0.05103420737497529,0.0,0.0,0.1514520797230447
2016-10-13,9.73135833981037,0.0,375.1609549689121,0.04635573130148778,0.0,0.0,0.1375679622318493
2016-10-14,12.594940840535287,0.0,344.3253667152134,0.040283101949363735,0.0,0.0,0.11954647444800306
2016-10-15,13.341241779269152,0.0,307.3856373053911,0.03396693496964463,0.0,0.0,0.10080225024701062
2016-10-16,10.70063008029233,0.06149126239835878,275.31512014627253,0.02899284599909866,0.0,0.0,0.08604085474258968
2016-10-17,6.349373367463368,3.991989463686464,254.66764441159404,0.03089228847125592,0.0,0.0,0.09167775061144881
2016-10-18,3.904667826218086,2.200829993319365,268.96778957878803,0.030377432602462347,0.0,0.0,0.09014983441372144
2016-10-19,2.0864894608826656,0.27071595625453515,258.4318243190634,0.07464034954621218,0.0,0.0,0.22150703913101233
2016-10-20,2.6415098908435284,0.3536316735134252,357.3262122211089,0.21101742917680447,0.0,0.07098408402162133,0.5554518304561227
2016-10-21,7.6542619904261935,0.22427859273595066,363.935447410152,0.11359087723907295,0.0,0.03514370674138164,0.30205832377058023
2016-10-22,10.076156163885893,1.3359900849626815E-4,342.41180137890825,0.027663471609938296,0.0,0.0,0.08209572604705487
2016-10-23,10.949846512864335,0.062073221878823914,335.55838095184833,0.024131007185974565,0.0,0.0,0.07161257932889281
2016-10-24,11.24008966789953,1.0343215210361778,294.48201534080715,0.021568492547772156,0.0,0.0,0.06400791196480625
2016-10-25,8.655118087281211,0.4129360622633204,232.53931466404543,0.019275591702412068,0.0,0.0,0.057203366161302796
2016-10-26,8.609004045955508,0.0,300.66750249688806,0.017284997813692186,0.0,0.0,0.05129596405127335
2016-10-27,10.971272458419353,0.5112718418157887,306.1441731234633,0.015355253981955634,0.0,0.0,0.04556914410672514
2016-10-28,11.883924275539506,0.44892464797673404,259.3968762950679,0.01293829577244904,0.0,0.0,0.03839643845963098
2016-10-29,10.57710976341477,0.26805598687813986,227.79904842557647,0.011131808903380063,0.0,0.0,0.03303540304072827
2016-10-30,11.549174839461974,0.08812370622296861,254.86568648733365,0.009381429291915355,0.0,0.0,0.027840874780235753
2016-10-31,6.9144817647339885,3.1425926127099797,210.09911504473902,0.008849294364401569,0.0,0.0,0.026261680243656087
2016-11-01,5.585046582078624,4.578078618447247,193.5199691024318,0.008225461560456357,0.0,0.0,0.024410357759841256
2016-11-02,4.380608538322757,0.017506813609578786,235.45761389393087,0.007947164734011759,0.0,0.0,0.023584467924114613
2016-11-03,5.498875968192417,0.021777692515902523,304.41018797840206,0.007603351086282947,0.0,0.0,0.022564146561952575
2016-11-04,7.4623824373245755,0.0,298.2017307790098,0.007046225529158492,0.0,0.0,0.020910788380578457
2016-11-05,6.508128378308761,0.03902465598017775,245.22769218544252,0.006513155876849874,0.0,0.0,0.019328819900374945
2016-11-06,7.491021143300472,0.0,250.51360695682035,0.005970515582937555,0.0,0.0,0.01771844902793843
2016-11-07,6.543398316056399,0.0,268.5023097118055,0.005540287004690744,0.0,0.0,0.01644167769585894
2016-11-08,6.67735027620249,0.0,292.6043931934875,0.005152872813641465,0.0,0.0,0.015291964827438737
2016-11-09,7.759597464810171,0.0,285.17418482585606,0.0046839287538763185,0.0,0.0,0.013900299182406593
2016-11-10,7.984890820784263,0.0,283.7365843401901,0.0041630853788815455,0.0,0.0,0.012354614113305112
2016-11-11,7.078790097832187,0.0,269.0578387879225,0.003776941374541389,0.0,0.0,0.011208670724781399
2016-11-12,6.595985038116637,0.0,257.53244843575646,0.0035418596601008577,0.0,0.0,0.010511028566938547
2016-11-13,5.917863173779501,0.0,228.38721659228617,0.003275369775130867,0.0,0.0,0.009720177696907185
2016-11-14,6.702854626736197,0.0,267.6199933513666,0.0030673535941667302,0.0,0.0,0.009102856789156358
2016-11-15,8.447003868612368,0.025396903270293508,272.1433620110744,0.002761199222311852,0.0,0.0,0.008194295282693926
2016-11-16,8.76074959476157,0.0,227.44864978544965,0.002371362553787188,0.0,0.0,0.0070373933293324505
2016-11-17,-1.0304054870833683,2.9753715415109023,208.08711328173737,1.9831741133097542,0.3586579082437194,1.5851044412387474,3.956819520942604
2016-11-18,-5.4059152893360345,0.03225533783933793,210.85709843018296,2.015429958254156,0.3586579082437194,1.5851044412387474,4.052543840988558
2016-11-19,1.0141211520847815,0.29789313219328156,274.83982573140514,2.1443298338664887,0.3567723247125285,1.5508886375332118,4.471020122386209
2016-11-20,5.021400781915949,2.779165544197202,225.64717782740362,1.5184893699698232,0.26117618445367824,1.0605465084180548,3.195427577458153
2016-11-21,3.928282893259307,6.0190449943924405,134.80314149341808,0.7756050412544002,0.12477693292323185,0.39076803524461073,1.7910017943289427
2016-11-22,-0.3503452154601426,1.3986747711659353,120.09890699846386,0.937940120601862,0.04327855196619184,0.14216321626006834,2.599733765449132
2016-11-23,-0.45614008764173536,2.583476346743101,176.60453201693443,2.4760951448671413,0.3820741093970279,0.9092584323622777,6.070775518361831
2016-11-24,-3.8164720790906377,2.7743541700276304,170.6478874581993,5.250075623587763,2.005268990868041,3.433219113766227,10.210986436129396
2016-11-25,-2.4159310444871673,0.21594223855828776,267.6028858642148,5.4659984311877725,2.005268990868041,3.442547823585554,10.84247017719491
2016-11-26,0.2846311013732548,0.7892614407025543,245.39751618728303,6.062583623911714,1.860182002858754,3.5949304016386474,12.601816120406117
2016-11-27,-1.9158772830542083,10.28563299337207,122.24800265177575,9.336666662701983,2.5818621125415,5.19155390622715,20.025779937129393
2016-11-28,-4.886235491856839,7.014857675191503,80.28692611554948,14.904242223969783,5.177848127142022,10.681997766597707,28.55446476111103
2016-11-29,-6.848575364820557,1.2841510928069557,151.02005714211535,16.188440833693676,5.333101577331597,11.63983913471641,31.259809039344628
2016-11-30,-8.44358598879115,0.3449527866594912,214.3872572632548,16.533373013551778,5.357625600634772,11.81629251798282,32.08371145988904
2016-12-01,-6.806095424214146,0.9357634385409705,162.73812323699053,17.469165550020563,5.694370542902016,12.535201216574514,33.81718269662212
2016-12-02,-8.598934143721293,0.2851695813208334,201.07754273367712,17.754351590140068,5.697649889007931,12.621133501635729,34.57465436681511
2016-12-03,-8.31803444598257,0.5604443479721861,211.52706333493006,18.314785043404914,5.697649889007931,12.816018435602246,36.04351627839226
2016-12-04,-5.6156966832061865,0.0592073355690515,251.43803546355463,18.373989905563008,5.698301836804453,12.851871537452997,36.18283541401049
2016-12-05,-8.69928693905281,0.48855307173895557,266.84742978543466,18.86254122756628,5.721450069339815,13.074486515369193,37.38825956325552
2016-12-06,-12.73627136009797,2.0065042762807983,243.97337591222154,20.869036258618472,6.474978637291457,14.387572536962786,41.30224899208554
2016-12-07,-14.50217545863854,0.2719588315046778,230.66386822218146,21.141007585876835,6.501809804133131,14.475394423020228,41.995760625409126
2016-12-08,-13.020576763664621,3.822394955395719,247.7480289832526,24.963449882609556,7.802525796506635,16.832992377991165,49.72631798632967
2016-12-09,-3.4493644506939494,2.279418760829987,204.07564511653067,27.0355392343785,8.419124662727803,17.559316331145165,54.55291194558644
2016-12-10,0.24783078592970023,8.72077097425774,114.18277646318406,26.023756882393972,7.555801514806178,16.477784326721007,53.466581080587666
2016-12-11,-4.072241008357944,4.835049369365641,155.80437773741573,30.315933702912695,9.796565025606826,20.15420843386106,60.3637908114507
2016-12-12,-6.56752425016825,0.02223684557844246,227.92040313668528,30.338171250338235,9.796565025606826,20.15420843386106,60.4297842495537
2016-12-13,-8.60168569840097,0.04580602847637407,242.90683466486402,30.383979778153687,9.796565025606826,20.15420843386106,60.56572829891902
2016-12-14,-3.9627308157168013,2.8524640835562596,202.12809115992306,33.23642188574498,11.41646585891884,22.025109327206923,65.59312683762342
2016-12-15,1.9982845387126258,4.002758962638938,162.28975176318485,31.88543185118471,10.399125541016465,20.755496015108534,63.83716083922092
2016-12-16,-1.8822914539083138,17.11035494721018,193.7544713359508,44.577724529688716,17.429823032182078,28.758881207887406,86.69970423638581
2016-12-17,-14.327141833450362,0.39145220524260044,250.673623031203,44.96918926489446,17.611713215945752,29.27750339182343,87.16779629866855
2016-12-18,-14.492445064500055,0.8284936839212955,258.7414652911755,45.797705883239374,18.748919382466365,30.113941099432473,87.68880316874763
2016-12-19,-10.89918913571271,1.1313865483771088,279.4643072590754,46.92910199396118,18.781080507371243,30.627866313802194,90.5027677400526
2016-12-20,-3.2939097509497994,0.34333138693541543,256.38119208505975,47.14225325622978,18.767417377259783,30.607314144016982,91.16908100370156
2016-12-21,-2.4594922161030297,0.5239470276700504,180.62495777111866,47.419419185253865,18.671724831547603,30.70525964171307,91.98683519324281
2016-12-22,-2.7695972521479115,4.071977902358371,137.11198151875655,48.399410732829175,19.019551919267258,31.104574105267417,94.15937400329359
2016-12-23,-2.35903068991743,1.0498433613233376,195.59123516025656,49.012146995001274,19.56188755021778,31.452222681495712,95.10475031500705
2016-12-24,1.2008236595158024,0.6318725697423654,230.15596278502764,48.680813542686415,18.657099230927702,30.83889027158874,95.61117945792766
2016-12-25,-3.7940347688831517,4.529093571669518,183.45970606549702,52.9661017039659,20.89549757429638,34.48236687351346,102.52309242718968
2016-12-26,-8.772508739092633,0.0832754202452851,218.2353543076377,53.04937710741276,20.90364610631524,34.513322602382786,102.73145156795323
2016-12-27,-8.472669958482804,1.0079789920907996,262.5835752150599,54.05735325689017,20.915536391517097,34.999195158522994,105.22679295183302
2016-12-28,-6.132748251561454,0.967914221203453,239.83862230597424,55.025244393801344,20.929967479224842,35.353205774190734,107.73218458235475
2016-12-29,-6.441253703253575,3.8904032395320785E-4,288.7920757146016,55.02563343404885,20.929967479224842,35.353205774190734,107.73333912080281
2016-12-30,-3.9372580829643105,0.004530316182224435,270.301370227518,55.03016375023107,20.929967479224842,35.353205774190734,107.74678355039018
2017-01-01,-5.213338547534201,0.789962373883876,246.00613176198254,23.077673404256807,9.384236798864139,16.66011264671221,42.76715288492779
2017-01-02,-5.291395909472753,13.528334504019378,166.3319531543435,36.60597435673144,25.96636833869841,29.267272671642434,54.24986483990814
2017-01-03,-7.346602784676161,6.246452703917747,130.8905224258286,42.852469420104754,30.69105185018023,35.24478265034216,62.24161515362005
2017-01-04,-7.396829539517433,13.620154759761952,210.2122729599204,56.47263703545729,40.2295734908028,46.731198277747005,81.9508894016359
2017-01-05,-17.515203296121484,2.2641888237646035,242.970262238432,58.73681962017587,41.17582268221827,48.23467293722404,86.2527242331708
2017-01-06,-22.11368240250821,0.32210963782408686,306.36043839506004,59.05894603506543,41.17938470471026,48.388586305921834,87.0517663737513
2017-01-07,-15.099929837352404,2.6088289198095818,286.85070572889555,61.66772822952044,41.69476987709587,50.05622557216843,92.63076581593477
2017-01-08,-5.135040948271563,7.190016702801988,237.8539379640115,68.70413698051291,44.829757990949076,56.03838665670165,104.50501962231623
2017-01-09,-0.2926869435841521,10.558643313422587,162.79980283381826,70.96795293914856,43.80817188899517,55.540083827911,112.71163609885656
2017-01-10,-3.7209677995234403,3.460339900039159,221.50623633129956,74.41478918362051,44.29535012730103,57.799652397989064,120.21487882024933
2017-01-11,-2.5170757770092744,12.783785879222265,134.19600320486072,77.94715624278349,47.06808893680319,59.38217723300924,126.42865543730176
2017-01-12,-3.0618841886892967,7.778883069868196,120.84709269562241,80.86763388061894,48.94413893397509,61.46159385275755,131.20143982843524
2017-01-13,-2.104320007137976,4.241938996625391,135.98352497804453,80.60213322378736,48.54574639814757,61.16794637614868,131.09298730840715
2017-01-14,-2.563326232907059,0.11752865101170411,199.16039210383136,80.40715670318176,48.03483130739208,60.88106983553431,131.2962888504787
2017-01-15,-5.260666903805157,0.0,208.75853319489525,80.40513396476206,48.03152909521704,60.87919773427346,131.29535776523454
2017-01-16,-8.710307786809425,0.003339975212406704,267.0772637676325,80.40847394078989,48.03152909521704,60.87919773427346,131.30526967220163
2017-01-17,-9.456943743506177,0.0,307.96182883111464,80.40847394078989,48.03152909521704,60.87919773427346,131.30526967220163
2017-01-18,-7.743413945296463,8.015940509776089E-4,301.72611417729945,80.40927553484087,48.03152909521704,60.87999302068885,131.3068555769292
2017-01-19,-6.205231754221044,3.163280469179684,256.0949301757417,83.57255855642936,51.455291050818865,63.885433529145125,134.37469884356588
2017-01-20,-5.743237729211168,1.6256299750665715,205.0325085325339,85.19819838105403,52.56276414374507,65.30399066614015,136.7097425863913
2017-01-21,-5.175487581408509,3.0023225853507673,236.58082587321584,88.20048726893225,54.698906337397105,68.04985062907242,140.80838371199025
2017-01-22,-6.837896889364972,2.7847205891549853,251.13071304845613,90.98522252643384,55.49400181139934,70.72836067405889,145.63016281867888
2017-01-23,-2.8546982271511765,19.582011162129234,192.57134755693022,100.6171350051391,69.19669372759158,79.50594369607393,152.16282750340477
2017-01-24,-8.2969526744907,7.123920583572629,206.3435602000088,107.74104076659995,75.03964378960372,86.89604756568829,160.26460301045938
2017-01-25,-11.88904212151588,2.710823218685074,260.0994371044487,110.45184625750194,76.72256135083235,90.08548363363094,163.49584343790056
2017-01-26,-14.274054130384378,0.35104842199152714,311.63667256215723,110.80288489621447,76.82320150238024,90.35493304937604,164.17126685897202
2017-01-27,-14.722227817676442,0.04051662675317211,351.1913158746122,110.84340432572728,76.82320150238024,90.35594147378853,164.29050920800034
2017-01-28,-11.278740532947793,0.6020982056738701,356.7260214189697,111.44550725385679,77.1104931765574,90.95096523401222,165.20522411856493
2017-01-29,-7.264801353653575,0.5680976698472228,360.7809064266456,112.01359324996547,77.24186966071792,91.4284313559635,166.28753121598214
2017-01-30,-4.489738686698687,0.20344992696363853,345.3076004864508,112.20699354014943,77.24186966071792,91.46953494240556,166.82049420352425
2017-01-31,-2.312196133720036,0.0,334.99070125958485,112.12597867551275,77.22785032649514,91.40275432101507,166.6602614800699
2017-02-01,-0.9762553618193083,0.0,349.7119567175837,111.93917120838401,77.2218439144972,91.33200086827914,166.1822563668415
2017-02-02,-4.045701814424605,3.6335588606210534,249.11724178445562,112.9058904288925,77.98027494269573,92.41887140044906,167.2313399583533
2017-02-03,-0.8716557932212243,0.6055317995799809,321.57671074827533,112.78083907894172,77.89367697881784,92.22141454600163,167.1411590268179
2017-02-04,0.21860374563361265,0.5120628740168507,265.1387228079644,111.88201503243268,77.17466298281911,91.30877323155205,166.08158932506953
2017-02-05,1.4129576146231133,0.09977285447373077,286.00113678568283,110.55587540728992,75.87759470654798,90.01976301933367,164.69021280957915
2017-02-06,1.4366748426997475,0.16658809714449732,251.25181347181964,108.87985153224459,74.13774019994744,88.23193509577297,163.18761841663795
2017-02-07,1.6219281854546206,1.6696986139723617,182.71393364389056,106.71149660095527,71.77378119056205,85.94857786379403,161.32378021444234
2017-02-08,2.5376470254552923,1.1663011288482814,240.05183803176675,104.54074587987093,69.17598987032821,83.60091792666653,159.74390211088718
2017-02-09,5.727880931957271,1.216073708938647,287.1187836363773,101.35675790107729,65.78778067522981,80.32431775922261,156.85047019470744
2017-02-10,6.305738936703682,2.7656358749022676,276.4719516482257,97.9911649776818,62.19050968113989,76.81302030952173,153.85501928311052
2017-02-11,-0.5979382227076375,8.43059369021397,238.74226855187675,100.36413684974255,60.95817651155852,75.99269983582387,162.91119538424672
2017-02-12,-3.760189530231731,0.1720528748796811,386.492555700494,100.53618457650569,60.95817651155852,75.99269983582387,163.42177421695868
2017-02-13,-3.7057984914288573,0.0,362.9799505324891,100.53618457650569,60.95817651155852,75.99269983582387,163.42177421695868
2017-02-14,-3.215080130859077,0.0,391.2996760042422,100.53618457650569,60.95817651155852,75.99269983582387,163.42177421695868
2017-02-15,-2.0286948208288957,0.0,433.4098873306206,100.53578929345478,60.95817651155852,75.99269983582387,163.4206011520044
2017-02-16,1.1015608793779494,0.002697321011761891,439.9961644876355,100.32181533293735,60.82682289486956,75.7253432023733,163.1796624687909
2017-02-17,2.2072446958341354,0.24830042576585323,409.3332151966733,99.6603598586267,60.09843081541958,74.87866813073809,162.7678511974185
2017-02-18,3.0509766523402186,0.24527866537006454,341.8691519340466,97.82665019317089,58.12465091878518,72.85079786390712,161.2636834819024
2017-02-19,1.6383081681675349,4.740695312608706,285.318849113869,96.70094564211928,56.676295235025584,71.41409510142688,160.76122732921684
2017-02-20,0.5648607662781431,1.4218256985950068,347.70000321243634,96.07225917289414,55.70562331163333,70.6930324476385,160.55657461234128
2017-02-21,3.9135367430369574,1.4122267970393965,368.4803191672809,94.37435407571937,53.95884165989368,68.91404937528712,158.9869487785096
2017-02-22,-0.17945879288694064,6.681574599397746,188.93099541684174,93.32453667420809,52.443524750635405,67.62919699148033,158.62328711641953
2017-02-23,-5.207188585164093,5.042786802102854,209.06837505131634,98.11093290300697,56.340722775840945,72.27483896584101,164.41307403401115
2017-02-24,-9.012709011899874,2.4202165408470986,281.24805819968947,100.5310635115087,57.46959409554311,74.48922867595542,168.2916289127445
2017-02-25,-11.535074873037301,0.5138067233239887,387.3143382590608,101.04491188548029,57.481739283788215,74.72097353071042,169.57370245909004
2017-02-26,-10.41346477498669,1.8895736120442166,454.2992715879125,102.93444473436708,60.312647100614704,76.2317568644267,170.9271813188872
2017-02-27,-5.715739323780182,11.574558028395419,337.363887340011,114.50903596354104,73.02278306767946,86.15172242293994,183.04939038660362
2017-02-28,-8.455834202449536,1.4404868646795492,334.08904053546655,115.94949986720015,73.46220570019972,87.35982770956315,185.69313459140815
2017-03-01,-7.9622907845562265,0.2337115189401096,447.56900923554537,116.18320414510602,73.46220570019972,87.36697574546646,186.3795619310967
2017-03-02,-6.472179545447185,0.15922463112429316,491.5541049654091,116.3424338329468,73.46220570019972,87.40833541180434,186.81086292491955
2017-03-03,-2.5404977004470175,0.3412531297581457,515.1081696032211,116.68027633555855,73.46220570019972,87.49449037973159,187.72756185436336
2017-03-04,1.5354864691833026,0.011825115480213278,490.7453975485777,116.21339519069515,73.10071289020199,86.97781990928506,187.20803473330562
2017-03-05,2.5237286961441123,2.4702899196174006,349.09558128406115,114.67195280052745,71.66570386810758,85.32661243789128,185.6727318004551
2017-03-06,-4.7419413189008965,1.464902415781783,409.0472374165662,116.1368488607628,72.09987824589793,86.16582727980995,188.7618840163179
2017-03-07,-4.951353239070575,0.9437368634272923,469.56243288184095,117.08058104377022,72.14454238861963,86.62051953866236,191.0658499834645
2017-03-08,2.076908027000719,0.3494974204727891,472.824788998772,116.44117398471498,71.33013872315726,85.84281790850585,190.7341820972303
2017-03-09,4.667490852342898,0.016868906580151017,483.5916467154719,114.80591180592334,69.7320708428369,84.10753871847467,189.16254286936186
2017-03-10,6.004716740811437,0.7559925495080762,467.478892932129,112.6216664379365,67.46682968423183,81.80091566518493,187.1789299709237
2017-03-11,5.081939980341743,0.043528614895658596,448.0456442995761,110.4136388398185,65.02640407876157,79.49128209335731,185.29777402039875
2017-03-12,2.7969757827120616,0.031759157561728354,441.4126534353386,109.04375498586901,63.22070739274584,77.83959048907391,184.63186772373615
2017-03-13,2.638685234253505,0.040209977953017936,521.998057427393,108.63363562363284,62.557245130809925,77.27338018233856,184.62327403963477
2017-03-14,7.381497198646002,0.0,506.11881409823565,106.26977114915825,60.21665857939625,74.80061164244735,182.345400624212
2017-03-15,8.410176907059226,0.0,541.4255146905397,104.10422496070923,58.09008857434832,72.60611954793973,180.17088538001838
2017-03-16,8.160621807101032,0.0,501.10869057992034,101.44769137878279,55.35348555628391,69.9830071382407,177.55874354427215
2017-03-17,8.295591704683181,0.0,514.8170899192174,98.8880567598987,52.60818213110398,67.49500847549602,175.10789204918453
2017-03-18,10.358250019395738,0.0,540.9407652165785,96.01074518069638,49.763601239819685,64.73723503163104,172.079624986243
2017-03-19,10.139725422297854,0.0,487.3609081949765,92.60876099575268,46.4958628035573,61.59772051164834,168.2856434668647
2017-03-20,9.613719433852644,0.0,498.1379906971214,89.52077640530517,43.30695618418384,58.80941023162284,164.99681827921762
2017-03-21,9.971033051154055,0.0,486.79430482129385,86.26344677537763,39.9528551032511,55.88366495808133,161.50280313577284
2017-03-22,9.870826717610452,0.038678436575182995,458.5855742977777,82.8360523104537,36.41250126770323,52.78509662555495,157.85718516735517
2017-03-23,6.540003830326205,0.34543124690471694,439.1714003952942,80.42325144152788,33.69327374033723,50.52258659421051,155.59195010429744
2017-03-24,5.1525872972908395,0.16599510681962182,443.60856102346247,78.64544188735998,31.59676423179467,48.817204122432024,154.05125396701865
2017-03-25,5.671908975095328,1.1618054558123927,444.131863705565,77.12367032061745,30.014509996557333,47.43480546772001,152.44922258078262
2017-03-26,3.665544171997587,0.5540014713758066,393.7164575783121,75.70099837421198,28.59339607593129,46.11152047770144,150.9259431555858
2017-03-27,4.4924874289249805,4.47571101882228,345.7018851397178,74.1690506457323,26.93623614612764,44.63316107302265,149.4620944600772
2017-03-28,2.4950661731171895,3.590747459521326,219.90089584139724,72.44178244516303,25.179122395904244,43.05936827330711,147.6107691677188
2017-03-29,3.5029744024384826,0.004624128829579937,485.4728174456176,71.55402978124769,24.23973418243354,42.20921595527816,146.73564361109095
2017-03-30,6.482052584733848,2.6879265344378425,399.11052584685615,69.80367277202309,22.617022957086082,40.57552685008147,144.74506900055968
2017-03-31,4.6358729947761415,5.561822153433657,324.9308865423262,68.21563347599773,20.97295267070143,38.96739388803955,143.23144768402912
2017-04-01,3.6253294978157955,0.00478003001707434,469.4765447751654,67.22910519916333,19.93726736106058,37.955083762139516,142.3183370608397
2017-04-02,3.3268395089887477,3.6442225926241525,336.6216600889149,66.08204893341694,18.850568355069772,36.78037364146198,141.14027115774326
2017-04-03,1.5333097309269863,0.21712514425757448,446.17635155314633,65.56604077002046,18.131301615197017,36.16216242038391,140.92344744671388
2017-04-04,-1.4898639930824242,1.6513240586542628,363.1925388868736,66.78550543073624,17.780331446891385,36.555269253056785,144.49109770314678
2017-04-05,-0.07814891893548746,1.1061554118024441,555.056297341748,67.8916798722061,17.784901617746176,36.9228808583262,147.40287676874124
2017-04-06,6.028406542801069,0.0,596.9079692499192,67.29061101945825,17.325152580116825,36.3409708556496,146.64554127491638
2017-04-07,9.207704551675025,0.0058415584716189515,508.6062679985726,64.99605647587326,15.729494752110298,34.33740593471407,143.38250688059145
2017-04-08,7.973255889808108,1.5789455070963068,424.4060106284486,62.71108739608135,13.94626381276632,32.18446129662678,140.4789173185546
2017-04-09,-0.08113655900937067,3.0317977875342925,360.53413391546866,63.754413931158226,13.452329189395797,31.761624766063573,144.47615881875785
2017-04-10,0.461782475977195,0.44685944455373194,579.1414309553525,64.20127510663215,13.457066023249249,31.916393872973998,145.64337759357028
2017-04-11,4.718441039197023,0.07128005859700962,594.1441302927483,63.926135936832964,13.25235277029558,31.61993655399168,145.3211391072431
2017-04-12,8.233731570607878,0.0,589.9936495361789,62.57949919273731,12.419831715282402,30.456405963463254,143.29293652481496
2017-04-13,11.267901098295676,0.0,579.308568431793,60.404599234675196,11.094885817159751,28.50242481960444,140.072806679742
2017-04-14,7.666054871354564,0.0,555.8008261739445,58.951309866958404,10.200586597365136,27.142350559241738,137.98402386816056
2017-04-15,4.8671039199330055,0.0,548.2227881527995,58.202432770704505,9.642029062366229,26.357492684110433,137.08629912359945
2017-04-16,6.937281340364549,0.0,579.7158740565527,57.101448747433274,9.008335745230154,25.33853935827199,135.4499760755615
2017-04-17,9.388730893925526,0.0,560.2574820803013,55.35001053865974,8.100693664781575,23.72279569071116,132.7442589768976
2017-04-18,9.409147209056943,1.5724073889878298,499.8960285251676,53.58463937099882,7.180463580117807,22.07199426361556,130.04436631817873
2017-04-19,5.731313627541588,0.7180851817917391,428.49350455894745,52.223902722343176,6.36691110523982,20.575311329904967,128.28808385777825
2017-04-20,5.2848485665359775,7.137156768594461,458.94280574393406,51.57609897798643,6.028069796269472,19.840748227831735,127.42690807618949
2017-04-21,2.6180872934300106,3.637595016550224,371.4026232268644,51.18043047610607,5.6085683249697,19.046177588419418,127.45210310389912
2017-04-22,4.447919241500782,0.13024965112803083,558.0438706727705,50.85731571036791,5.276731783252786,18.461723176631118,127.39802628429399
2017-04-23,8.606176950150195,3.8164376815000174,453.34383255896273,49.61752119020073,4.773204210425604,17.299100309756835,125.36667107331498
2017-04-24,5.514377777238726,9.14688771243308,329.3831631697106,48.39427046440452,4.237538372169588,16.080573622488185,123.47134511325703
2017-04-25,2.3312772006792635,3.2860140801325555,321.306929087116,48.02381011543578,3.919379662846698,15.338048101876364,123.42109437408445
2017-04-26,2.3989176665476566,4.382188019968595,346.98660241186195,48.04500663682801,3.6421057626796487,14.70370377666268,124.38560111746212
2017-04-27,1.6475089009286308,5.4392344546272655,272.4781714315553,48.419598976173184,3.311940741623929,13.938086322065992,126.58108944007012
2017-04-28,0.12804379892006743,2.1760121800318095,334.0621563747748,49.19539917927643,3.131638776409629,13.533797707681416,129.46150111510124
2017-04-29,0.174046558796881,0.2561746842424491,437.6634261756976,49.28155608935193,2.981391759281932,13.282596934277112,130.1134776027285
2017-04-30,1.1170636930914966,1.164748861613225,560.6261997830896,50.446285534288975,3.0625976625294213,13.732652716452147,133.0424435812111
2017-05-01,6.064936471677989,0.06559959224972368,498.1248473874755,49.305100777622066,2.717271191496316,12.660792713485694,131.0596830696066
2017-05-02,6.018167606817347,1.965507535620954,368.2986500651865,48.175032014551086,2.3847402079736733,11.595054844526736,129.09138764993304
2017-05-03,7.139245456429348,0.02298235728925659,532.0870771835147,47.20629621712656,2.1373300941343483,10.723766079562123,127.32537717346703
2017-05-04,10.277447028331046,0.11017218262619559,604.5888375988643,46.139392073621735,1.9077366117090975,9.881036072283615,125.22226896891874
2017-05-05,13.285317235286948,0.09230697515836225,593.5581917750231,44.50307942825322,1.5899308381433979,8.632592268720304,121.9194923167121
2017-05-06,14.50209091090731,0.0036370364037750535,579.81734310855,42.64101616894737,1.2526744644522132,7.267055270213222,118.08239318180874
2017-05-07,13.075936188760789,0.6789866785503251,499.00812751894125,40.9062109269915,0.9250290101093384,5.976491525680858,114.53887082594723
2017-05-08,12.161532301584609,2.6879149486320792,472.23582864554066,39.44141213004087,0.6815975727242678,4.949926264948063,111.45167406887029
2017-05-09,11.132228370339337,3.451610440592334,424.3940268242891,38.14715045838257,0.4980244221660113,4.1286069452959815,108.60783158955746
2017-05-10,8.993655735230432,2.6985826952568064,347.224319877596,36.97434610397347,0.32088251476560914,3.3061869534152764,106.1192882260554
2017-05-11,10.214155914259084,0.030095357179035446,582.8159976076593,36.131776747995,0.23269635772185335,2.7817719097842133,104.22729926327257
2017-05-12,12.99306150920891,0.0037407722378955083,569.4097837049335,34.956968610865054,0.14871600001691468,2.159597078698401,101.44272994228123
2017-05-13,12.520594228712254,0.0,577.4270212536271,33.96970523491443,0.08468622591958118,1.6325766742088788,99.10049029571398
2017-05-14,9.497240782392781,0.0,601.8733995409648,33.31593063779132,0.05640737599375973,1.3525006593668023,97.46701209127158
2017-05-15,11.416783161325608,0.016458326879929437,538.2499199298114,32.300753047281326,0.020798606688001844,0.9492554579782327,94.8909354311499
2017-05-16,8.361209013957575,0.13217658249432127,497.42222650920706,31.62774594065313,0.006078310644706495,0.6850628983250799,93.17138503713267
2017-05-17,3.193981419624686,10.196786800462638,294.7670220315376,31.515148210478568,0.002475441019639061,0.5583864968873882,92.96703501360935
2017-05-18,-0.16469981634778016,11.544015556961694,166.13036075558995,31.907729663719763,0.0010963834854780096,0.47414816955434297,94.21741215308357
2017-05-19,2.1368331888951326,2.068740100465987,362.0905726093914,32.11279553503022,6.012952562284657E-4,0.4011265607673314,94.8992653804357
2017-05-20,4.2058864026086535,0.2883168661959152,515.4061441488906,31.93708337238689,3.529341797560254E-4,0.33762135156763945,94.44137164287322
2017-05-21,7.084775798434851,1.7333504312694794,460.0794848548809,31.509775083985517,0.0,0.2420867760035688,93.26886348337159
2017-05-22,6.775495204429248,2.220444338961865,470.3935350423388,31.125358215192048,0.0,0.18037254974897246,92.18957874651933
2017-05-23,6.897300372278322,0.9416420868409828,535.0523887283108,30.863482900638605,0.0,0.14143373727158767,91.45124687648304
2017-05-24,12.590875997249713,0.33036574484060305,580.535485809295,30.19850354458803,0.0,0.09847236379444163,89.52065078136208
2017-05-25,9.93852041362198,4.157761489151027,364.6939209223802,29.57996849076006,0.0,0.06881772452691433,87.7146178158334
2017-05-26,10.018472253590753,4.28027710540422,421.1490167480111,29.019195602479417,0.0,0.05096195372162902,86.0682389692289
2017-05-27,7.640449248790017,2.51244201833303,360.0322990832651,28.58755674110069,0.0,0.037583645374287225,84.80062144389713
2017-05-28,9.06906039940928,0.15122431599016617,568.5679507354658,28.22172454597854,0.0,0.029928218359508187,83.72258952028912
2017-05-29,10.768911114972447,6.551695403413079E-4,545.9044815695022,27.690490026354308,0.0,0.022027843059013615,82.15394427532249
2017-05-30,12.795678655062648,0.045348742660437195,567.1967984967665,27.078653866223483,0.0,0.01515020637899903,80.34508118069364
2017-05-31,14.487609518501454,0.354762248119066,550.9466905524556,26.33051868760398,0.0,0.010327589284674536,78.1296802092113
2017-06-01,14.17868331009714,3.1900568943885674,423.8948114299765,25.604178400381628,0.0,0.0070032920555653695,75.97746510156541
2017-06-02,13.647475953228575,0.25695041550678444,484.34032522479026,24.94483230190174,0.0,0.00483534130694468,74.02291288911374
2017-06-03,14.350692753584203,0.0,573.5151991873377,24.317636449106065,0.0,0.003022088378464018,72.16341795737355
2017-06-04,16.81800712017262,0.0,568.6257104837559,23.580973771597566,0.0,0.0012883639777552494,69.97898361969062
2017-06-05,17.227238379155896,0.05474165432255254,538.069486737757,22.804419942796084,0.0,0.0,67.67572192975231
2017-06-06,17.319039251747462,0.16356646240535053,518.7782816330551,22.096253553265278,0.0,0.0,65.5741261962014
2017-06-07,17.75288870973673,0.6654771050384164,511.2186346982662,21.41197534023599,0.0,0.0,63.54342240352779
2017-06-08,18.148836883856728,0.0,556.1656245167095,20.717191843536337,0.0,0.0,61.481542520506245
2017-06-09,17.742014127710323,0.0,536.2787686434082,20.01645216786723,0.0,0.0,59.40198673462412
2017-06-10,17.706136455841776,0.0,541.4919862111466,19.27201066245564,0.0,0.0,57.19273885901146
2017-06-11,17.040943157740916,0.0,529.4576353254295,18.599458479026698,0.0,0.0,55.19683391325278
2017-06-12,14.71369396216305,0.0,577.6745514399547,18.243988408198977,0.0,0.0,54.14192027247475
2017-06-13,7.899525549309202,0.0,491.59414271908093,17.955322052473292,0.0,0.0,53.28525721901533
2017-06-14,12.09395142809957,0.0,575.5934845733643,17.63039239679279,0.0,0.0,52.32097708912278
2017-06-15,14.688450972807447,0.014036278574994196,581.1800751990191,17.208281912837194,0.0,0.0,51.06829748545514
2017-06-16,17.013637867209912,0.0,534.3760263409654,16.68263828965885,0.0,0.0,49.50836692087164
2017-06-17,15.926106329339557,0.0,436.5900107220143,16.153109408637217,0.0,0.0,47.93690623931575
2017-06-18,15.322431479315185,0.0,546.1624412807575,15.738534982179536,0.0,0.0,46.70659107784638
2017-06-19,16.730824923991694,0.0,526.0936818136361,15.26881745143319,0.0,0.0,45.31263003537919
2017-06-20,19.948217577743886,0.0,543.2047299893055,14.705492864065686,0.0,0.0,43.640875251591375
2017-06-21,20.221689987527377,0.07877104388829403,508.9891521821,14.124296130355754,0.0,0.0,41.916082047655536
2017-06-22,19.130503971042497,0.01302417427437972,508.6599854080106,13.64454162465707,0.0,0.0,40.492334695008374
2017-06-23,14.872063652039895,0.0,512.9843080893671,13.286323206237864,0.0,0.0,39.42926489819418
2017-06-24,14.327017875104104,0.0,520.4704132413084,12.925720986961485,0.0,0.0,38.359120795418654
2017-06-25,16.015688950088368,0.0,535.842132534558,12.540943239996897,0.0,0.0,37.21723199168444
2017-06-26,18.19629258180622,0.0,548.6981246220295,12.135564714331332,0.0,0.0,36.014207119837074
2017-06-27,18.63529712379344,1.7398886711975092E-4,492.1960201861879,11.687394648294008,0.0,0.0,34.68419158589836
2017-06-28,17.002764533244385,0.07252933402670812,527.2928246373856,11.300329670655161,0.0,0.0,33.53551506348993
2017-06-29,14.76592487444851,0.0,504.80187118228145,10.98622066520709,0.0,0.0,32.60334692408282
2017-06-30,13.221682494684645,0.0,529.7321769034113,10.72875834973315,0.0,0.0,31.83928679393648
2017-07-01,16.589476969380673,0.0,562.293418937445,10.431482413118262,0.0,0.0,30.95707344787366
2017-07-02,18.914014627458425,0.0,537.6728262545192,10.057778204819689,0.0,0.0,29.84804712103732
2017-07-03,18.949721894744403,0.0,505.431919621864,9.680752294698282,0.0,0.0,28.729163118826666
2017-07-04,19.85626161552402,0.0,531.7855919326516,9.297204751494725,0.0,0.0,27.590925139268528
2017-07-05,21.60098591057441,0.0,533.5205137785293,8.887418333351977,0.0,0.0,26.374819149535668
2017-07-06,21.544038820700887,0.0,523.4558773980672,8.484268568789037,0.0,0.0,25.17840847866371
2017-07-07,20.53839372805196,0.07047929656479107,509.0229519052671,8.124262461391863,0.0,0.0,24.110033432144697
2017-07-08,19.86745049988799,0.20809428067452612,515.7835656949007,7.788433540899849,0.0,0.0,23.113408010573032
2017-07-09,21.229867993080862,0.0,507.28843030092895,7.447809773493702,0.0,0.0,22.102553122640437
2017-07-10,20.578877344034172,0.7549805011297934,422.16542702247426,7.114396910618558,0.0,0.0,21.113097734064816
2017-07-11,19.284325519731716,1.5101120685219835,413.92661121564487,6.82096862917841,0.0,0.0,20.24230291310987
2017-07-12,19.02840475365026,0.48778899802089054,448.06541036223746,6.550817315927656,0.0,0.0,19.44058617572401
2017-07-13,20.12220260967062,0.0,505.6736428507591,6.2869561992312315,0.0,0.0,18.65753659119546
2017-07-14,20.976586022437875,0.0,500.17287841319774,6.019966283618369,0.0,0.0,17.865201801168404
2017-07-15,21.615864708931603,0.0,484.7321250266571,5.755689342611834,0.0,0.0,17.080918192251012
2017-07-16,21.11418634392274,0.19131241798371693,503.6236344706463,5.5028940169924665,0.0,0.0,16.33070809242508
2017-07-17,21.488914825611545,0.012300511988245609,474.31656139213567,5.237809888802063,0.0,0.0,15.544029027910147
2017-07-18,21.976147643226216,0.10228095100689895,461.3638917908676,5.002464923009394,0.0,0.0,14.845605630055507
2017-07-19,21.650334876403896,2.485969221956029,444.170978454056,4.766048496252906,0.0,0.0,14.144002502375338
2017-07-20,20.588907835851156,1.923437808661117,437.260316944758,4.547280659627502,0.0,0.0,13.494774356438159
2017-07-21,19.89863136007268,4.164947374706478,365.53182171095773,4.360983888385088,0.0,0.0,12.941909231228294
2017-07-22,19.569439168575553,0.064101537703714,488.29736407821497,4.177868095815472,0.0,0.0,12.398484163194397
2017-07-23,20.349572654096995,0.02853118844497819,518.6380668323754,3.992023959018253,0.0,0.0,11.846962302269512
2017-07-24,20.860506735750743,0.22286910732251033,479.93076162073623,3.7891885871969384,0.0,0.0,11.245016264820155
2017-07-25,17.23396343047819,5.790333900819669,213.56797619148293,3.589566574507875,0.0,0.0,10.652606378680069
2017-07-26,18.335750107837395,6.193602858424586,268.37167595291453,3.419654399518176,0.0,0.0,10.148365133521152
2017-07-27,19.42976937378788,0.9015831433617758,453.25314260011095,3.2579047379598887,0.0,0.0,9.668347437596017
2017-07-28,19.47462623494877,0.0,474.03038270761124,3.0955839549061674,0.0,0.0,9.186634848329588
2017-07-29,19.96818797026374,0.024313355422270075,398.5521692560511,2.937606304052432,0.0,0.0,8.717811190586419
2017-07-30,19.132720409200385,0.0019585614664664403,478.3570766753292,2.7999543765486856,0.0,0.0,8.309307330711626
2017-07-31,19.321055246727127,0.0,497.28873294778435,2.6646488752956885,0.0,0.0,7.9077668617440615
2017-08-01,19.739284484990122,7.382125802181158E-4,505.9880003192834,2.5381169799653187,0.0,0.0,7.532263455601617
2017-08-02,19.880630645162263,0.02628159697431966,491.65422384599094,2.4109993112470627,0.0,0.0,7.1550216743103245
2017-08-03,18.90982290617065,0.0,492.8168035122305,2.2995864928711125,0.0,0.0,6.824386519601963
2017-08-04,19.699511937170808,0.6390344440656888,489.2244954037244,2.184403339713959,0.0,0.0,6.482562300279161
2017-08-05,18.508191055615264,1.4188772970154884,444.8899428038717,2.079411787820661,0.0,0.0,6.170983269164688
2017-08-06,17.549818741831242,0.023384225247499023,492.1036652983937,1.9843641074642735,0.0,0.0,5.888914249123735
2017-08-07,16.081132364975687,1.0599684411096857,394.17955217752444,1.9007652582352585,0.0,0.0,5.640821445699575
2017-08-08,15.702417828230088,3.3651894220978105,374.956418628611,1.822467702813205,0.0,0.0,5.408461069868302
2017-08-09,14.806789825389982,2.1550522983921274,416.4720307635507,1.7484793496772124,0.0,0.0,5.188888933175847
2017-08-10,15.937479244337181,0.2457555925612611,444.44780112814834,1.6756149794275506,0.0,0.0,4.972652393418546
2017-08-11,17.481327189215556,0.0011567474191758586,506.685917364129,1.5991875389257462,0.0,0.0,4.745841879308682
2017-08-12,17.09530602873811,0.08203404945736543,465.9099501784788,1.5223037227737888,0.0,0.0,4.51767699829658
2017-08-13,17.59908545533605,2.3978367202756785,430.2794660687972,1.4475444156496642,0.0,0.0,4.295816933743986
2017-08-14,17.1880567632182,5.730492577951223,369.56861291476685,1.378467934370915,0.0,0.0,4.090821553434691
2017-08-15,14.368040883974343,3.3420388138668384,346.45976146719505,1.3234076190073503,0.0,0.0,3.927421361662385
2017-08-16,13.796786974567716,0.0,483.1614114019978,1.2743894240064386,0.0,0.0,3.781952117423703
2017-08-17,16.5999280360892,0.0,499.8811084603609,1.215472745360755,0.0,0.0,3.6071075578579848
2017-08-18,17.59427557931158,0.0,515.3069920169326,1.1541901466145095,0.0,0.0,3.4252417563034205
2017-08-19,18.540811321799687,0.0,509.0306607746816,1.0907732373476913,0.0,0.0,3.2370420508098676
2017-08-20,18.70004968050298,0.0,505.51247882913833,1.0274319470762072,0.0,0.0,3.0490667566415617
2017-08-21,18.536652869562054,0.0,491.93034469922395,0.9680773812053209,0.0,0.0,2.8729226974979656
2017-08-22,18.447693163308216,0.0,502.7501936914771,0.911276710731768,0.0,0.0,2.7043577267583356
2017-08-23,17.84505973686333,0.7740413691922222,434.22145516037796,0.8610536202266362,0.0,0.0,2.555312764597314
2017-08-24,16.51881368438895,0.2237241949874344,460.8290721449375,0.815576924265349,0.0,0.0,2.420353478727287
2017-08-25,17.691859434608762,0.0,491.31241653253267,0.7722912708749252,0.0,0.0,2.2918964581257457
2017-08-26,19.048088454783755,0.0,500.4964410797165,0.7251927969541475,0.0,0.0,2.1521242897314714
2017-08-27,19.358942704762505,0.0,488.46359209017584,0.678285255516693,0.0,0.0,2.0129187436709883
2017-08-28,19.42148726431357,0.0,500.1105172474944,0.6336072046550804,0.0,0.0,1.8803295634130182
2017-08-29,19.8151146727552,0.0,499.45027346561875,0.5888330181695491,0.0,0.0,1.7474550854904654
2017-08-30,19.471698624655435,0.0,483.8203710665718,0.5467211698142012,0.0,0.0,1.622481516928169
2017-08-31,18.203041991457237,0.4685818553404012,418.39254469721624,0.5123140984936371,0.0,0.0,1.5203730924670928
2017-09-01,16.89304516901841,0.0,474.01785122677217,0.48182388171989,0.0,0.0,1.4298885531920729
2017-09-02,19.054732570293396,0.0,489.6793292720472,0.44913043955692106,0.0,0.0,1.3328655942087873
2017-09-03,19.911944103996326,0.0,484.3869205068479,0.41734358225099344,0.0,0.0,1.2385330691345753
2017-09-04,18.9512973055806,0.0,489.1812692851119,0.3905892298279606,0.0,0.0,1.1591352980211846
2017-09-05,15.479509053816201,0.0,453.85507692176407,0.3687285397407993,0.0,0.0,1.0942602436570599
2017-09-06,16.1792829111774,0.0,483.89970805109124,0.35052050957238945,0.0,0.0,1.0402250351467417
2017-09-07,17.14253651053038,0.0,462.1401930506446,0.3292800468556563,0.0,0.0,0.9771906035723926
2017-09-08,17.869459996486206,0.0,444.29119514159424,0.30832906936085436,0.0,0.0,0.9150152651664437
2017-09-09,18.425769368714562,0.01580192305335121,425.51967590792367,0.2878048293278553,0.0,0.0,0.8541063376525246
2017-09-10,18.16029810181676,0.09506097145434854,387.99769633927355,0.26744173899543,0.0,0.0,0.7936756473554458
2017-09-11,18.402353888376883,0.3215784701256529,408.7305973606559,0.24680338616567438,0.0,0.0,0.7324280720740635
2017-09-12,18.626822506466024,0.3804917299642442,422.95173276966676,0.2272379967896496,0.0,0.0,0.6743646854945917
2017-09-13,17.866619630485605,0.007024082637621537,395.2284276147307,0.2080536578690587,0.0,0.0,0.6174321263918915
2017-09-14,15.39603914666496,3.813634154111522,322.4766289809869,0.195327722401782,0.0,0.0,0.5796659007154759
2017-09-15,9.268881364028486,6.027851429995402,179.93887832571275,0.18795925997754437,0.0,0.0,0.5577988233978586
2017-09-16,8.940835769262687,0.8760534036818547,323.67900978433033,0.1819499183358413,0.0,0.0,0.5399651519015024
2017-09-17,9.723481303684617,0.9644643378320318,392.9551590852655,0.17360094321406966,0.0,0.0,0.5151882481189562
2017-09-18,12.312822211663354,0.11430364432132843,423.1671000301727,0.164048119506696,0.0,0.0,0.4868387333106046
2017-09-19,10.097964969220158,3.580559492244471,342.50591155305005,0.15940676489012004,0.0,0.0,0.4730647796123
2017-09-20,10.5571683713123,0.6155318478623718,411.2217160265311,0.15513817709944686,0.0,0.0,0.4603970704103569
2017-09-21,15.41931474683916,0.0,360.786559416948,0.14143766959182644,0.0,0.0,0.4197386481085389
2017-09-22,10.523349631554531,1.3855667229419135,265.1528282717431,0.13252121987206472,0.0,0.0,0.3932776737294981
2017-09-23,6.509950836457934,3.923418984947289,201.0957216119729,0.12772413521580986,0.0,0.0,0.37904156651499554
2017-09-24,5.8551756474542875,1.0726191269835188,281.5147296153021,0.12516834119669895,0.0,0.0,0.37145684365070225
2017-09-25,4.27334579517243,0.017748759258149324,322.8984016600365,0.1224585962862892,0.0,0.0,0.3634152471743409
2017-09-26,5.627410923059426,0.17680565290386874,405.1894603915247,0.1198979867700899,0.0,0.0,0.35581623356102937
2017-09-27,8.024514766704097,1.7872236212342598,373.9808560734707,0.11437307204686395,0.0,0.0,0.33942017554102477
2017-09-28,7.937780804955239,4.015750119178543,249.64361636202798,0.10826684332183367,0.0,0.0,0.3212989763054722
2017-09-29,7.880050356670771,3.604868569083824,246.22652888399128,0.1030784648679436,0.0,0.0,0.30590164287657684
2017-09-30,8.110291865790511,14.68223662655565,260.699819609596,0.0977175207465032,0.0,0.0,0.2899921935437886
2017-10-01,2.483051042941135,20.077338571802972,133.2596591182146,0.10012493127360288,0.0,0.0,0.2971365649336964
2017-10-02,0.20472885887523368,10.344664378373743,135.88549138064684,0.5325749482224582,0.0,0.0,1.580500367607075
2017-10-03,2.798267954552511,0.9817454204686453,382.1356128609848,0.9079221483536011,0.0,0.0018689230761553797,2.692539094435409
2017-10-04,10.475624894128908,0.0012023910764664134,422.62486707494,0.6607000190182593,0.0,4.6126612661178713E-4,1.960271861473466
2017-10-05,9.519674332335233,0.2554445104428221,405.53341943356014,0.4694171216215103,0.0,0.0,1.3930695308896734
2017-10-06,5.1287804340712295,7.53091847936882E-4,307.028864985038,0.4086496547660935,0.0,0.0,1.2127324646718696
2017-10-07,8.011699366273648,0.006777399113363627,400.4511735366027,0.3603559050802195,0.0,0.0,1.069413126452143
2017-10-08,7.319042473538999,2.920050248535666,346.19116862985044,0.3651886717132163,0.0,0.0,1.0837551255745277
2017-10-09,0.7004379385729063,1.2351716257591727,265.6611225361185,0.5297647174379314,0.0,0.0,1.5721605634108213
2017-10-10,2.9592074050791943,0.16860011717579096,397.16289323583203,0.693072857937191,0.0,0.004168891395517129,2.0526466357171875
2017-10-11,7.730816364372452,0.00477865316272338,388.83085277055307,0.5394079795941367,0.0,4.61266125426718E-5,1.6007324773783214
2017-10-12,7.444927264223474,0.0,335.7766745334241,0.3932045778076505,0.0,0.0,1.1668967566799453
2017-10-13,5.5808881312241,0.0,383.05916528977633,0.312650147010482,0.0,0.0,0.9278387463243342
2017-10-14,1.1080601146186808,0.09511015673271475,316.60131168278843,0.32751604901562903,0.0,0.0,0.9719556610653773
2017-10-15,3.739264328181379,0.021351204678995445,401.01904127460625,0.3479360552372298,0.0,0.0,1.0325552582629118
2017-10-16,8.081520741965125,0.0,379.6469481378622,0.24547059062335813,0.0,0.0,0.7284727905655987
2017-10-17,8.752130487785118,0.0,373.38470379615177,0.1748230610586177,0.0,0.0,0.5188150760593506
2017-10-18,9.618793954485982,0.0,367.30646314551313,0.13894461575207578,0.0,0.0,0.41234011664673925
2017-10-19,10.308905826476717,0.0,355.32773857284235,0.12284543240052016,0.0,0.0,0.36456324450839944
2017-10-20,7.738842540015676,4.4107810028030405,306.09694224508144,0.20229304532200976,0.0,0.0,0.6003365978120347
2017-10-21,0.18912608133328526,0.11614337476949639,248.9974029827268,0.2348307190536182,0.0,0.0,0.6968972893457368
2017-10-22,4.665904579725872,0.0022944178730826045,319.9661167685434,0.22510466019186848,0.0,0.0,0.6680336718254803
2017-10-23,6.359892129433633,0.0,291.2711179069709,0.1840204725713098,0.0,0.0,0.5461098489835391
2017-10-24,5.075908378150273,0.0,336.77460040841095,0.16135773767282263,0.0,0.0,0.47885459982548223
2017-10-25,7.724087829989382,0.0,330.70131217798973,0.1317459090433214,0.0,0.0,0.3909768162559568
2017-10-26,1.5110735024434043,0.0,303.2392059160229,0.1317351708184981,0.0,0.0,0.39094494887590564
2017-10-27,-0.5301083487000557,0.00661477514491822,317.1188237301355,0.13834761127983572,0.0,0.0,0.4105684114792549
2017-10-28,4.521776716406959,0.0,280.1705807207799,0.1281084055533685,0.0,0.0,0.380181949501088
2017-10-29,5.946626269457585,0.08189429975330227,313.1166386101944,0.12108657961447129,0.0,0.0,0.3593435707625817
2017-10-30,0.5346590580309071,0.3160476571191323,175.54890199577616,0.1174592165860576,0.0,0.0,0.34857879743070236
2017-10-31,1.8612056382563673,0.0024197452785784724,260.2815383428601,0.11479092906368701,0.0,0.0,0.3406602323084343
2017-11-01,6.747419024985106,0.5286146214989721,235.09316346740528,0.10343223588982513,0.0,0.0,0.3069515143209598
2017-11-02,8.31606712492374,8.015940509776089E-4,243.5377396477759,0.09215235818646406,0.0,0.0,0.2734766937042036
2017-11-03,7.510721055731031,0.0,193.1915888964009,0.08390864448164159,0.0,0.0,0.24901216981999516
2017-11-04,5.055051001149969,6.429225716459387,156.9276827635898,0.08089931208509983,0.0,0.0,0.24008150010888546
2017-11-05,2.4404811119256875,6.475884142595673,104.84491271041028,0.07922755883445319,0.0,0.0,0.23512030800622633
2017-11-06,1.3179976478645758,2.8658511470064454,158.26485287185847,0.21897992303978547,0.0,0.0,0.6498575459061656
2017-11-07,-2.0166289120534615,0.6860705147018369,202.85543864357604,0.7758667811874247,0.011736694952583311,0.07518478710887158,2.216151666140627
2017-11-08,-2.1211709049917413,0.023735809695790606,283.8717284430706,0.7996003421990477,0.011736694952583311,0.07518478710887158,2.286584761104431
2017-11-09,2.74212097434139,0.1706262516379053,277.5417667033454,0.8346522962976066,0.010225287027970294,0.06365472458125465,2.4035701625336032
2017-11-10,4.237806472967038,0.0,228.28043717236582,0.5916583230888007,0.006267849284842807,0.030419705409817744,1.7194256661583165
2017-11-11,1.6507204383236254,0.0,248.25600095202694,0.5518784039949045,0.00454892922344487,0.018358391652441488,1.6150667536585657
2017-11-12,2.404454695962131,0.0,294.60137620399274,0.5404448440129412,0.003599601733850686,0.01397477290764609,1.586428020623013
2017-11-13,6.275185515063238,0.0,267.6193761860508,0.3200253824166233,1.9607453822194824E-5,9.543436771310776E-6,0.9496973772516205
2017-11-14,4.124318494112469,0.0,263.41164207072745,0.2753877388405197,0.0,0.0,0.8172566582874963
2017-11-15,2.2507295096504802,0.0,276.46288687586735,0.27038577725747226,0.0,0.0,0.8024125463983641
2017-11-16,6.358465203358426,0.9415655755524166,228.73981688308692,0.18116313681167048,0.0,0.0,0.5376302533255766
2017-11-17,1.587859959919925,9.826981313557692,211.85224080683045,4.1475714910609485,0.030139924022104223,1.5349332837881278,10.748892125078513
2017-11-18,-6.239008599849622,0.07611122091579763,221.55811000628202,4.2236799381410215,0.030139924022104223,1.5660194390880418,10.943761053880449
2017-11-19,-3.2965717787186586,0.1436346832450962,268.4343767266499,4.367312212309241,0.030139924022104223,1.5678342826799754,11.36820302078591
2017-11-20,-0.6384494725084151,1.1225656238272208,231.8718669915154,5.28817540794528,0.05573255303663274,1.9555904895104563,13.689551933441942
2017-11-21,3.3437525169318434,1.2953241359863155,182.6346926100441,4.67095402169813,0.04387167737050891,1.5924950542409448,12.231391761816152
2017-11-22,5.449392246522602,0.0,186.46803525807692,3.741497323292297,0.02042279688564174,1.0466687245652724,10.040065773356712
2017-11-23,6.6934543255580845,0.0,235.28326313230883,2.911036873818477,0.013953971275664891,0.6777294784025,7.9496781392955755
2017-11-24,6.004302320954014,0.03659544095261233,240.39769690920423,2.331129223948982,0.008710611275444858,0.40862953149328074,6.502109840997471
2017-11-25,4.3813539073328105,0.0,238.59046852081187,1.903612213161251,0.004656770183858257,0.20876064448002718,5.436602444257246
2017-11-26,7.590392267015941,0.0,267.28863691989034,1.374711731802351,3.284248410217664E-4,0.019700835064349283,4.0597126456150505
2017-11-27,6.583717031308466,0.0,254.45008706481735,1.0302310082735464,0.0,8.414130338532852E-4,3.0565344697145114
2017-11-28,1.476142536078987,0.0,215.14034981265382,0.9292957847450395,0.0,4.6762842134786826E-4,2.7573659220022666
2017-11-29,1.6033320089399483,0.0,223.64714178546953,0.8340156441389039,0.0,1.7178187254921593E-4,2.4749020176960346
2017-11-30,1.646848663984858,0.0,248.3468352230861,0.7639860262485488,0.0,3.1811455904369253E-6,2.267246159693403
2017-12-01,0.9780642760518229,0.0,177.84267898592415,0.6375883006258839,0.0,0.0,1.8921440951823683
2017-12-02,3.809770917793535,0.11225869298850367,230.24674161494463,0.48990948068538226,0.0,0.0,1.4538838465868085
2017-12-03,2.676758777802262,6.762776854315463,201.0595133121555,1.2124970057941438,0.0,0.012468500475018214,3.5858446729675473
2017-12-04,-6.584770078314835,4.121578290900182,154.17706348321101,5.334082813420525,2.9130058627615503,4.119752665326932,8.894729351755542
2017-12-05,-8.809135076506953,0.008498500190640662,230.8271912205013,5.342581847774167,2.9130058627615503,4.119752665326932,8.919951580035468
2017-12-06,-9.968534909073979,0.0,230.65939580960912,5.342581847774167,2.9130058627615503,4.119752665326932,8.919951580035468
2017-12-07,-10.161792326898238,0.8808678742514663,206.5236543092234,6.223458214786093,2.9525099791852307,4.408568879221398,11.207780482501736
2017-12-08,-4.16616133250393,0.0,236.76478339143875,6.223458214786093,2.9525099791852307,4.408568879221398,11.207780482501736
2017-12-09,-3.24742862824924,0.0,251.42213842389728,6.221483287837318,2.9525099791852307,4.408005815838617,11.20248098538567
2017-12-10,-2.113056042378253,0.0,251.80821527140714,6.1779061284330465,2.938904038983975,4.357661005284702,11.136561760297875
2017-12-11,-1.2748201843372864,0.010619706628294685,253.39408562189766,6.124165311367355,2.920737735151494,4.291181896049553,11.06099347778236
2017-12-12,0.39315807553950133,0.0012861215105613247,247.44018894078602,5.866402077757744,2.845435308951572,4.050108520873608,10.609494190581614
2017-12-13,-1.254700126628032,0.9528317679867703,202.48275396748352,6.640299353427616,3.4868310632865596,4.8809253867950595,11.455243972341302
2017-12-14,-4.775304534562605,0.1649033930555455,203.80112481403756,6.80518618167438,3.6948530776042228,5.098238990825464,11.525991181390383
2017-12-15,-2.616489252586815,0.0,257.31083480755797,6.803276248564849,3.6948530776042228,5.098073571446743,11.520488086792934
2017-12-16,-2.1727933562063155,0.0,215.12833503386972,6.776282270405111,3.6835951337768047,5.060309429013271,11.488959379674831
2017-12-17,-4.440885862142603,0.0,193.7594435155629,6.776097702599781,3.6835951337768047,5.060309429013271,11.488411645529345
2017-12-18,-2.491748070070629,0.0,224.22024817546378,6.77458364563945,3.6835951337768047,5.060007220311944,11.48421976386466
2017-12-19,-0.9898943739892853,0.0,242.37741429194287,6.717596950250649,3.6711068196273273,5.010028838484574,11.377055507174209
2017-12-20,0.5174702502347548,0.8807072001859317,216.27477307943283,7.009841503725345,4.762730559647162,5.100016615206685,11.095091421626034
2017-12-21,-8.069494525479996,0.9229296036682778,198.1189150018334,7.932774712552302,5.204899874921871,5.9792184722131445,12.52825369372532
2017-12-22,-9.423893989203568,0.9505827166355939,246.15414097605503,8.883368322354881,5.234590461464456,6.415248563736694,14.885722654739975
2017-12-23,-7.785420637238414,6.219031264525813,204.99341264518222,15.102404122384183,7.209023465609791,11.222332178924578,26.63234840876073
2017-12-24,-10.870489959008381,4.264420583189002,227.51662844170582,19.366812304863114,8.25978037246852,14.388740601305544,35.11068122488793
2017-12-25,-3.7767969486668,4.5701503703074495,171.80156607542034,23.765125595608527,9.92883055927682,17.379898704743617,43.561023494050005
2017-12-26,-3.5949840362562977,0.0,218.82751697389432,23.765125595608527,9.92883055927682,17.379898704743617,43.561023494050005
2017-12-27,-3.223222790126709,0.05286732627173463,255.868140504217,23.817993270469668,9.92883055927682,17.379898704743617,43.7179166784393
2017-12-28,-0.768583655471592,0.0,235.52968630901097,23.762687699080747,9.925729313765695,17.358623201005937,43.57801176091754
2017-12-29,2.5871253931232925,0.0,234.76009909826112,22.906466888735263,9.561445697506441,16.50984502160718,42.23689937899806
2017-12-30,1.952943730905851,0.0,243.89213140024523,22.36084916557465,9.200137513499161,15.887803510146252,41.58859160773761
2017-12-31,-4.253699596540674,0.0,229.81051897574704,22.36084916557465,9.200137513499161,15.887803510146252,41.58859160773761
2018-01-01,-5.815828622256951,0.0,254.82340824976382,41.49047381670325,15.336475807899415,24.1879346267056,84.12711921507628
2018-01-02,-7.485172221606194,0.0,289.3323998009217,41.49047381670325,15.336475807899415,24.1879346267056,84.12711921507628
2018-01-03,-4.145658057381141,0.0,295.7402912422251,41.49047381670325,15.336475807899415,24.1879346267056,84.12711921507628
2018-01-04,-2.558163860774086,0.0,283.84828815978665,41.489277887592486,15.336475807899415,24.18756402264141,84.12393962273863
2018-01-05,-1.0845584296559914,0.0,257.49673664760144,41.25054477480925,15.18661277008299,23.90706045864271,83.84059770062235
2018-01-06,-0.9978784577522266,4.882480716888797,183.25537223100045,43.79540361491822,17.178446590669015,26.74607105470323,86.62893027579115
2018-01-07,-1.9219172857710372,0.07479152964712718,216.80199064107242,43.80043689147022,17.231914482924008,26.725807725238468,86.6121756188022
2018-01-08,-0.7393471106695635,0.15709920630438065,269.59661159393124,43.81302326913556,17.18457065498062,26.628773485184578,86.79222872981731
2018-01-09,1.7272954280622541,2.411193357664862,162.7153388974088,42.20592046104906,15.653724296042235,24.97774407058619,85.15490963626988
2018-01-10,-0.4998089856706237,5.923851100339146,148.10253968192774,43.450983912735786,14.276213151774932,23.971462093616804,91.19016361425813
2018-01-11,-4.161853717816447,1.7096987409078284,199.00922231637114,45.15347334366628,14.30890889699996,24.67977393252901,95.50460288602575
2018-01-12,-1.3882114261265077,5.412349438762793,171.62646890292493,48.23617799258677,14.71051373601218,25.719874268305905,103.22617373238316
2018-01-13,-2.2521751797450174,0.16585971111612027,219.74581970437134,48.312450087753064,14.667294007689064,25.608286690291497,103.6057320837189
2018-01-14,-1.9114159092132463,0.0,262.4334992163645,48.30459669262743,14.667191068507039,25.60344140067581,103.58735687336619
2018-01-15,-6.861594035947397,0.0,284.0398473518366,48.30459669262743,14.667191068507039,25.60344140067581,103.58735687336619
2018-01-16,-7.856950500788122,0.0,324.39943861754693,48.30459669262743,14.667191068507039,25.60344140067581,103.58735687336619
2018-01-17,-3.621103023725423,0.009667819429304026,317.10483490742223,48.31426391511065,14.667191068507039,25.60344140067581,103.61604588463018
2018-01-18,-0.9833696659693821,0.12611322011407605,306.9385972941138,48.406186886223054,14.665093070822065,25.568467175459563,103.92574971861174
2018-01-19,2.173365199958691,0.02235432259446247,262.21063534260963,47.656756406323346,14.29398261929526,24.778024656996312,102.85001615178109
2018-01-20,-2.1547824594119995,10.251278158194108,147.55012559815114,50.602420653980516,14.154433125566593,28.513135047079206,108.00303794550283
2018-01-21,-8.212512742098696,14.035914785959731,146.74137775638292,64.63836797443132,32.19567769518149,46.51739824491261,114.1948024623747
2018-01-22,-11.148529740739027,2.673780445055875,280.460884314417,67.31214436165935,34.150666617638684,48.67167801875589,118.08420087721315
2018-01-23,-8.43776845193586,0.40325926909038357,282.1798451566947,67.71538596292783,34.16145888741815,48.834716514232156,119.10784918595354
2018-01-24,-6.204854014988974,0.004751382205796005,334.3667244170378,67.72013625084394,34.16145888741815,48.834716514232156,119.12194641644217
2018-01-25,-3.293763558583583,1.0289700842196992,299.3899467454025,68.74614926654729,34.290536370262494,49.27627886198257,121.60125414650558
2018-01-26,-6.874261041644336,0.1564536809815788,246.22042565396424,68.90260096404269,34.35540762949753,49.33689877232549,121.94214370842684
2018-01-27,-7.6087650579140815,0.13331461344586826,310.4536811326697,69.0359181988352,34.35540762949753,49.36811853110303,122.3066555490345
2018-01-28,-2.809546445719223,0.3736162287327064,280.21928687189774,69.23521346125611,34.34159091431801,49.32795637900572,122.95155044068977
2018-01-29,-1.0382546905946797,0.022230908579122837,314.87869039778883,69.09010394627556,34.2864809049766,49.121708681849945,122.7800467883484
2018-01-30,1.849616391788359,0.01850651185628802,297.7593260105439,68.30064512729882,33.718907879252036,48.19748565009978,121.90959587678765
2018-01-31,0.5378586898641375,0.0027352862027564873,253.56061063112557,67.51457807571019,33.027313792051494,47.336068308265794,121.10696317778248
2018-02-01,-0.22165783717108703,0.04851591097483598,224.81578922379208,66.75911536681456,32.107564020187695,46.47811244684136,120.6131486875605
2018-02-02,1.5136102334085648,1.01440122110047,203.64632215708403,65.19898849226361,30.58743561785794,44.77609580473461,119.15567291837627
2018-02-03,2.375067405747996,1.2863105366991368,203.90590891831428,63.29857706817834,28.74987399386507,42.67504333354449,117.39431211437136
2018-02-04,2.640134004924949,1.25985939435563,191.7314083747173,61.24926391859077,26.71760008180847,40.38543056627675,115.56805517332604
2018-02-05,1.5295474953180024,1.3065822154054327,228.2626536757127,60.30904904559782,25.031936864253236,38.701953295692874,116.0924482542307
2018-02-06,-1.333952365598806,0.9037872228523025,234.0154918506145,60.468331765702,24.347392870347182,38.212623666390016,117.71745201843977
2018-02-07,-1.0146829345359105,0.011505217582065928,344.42710864580073,60.42132039057888,24.29654583406106,38.095038563056455,117.74453011352404
2018-02-08,1.4873290767348655,0.04326197853949352,329.3666828760696,59.79120844956612,23.810313209600523,37.28127276163141,117.15788478158419
2018-02-09,2.729824822789088,0.19495328948496857,327.2936839846251,58.71407544808898,22.89229096803491,36.08750719249313,116.04261026242284
2018-02-10,-4.912611498823487,1.3076138528914267,299.4710306518277,59.94181286369891,23.052627642322392,36.84990791595,118.7703303324913
2018-02-11,-6.90475659225492,8.082310147865608E-4,388.0479907851813,59.942621094399726,23.052627642322392,36.84990791595,118.77272888489034
2018-02-12,-3.187427119273841,4.546693465512606,269.71342129448084,64.48242231645781,24.926791410964572,40.09162295628818,127.19405557238093
2018-02-13,-1.0162418994853226,1.7326147839523964,298.05294899232894,64.55986063100036,24.663580441204942,39.91070558841508,127.85972313401412
2018-02-14,0.5573675859275381,10.814320087285182,217.7714822598569,63.937880832070924,23.898196382326407,39.07976265777189,127.58528035695424
2018-02-15,-5.202556282126635,5.584472348002772,279.6342275466886,69.46760100715103,25.909298590150208,42.322700480903826,138.8102173789267
2018-02-16,-8.714296110847021,0.5952818785571291,414.4903453274558,70.06289920786016,25.909298590150208,42.40959983635766,140.49021459754968
2018-02-17,-3.3959137576844927,0.05753352975125399,418.6741902930698,70.12042111710718,25.909298590150208,42.42270456634421,140.64785368890637
2018-02-18,0.7698038113903922,1.9558789571328887,357.91987360103457,70.14789258199998,25.998149770188657,42.58240425461429,140.48391028110225
2018-02-19,-9.43015126289208,5.674487340051477,344.2849690147399,75.822356082715,31.204455142741494,47.354794507752686,147.51219056313568
2018-02-20,-15.125047637075994,0.2699249580302733,411.0159974593656,76.09230299287483,31.32527955049916,47.50357190631947,148.0476886226748
2018-02-21,-13.20118274072896,0.8851577102137018,435.7984674037625,76.9774594877696,31.376394554747055,47.763626308374754,150.3656274353046
2018-02-22,-9.341057262781487,1.6811806596706136,364.4356401040148,78.6586310216109,32.60601214193692,49.13379604929059,152.79516310389695
2018-02-23,-7.700286301295598,1.5634488556181672,356.70324120624,80.22208839976982,33.41153024913907,50.14701105497912,155.6428985023164
2018-02-24,-11.570162082593164,2.0994143880880043,325.8287124493179,82.3214896730124,34.45064849942763,51.73772530881538,159.27859712284405
2018-02-25,-9.146139182453801,0.8742829892880973,395.01412619702774,83.19575282599719,34.519604641723596,51.980286080056075,161.56433402724062
2018-02-26,-4.248624139077797,0.2681545817018792,440.06643283990286,83.46388938528183,34.519604641723596,51.982862807556515,162.3575024984922
2018-02-27,-2.873365197920345,0.0,454.8599795581218,83.46388938528183,34.519604641723596,51.982862807556515,162.3575024984922
2018-02-28,-4.26967573495241,0.0,409.7149017412431,83.46388938528183,34.519604641723596,51.982862807556515,162.3575024984922
2018-03-01,-2.164439932169183,0.2899630932042184,466.8842433782086,83.75385723179943,34.519604641723596,52.14675224848463,163.05461948274797
2018-03-02,2.2852950882364005,0.005488561619634921,451.57100480101684,83.13646136890009,33.80125962507619,51.5129932769549,162.55151924434736
2018-03-03,4.885494322606953,0.003595647040430935,407.83883843436456,81.0720489292744,31.417986560641452,49.593500639681956,160.6520962029822
2018-03-04,-1.5870585617235182,2.5978891776391,372.371694795772,83.21530609408285,32.64337884247209,51.704464492242046,163.7184251092757
2018-03-05,-7.330667492939998,0.5685184716321819,344.6217300096208,83.78384275146428,32.64337884247209,51.73528184629902,165.37492062540196
2018-03-06,-6.146335363905716,0.43939772100042723,462.3301296560189,84.2232256810863,32.643770991171145,51.83221930425453,166.58182536545337
2018-03-07,-3.049770562588035,0.06600011074904501,506.044731344891,84.28923613771613,32.643770991171145,51.83299550335908,166.7769479117571
2018-03-08,1.504726854801536,0.04929678304377917,477.07426549781445,84.06142602877071,32.2310233696816,51.513398712338926,166.82015415423268
2018-03-09,2.400331918334673,0.029192106392072842,418.2930976164874,83.10369026975393,31.104763821248167,50.50811097402114,166.07339882204715
2018-03-10,-0.13328140052128634,0.0435666369891579,389.0134488509725,82.60534585859953,30.094959885477554,49.90918768662306,166.17175712306323
2018-03-11,0.8782157103096168,0.0,520.39725040409,82.55637068421666,29.983600341752314,49.87363382188542,166.16994985915622
2018-03-12,3.087990760906409,0.0,463.8583519746288,81.70311189939746,28.82701715960103,48.98313728900755,165.64822406349998
2018-03-13,3.869212192194145,0.0042514306067740456,501.7191615299504,80.96533107055537,27.71553411434851,48.25518741607076,165.26335387639875
2018-03-14,6.2936330805431595,2.1014272832618643,404.688167310489,79.06804622177211,25.701652618374474,46.338074693260104,163.4990065961011
2018-03-15,2.483666967301596,4.795047499281015,229.78632696542397,77.43546981154013,23.916975467015817,44.58528093775122,162.13392262098094
2018-03-16,0.29828531082509346,0.7841459557248271,336.43065586077995,76.96315410397467,22.98257606902712,43.804675029657425,162.41748750921536
2018-03-17,2.1247090045318613,0.11450136242787115,445.711812384903,76.4083500496711,22.24838317429932,43.14298299736371,162.14337127994094
2018-03-18,-1.6200049115457422,10.292600335833459,242.7898264503963,77.7034655362371,21.81087718456144,43.2323762992164,166.3223405590453
2018-03-19,-2.4692326797391595,2.126438132450335,336.8047943625877,79.22270861228455,21.76084548562646,44.12889313016923,169.9856093370646
2018-03-20,-0.6402752651082341,0.9387938544112933,408.5752835796847,79.64361510415947,21.514054836779525,43.98906686219093,171.61366507133602
2018-03-21,3.3227452296681035,0.38933915978621003,435.8536302751939,78.69553263274419,20.497998589592477,42.79162239780505,170.98018762029741
2018-03-22,6.721289850098289,2.4241712683407535,414.9636861258789,76.86491306880328,19.128680483539345,40.879246029163035,168.7833489631489
2018-03-23,3.9137981711460657,10.021793799879834,291.62800090226983,75.39970557694538,17.665286344899485,39.06530709378179,167.66408941013373
2018-03-24,3.785488055944998,0.19470935308865156,494.83981034126833,74.62265737865783,17.02860783252725,38.19675177543559,166.84203794087088
2018-03-25,3.4027936645676657,0.35887781240022515,435.02812573260996,73.49641166562893,16.236981367228964,37.086753036096,165.37481384625116
2018-03-26,-1.4650524404034837,0.007452687193922336,410.71635262667724,73.35127409507432,15.93908044235483,36.944851211440785,165.37472106446464
2018-03-27,-1.2509728914836709,0.5343391265562045,524.4927104777814,73.88560654072087,15.94825673032727,37.15612224483368,166.74087965974365
2018-03-28,-0.2123847767096459,3.5741491860231767,354.9880215661754,76.13570242425472,15.809721923253457,37.60658327258141,173.1037168919001
2018-03-29,0.28430067143406595,0.534821048247805,477.1601861201436,76.60515179133162,15.701362951384883,37.677177143912175,174.53166788448263
2018-03-30,2.8021106206952267,0.6374496879672921,535.75911448305,76.52535207807598,15.449575469811908,37.44279828688302,174.77292376672673
2018-03-31,6.370097677805452,0.5305947894434693,479.48430527657837,74.92786607658253,14.287175352383688,35.848917778622884,172.74955155193
2018-04-01,6.963340766366626,0.41073662831974894,508.1976436287216,73.24753036542624,13.073274622210693,34.18257844336342,170.60254202738204
2018-04-02,3.8686925955141023,0.31084859978111534,555.2835239773415,72.98293975852256,12.31971770861088,33.5475398193026,171.18189948707376
2018-04-03,-3.334202533636686,0.06877299909136099,563.5099268056974,73.05171168977945,12.326743712212789,33.576278292082705,171.35051754783268
2018-04-04,1.7328185220497492,0.25984743745734484,532.3943968446553,72.98242023202748,12.293656123114534,33.51120571913357,171.24188036659345
2018-04-05,3.9345535457814247,0.9034421542018254,492.8740966414313,72.23208343802612,11.812732682277776,32.771170336655516,170.2197816868512
2018-04-06,3.1864180206290436,10.751067309076625,211.95278014787507,70.48619556010618,10.663703219030989,31.138845194580732,167.78135778034402
2018-04-07,5.581153262356248,9.008214389175562,281.98176222762766,68.42684562574878,9.168188787895899,29.17974907722891,165.07479348226843
2018-04-08,3.3151119727277876,5.53749270945431,307.23617979331635,67.24333807244643,8.008514119969787,27.72354571698781,164.1400493817382
2018-04-09,3.805782358167397,2.214301632683408,446.99648285943357,66.54294921126497,7.159529350554919,26.656987374488594,163.94898149127536
2018-04-10,5.613770805847964,0.4307823097592402,586.1187056557766,66.01087009303394,6.7587889453665975,26.076440757260517,163.337751194933
2018-04-11,10.633786635245025,0.0,537.1164637398999,63.66762114727328,5.435088116698873,24.015734887073297,159.723222159047
2018-04-12,6.021075007263896,1.7401933192436507,547.7202612156644,63.32548299836603,4.5642001905197,22.97329917455219,160.5925271190411
2018-04-13,-1.3941611624853454,2.2306123167383918,399.0280770513557,64.605293969565,4.5135704741186204,23.49808928141095,163.91645945881766
2018-04-14,1.255917196991246,0.9079159312244662,550.9624531917381,65.49079340988746,4.478270525278235,23.661780619229074,166.41537001490897
2018-04-15,5.480552335659747,0.0,581.4132495771497,64.68915588148188,4.0547625930955205,22.867290911908373,165.23959571431396
2018-04-16,9.61185005179487,0.0,549.9607570073684,62.755286485935116,3.184827261068811,21.122062474841474,162.08499206878724
2018-04-17,2.5519358618580372,3.769489139218397,427.6422124800554,63.34203676373699,2.750942082150635,20.451641933747467,164.91584515154275
2018-04-18,0.341725949516584,0.35630047701276013,602.1912219376276,63.69832969211643,2.750942082150635,20.52324952172887,165.90180332223576
2018-04-19,6.851841029791283,0.4835069124923588,578.6347478114332,62.9323897837289,2.495839306393142,19.862181866308863,164.53548401468734
2018-04-20,4.083825119868694,5.989743076935917,304.8113531594331,61.746220119446654,2.0283208221382036,18.67804785320251,162.6497668882818
2018-04-21,6.057360111371077,0.0895281502520002,479.00635801976597,60.65558304984656,1.602999202671283,17.506107578493733,160.99444390988697
2018-04-22,8.70047494128142,0.029667383720057457,586.6701432863207,59.51902832962153,1.30867171782875,16.477635741384326,158.93266367807618
2018-04-23,8.408829173753963,0.03537701741059343,550.4996366731042,58.184664637461964,0.989787527485136,15.231191835525367,156.52502096301015
2018-04-24,3.4069869116151947,0.0012780552740521629,497.406000853729,57.73404345931056,0.8242989869923326,14.584444105905074,155.99320299856535
2018-04-25,4.715452983703137,0.08055920454801364,635.5180008957684,57.80774101593292,0.8236715489569788,14.576475731295433,156.22046612614457
2018-04-26,7.242593771947485,0.0,570.3424361155504,56.93282942936046,0.6758052038353307,13.808797979134713,154.53297041876698
2018-04-27,9.661213104268462,0.0,616.7109592639061,55.914569348380624,0.5320940070464223,12.956835454881904,152.50006983910518
2018-04-28,12.08695732991264,0.0,575.4790045747304,54.19782135975602,0.34753394756479666,11.546311736348706,148.99086546755004
2018-04-29,11.307243147681879,0.0,494.54628160037174,52.32492604595147,0.19140959594526621,9.908543428985768,145.21724737940423
2018-04-30,7.104102463542819,0.28667641061151317,461.9126524666983,51.23601045674224,0.12448282149542055,8.886183656151845,143.07003614362387
2018-05-01,4.287003350972191,4.806421016873632,310.0690535581016,50.36751390905915,0.08745577925968345,8.129300033369885,141.28323577981513
2018-05-02,6.064931486460298,6.04811657364988,319.717944534125,49.288548921788404,0.055686802137163614,7.277223805879053,138.9616468300603
2018-05-03,6.764205826000213,3.0943782969922156,379.0165696657109,48.26760752345696,0.03735710101080202,6.5096944777284875,136.71490922180064
2018-05-04,8.745012004213526,0.27577416777627317,557.4670463948246,47.31174053777813,0.02593412504180869,5.877666054558783,134.51948337425551
2018-05-05,11.229495232629777,0.002140790534568351,577.7659579769305,46.06431646655401,0.016499672309507406,5.181384837413899,131.52094994999658
2018-05-06,13.291738193257046,0.047617893021522,561.6601198624328,44.506714655814235,0.006865876659593653,4.393395977298009,127.69354701460402
2018-05-07,14.219776725086051,0.0,536.3636726657653,42.81885255628235,0.0012516091290559021,3.632683840747491,123.44847807991232
2018-05-08,12.689259482941905,0.0,564.4933023616346,41.51979450198496,4.8201657673040436E-4,3.1127494397769433,120.11247333075814
2018-05-09,12.955704140214724,0.0,554.1897357677484,40.16720267139245,0.0,2.6439201372438195,116.56636440436644
2018-05-10,13.536281723549488,0.5018202429862783,539.5681044838104,38.82554954270015,0.0,2.184095084325871,113.04327214011452
2018-05-11,11.884152582474577,0.11205854574195653,464.26407000375457,37.488417895818884,0.0,1.7483115306419703,109.50962714717605
2018-05-12,11.965652358488226,0.008623959643080192,512.7442947116581,36.12918204337109,0.0,1.4086335668363454,105.81456089543411
2018-05-13,9.708353781689349,0.12903203699457041,471.02019050513513,35.08747878703972,0.0,1.139939693038126,102.99104706785283
2018-05-14,9.613573471568934,0.0108647428703226,524.684387124587,34.23190201874008,0.0,0.9807965120248909,100.61066384592132
2018-05-15,11.40268316079011,0.0,590.0269754616568,33.353223732180105,0.0,0.8292880899536974,98.15411086380762
2018-05-16,12.969574074873101,0.0,587.8850478960873,32.36600251040192,0.0,0.6878177700348792,95.36543091726958
2018-05-17,13.135785197575421,0.0,561.8947935291772,31.286585999017486,0.0,0.549444300194099,92.30005910998386
2018-05-18,11.713405853158848,0.011159846662410332,545.6654079841351,30.365815767104447,0.0,0.44884374719578146,89.66783316283838
2018-05-19,9.781196828866287,1.8257720466538634,431.58751182717697,29.560391242689626,0.0,0.358580329497324,87.3676070434355
2018-05-20,10.342594505149297,1.4851258792541653,520.0809995015851,28.850569668228648,0.0,0.30533590511131836,85.31418744652666
2018-05-21,12.868564555895071,0.029237486074185907,563.0770323714753,28.01764232175068,0.0,0.25386496745113435,82.8936637243371
2018-05-22,12.206940123702019,1.7905034074384396,472.1947917915328,27.19026632350442,0.0,0.20421523542371905,80.4877986451282
2018-05-23,11.428581250696308,0.5159555835616942,525.9987179478802,26.424747210644668,0.0,0.1669003979477164,78.25320496047856
2018-05-24,13.580364555009922,0.018231773655907314,554.6621618615426,25.634124667643103,0.0,0.13383875008010612,75.93987217051601
2018-05-25,15.991102700445815,0.0,578.5958332640528,24.70799995468817,0.0,0.10186823635700858,73.2233273342988
2018-05-26,16.677090074126152,0.0,569.0155502241947,23.751741545223073,0.0,0.07455810041846916,70.4127092888165
2018-05-27,15.617445047347742,0.0,509.31040748290883,22.88578353156262,0.0,0.053029698581761216,67.86430718030384
2018-05-28,12.405495329753078,0.3002649596396686,482.0738668434922,22.240074536323892,0.0,0.03983748730093662,65.96121713387608
2018-05-29,11.616204837019993,0.5788689163722933,473.2442531067361,21.662481623626526,0.0,0.031067068285348203,64.2558635177109
2018-05-30,14.35727223869223,0.0,549.1511973807588,20.99720547939707,0.0,0.02307444041007496,62.28952053939511
2018-05-31,16.088774718207357,0.0,548.1432873360945,20.268897881373956,0.0,0.016473562702866693,60.1347340900683
2018-06-01,13.17894635186876,0.0,481.642232591843,19.737736371775387,0.0,0.010613892521726669,58.564270797954485
2018-06-02,11.670366779557355,0.0,580.0718793609468,19.408218194609145,0.0,0.008026030472213466,57.588953772078575
2018-06-03,15.057807668859212,6.772159936559851E-4,577.2104339688954,18.8274934720164,0.0,0.004552219461384823,55.86902495163916
2018-06-04,17.113492617259958,0.0,562.6108998992654,18.18877112485241,0.0,0.0016939601368228224,53.976365264787
2018-06-05,19.322285112481214,0.0,532.0110945305879,17.423516473181216,0.0,3.6583174349278096E-4,51.70667531727913
2018-06-06,18.229085404140857,0.0,546.8112565215425,16.736508845599033,0.0,0.0,49.668236313434754
2018-06-07,18.19268341838593,0.0,541.5096070868374,16.062847057532604,0.0,0.0,47.669038440467794
2018-06-08,17.993712195293163,0.0,542.3745730002535,15.43791920757374,0.0,0.0,45.81446623446286
2018-06-09,18.505787421572485,0.0,546.6999100555988,14.813856719154598,0.0,0.0,43.96246212565479
2018-06-10,16.30231349673098,0.0,526.7144705807113,14.334955459931912,0.0,0.0,42.5412469168373
2018-06-11,13.228621954798376,0.0,576.4787559947731,14.026775612091281,0.0,0.0,41.62667449012646
2018-06-12,16.07676529194055,0.0,559.3280179869732,13.583781625679201,0.0,0.0,40.31201979089799
2018-06-13,18.67109460515544,0.0,562.4325460441033,13.009202248927732,0.0,0.0,38.606864640048094
2018-06-14,19.84616598211726,0.0,491.2116497557506,12.337626009131403,0.0,0.0,36.61385596133174
2018-06-15,19.8723156518245,0.18578189450903163,464.92836739352276,11.695244384870819,0.0,0.0,34.707486920361006
2018-06-16,17.528719449993666,2.1485157832654043,314.95201947368224,11.14027478823222,0.0,0.0,33.06052689262107
2018-06-17,15.952830190218194,7.255152357168479,242.7237805369688,10.657218727954811,0.0,0.0,31.6269816547321
2018-06-18,16.13245367207504,0.04752719235779885,424.5108770189105,10.232439073458881,0.0,0.0,30.36638086544677
2018-06-19,13.639422320506615,0.40403385774832856,448.97885186032437,9.872840259581077,0.0,0.0,29.29921452684622
2018-06-20,14.3035998021968,0.0,514.4241436553637,9.560990475594581,0.0,0.0,28.37375098434597
2018-06-21,17.277674128574823,0.0,547.4366328167058,9.184539086443737,0.0,0.0,27.256571963956567
2018-06-22,16.794167695531907,0.029566793286580142,435.45153358155625,8.802522035168044,0.0,0.0,26.122875961190015
2018-06-23,15.680928488782609,0.45174850828163227,509.2308602379448,8.494447802711148,0.0,0.0,25.208616964829925
2018-06-24,13.671271700365061,0.8242536785312597,447.7686423877445,8.231848476706897,0.0,0.0,24.429311943690017
2018-06-25,16.33125664681404,0.0,571.6493632295781,7.9603395075432575,0.0,0.0,23.623566147715202
2018-06-26,19.88074722324163,0.0,573.5064048878476,7.586966721618081,0.0,0.0,22.515523369175185
2018-06-27,21.354835132889487,0.0,551.9679941839664,7.164604328584644,0.0,0.0,21.262096185488133
2018-06-28,21.09307409268709,0.0,535.0468927233953,6.749621008717916,0.0,0.0,20.030567568174718
2018-06-29,18.06267645735472,0.0,499.4121952383926,6.429529048802651,0.0,0.0,19.080644065383847
2018-06-30,14.359019115204479,0.004931469453358885,445.815988376003,6.189351608111219,0.0,0.0,18.36787953417429
2018-07-01,15.347009319545437,0.0,563.2587325338023,5.985560555440691,0.0,0.0,17.763097362696215
2018-07-02,18.531518420287835,0.0,545.4132250053724,5.710464349152607,0.0,0.0,16.946705873354105
2018-07-03,19.939439434190938,0.0,521.2803300901471,5.380200699109907,0.0,0.0,15.966596271800508
2018-07-04,19.86549542147894,0.0,546.3373977248384,5.067708741400142,0.0,0.0,15.039226977238352
2018-07-05,21.537324460154938,0.0,506.8362942867954,4.746560704142587,0.0,0.0,14.086169397951235
2018-07-06,22.283600900461344,0.32016874592241445,513.1288137872073,4.4563174497935805,0.0,0.0,13.22482664849381
2018-07-07,22.80279832869021,0.1601344518388276,515.2277116854965,4.16124827252918,0.0,0.0,12.349162209728089
2018-07-08,23.286721086106112,3.687332621756007E-5,501.41339972749887,3.880698111758097,0.0,0.0,11.516585248098819
2018-07-09,23.77386614406366,0.0,505.86376365282604,3.6182104493612393,0.0,0.0,10.73761160636968
2018-07-10,23.084773332185954,0.36141614092244523,502.67842352953727,3.3786195492230258,0.0,0.0,10.026587726993395
2018-07-11,21.232188332821412,1.502708612118919,454.2143499723211,3.173689344346659,0.0,0.0,9.418424941226009
2018-07-12,19.898250076770783,0.0,473.652273126612,2.9807187984325094,0.0,0.0,8.845754334445504
2018-07-13,21.542924049665807,0.0,508.93779801216647,2.777426498653901,0.0,0.0,8.24245229103514
2018-07-14,21.765077265818167,3.2063762938468663E-6,516.6580690514858,2.5833011693198884,0.0,0.0,7.666354681866161
2018-07-15,20.25817861849689,0.3366953432180409,428.27120410567795,2.407556486815706,0.0,0.0,7.144804548443763
2018-07-16,20.91440217722073,0.013772632667521623,492.6158314107268,2.2412221941015478,0.0,0.0,6.651181234658866
2018-07-17,20.617499850744714,0.0,506.442701221583,2.078271154570791,0.0,0.0,6.167598259643039
2018-07-18,20.898741569723576,0.0,516.4273886580241,1.927913448223496,0.0,0.0,5.721387992059832
2018-07-19,21.63890049327356,0.0,532.3380170282811,1.7849014433248724,0.0,0.0,5.2969772550003675
2018-07-20,21.86854746306755,0.0,518.6958720828835,1.639436772108502,0.0,0.0,4.865287842836574
2018-07-21,22.700400928872384,0.10077007913932912,461.00753741770575,1.5008908082783932,0.0,0.0,4.4541307888016215
2018-07-22,21.545612086555572,1.0044453871353867,422.6554655280288,1.387793818032821,0.0,0.0,4.118497587775207
2018-07-23,20.242811444793162,0.09546824834856515,489.9849783777397,1.2846691957730338,0.0,0.0,3.8124589655400998
2018-07-24,21.193068905033105,0.0,513.9317222464301,1.1782815542797367,0.0,0.0,3.4967368177931673
2018-07-25,20.056909047723693,0.10641117229232043,470.31478057018523,1.0878369640274457,0.0,0.0,3.2283281954594942
2018-07-26,19.438488211792627,0.0,510.1849722417374,1.0073167275477206,0.0,0.0,2.989371662147574
2018-07-27,19.50880315742205,0.11444358271923,485.0146124643414,0.9238015525356181,0.0,0.0,2.741527175192356
2018-07-28,19.633346170463593,0.13210528161615293,503.99620176054793,0.8511449832074097,0.0,0.0,2.525907317526171
2018-07-29,18.62190949439932,0.0,508.9358360129337,0.7869292767068874,0.0,0.0,2.335337054938773
2018-07-30,17.195916557594234,0.0,501.8460622214331,0.7340280024433345,0.0,0.0,2.178344159010248
2018-07-31,18.83330962443817,0.0,541.8235945329346,0.6810197847735421,0.0,0.0,2.0210338916142163
2018-08-01,18.28566270554902,0.03262411919879983,446.7808557154845,0.617795767364494,0.0,0.0,1.833406623207935
2018-08-02,19.63732663167363,1.8498141600022135,450.47212475309374,0.5626591137255411,0.0,0.0,1.6697798855330923
2018-08-03,18.768694418788048,4.518279563242328,360.59302082888274,0.5171317291065556,0.0,0.0,1.5346701730566445
2018-08-04,19.101826183724043,1.7914933391537662,459.0382775814775,0.4726286455016863,0.0,0.0,1.4026002357982283
2018-08-05,18.98856982842905,0.45849527057744116,473.5240354569562,0.42892100863351446,0.0,0.0,1.2728909125040218
2018-08-06,17.097908449776277,0.0,503.93217415571917,0.3877935049530645,0.0,0.0,1.15083854240538
2018-08-07,18.355187325958717,0.0,518.266587373758,0.3516664521241154,0.0,0.0,1.0436258008611345
2018-08-08,19.335547029921,0.0,519.2251881115251,0.31630807175215364,0.0,0.0,0.9386942163726103
2018-08-09,20.23513755459181,0.0,512.0301431790936,0.2829437604523053,0.0,0.0,0.8396803471503187
2018-08-10,21.03542165484736,0.0,507.6031965647287,0.25382437377301215,0.0,0.0,0.7532639629311132
2018-08-11,21.517824369532182,0.0,514.8830227213107,0.22819187004623936,0.0,0.0,0.67719545520639
2018-08-12,22.10758642413701,0.0,520.6796340162165,0.2013597821062312,0.0,0.0,0.5975669916551262
2018-08-13,21.05597743386663,0.0,480.2175243853125,0.17825191592269754,0.0,0.0,0.5289907450262016
2018-08-14,19.13841688091615,0.0014385291619094702,476.22101915303267,0.1578047261676138,0.0,0.0,0.46831047639489776
2018-08-15,18.740509826473062,0.0016031881019552179,512.7187956731442,0.13982352922253916,0.0,0.0,0.4149484313408468
2018-08-16,19.531211298015734,0.0,484.3359805584024,0.12151345223807618,0.0,0.0,0.36061038276863033
2018-08-17,20.06489525972035,1.6763989787571656,413.9403764732408,0.1049384949553294,0.0,0.0,0.311421576261888
2018-08-18,16.723443067589997,4.195723542491876,349.5542762416195,0.09577378027416365,0.0,0.0,0.2842238363551546
2018-08-19,13.833458811626386,0.012708471877285264,413.2395043840881,0.08755427495476381,0.0,0.0,0.25983115468242707
2018-08-20,16.313887345677166,8.999427978829745,397.1628180490843,0.07996965657503789,0.0,0.0,0.2373226003891279
2018-08-21,15.217892207809326,4.631134795359369,288.4104783872659,0.0710730758449391,0.0,0.0,0.21092059037852218
2018-08-22,15.920986625406856,7.674317350236925,324.6688740974605,0.06362463670537354,0.0,0.0,0.18881616951255048
2018-08-23,15.57330084722548,1.4325909128612553,366.2517488672374,0.05813793393956765,0.0,0.0,0.1725335115181216
2018-08-24,16.95082011644028,0.14430288985631579,475.26019159043,0.051827621945746916,0.0,0.0,0.153806662913551
2018-08-25,18.074220411707675,0.3777881227856865,453.730202926077,0.04548368486012848,0.0,0.0,0.13498002653239707
2018-08-26,18.16035079140455,0.31480441096753436,431.11342188401625,0.03926961689715298,0.0,0.0,0.11653879730710553
2018-08-27,17.05876377498614,0.006754765970225173,381.39980166860596,0.033727183704097996,0.0,0.0,0.10009075045792845
2018-08-28,14.325670988629215,0.0,441.94710151294123,0.02938125091595032,0.0,0.0,0.0871935077464783
2018-08-29,15.758436797562414,0.005488561619634921,502.40230699437956,0.025042751278007352,0.0,0.0,0.0743183240835625
2018-08-30,17.2636864254875,0.0,468.9595658659377,0.020548598364126675,0.0,0.0,0.0609812147129883
2018-08-31,18.22718861747753,0.0,423.16084787165056,0.016697669444754006,0.0,0.0,0.049552974250286486
2018-09-01,16.608861720647415,0.0,444.31787903879666,0.013658464787337158,0.0,0.0,0.0405336538817399
2018-09-02,16.151661382955908,0.0,477.4117045324309,0.011233618549596326,0.0,0.0,0.033337539263635134
2018-09-03,16.116266973908655,0.003409446687906067,445.94070253864714,0.008905192319128195,0.0,0.0,0.026427566262682684
2018-09-04,16.074846242432336,0.0,474.14266590090944,0.007316026330630398,0.0,0.0,0.021711464918838973
2018-09-05,16.170418013121502,0.11106154749184687,419.49016776209,0.005632408482811809,0.0,0.0,0.016715062748086432
2018-09-06,16.756189931674463,0.19523998784012575,405.83610958891927,0.004326296388602312,0.0,0.0,0.012838968590965305
2018-09-07,15.88445109814053,0.0,468.8369148202561,0.0033555124895260817,0.0,0.0,0.009958013873740944
2018-09-08,16.312591718187782,0.047277550342218304,464.03741651337435,0.0025383811470392663,0.0,0.0,0.007533047413162664
2018-09-09,16.61150421601615,0.0,463.42739142793187,0.002011898344161838,0.0,0.0,0.0059706264501341805
2018-09-10,17.52024109530332,0.005621735207480366,476.1262451419849,0.0015885707962743803,0.0,0.0,0.004714335016811154
2018-09-11,18.773805036710648,0.0,433.67357184072785,0.0011167599060149488,0.0,0.0,0.0033141615989947136
2018-09-12,18.291072761078187,0.0,437.34744402963446,7.381203455621419E-4,0.0,0.0,0.002190488834281282
2018-09-13,17.721691115320475,0.0,430.9684458753476,4.821970584761863E-4,0.0,0.0,0.0014309960142216938
2018-09-14,17.49172874999873,0.0,464.7902477345569,2.883559203965619E-4,0.0,0.0,8.55741787535368E-4
2018-09-15,17.998060371434814,0.0,465.96604911610666,9.10778528345117E-5,0.0,0.0,2.702879291755215E-4
2018-09-16,18.593729967948406,0.0,430.83078306245466,0.0,0.0,0.0,0.0
2018-09-17,18.438345154783274,0.5007754525751213,397.6587074798227,0.0,0.0,0.0,0.0
2018-09-18,18.546778606208896,0.0,421.6152588017346,0.0,0.0,0.0,0.0
2018-09-19,16.87687559904596,0.0,410.99568859662304,0.0,0.0,0.0,0.0
2018-09-20,13.163419105584497,0.0,371.09468424079466,0.0,0.0,0.0,0.0
2018-09-21,12.626828351650802,0.0,460.2869565449949,0.0,0.0,0.0,0.0
2018-09-22,14.10785092159816,0.0,447.441183882126,0.0,0.0,0.0,0.0
2018-09-23,14.422389183798217,3.834663580907989,322.19097318412815,0.0,0.0,0.0,0.0
2018-09-24,11.418099783167687,0.5216304048330926,373.7304607697205,0.0,0.0,0.0,0.0
2018-09-25,7.286398184441229,0.0,409.27382846744194,0.0,0.0,0.0,0.0
2018-09-26,9.558037749972481,0.0,411.3336515779936,0.0,0.0,0.0,0.0
2018-09-27,11.538188698300173,0.009859837350084465,419.7529568390793,0.0,0.0,0.0,0.0
2018-09-28,12.959277879325501,0.0,420.68535635983045,0.0,0.0,0.0,0.0
2018-09-29,15.240715714956172,3.55373367696471E-4,391.309208399615,0.0,0.0,0.0,0.0
2018-09-30,15.218777793080145,0.06473194062491834,361.21723548031554,0.0,0.0,0.0,0.0
2018-10-01,14.008307451773888,0.0,330.5715923299435,0.0,0.0,0.0,0.0
2018-10-02,12.839472588275646,5.090966162085533,194.87199895286705,0.0,0.0,0.0,0.0
2018-10-03,12.787217033969073,6.63205113140969,189.44117586669103,0.0,0.0,0.0,0.0
2018-10-04,8.98612533089598,11.957828301416786,115.48057719693387,0.0,0.0,0.0,0.0
2018-10-05,5.42743942610072,4.736058540020844,165.00249909558397,0.0033364838497991285,0.0,0.0,0.009901543376613937
2018-10-06,3.9152677531812983,9.243883704649756,208.27700307774046,0.002355577899570839,0.0,0.0,0.006990549872135006
2018-10-07,4.1502318730230385,6.729005977133614,130.30879300772082,8.208867894013809E-4,0.0,0.0,0.002436111343094458
2018-10-08,2.021472577517024,10.62349066266242,95.51050545439668,2.3533334259992071E-4,0.0,0.0,6.983889041923429E-4
2018-10-09,2.1904903267826232,4.370602177024054,143.7554517533137,6.104688798268423E-5,0.0,0.0,1.8116629259399267E-4
2018-10-10,0.684941806280669,6.055032335556232,130.091973541826,0.2333387074824414,0.0,0.0,0.6924695090969859
2018-10-11,1.5180225478912368,3.616592819001926,199.07112584342588,0.26313883498474283,0.0,0.0,0.7809060993446588
2018-10-12,3.9161544538868,0.019736848362345728,314.357708487199,0.2546929823625831,0.0,0.0,0.7558416962618033
2018-10-13,2.8929310212615316,1.5473236737498424,312.07543916976346,0.3586063017738861,0.0,0.0,1.064220901999874
2018-10-14,-4.165115529188702,0.24837186071154946,264.2592300564668,0.606975515325672,0.040468150487140954,0.20201865496117047,1.560591952764373
2018-10-15,-2.8351666800966075,0.20729760774392075,379.87942831427597,0.8142740989838139,0.040468150487140954,0.21287113344543493,2.1649626490300413
2018-10-16,2.5661847100232547,0.484572194697432,382.71172211552033,1.0161528150114199,0.040468150487140954,0.22544143059830823,2.751536254015817
2018-10-17,5.576478190743578,0.0072108403777568055,369.4886300130905,0.8027946426209462,0.015017675562279854,0.10366558420517732,2.2644826459131986
2018-10-18,5.184333703862608,0.0,325.2259376670956,0.6043693584668518,0.0011388662724695854,0.025660711374546823,1.766870855403946
2018-10-19,6.0684708195253405,0.025330372010892444,353.9354822237402,0.49848320156893056,0.0,0.0037585235743546825,1.475580226106866
2018-10-20,7.878910676097077,0.058672409443812176,361.22942759500233,0.3866896132995868,0.0,2.4653878118499075E-4,1.1473167541552611
2018-10-21,8.902126889914198,1.3359900849626815E-4,349.80946405673427,0.2863534114314736,0.0,0.0,0.8497990255522481
2018-10-22,9.825862443763405,0.052924833327511585,336.1650883511264,0.18918346775288045,0.0,0.0,0.5614318535383186
2018-10-23,8.362685550757451,1.9758512268727104,266.52025563814493,0.13905687468237857,0.0,0.0,0.41267326277237454
2018-10-24,6.928151695440547,0.07403682975907289,281.15765771882843,0.11308121604576878,0.0,0.0,0.3355863885943405
2018-10-25,5.478831548513331,0.0,297.7750843278958,0.09045153937681487,0.0,0.0,0.2684292449594671
2018-10-26,5.728078061960718,0.0,308.0908159780807,0.07424635508018312,0.0,0.0,0.2203377982561412
2018-10-27,8.519357329366319,0.0,331.46542350871556,0.0582109090430184,0.0,0.0,0.17275007667616185
2018-10-28,9.539348797004573,0.0,332.3475029724658,0.04411421018099093,0.0,0.0,0.13091589388584726
2018-10-29,8.381114327743777,0.0,319.0234490091708,0.03334295099528645,0.0,0.0,0.09895047914109277
2018-10-30,1.6538548005416356,0.0,248.70530625938676,0.03286104324347024,0.0,0.0,0.09752034169012866
2018-10-31,-1.0022122998566723,1.6347155355170413,305.3275649501048,1.6675747177344886,1.6581713105463745,1.1918192476472251,2.151060794663569
2018-11-01,1.0124922005012043,0.8501776862095192,266.03390527563386,1.5619848836161006,1.3593618879940792,1.0627664182284957,2.2564026700762985
2018-11-02,5.005515494132571,1.55302502022001,231.65159008905056,0.5227005793985685,0.27106651040075863,0.23153410460973,1.057246781436418
2018-11-03,2.17626512512305,1.6155972483802903,146.46759377530205,0.3494071553700698,0.0,0.004588802657006092,1.0323456453328606
2018-11-04,-0.8971350860960219,7.99865701402197,136.1869125481027,1.0258441819231854,0.0,0.003618553202446195,3.0407468792309023
2018-11-05,0.20278852527545338,1.388115901663391,191.98859059596467,1.6322943540404673,0.0,0.002276109755578863,4.841822158187507
2018-11-06,-1.5411810605094116,0.8577579670727458,223.24105986505967,2.368170600487739,0.0,0.06395693342360431,6.96415147422319
2018-11-07,-2.6741828128759257,0.5048144371316592,253.54393978931267,2.8729793217946216,2.222178006515441E-4,0.2985855135409171,8.228095511257573
2018-11-08,-4.642821964620076,0.17530686270275436,256.2338051852343,3.048295628324864,2.222178006515441E-4,0.36754479825112824,8.6796174721479
2018-11-09,-4.369718106040269,0.09277032566324234,309.4628068956446,3.141065319547196,2.222178006515441E-4,0.3678422353712408,8.954629635061622
2018-11-10,-2.2361405731439548,1.9263614902448174E-4,263.782683904409,3.140675998347499,2.222178006515441E-4,0.3661387319582235,8.955172766718238
2018-11-11,-6.648878761486132,0.0873893683381476,219.18599333590097,3.228073936318425,2.222178006515441E-4,0.3807449621562487,9.199976603675234
2018-11-12,-8.091141105649253,1.3359900849626815E-4,281.4378789507167,3.2282075353269213,2.222178006515441E-4,0.3807449621562487,9.200373079857123
2018-11-13,-3.933373810715157,0.11882320338592448,304.94203201451154,3.34703364057894,2.222178006515441E-4,0.3811728262568273,9.552581727150596
2018-11-14,0.004365882043542729,0.04261233732476504,299.8570270512372,3.3617723260941377,2.222178006515441E-4,0.3620016524564938,9.6154360159965
2018-11-15,1.3066172816915784,0.0,283.34998319300814,3.256183842664753,2.222178006515441E-4,0.30405549268122367,9.359861592268116
2018-11-16,1.3619516040084994,0.09072882388976936,277.3121857814839,3.144649072413793,2.222178006515441E-4,0.24931115729370712,9.083448194699873
2018-11-17,-4.547843398449559,1.8727597443937645,225.83329591092482,5.017417824098372,0.6019945774399824,1.954284467533411,12.357140098949493
2018-11-18,-6.979217740773189,0.0,294.23392862481234,5.017417824098372,0.6019945774399824,1.954284467533411,12.357140098949493
2018-11-19,-2.863690115533172,0.02723902931504955,298.62369038197807,5.044656853306346,0.6019945774399824,1.954284467533411,12.437976225057483
2018-11-20,-0.12079829927043083,0.0,301.5949391349134,5.013423014020654,0.59920705112184,1.9166069776552384,12.385557333702742
2018-11-21,0.550042510050128,1.4998016248443484,280.60754486907797,5.65747566023436,1.7472773849042518,2.595551372221366,12.505624608077971
2018-11-22,-1.2556146895359162,3.6412725669768204,209.7319606003825,8.224668040914505,3.6775096966004015,4.791256624811547,16.061442822352536
2018-11-23,-1.8376253246637806,3.1104663672246726,165.55850341929377,8.42107258082626,3.696484810163287,4.909196397552148,16.50829360099083
2018-11-24,-2.1165417757811746,8.296651047628625,151.87832041313982,13.567524141613783,3.275743537700321,6.471912933889301,30.63144068038923
2018-11-25,-6.512101655080418,0.12773045565299784,234.56928695692707,13.695245741563468,3.275743537700321,6.472318529688107,31.010070317667836
2018-11-26,-6.418671542448354,0.5507369614592255,275.780701782572,14.24599976680978,3.275743537700321,6.582717009700071,32.53444549444997
2018-11-27,-3.3149318576235545,0.37917402714108517,257.02270575260115,14.606875896535893,3.275743537700321,6.637391360376106,33.550888580499375
2018-11-28,-1.1110045786609615,5.686237858000969,139.76372006007833,15.324869454836671,5.116372775965949,7.366397216364165,33.168279858541425
2018-11-29,-0.5592740471714901,4.873314156824767,124.11029721787146,14.559397346891894,4.471761484274539,6.52212602172832,32.36406891431267
2018-11-30,-2.0141959898014306,4.038860480558574,117.46156968447754,14.962668311598021,3.682413838414129,6.047502418700405,34.80020519480978
2018-12-01,-6.583588253992154,1.770709327485696,182.55814358411448,16.733383475252793,4.633036842966988,7.25556317033626,37.92789914719551
2018-12-02,-9.418333327571561,0.7378145714487064,239.0920408196993,17.471206310502108,4.646655853194329,7.525302057456994,39.83533931479877
2018-12-03,-9.36159817707885,2.9702465024015603,170.38627825608773,20.441420550434078,7.466398269150151,9.958344854155222,43.48719537176101
2018-12-04,-11.501325126718434,0.4382044584823739,240.99416134401685,20.87961995481334,7.7031288595961165,10.27696521730138,44.24016708509087
2018-12-05,-10.344913675634402,2.312561172809753,226.94620559105826,23.192214481110344,8.008116264328619,11.964659567695435,49.1243971593747
2018-12-06,-5.558346942578224,0.7206306925446102,206.74240768508213,23.912826812306605,8.033820002881386,12.340863441477781,50.86288055535861
2018-12-07,-3.609694806374877,0.3323002830980758,214.6341936375654,24.243325795564264,8.068824207412655,12.51903463053821,51.63206542833331
2018-12-08,-2.999382768998701,0.3249307671327497,185.31391061075757,24.533288195196914,8.07725704544633,12.59662595250005,52.40702624111921
2018-12-09,-5.281277021060075,0.002581132946712905,240.94861740937708,24.535870397479353,8.081524935129135,12.599918440201362,52.40726412622337
2018-12-10,-5.755898388201432,0.01639108325564773,279.4458587495276,24.55226109432588,8.081524935129135,12.599918440201362,52.45590611075105
2018-12-11,-3.699746882923455,0.0,233.07303462814787,24.55226109432588,8.081524935129135,12.599918440201362,52.45590611075105
2018-12-12,-5.785438834603107,1.8276819692836657,206.18071670573002,26.37994340164995,8.250080410200285,13.846001823330509,56.4738172773241
2018-12-13,-8.171620026185964,0.013203773380874317,253.50619603507062,26.393147175030826,8.250080410200285,13.846001823330509,56.51300156256307
2018-12-14,-5.10965545294851,0.4791052030806464,265.7981287082537,26.872267015933755,8.252248667702245,14.034516510045673,57.74479952844638
2018-12-15,-2.3686853600108955,0.0,251.96162108632242,26.857950750403248,8.252248667702245,14.03104593850005,57.705774132766
2018-12-16,-0.757382242343618,0.0,271.3875541870769,26.798994843027128,8.230816088140543,13.978972331181819,57.603536245599926
2018-12-17,-1.3962075672894574,0.04162908424168071,251.47471431358755,26.78429070650899,8.215543514955446,13.932160073299343,57.62139771834772
2018-12-18,-1.7465538898766944,0.9129848979565537,191.49426837987133,27.01344693772764,8.18796072965705,14.00769035028608,58.25291811894523
2018-12-19,-2.51645939530162,0.6257146654927679,181.75939729206152,27.430978710950747,8.091140760827443,13.836891859296923,59.75627967783206
2018-12-20,-3.985025187719452,0.0,267.16526023067763,27.430978710950747,8.091140760827443,13.836891859296923,59.75627967783206
2018-12-21,-2.346086869100841,2.1609497393994985,181.29672267135004,29.18096249718589,9.09828088961422,15.190642830211486,62.62233222675553
2018-12-22,-7.017021132700174,0.9064859413876405,235.8987447393299,30.087462293189112,9.45807439645193,15.842757013514094,64.3131003326544
2018-12-23,-7.123117453582748,1.9961537549557253,253.708009487543,32.083617868448854,9.948065420309941,17.003284830356307,68.60430394826605
2018-12-24,-4.144037003135568,2.7760734210169558,165.55662496653235,34.66541581424592,11.449896693112306,19.03867758581022,72.77911152727116
2018-12-25,-2.8894258619699555,1.8477619945174768,220.11154288782032,36.51316084794642,12.63896244742963,20.45399240801762,75.69732713174686
2018-12-26,-6.308453992403967,1.1301861772323738,204.45907929400755,37.643315916705134,13.0866382055242,21.395282809159475,77.67820220047182
2018-12-27,-12.47173483687669,0.023714215926968405,247.3647495011269,37.667025545361795,13.0866382055242,21.395282809159475,77.74856427238822
2018-12-28,-13.964056311360425,0.0,255.97861238602437,37.667025545361795,13.0866382055242,21.395282809159475,77.74856427238822
2018-12-29,-13.827874696793707,0.46534255629150056,281.25179272214046,38.132376232085555,13.0866382055242,21.423760426480726,79.10117197515221
2018-12-30,-7.436850764868046,1.851396866893541,214.5647099506266,39.98379618385706,14.399907815423628,22.903319316854382,81.84568656959767
2018-12-31,-13.750678749785465,1.5066620237541481,195.37462940906988,41.49047381670325,15.336475807899415,24.1879346267056,84.12711921507628
2019-01-01,-17.972726198781977,0.0,281.99174642415824,61.4649557976278,35.83258720549208,45.24262114008048,102.51827706271673
2019-01-02,-14.970654543749335,0.10908693090336835,306.690229553414,61.57403954028058,35.83258720549208,45.24429919368884,102.8403271881902
2019-01-03,-9.864384715225178,0.07426312671788023,308.58145375234744,61.64830268657049,35.83258720549208,45.24429919368884,103.06071481701606
2019-01-04,-4.82978060629621,0.057721494618570617,297.71536655300304,61.70602727355288,35.83258720549208,45.24429919368884,103.23202165608144
2019-01-05,-3.4878994918908828,0.11295993582185625,279.0325228112601,61.76301967239159,35.97370444561204,45.35726194644356,103.15155698617578
2019-01-06,-3.2990067609751885,6.729592864695489,168.57005083705147,66.9553393790305,39.68117739291263,48.40084690558861,111.9274870423146
2019-01-07,-3.855072495761798,2.9726558357334376,196.90727981959554,69.92746333305776,40.221756531812495,49.692061203824125,118.93562773410699
2019-01-08,-2.879566405148102,0.0,259.34032676658376,69.92746333305776,40.221756531812495,49.692061203824125,118.93562773410699
2019-01-09,-1.6988811274599962,0.0,262.6368323424774,69.8823462609003,40.21930886201255,49.67699052412893,118.81913782925616
2019-01-10,-1.9744404147818349,0.21025801870729272,273.07491330918435,70.04373099952495,40.490017520769996,49.97112786600779,118.74205054583506
2019-01-11,-4.40060874199097,0.34696800830862917,213.79805838278074,70.39068769346669,40.65583284531434,50.26354833428365,119.3191979496754
2019-01-12,-7.086906373202247,0.0,249.66434288035828,70.39068769346669,40.65583284531434,50.26354833428365,119.3191979496754
2019-01-13,-8.93946773078662,0.0,236.7335439333966,70.39068769346669,40.65583284531434,50.26354833428365,119.3191979496754
2019-01-14,-9.628810688139268,0.16749636763663645,283.3589060473119,70.5581846458448,40.65583284531434,50.32570951312169,119.75429289515836
2019-01-15,-6.659797941582067,2.8336820714268303,275.4352777760893,73.39187074676924,43.18570257858467,52.80813446141619,123.2330912790827
2019-01-16,-3.362633462003126,7.522406004665239,172.376347273866,78.30706358968884,47.506468400852,57.99363604359442,128.4557153892793
2019-01-17,-1.8208922307862159,13.918184686494554,162.2381754089555,81.54463222504222,49.27077393610107,61.46434176001872,132.89076997964528
2019-01-18,-3.738917411254077,9.115411998428375,136.10166150793984,88.95267552996519,53.14066276971476,66.64002351757247,145.95873103768923
2019-01-19,-6.93708902953996,0.1906647658013748,285.5212509317094,89.143336071862,53.14066276971476,66.6620195512151,146.5026148638619
2019-01-20,-2.780541408977879,0.20663566670406414,256.6200370005622,88.95658016742892,53.056126861502804,66.4257391911576,146.26602405785545
2019-01-21,-4.031793928907397,2.2039915948592683,254.73481385816723,91.16063148440438,54.00563217692863,68.28900583284663,150.02751342922141
2019-01-22,-9.0816328063566,0.29085756328425155,257.50511290292775,91.45146358193793,54.023839332271926,68.4052035223687,150.75707526093964
2019-01-23,-10.869901366475476,5.726903451576695,235.80490919994253,97.17830052076229,58.48825393528991,73.20625663900391,158.63227722711312
2019-01-24,-6.540623192047001,4.438962399144014,207.23138289434354,101.61728277218118,59.94322339616106,76.32797918681283,167.28091505927756
2019-01-25,-6.044554303949727,2.169950262236157,231.09823611739174,103.78717445700322,60.51043598140677,77.69027737960678,171.81157913685453
2019-01-26,-5.371370340070492,0.8449379224328106,266.5167815473498,104.63212372388952,60.536512257717554,77.8969468655771,174.08772729534928
2019-01-27,-3.876187905354083,0.31614587882788847,261.0112001993261,104.94094757340837,60.67120891923743,78.10390486965316,174.66712465371936
2019-01-28,-8.975435051241414,0.0,305.86143689923176,104.94094757340837,60.67120891923743,78.10390486965316,174.66712465371936
2019-01-29,-10.313208470539037,0.0,364.3784263040613,104.94094757340837,60.67120891923743,78.10390486965316,174.66712465371936
2019-01-30,-9.654961448815605,0.015957602068535536,372.58769005644433,104.95690905147707,60.67120891923743,78.10390486965316,174.71449286365728
2019-01-31,-6.638885796516063,0.0,369.71694269376815,104.95690905147707,60.67120891923743,78.10390486965316,174.71449286365728
2019-02-01,-4.21192980157623,0.17936679067194383,369.1491352832319,105.13611551196841,60.67120891923743,78.14835820269525,175.20199350173706
2019-02-02,-2.40206969739127,0.30896429857165175,361.4875751716038,105.35414069715311,60.89605668117832,78.17773890070987,175.6014875845107
2019-02-03,-0.142276425389741,4.421974468277649,219.689449687221,105.37701167425891,61.56189017087152,78.13335991494074,175.0673562589446
2019-02-04,0.12612362598283644,1.2214945786583196,218.04825374275322,104.30124325946439,60.210271161591585,77.35219780576844,173.9655848143718
2019-02-05,-1.2677431294857522,10.121165332717496,166.5318103461299,104.05863409329788,59.21144856351405,76.83153542345178,174.73418826104623
2019-02-06,-9.343160026453104,4.381128977183405,301.189949366588,108.4398023337081,62.54071690005694,80.81366838504962,180.53418732380905
2019-02-07,-14.959333742710948,2.2033384705195105,320.4630685132255,110.64313874109372,63.37540787022364,82.48339606813211,184.59796403413404
2019-02-08,-12.482031668064423,0.5837044547545076,411.11475097298967,111.22684456503268,63.37540787022364,82.52850789276827,186.28522393215385
2019-02-09,-8.19662215792698,0.057072362596730465,402.3465338692756,111.28391217195949,63.37540787022364,82.52850789276827,186.4545810790257
2019-02-10,-6.891326371108648,0.2311459213445901,405.32418334674895,111.51506349230895,63.93234971655547,82.62575762324924,186.5030310121229
2019-02-11,-9.547749291010003,0.4629817830105887,340.7078510860045,111.97804898743772,64.15278651647928,83.11650657920423,187.17375058735135
2019-02-12,-8.955770322268187,0.04088538319800688,422.50843040773844,112.01893264915313,64.15278651647928,83.11682310285777,187.29476372316142
2019-02-13,-3.6543305528792245,7.939131045799684,265.19857297551664,119.78035342439333,68.88830577767621,90.05694467875135,198.81199204852595
2019-02-14,0.2648313853922691,7.74517038612845,186.12985239436102,118.54167340678676,67.6742585539378,88.75329992912542,197.61417768413273
2019-02-15,0.4928089182131821,4.258706980808689,182.4357292006836,117.47036012266155,65.72004147295527,87.07073544801115,198.0092618833335
2019-02-16,-6.132478461250847,2.2960351289831866,275.6953154524539,119.76638150306775,66.47899533305076,88.48122023519282,202.6800878680881
2019-02-17,-9.369840563373616,0.08585698667261941,396.6596122466505,119.8522243353059,66.62636795261346,88.50445786492652,202.7686317863367
2019-02-18,-10.932287495404667,1.782113853631705,314.4026197736793,121.6343382154946,68.18614598615429,89.69210166937147,205.3592686682025
2019-02-19,-13.201152090534103,0.6840189872255321,370.0969756257526,122.31833387117334,68.56327738678817,90.33387396231434,206.38320405667753
2019-02-20,-12.197700411087819,0.982614947647287,367.4033903856152,123.3009468744752,68.77931720839916,91.03209674274106,208.39340318167646
2019-02-21,-8.527187927361673,1.1866015726152277,364.3266322687553,124.48756153085628,69.5612416668635,91.62260269652997,210.5671665093658
2019-02-22,-8.891992840578784,1.097446251609904,325.6738514834239,125.58501078955406,70.00919357737527,92.31425209613073,212.6996222248107
2019-02-23,-12.359236808204388,0.2343681907929821,449.6932525105923,125.81937983411073,70.01830940453202,92.44006641189873,213.26085659551913
2019-02-24,-7.8540988679770205,0.08814208113324482,463.14109004951064,125.90752060112901,70.01830940453202,92.44274652808937,213.51975600770004
2019-02-25,-4.023134341491736,0.3356448819487461,421.5393653779334,126.24316659259213,70.02568671046443,92.61416573794054,214.33776207811115
2019-02-26,-0.6660356191554075,0.007002778032760192,414.3768449455539,126.05872121535182,69.89234933022195,92.34890424288945,214.184290572218
2019-02-27,-0.3458537189323555,1.2351132675421954,354.358034505873,126.28844091583971,69.78417438554463,92.30817459073366,215.01162406344727
2019-02-28,0.13877376012670828,1.8621820228454722,331.2003668884362,125.69920272649757,69.28360127688998,91.64852765673179,214.40653027493835
2019-03-01,-1.1360618021470807,5.317444090054511,185.2126044776805,125.25673485274105,68.09257375407579,90.64120251514674,215.25380862907446
2019-03-02,-4.534818993576498,8.99867050386743,227.73232591805876,130.02780877825046,69.62958125673983,93.46976527926415,225.10065486807693
2019-03-03,-10.254024172489512,2.161125822854177,378.5720053105202,132.18893897645748,70.71727041149136,94.69640991978538,229.2354023764209
2019-03-04,-11.575091835572232,0.27610404755217943,511.0124756976111,132.46505165464052,70.72280625128347,94.7662631089301,229.97978917958153
2019-03-05,-7.0999186650018835,1.58864454868455,493.5991027676625,134.05371224053968,70.92005560645106,95.56959036938218,233.70197221315388
2019-03-06,-0.5572670705646474,9.88451273870888,289.8800064578974,135.71071160177334,74.54725550487616,97.32953565336916,233.34406498658285
2019-03-07,1.568791053880936,1.8236074463313054,284.66437885089994,134.13195304673724,72.48158783788551,95.45594338692246,232.5318654107817
2019-03-08,-0.6353276968235815,9.652088863841314,228.5007414349471,134.73411765005125,71.15064631844918,94.26823381717517,236.7949103816585
2019-03-09,-4.283324805901537,2.2383617390123796,339.31881357209215,136.93729439120952,71.39548243961396,95.30957149890008,242.05726799546713
2019-03-10,-2.925969848776994,2.666725415970904,383.916515044086,139.54617547260747,73.72321077977671,97.66034170820019,245.19638730550884
2019-03-11,-2.0822732617223023,1.7458539350261835,458.0910752384232,141.2875295900048,74.4086565222435,99.49953787355997,247.86504377604714
2019-03-12,-1.0183711444605856,12.15443089720751,376.17018856481326,152.65082879748846,88.07520361899232,111.78509080427823,256.07327972661426
2019-03-13,-3.847585309524461,8.72013396077463,276.165156124106,160.12716190594344,90.08672426982088,119.4208951031317,268.6947182392696
2019-03-14,-6.682017226810661,0.008103560589161271,480.2395168996091,160.13526528489888,90.08672426982088,119.4208951031317,268.7187662975957
2019-03-15,-7.687513792990017,0.2812858048146956,558.3096132238519,160.41654455292797,90.08672426982088,119.42090305648125,269.55349907029046
2019-03-16,-4.271349957914089,0.5092770253383824,569.6860663876846,160.92582577172618,90.09670446527542,119.56344223367239,270.9130640599955
2019-03-17,-2.1777456653303533,0.004550818123330898,579.977851236617,160.93037619235403,90.09670446527542,119.56344223367239,270.92656815270414
2019-03-18,-1.7267019375480537,0.010947783849168705,562.1925485327653,160.94132397620322,90.09670446527542,119.56344223367239,270.9590574322991
2019-03-19,-3.336729602047686,0.0,562.0536879974335,160.94132397620322,90.09670446527542,119.56344223367239,270.9590574322991
2019-03-20,-2.3045906640775273,0.0,598.1313780976191,160.94132397620322,90.09670446527542,119.56344223367239,270.9590574322991
2019-03-21,0.6613617096541844,0.5173079577921371,562.4027964472426,161.36487673933024,90.51044619226072,119.87966065420021,271.4991520498538
2019-03-22,-0.15403324939900118,0.3968677033042927,452.0107651361238,161.36494460416907,90.14840696224579,119.64584886179264,272.08387177037315
2019-03-23,1.0222021331339388,0.4447356647539018,438.4914989967875,160.53091462833683,89.08093036570959,118.56197394839872,271.7255351226312
2019-03-24,1.304526565350185,1.2111395986980074,416.2734786781,159.7555251680216,87.62395009504355,117.36533159244786,272.0317094920073
2019-03-25,1.113951309565585,0.07170943441156984,494.59109278927536,159.09965985564287,86.77725244374454,116.49753792012727,271.77237108737415
2019-03-26,4.078472193033355,0.008585330035985297,598.7934123316451,158.19462747075315,85.81515820883438,115.47902952481853,271.0358655077315
2019-03-27,6.638434922599376,0.0,561.0668056242612,155.8188043378203,83.49599530741263,113.11504519059723,268.59324429871737
2019-03-28,5.323852349203529,0.0,516.3502691360032,153.55471951704132,81.18097189200759,110.83972726934654,266.38980025286276
2019-03-29,-0.2851668573170167,1.6863480538808868,353.62144900095933,153.03456561748797,80.01909942207085,109.85559781464592,266.95510774170776
2019-03-30,-1.9080738250671418,0.0,515.172711209385,152.9597078878589,79.8030312039074,109.84322013430108,266.95501124065095
2019-03-31,-0.9101552908298237,0.0,607.75223327504,152.9597078878589,79.8030312039074,109.84322013430108,266.95501124065095
2019-04-01,0.4353466315816076,0.9935706584353012,535.4001677149167,153.72294828934224,79.62723805968567,109.99499872916893,269.23933825677875
2019-04-02,3.3677142146310306,2.6525762963556887,415.70305313195945,151.9862257092418,77.72945807161753,108.13963204890683,267.7772327618213
2019-04-03,4.756698429638328,3.548473205584132,389.11512771851284,149.60343027696422,75.12603506915755,105.54818088716752,265.8166202535976
2019-04-04,5.85194959542178,0.4258088996133073,509.62187932006816,147.1177606451302,72.3994956313541,102.91942981073915,263.7073986838865
2019-04-05,7.093027742416873,0.0,533.3452884639495,144.21215406655875,69.35207956938122,99.89839940988743,261.05451646330425
2019-04-06,5.409520198784569,1.3432603818320084,471.7004575014113,141.98393714076224,66.78201394549104,97.46726510382251,259.36041732851663
2019-04-07,5.180293837020897,0.10690394182240896,589.8936254655807,140.52381498373623,65.17376782218878,95.77720122190726,258.27333013116845
2019-04-08,7.849811345591405,0.0,604.3719168789476,138.21466963690904,62.89778028505977,93.34358106015041,256.05611154644487
2019-04-09,8.078409328797383,1.5846201497391148,549.75053267226,135.64223242527666,60.37559299553798,90.66378824011507,253.5419426486081
2019-04-10,-0.6792350980301866,5.301053179090853,313.80413985636943,136.44701444730435,59.14586726349988,90.25779092510506,257.5286294732872
2019-04-11,-2.6298382924490213,1.8415648292282343,403.28785802503285,137.84044147133437,59.04346001309412,90.97212316422551,261.0510044717657
2019-04-12,-1.1271849283998796,2.7955492563754283,397.6064448732259,139.56999493105027,59.108104658870644,91.72018397765532,265.3751188328743
2019-04-13,0.7657562684674479,0.8258896102190957,472.99599199891907,139.51885042275885,58.179774672705676,90.89686323440979,266.9452743937359
2019-04-14,2.8423699754854947,1.3358577582154563,528.7622415186363,138.78288309990228,57.02982002376956,89.7637442700107,267.0071063188507
2019-04-15,6.82453798386594,0.6216664942831479,466.8210398556301,135.8561029340168,54.22319163650402,86.73032005096636,264.0700387491091
2019-04-16,7.099751555897679,0.8791621842536941,514.4570453943126,133.1105511722764,51.62326605979827,83.89043897886573,261.2771957028642
2019-04-17,6.149739019415815,0.14399294021339548,502.1125353281689,130.53259299750974,48.86980166682033,81.20157307969046,258.9801648563289
2019-04-18,7.932113203802467,0.018158844281722136,585.5963425291653,127.92574615385259,46.13725275730469,78.46803498328609,256.62164298655534
2019-04-19,9.53832585334526,0.0,658.0837972253491,125.57178392607786,43.83111630708358,76.08269226747866,254.25254978596402
2019-04-20,11.23817760448915,0.0,631.5399816210722,122.32976821915872,40.824772269548625,72.81724183884826,250.8051587569947
2019-04-21,7.510726935397627,1.3452017879084037,485.9346003455628,119.57169700510325,38.215210530432415,70.05965348511026,247.9024638469638
2019-04-22,7.499174927622545,0.0,601.9032838550115,117.50071921643115,36.38630003994076,68.00612840703175,245.57913575032217
2019-04-23,7.912298965585909,0.0,637.9453963767841,115.74195402166225,34.846602018151714,66.30636980942388,243.5489120756106
2019-04-24,9.907121891010508,0.0,598.3912352060837,113.07917338749432,32.568026235823034,63.71673713338167,240.44029163274257
2019-04-25,9.956231481697689,0.0,593.3465090139998,110.41546302920995,30.34059994445121,61.0848392583987,237.32140790670627
2019-04-26,10.118848367929903,4.359304980740757,505.40813654894765,107.9779688461271,28.53541355615172,58.675444304552265,234.2421834592777
2019-04-27,8.458479710430328,0.6410531161991031,561.4119372897164,105.79514609421177,26.89798204046992,56.50207864278114,231.52057847105945
2019-04-28,7.236855624242852,0.522694749713082,573.8225988942672,104.21349036881344,25.467717970645044,54.69576398920446,230.01598265504109
2019-04-29,0.3020214787589249,16.971826701028316,320.83035047540403,104.5890058874692,24.980020120132075,54.42347690897123,231.8752283950502
2019-04-30,3.2350222362820165,18.143208958317327,320.1521494358776,103.17282473717287,24.000010168634567,53.02290438247385,230.02013972949823
2019-05-01,0.8583548362853164,3.4547033332703623,381.2516241684146,103.27496416623303,23.278751642185732,52.25727525413004,231.78668520916418
2019-05-02,3.1705638752959735,0.10508775653430295,589.0227064879948,102.82921981975956,22.82154667488592,51.60240520453637,231.56057640989326
2019-05-03,5.964257750544138,0.0,619.4740311711462,101.77704370715485,22.10792030742545,50.43557049874763,230.29412838033042
2019-05-04,7.708429699073034,0.011720562427725551,618.0179152015744,100.29276246533054,21.118296172054194,48.89335299963962,228.3875026496686
2019-05-05,9.30974669963077,0.11141609706667505,609.8641884036907,98.34990366549813,19.968162154938323,46.96747878538395,225.6582960080448
2019-05-06,10.388392583679654,0.02637886548578655,599.0825468071824,96.0708205951525,18.596003158981127,44.6971065954368,222.4902734889422
2019-05-07,9.609122810240628,0.4146150629688244,538.1220126809739,93.75714546877896,17.09570941973372,42.363284850679854,219.4072235948938
2019-05-08,3.7732989918349813,1.9110085967048513,306.20524360816245,92.18684569431849,15.84025398686153,40.576764357860746,217.74692425648385
2019-05-09,3.0415907077447746,1.5544680092263223,406.3725978855357,91.16924586078605,14.919888254275971,39.28333842123399,216.90996628087427
2019-05-10,4.739470933083081,0.23315128935929558,564.0545289790865,90.20693986844735,14.194954953518257,38.259985901406345,215.7781353868145
2019-05-11,6.483811124080484,0.16425791266860293,624.5138400126345,89.35139040027614,13.756537214692276,37.37757076319701,214.5445076165206
2019-05-12,9.548774102271787,0.019194292059865916,641.3567002979137,87.82072459111049,12.986253479840444,35.93030063865656,212.19266937906937
2019-05-13,12.168317832140303,0.045916149765104164,615.0252447404673,85.45451291576234,11.803071099265567,33.71226606236991,208.53047556297474
2019-05-14,13.189999085303269,0.024856002302452027,602.4075757416418,82.77713820943022,10.472087733983376,31.192443993368407,204.38921263933523
2019-05-15,13.46030904403275,0.0,588.1937400208037,80.0312618031745,9.2274392513877,28.639188159405034,199.99419970114437
2019-05-16,14.151960216086545,0.23883974236633632,483.2551382072371,76.74252239108047,7.7604030437746,25.56944759864412,194.71897183899281
2019-05-17,7.750203593530742,2.8416159996881887,389.64286422882503,74.94429999919817,6.796556160343537,23.65305192736578,192.2287368996222
2019-05-18,5.232776046709726,0.6733045351334205,449.6786909896608,73.73057758646178,6.251901951760216,22.450811204501317,190.35417359679442
2019-05-19,5.730598553985296,2.2627648537142435,422.97172344731774,72.4983518174931,5.703009263901169,21.236090724714686,188.44125562749122
2019-05-20,5.462523254394956,8.093789975542672,309.237037532883,71.01190255328214,5.087992065445339,19.814281012889126,186.0445506793431
2019-05-21,2.605269562488756,8.19246922783553,229.7387476669473,69.93320414878373,4.6412656516026205,18.750135106340196,184.3379549131983
2019-05-22,4.032915821419177,5.738315365224791,343.0111579590352,68.91676836566512,4.233491054480178,17.724477440163888,182.73995167823568
2019-05-23,5.595926244673014,6.637297362984002,355.76399149310697,67.5932394413837,3.7538568081314234,16.431801945428848,180.56658163054166
2019-05-24,6.6244203378379884,0.9772108614210718,441.9448782034633,66.24124153804229,3.2899248464526014,15.132476023255434,178.30011576830734
2019-05-25,9.177046567297207,0.14302641905361507,620.5065331151839,65.02018409769912,2.976847731422356,14.097578909202541,176.01216503227351
2019-05-26,11.0200145991669,0.08423417274328165,608.4418283930193,63.31161209264563,2.619943062338765,12.760345236710918,172.62142570145213
2019-05-27,7.797098800481942,5.877374802631394,372.0918733255802,61.90329150044969,2.2950802276426434,11.529146508082649,169.98490658711495
2019-05-28,4.537261971169435,8.293664579650688,258.79917138729616,60.724740485236936,2.039075508897026,10.553773002141885,167.7083574069764
2019-05-29,6.614256031678181,1.4437442074340325,420.1164878735812,59.476730092428674,1.7720824457198938,9.519529976112826,165.2950384975421
2019-05-30,8.619789136772312,0.6836040420416858,573.0548051606418,58.300872746150105,1.5859194732706743,8.671723474640945,162.83150268410938
2019-05-31,10.8875100678913,0.5164633400981331,561.5989527826628,56.742142248686335,1.363152657069763,7.623149544461155,159.46743589467968
2019-06-01,13.08272736473862,0.055981557686475905,608.9514982191904,55.01838193165383,1.1400884659223876,6.5176250717819295,155.67068905263795
2019-06-02,13.82608835323874,0.45693631997851963,576.0444870022966,53.16100715574432,0.9350549548104351,5.428278333325522,151.44378947102982
2019-06-03,13.420934890602078,0.8449813145410302,543.3870923337479,51.440353376279774,0.7401274539320849,4.4586285573894795,147.49347657257127
2019-06-04,13.225035754291365,0.2366134298813872,577.8486073245831,49.83869652341295,0.5940078075087853,3.689270057259639,143.64922985895703
2019-06-05,14.460802963590933,0.9142093101423467,545.2738465713629,48.18672726662016,0.46204474523406613,2.953436082133332,139.60850671505986
2019-06-06,15.220490431690218,0.12132479505441428,590.20284854285,46.55402582075751,0.3568474854192096,2.3180547184580664,135.4988273494325
2019-06-07,15.944928406144394,0.25111668642072027,538.1129386092762,44.75480599011527,0.25032672624800595,1.6851832806736062,130.8937603672649
2019-06-08,10.312128401661594,0.0,510.0967478550805,43.72215637249901,0.18766293874205328,1.3252287005047998,128.24892854518728
2019-06-09,7.331866371483929,0.0,575.8089177043864,43.157978051107996,0.1606798150854093,1.1726784455035713,126.7529323427769
2019-06-10,10.863396669614021,0.0,632.422740599959,42.423461928389635,0.12867228070737155,1.0156332449050292,124.76079019306772
2019-06-11,12.929549150815376,0.0,576.1806845088801,41.31659026221608,0.07921738019340592,0.7917601149504704,121.74719018262209
2019-06-12,13.871540925902588,0.0,585.9265871607817,40.14933739301359,0.037136517180106667,0.5821178426703014,118.53305312381099
2019-06-13,15.100068602979437,0.154725217901293,553.0160374358062,38.86310580263389,0.01131513476023219,0.38793912280266185,114.9346283907266
2019-06-14,14.234337562859295,2.4235573846929386,465.6839967899067,37.73712004588696,0.0015342832550432688,0.24204064762231048,111.74805113074055
2019-06-15,14.108272595852698,0.41591783914739133,551.4595799142227,36.713396003455756,0.0,0.14809505554009522,108.80514720719712
2019-06-16,15.156671404463921,0.497617983204748,500.5262221761992,35.59241070558733,0.0,0.07573035301027968,105.55059841227683
2019-06-17,14.29051807964124,3.0158871177698194,359.7382381062999,34.52568990258659,0.0,0.03706829966183405,102.4234843492372
2019-06-18,13.2652578528282,7.47136884629632,346.3907743653106,33.61999453647365,0.0,0.018999392376332965,99.75370602276968
2019-06-19,14.529438729400137,2.076486474936285,483.03968693610904,32.767161244835485,0.0,0.00854296672279859,97.2332141205696
2019-06-20,14.525733716860982,13.234745626202644,411.65720114633933,31.965446786759458,0.0,0.0038285087930464605,94.85870032381203
2019-06-21,6.85036922709353,20.63030309604425,249.0251213848986,31.455399356062557,0.0,0.0020518389668628756,93.34682538198373
2019-06-22,7.638422341031822,4.922614432581841,318.3754004006813,30.968781727153324,0.0,0.0014299249384573888,91.90333071483782
2019-06-23,8.704862774464694,5.598790388769853,392.17235646871416,30.53331020257347,0.0,9.82973982112199E-4,90.61144574973936
2019-06-24,13.247326766650403,0.9617755388113763,507.1900713640234,29.902576427806025,0.0,5.058021708032497E-4,88.74011931523432
2019-06-25,15.677350175912496,0.010913435782090083,558.3155243430012,29.174319765028812,0.0,0.0,86.57940683693987
2019-06-26,16.890135849592586,0.0,544.35099648107,28.281439887733075,0.0,0.0,83.92964462224137
2019-06-27,17.397172360858324,0.06994726684402675,544.3210043609387,27.45744165287847,0.0,0.0,81.48429957279437
2019-06-28,19.133012434909187,0.0,531.2431518031203,26.54004104886667,0.0,0.0,78.76176822444046
2019-06-29,19.994241494081656,0.0,506.55622429389183,25.585476235666093,0.0,0.0,75.92894620905324
2019-06-30,18.8118992866071,1.7724286429573175,418.90538150137957,24.75764034321181,0.0,0.0,73.47221230388313
2019-07-01,18.16984060180222,0.019243408502307616,489.3947968590851,24.008162272599865,0.0,0.0,71.24801762467558
2019-07-02,18.04627456743313,0.18293115795819737,519.3231710721207,23.259769947188563,0.0,0.0,69.02704506602494
2019-07-03,18.58131071127864,0.004969883116061175,507.16901197613186,22.509076326985962,0.0,0.0,66.79924305120898
2019-07-04,17.26329782529264,0.0,533.2526410123377,21.851615325874945,0.0,0.0,64.84812357513998
2019-07-05,16.354680492714614,0.0,547.6251785051936,21.292894046473577,0.0,0.0,63.19002983559949
2019-07-06,17.674014201248987,0.0,536.5934899340677,20.658714320935655,0.0,0.0,61.30800122594178
2019-07-07,17.394127414784972,0.37698518083607935,496.34369292589656,20.061667746131494,0.0,0.0,59.536171112441274
2019-07-08,16.95876802576188,0.26978853628212046,437.2417645849121,19.507807181041088,0.0,0.0,57.892502311176514
2019-07-09,16.411587992527018,0.0,547.341905805078,19.034590413075332,0.0,0.0,56.488156728974445
2019-07-10,18.27707415523391,0.0,569.990766633486,18.488933959925394,0.0,0.0,54.868834927096486
2019-07-11,20.499731417233598,0.002098089050167974,549.6710401903862,17.85844217080741,0.0,0.0,52.99775085188765
2019-07-12,20.67133189367406,0.025608257912889894,515.4812859141908,17.225937617688093,0.0,0.0,51.12069358125413
2019-07-13,20.45964780794065,0.14143947022015435,491.4052485299464,16.600524055241753,0.0,0.0,49.26467994664359
2019-07-14,20.565872348502158,0.0,501.08728280252893,16.001430261367815,0.0,0.0,47.486774386854904
2019-07-15,19.911974283358244,0.08250104481041988,472.61982914666044,15.41955868345295,0.0,0.0,45.759978476037084
2019-07-16,20.546726236530226,0.0,527.0717388494294,14.855645970762843,0.0,0.0,44.086478337362266
2019-07-17,20.445211043700894,0.0,510.12784880182994,14.27745677036296,0.0,0.0,42.37061046406391
2019-07-18,20.131467017090806,0.0,526.9473934549143,13.756377355249285,0.0,0.0,40.8242249085878
2019-07-19,20.760867759162284,0.006492911812918632,521.5317149316728,13.221350631148171,0.0,0.0,39.23644850839519
2019-07-20,20.39588731837356,0.11038735534519173,500.855931866163,12.700601747412362,0.0,0.0,37.69104385704529
2019-07-21,20.38980972556644,0.30157657477061084,504.2216118232184,12.212748710609965,0.0,0.0,36.24326283283845
2019-07-22,21.32402000501746,0.5013688081060826,481.4988215911395,11.71166179405319,0.0,0.0,34.75620817796897
2019-07-23,20.274315704594184,0.0,522.835368152287,11.246014211180217,0.0,0.0,33.374325349340936
2019-07-24,20.470873479983478,1.3467954793246835,443.6079400778211,10.767418946665735,0.0,0.0,31.954018228202774
2019-07-25,19.673278251933684,0.004392102565574357,431.37835307585885,10.321061514708651,0.0,0.0,30.62938197250408
2019-07-26,19.3810964218792,0.34944938139967185,460.1263118941495,9.889205863279606,0.0,0.0,29.34778204348959
2019-07-27,19.416728754804605,1.1828318944585843,385.01782814651784,9.477004130290346,0.0,0.0,28.12450822504917
2019-07-28,18.9457793980509,0.056441725081782176,478.24274682194823,9.105179669237302,0.0,0.0,27.021060345382534
2019-07-29,19.39653023403296,0.019840081503833346,530.3639747439217,8.735820742886924,0.0,0.0,25.924929329787176
2019-07-30,20.8961053731702,0.0025574894549795046,480.3932925597737,8.323118701357611,0.0,0.0,24.70017076664723
2019-07-31,19.234484816215204,2.5231859310214046,408.4744161756033,7.961809008533838,0.0,0.0,23.627927124256747
2019-08-01,18.007653799506187,1.1325331448187348,332.98082526024547,7.600385448653975,0.0,0.0,22.55534556337308
2019-08-02,19.811889238816214,0.0,480.9011887212156,7.259698021016192,0.0,0.0,21.544301753637384
2019-08-03,20.884308174514928,0.0,499.37816400803894,6.9021031600018325,0.0,0.0,20.483082462016633
2019-08-04,20.233256226853122,1.8511452639774955,431.97433906072786,6.583745614460309,0.0,0.0,19.53830610811894
2019-08-05,19.351748583429035,1.265640152677739,466.30198063586005,6.298709185084574,0.0,0.0,18.692415435053373
2019-08-06,20.72704328650819,0.0,498.91944427276815,5.978591612251554,0.0,0.0,17.742415921879246
2019-08-07,20.173364146648886,0.3375859890161185,448.83140642577456,5.678000718737724,0.0,0.0,16.85036491707024
2019-08-08,19.05839141707985,6.646766395171258,329.54996943091356,5.40223010890149,0.0,0.0,16.03197202856483
2019-08-09,18.87922164135792,0.35958938865132417,443.1737507819656,5.162134531464144,0.0,0.0,15.319450439505687
2019-08-10,19.272977771585307,0.038528415778145524,452.1303249949413,4.8803108612513375,0.0,0.0,14.483094137245555
2019-08-11,18.240849609175218,2.370314828393999,385.514342270096,4.653391067090904,0.0,0.0,13.80967376836617
2019-08-12,16.937958681946718,0.013808554591449269,505.171445772957,4.462286972068153,0.0,0.0,13.242542149722118
2019-08-13,17.286936706005775,0.0,515.0147994251073,4.263687879450195,0.0,0.0,12.65316794063333
2019-08-14,18.766868859229042,0.0,499.9935793594146,4.04494912252407,0.0,0.0,12.004026093301734
2019-08-15,18.761462773632473,0.0,496.9677331522723,3.8334667563619633,0.0,0.0,11.376418732915704
2019-08-16,18.272913392902776,0.02435456486210477,485.68498979237063,3.6343283245902716,0.0,0.0,10.78544394960992
2019-08-17,17.45490478088468,0.24483797301454632,466.3148221966224,3.454204124680342,0.0,0.0,10.250896905813075
2019-08-18,18.389485932048085,0.0,522.5209987686399,3.282651719114649,0.0,0.0,9.74178801707278
2019-08-19,19.73596011245887,0.0,502.4735790689317,3.0871342795395544,0.0,0.0,9.161559100648129
2019-08-20,20.210421339629285,0.0,504.1924699705485,2.8916380960255568,0.0,0.0,8.581393264945714
2019-08-21,19.80344538586836,0.0,503.4144621129215,2.707462098961675,0.0,0.0,8.034821872439517
2019-08-22,19.27856428242575,0.054073229364364414,474.30767034440356,2.5310823157416182,0.0,0.0,7.511386977223014
2019-08-23,18.929942068876773,0.0,442.38035795355245,2.373823180818373,0.0,0.0,7.044695629112626
2019-08-24,17.11142219993102,0.0,503.9873173513871,2.2513732496337386,0.0,0.0,6.68130609699754
2019-08-25,19.081291876185116,0.0,478.4528109231498,2.107611454339309,0.0,0.0,6.254670238384472
2019-08-26,16.305838406039797,0.0,450.65669724718833,1.9845437867267206,0.0,0.0,5.889447475745259
2019-08-27,15.116079992901001,0.0,507.2901521083489,1.8915625556138378,0.0,0.0,5.613510970573624
2019-08-28,17.682933718598363,0.0,512.1139321524524,1.7864552326409553,0.0,0.0,5.3015883704751925
2019-08-29,18.62107120972794,0.021514783991876774,473.424560302913,1.666662201300969,0.0,0.0,4.946083608748157
2019-08-30,19.37230654968741,0.0762772632268007,439.34471622708514,1.5515419753655468,0.0,0.0,4.6044461359056585
2019-08-31,19.627916725499325,0.0,474.5968253168528,1.438108292993079,0.0,0.0,4.2678137477561835
2019-09-01,20.47328158082885,0.0,468.0054562040171,1.32016581436839,0.0,0.0,3.9178007938142576
2019-09-02,20.6989676622794,0.0,471.73164606761804,1.2072922002915079,0.0,0.0,3.582830496887834
2019-09-03,19.732672052724517,0.0,457.21806051459157,1.1078584053275382,0.0,0.0,3.2877449882328604
2019-09-04,20.881073441264476,0.0,432.2950142201975,1.0030499443065801,0.0,0.0,2.9767093082316975
2019-09-05,20.60720691281776,0.6889776432596241,431.4963393934473,0.9142362032086289,0.0,0.0,2.7131404886272907
2019-09-06,19.444178578031817,2.152714322137245,367.52670188634295,0.8357513887099227,0.0,0.0,2.4802243918773477
2019-09-07,16.71654356700993,0.030155433882820184,401.11519153756643,0.7701756062165761,0.0,0.0,2.2856178887311196
2019-09-08,15.289062554359361,7.377652555340567,317.25269887471535,0.7182461379440134,0.0,0.0,2.131508980739183
2019-09-09,13.540504850220572,0.16778913286857083,376.6279746280931,0.672719711265278,0.0,0.0,1.9964021111018935
2019-09-10,13.544160457082285,1.4381722378723056,344.39826032455437,0.6264086739246982,0.0,0.0,1.8589667852658804
2019-09-11,10.247918889375114,10.071009664431417,210.58418417686244,0.5991992825779565,0.0,0.0,1.7782186141973326
2019-09-12,9.543007885291933,0.04113045918609584,359.7996046935359,0.576955264551648,0.0,0.0,1.7122059735634103
2019-09-13,11.978370302050854,0.4124349602446722,435.6975683134446,0.5519883572429513,0.0,0.0,1.6381127284509414
2019-09-14,14.400102991833396,0.0,445.25828673014456,0.5151633367098335,0.0,0.0,1.528828657384535
2019-09-15,16.240601155064297,0.0015921858306672898,433.4511579699547,0.47386609469733276,0.0,0.0,1.4062725619471432
2019-09-16,16.130481780925713,0.0,358.37280012446,0.4302311612210454,0.0,0.0,1.2767789974639419
2019-09-17,13.250033132870403,0.4033667549084311,355.15095817143816,0.4046887379333227,0.0,0.0,1.2009778176852817
2019-09-18,12.647879119167351,0.0,449.4618787581163,0.3774328910156173,0.0,0.0,1.1200917823645182
2019-09-19,15.87499130442488,0.0,392.1951452778392,0.34471381929862793,0.0,0.0,1.0229927636272278
2019-09-20,12.007270354987119,0.0,386.72609878454176,0.33354203255065135,0.0,0.0,0.9898387200115122
2019-09-21,7.707034942927981,0.0,388.96133979403487,0.3238452070424761,0.0,0.0,0.9610618570902564
2019-09-22,8.907593292953191,0.0,425.18844250113534,0.3144024055842125,0.0,0.0,0.933038850702445
2019-09-23,12.631242390658647,0.0,431.4328187203212,0.2959232668362328,0.0,0.0,0.8781990846155795
2019-09-24,11.886471641949434,0.0,404.80299258895735,0.27871593689412366,0.0,0.0,0.827133612253782
2019-09-25,12.646715694546588,0.0,421.9038349907396,0.26087806727121454,0.0,0.0,0.7741969136906368
2019-09-26,13.451915193854934,0.0,430.58978662999,0.2407822366970538,0.0,0.0,0.7145593589843201
2019-09-27,12.934797922153352,1.3456974626544358,308.730109967952,0.22025665557471152,0.0,0.0,0.6536464515757272
2019-09-28,14.41070421631716,0.6723698154084743,366.0269550793217,0.2006080424547679,0.0,0.0,0.5953360853771495
2019-09-29,13.095885659058137,1.3730768463275296,304.91929574922057,0.18065849044086155,0.0,0.0,0.5361326354274062
2019-09-30,9.739318326212215,0.004515646461691875,357.8697396767032,0.16639674171797875,0.0,0.0,0.4938086410779373
2019-10-01,9.409425340790014,0.0,394.17998238299856,0.1521737947746787,0.0,0.0,0.45159979714457243
2019-10-02,5.762921997575959,0.0,351.22873259431447,0.14638148182381344,0.0,0.0,0.43441019260404157
2019-10-03,8.893202615131385,0.0,441.2346075324516,0.1386393185193968,0.0,0.0,0.41143409883630894
2019-10-04,9.057452597148858,0.0,421.56763994619354,0.1348052408038516,0.0,0.0,0.40005586698541434
2019-10-05,4.47405878500989,0.0,382.0808550910247,0.13466790149810168,0.0,0.0,0.3996482908800247
2019-10-06,4.477983081972484,0.0,362.7700196825535,0.1338361020423525,0.0,0.0,0.39717979447407314
2019-10-07,7.8452728815820345,0.0,412.90395562588066,0.12925940368602926,0.0,0.0,0.3835977184512744
2019-10-08,9.758827785982932,0.0,392.2962954582185,0.11993067536929858,0.0,0.0,0.35591324214778003
2019-10-09,6.73011503023986,2.050309890256899,370.59595221745224,0.47013969559130064,0.0,0.0,1.3952138833957173
2019-10-10,-5.1345374715713525,0.5443768191463964,243.86857196090918,1.01451520363772,0.033499334595915586,0.21072863214210286,2.7681098855668447
2019-10-11,-3.3310784344893194,0.18733922750876625,388.19556618743235,1.2018518094141004,0.033499334595915586,0.21292998492623727,3.3218659920416806
2019-10-12,2.9150681610630125,0.0,400.1881269954516,1.192807873434863,0.033499334595915586,0.21218718743294412,3.295767299519141
2019-10-13,5.453792253785066,0.0,388.8424467330055,1.08822561638512,0.03288660171799372,0.19673954380614136,3.0013999368021205
2019-10-14,7.221399843317728,0.0,359.064771568088,0.7520718031148544,0.008699173543881927,0.07459627532158931,2.149071287861268
2019-10-15,6.954801326999992,0.0,364.12437051420454,0.5497116707639575,0.001276118442529299,0.021978535360133965,1.6082036782406046
2019-10-16,9.824176353643269,0.0,361.15261423980854,0.32866530041499603,0.0,7.17348354641176E-4,0.9746510032682616
2019-10-17,10.160332451590747,1.2279847994432262,296.50551737925684,0.17850935819204936,0.0,0.0,0.5297547456663109
2019-10-18,4.330335743709107,2.825926460951869,223.04602079840373,0.18756076871153038,0.0,0.0,0.556616237558015
2019-10-19,1.8932930539724089,4.351730250357512,232.6945093191186,1.3630689355847603,0.03366763190570827,0.0983657956977271,3.9143679165733554
2019-10-20,-1.634402094428534,8.590007470785032,111.01123396414081,3.1885556200857925,0.02949941409075304,0.0967243244711457,9.337470588614892
2019-10-21,-0.5156702130025754,5.376466447381637,154.85580435271314,4.991817413474219,0.021274087219951002,0.08411108177903096,14.709494754592331
2019-10-22,1.4183166991824157,0.6182114334034927,194.0198607996492,4.8644794977513905,0.009112564096147673,0.05926156223229693,14.36817983414342
2019-10-23,-0.10707797314870109,1.5833061285066543,219.69180858136156,5.654583415695936,0.0031813093362380806,0.04700778942504431,16.730912782848577
2019-10-24,-2.7182031732381784,0.017501470113011126,295.0029453712007,5.672084885808947,0.025239694694468184,0.0656970201865981,16.742807068305208
2019-10-25,1.7374841339588285,0.23936023183590793,341.9128030612875,5.911447816546921,0.02646516054770319,0.18774167337027026,17.330278514270965
2019-10-26,3.554522643857667,1.4241016555576878,325.34971550641194,6.257147840682607,0.5956597365200224,0.665840826085088,17.327045740796766
2019-10-27,-7.384051264300873,5.201215789235793,176.87756233203947,11.45835909953268,5.61492135664014,4.624171196476305,23.944089251659193
2019-10-28,-11.900785340229552,5.899429078280053,217.62058840324107,17.357795513402422,12.00507472225726,10.099177774076455,29.790423436036477
2019-10-29,-12.786425754556886,3.719125946712403,230.50321112580303,21.07691614493976,14.767365751684238,12.869254327848157,35.3844949250935
2019-10-30,-15.841870139476118,0.9911114163537559,300.6027158304322,22.06799281627583,15.634157351346749,13.963321899936332,36.3935131764066
2019-10-31,-8.80156930025481,2.2882237405728585,331.25821393972024,24.35624496879244,17.725357648747295,16.029643015388718,39.09430217608166
2019-11-01,-5.229970918155331,0.0,316.51673649518364,24.35624496879244,17.725357648747295,16.029643015388718,39.09430217608166
2019-11-02,-2.9595482631556713,0.004154143287713373,340.16157525269193,24.36039911208015,17.725357648747295,16.029643015388718,39.10663025312553
2019-11-03,1.0319414199721728,0.0,302.27802736930147,23.914356580089038,17.4575149262579,15.531560274321977,38.53951571678522
2019-11-04,2.7830592655056057,0.0,262.5890444027157,22.61553461573135,16.123115848157003,14.181336180109685,37.32647592099519
2019-11-05,3.007319665123472,0.0,304.6075494889136,21.829944815672143,15.25561468798898,13.36589682775032,36.65015065960089
2019-11-06,3.189241587333079,0.0,326.4442212993038,21.33863029109378,14.840246628403886,12.939268569516235,36.02062660835786
2019-11-07,1.331041493703211,0.0,324.99704425998334,21.2878466966507,14.837847810073393,12.929786256031448,35.881701022605164
2019-11-08,4.179606979755929,0.0,325.90293318148895,20.507244409317153,14.156117651352766,12.176401468170202,34.977996522012106
2019-11-09,6.137491382139423,0.0,320.19025944136735,19.02833534417392,12.768473879726278,10.821415571182007,33.286946532889786
2019-11-10,4.379424744992894,2.863524444841904E-4,309.6889539266308,18.035452961016617,11.752458891601117,9.929513978226687,32.21583206749855
2019-11-11,-3.107188673424238,0.0,280.5264790945962,18.035452961016617,11.752458891601117,9.929513978226687,32.21583206749855
2019-11-12,-0.9138645681835681,0.0,335.88787120791335,18.035452961016617,11.752458891601117,9.929513978226687,32.21583206749855
2019-11-13,2.899558042452886,0.0,280.2311258808241,17.30869659447681,11.00973500131691,9.286410154822986,31.42116663238428
2019-11-14,2.0316931095508295,0.0,309.86247152194176,17.14950111060515,10.775972851391861,9.146074195545298,31.31554085600249
2019-11-15,5.396029209680433,0.0,288.6763382453523,15.770599704787116,9.341669863949019,8.012272744458718,29.746031214492398
2019-11-16,2.9830706373678417,0.07920363433786917,256.6828879511217,14.88141937763084,8.232419098864698,7.280017596728897,28.913985081406263
2019-11-17,1.528253528035646,0.0,280.550924364625,14.713860228726668,8.067165645686538,7.1413577116363,28.715373591817226
2019-11-18,4.4792389678139,0.0,242.09234942790422,13.464880111192231,7.03730172510952,6.189225094929853,26.957744537298375
2019-11-19,6.138866015715691,0.715675446749441,268.0763148522241,12.214111538453153,5.958074975256706,5.225981678392944,25.25379736561874
2019-11-20,2.066147859071059,5.690412761017281,149.38736291293262,11.112871235345137,5.103678257636975,4.37557692854512,23.662873026160092
2019-11-21,-2.102415529025933,3.8305094742260652,79.77346250333964,10.54545777478881,4.452789853892499,4.033826851932089,22.95147866460983
2019-11-22,-3.1429119128392515,0.7822387566340653,117.86428099611877,10.507458381812757,3.893111332145627,3.8012096624461478,23.613863989299972
2019-11-23,-2.2653953139876535,0.0,229.65530406090107,10.507059070574247,3.8925196546606147,3.8006744627681393,23.613786877014952
2019-11-24,-0.876375903738973,1.0658909595075987,217.29649549291798,10.463412592389904,3.8456660101191327,3.7342467805974775,23.595967596378458
2019-11-25,-2.4843366095632224,9.79703075002446,145.65024193097943,18.770745721560864,10.309781937503192,12.535061595363397,33.200281001511016
2019-11-26,-9.238562536367255,2.378682985876681,177.09399624049266,21.14941186551521,11.932689249139434,14.158852544847784,37.06514110131055
2019-11-27,-7.0688630822909495,1.8274713920890935,273.3455572021613,22.97687118124816,13.486807072560989,15.914794715825336,39.22921100086856
2019-11-28,0.9263772756736507,0.0016990608562197247,241.93608370938065,22.485835713298712,12.945918458899312,15.432789942996,38.77755845449895
2019-11-29,0.743122074626621,7.776137263229207,195.9361613747856,25.788605264244843,12.925664078961347,18.563004777905185,45.47767997418164
2019-11-30,-6.745083750804992,6.302290157779757,118.53135035583922,32.09094027262871,16.69590781461673,24.03106996165109,55.06946634089586
2019-12-01,-7.474278982383096,0.15485268484965314,268.09042735795055,32.2457883246782,16.69590781461673,24.06481714875084,55.495354275403095
2019-12-02,-3.4135403227147623,0.2709998131492621,247.88627453095546,32.51679685009298,16.70673929895445,24.237007795738627,56.11741667071503
2019-12-03,-1.060619942158361,0.012821493675577361,232.3803502614624,32.44769053481646,16.690009238466164,24.126783903969642,56.038471232895375
2019-12-04,-0.9923617722617425,4.081971215398567,193.15924240355577,35.117696503824455,20.28156657798152,27.013167550563484,57.59828327741044
2019-12-05,-0.9320075408460948,6.131126124381772,104.16642975689514,34.16332420661487,19.15510510372954,26.080108661314714,56.789688669984024
2019-12-06,-0.8739852172226872,0.0,161.54403465754203,33.410753684854654,18.077587123742322,25.232886423220453,56.44688379485314
2019-12-07,-0.625693849726249,0.09521998667417525,200.0146826777826,32.8141506512218,17.1849754911977,24.645790303013644,56.128105615240166
2019-12-08,-0.395639585027231,4.541139549073748,147.63238793144637,32.09365577381275,16.033861205563404,23.880666281478657,55.87006507342984
2019-12-09,-3.2746121919218427,1.7073767909325472,144.45546600010934,33.337455407032074,15.748417797125455,23.76834745672644,59.950275701441015
2019-12-10,-4.558453539125585,0.0,211.58645086470594,33.337455407032074,15.748417797125455,23.76834745672644,59.950275701441015
2019-12-11,-4.346946746808557,2.1406242419136774,215.41081574455794,35.478153499150466,17.263992274319655,25.629555077840106,62.97638458793318
2019-12-12,-2.5170120605019215,7.753843116766441,153.81690833360759,39.80508183553183,19.07281417425665,28.936105896159823,70.76475219284617
2019-12-13,-2.4591425327196244,6.133853254113869,105.57036544366275,41.44357727598127,18.212337159927493,28.47324651434214,76.92392038447525
2019-12-14,-5.193160225018348,9.600374305528984,160.3013897479606,50.561195753486835,24.47458530264429,35.572159996249475,90.8257216297728
2019-12-15,-11.310992224168452,0.04413309647410274,274.2419616628406,50.60532511003337,24.49069282643005,35.65665122696163,90.8568053624328
2019-12-16,-13.133916162707306,0.0,266.24129626747754,50.60532511003337,24.49069282643005,35.65665122696163,90.8568053624328
2019-12-17,-12.020947839577154,0.005061099284730199,295.1308959945148,50.61038621032262,24.49069282643005,35.65665122696163,90.87182497778336
2019-12-18,-8.1189374200518,0.0,296.0209938178193,50.61038621032262,24.49069282643005,35.65665122696163,90.87182497778336
2019-12-19,-6.666113196011296,0.0,277.6793974021726,50.61038621032262,24.49069282643005,35.65665122696163,90.87182497778336
2019-12-20,-5.87136632911879,0.05372094719287,270.7956221135305,50.664107157238085,24.49069282643005,35.68329332187703,91.00468647772355
2019-12-21,-3.3579912977217967,0.15253391738279215,281.96309199303863,50.81664107339775,24.49150980366554,35.752483240622304,91.38757518340185
2019-12-22,-0.40396695184344056,0.0,255.67718821047788,50.484282415997306,24.42471048014932,35.523418956989346,90.69447528305926
2019-12-23,-0.3857746326956445,0.0,235.61141869350817,49.967744693284,24.122775287790297,35.01887150829072,89.95769076814078
2019-12-24,0.08680394232661925,4.777598646070794,184.89939110403017,50.73803260664521,26.2578507141572,35.50464667805075,89.68700325138342
2019-12-25,-2.902639655390378,5.9709303299255305,123.51515980354013,52.36651583827673,26.877152483073225,36.19554159705374,93.2298275444466
2019-12-26,-6.440128585197313,0.18100101586895248,220.8520324542455,52.547514199427525,26.877152483073225,36.20971024693208,93.75284173302248
2019-12-27,-9.971099656758074,4.956169403241985,196.71738385146213,57.50360756281857,32.67413034912225,41.21880181902708,97.83993584056451
2019-12-28,-11.478412092608927,2.4788140204123508,172.74665488262215,59.98248072244917,34.476543876174176,43.65362560025111,101.01929606581419
2019-12-29,-13.719256819725237,0.21970089705642004,217.82047665878844,60.20217147397137,34.74168895155945,43.91860073202635,101.14971769291817
2019-12-30,-13.13310672326554,0.0,273.4081771391844,60.20217147397137,34.74168895155945,43.91860073202635,101.14971769291817
2019-12-31,-12.235884972964461,1.3781662375472128,276.01871595507265,61.58029855050328,35.83258720549208,45.24262114008048,102.86057491943902
2020-01-01,-6.642366827384797,9.346063592661109,171.6847987690773,60.04750850116839,31.504611022364237,44.22193469465394,103.53017223622426
2020-01-02,-5.421322381564956,1.8327203928041353,181.10132184618757,61.879317836428044,31.612520655391947,44.91753108097708,108.16806483526125
2020-01-03,-5.832733215036838,1.1026725964666522,202.52481987474386,62.98199586727409,31.655063927155023,45.30537793723211,111.01243546116497
2020-01-04,-4.882466599028474,0.0,283.9283875386981,62.98199586727409,31.655063927155023,45.30537793723211,111.01243546116497
2020-01-05,-6.104191819420285,1.104463127392103,266.7171010780443,64.08647199395918,31.682633635259332,45.822231399192795,113.74804746663179
2020-01-06,-6.847463231036924,0.3564209507246872,235.17166590074007,64.44288662366341,31.700746020320825,45.89141974219434,114.71919919642886
2020-01-07,-4.213569971039672,0.055116131617579354,270.7812141459025,64.49799964315358,31.700746020320825,45.89141974219434,114.88275579603024
2020-01-08,-4.353002514288808,1.3536678389811039,255.31408801494786,65.85164185558621,31.882806099347434,46.615954789118625,118.00078822047989
2020-01-09,-7.013901787925721,2.4557336808169206,196.13433216734248,68.30740244375835,33.54369810512364,48.74201648143322,121.55677394596063
2020-01-10,-11.416890499293318,0.7448205765291027,256.6709581677862,69.05222522321978,34.372090163476855,49.65131516448783,122.05649178018345
2020-01-11,-11.630384076489957,3.4788029180182565,240.1088709605314,72.53107213750967,36.40430795079894,52.67624756445227,127.39200909978557
2020-01-12,-8.738923282872362,4.206594691486738,187.73067589965027,76.73767601207966,39.13581485662438,55.84719260992769,134.06295104545873
2020-01-13,-7.010962145443901,2.5076657413291663,195.0346406912226,79.24531367587981,39.52396890337373,57.310298610711214,139.66921072645746
2020-01-14,-5.012981725121156,2.522022843515642,241.13849026669533,81.7673222449057,41.459858566712754,59.15125767133159,143.4391529123588
2020-01-15,-8.236465951619,0.07750666324315793,309.13859180904603,81.84482944467213,41.57356383302031,59.261664104010514,143.44872384472768
2020-01-16,-4.5759434075868475,0.24567603407442568,326.81199411744734,82.09052444400501,41.57356383302031,59.29518863372795,144.1444364635923
2020-01-17,-6.552957082110103,3.15232612785877,284.39404706241646,85.24285331788627,42.408540667306404,61.33614497680686,150.6540817545714
2020-01-18,-9.478929475310252,0.004856056805670654,314.57077556850777,85.2477093752016,42.408540667306404,61.33614497680686,150.66849287247618
2020-01-19,-8.092936829373855,0.0,319.59161705480284,85.2477093752016,42.408540667306404,61.33614497680686,150.66849287247618
2020-01-20,-6.438276487127359,0.8100740993965022,317.8455406347163,86.05776408629042,42.45366231964854,61.702528650782966,152.6633551613409
2020-01-21,-3.166063885869472,3.5473333211442775,215.49859820460725,88.72286037234863,45.01127122800051,63.94070538643542,155.85844454360748
2020-01-22,-3.8563536876393947,1.638665666388668,226.6723510627454,90.05107265948132,45.28725860679521,64.49208518071421,158.98249153353052
2020-01-23,-4.251915621056238,2.2316232447378828,213.74591326021374,92.01073534829543,45.73954821376685,65.8370766664472,163.0180671743252
2020-01-24,-3.1995681318831157,2.156791712920316,205.6776816670054,93.64352716939901,47.843499759420105,67.36328095026329,164.29982939582013
2020-01-25,-2.4146378909132222,0.17573595340951165,236.86158852128614,93.5541967613079,47.818176739726255,67.20263449776385,164.21948060838034
2020-01-26,-1.7088634694300184,2.847112292649298,235.8712356317827,94.05187679723491,49.112144943180795,67.46530731847342,164.17860644724541
2020-01-27,-3.8246521755214777,4.541816250431324,217.6157444018397,98.33928133139251,50.941856934225875,71.12632544078161,171.47597815080104
2020-01-28,-5.916364305255404,0.48897873542360737,291.3662909397317,98.82826212893902,51.12302169343894,71.73010272548797,172.14926345616766
2020-01-29,-4.852635242581679,1.2880271212046162,240.5406829316605,100.11455939345538,51.38770270500467,72.8868903255263,174.55626384896567
2020-01-30,-7.364520235208125,3.034217938472745,268.54670243902996,103.14879708281089,52.853996174097006,75.70386818582537,179.32895938299404
2020-01-31,-7.37680151355756,0.2768758455808875,345.7826832601506,103.42566622437015,52.853996174097006,75.80315810630063,180.05161381928949
2020-02-01,-3.0228651265768893,0.0,350.3181470142865,103.41067984946474,52.853713500827446,75.7834353315275,180.027078634114
2020-02-02,-1.016276531241402,0.1860858068457467,361.45419654337735,103.29869539499335,52.79599242070717,75.72714725062873,179.80689361711083
2020-02-03,-6.114998424913207,7.015316542657843,323.85091864030767,110.31404457736544,63.99618404888718,83.10124749422654,182.40276595064654
2020-02-04,-15.822222595562305,1.790394377301729E-4,328.4473826213433,110.31422458398136,63.99618404888718,83.10124749422654,182.40330014874124
2020-02-05,-15.773343992506101,2.3179213201873985,356.09303459244705,112.63219151453687,64.7347674082417,85.06229974342858,186.61007286293216
2020-02-06,-7.5912633917068595,15.131780903563538,308.97290564392955,127.76392849670572,73.8172912140188,99.69410756894821,208.1115955818531
2020-02-07,-2.2928002424234166,24.22298238923321,219.77644757311384,141.86198817861563,78.81953764296884,114.89318553358001,229.94020073786726
2020-02-08,-1.0025229578421708,4.023389784671963,286.656598753379,143.51273638043844,78.20155184876849,114.67353880716031,235.65787180086485
2020-02-09,-8.063597272102921,0.8493491603086379,322.2234212100472,144.36206912737975,78.27921534082293,115.10104024215877,237.6767746015119
2020-02-10,-11.40023480025606,0.0023246228402072746,411.1575004733978,144.36439375216617,78.28563678363913,115.10170828711634,237.6767746015119
2020-02-11,-13.446651222374221,0.475782041863211,413.72152300426393,144.84016514319046,78.28563678363913,115.18232011079132,239.00832619203788
2020-02-12,-8.345571483550978,1.0847982011826094,382.7928066288188,145.92494038349685,78.3243582322545,115.6397800248605,241.73386813751372
2020-02-13,-6.686670690335589,1.4079697352641747,341.1905308376458,147.33290825183568,78.37264976337599,116.32335094253648,245.18379925362507
2020-02-14,-3.9931191687978695,0.06645241737950283,429.92751591518595,147.39936058885678,78.37264976337599,116.32347341975102,245.3808849531686
2020-02-15,-5.077247563598998,1.146784597503952,348.1711868831146,148.5461472691262,78.38770174867162,116.68158294046297,248.41248788071843
2020-02-16,-3.328654779393474,8.179249474129145,253.26320702538638,156.12654123919302,80.37715916553095,121.6949515993017,263.9788970411578
2020-02-17,-7.870602110887118,1.0317075209358777,338.68032366453326,157.1582013401893,80.86875726333389,122.4857700488609,265.7748723430966
2020-02-18,-11.678100085124209,0.0,448.4021788832492,157.1582013401893,80.86875726333389,122.4857700488609,265.7748723430966
2020-02-19,-13.470447337998353,0.0,464.73984094518914,157.1582013401893,80.86875726333389,122.4857700488609,265.7748723430966
2020-02-20,-13.504027864433068,0.07341256082911636,491.2292827736384,157.23161386704865,80.86875726333389,122.51013602716273,265.9684411566169
2020-02-21,-8.187310877718478,0.12159773735743533,494.9845540320788,157.35319888921495,80.86875726333389,122.52672890108745,266.31271975824535
2020-02-22,-3.707716504140527,1.25140929109732,450.53012009944393,158.60461604664542,80.88827648204801,122.96560769485568,269.56996207836585
2020-02-23,-3.7798529056604258,3.977548224983664,360.87027879527426,162.58214284949102,85.22032950090441,125.8571526110182,274.2861829127881
2020-02-24,-7.496822382877177,3.0433385155182022,279.3858873414418,165.6254183736498,86.35728240944643,127.58384220533904,280.49244371061286
2020-02-25,-11.389333278050598,0.009312831713218244,381.2103619699652,165.63472785325803,86.35728240944643,127.58384220533904,280.52007106333053
2020-02-26,-10.538106963886726,0.0027536714995661494,491.24000701735474,165.63748172138085,86.35728240944643,127.58384220533904,280.5282436024164
2020-02-27,-4.889577017867118,0.11115831898398845,438.285606663676,165.7486442152998,86.35728240944643,127.58384220533904,280.8581358797186
2020-02-28,-3.265569467971532,0.0,477.99859471084676,165.7486442152998,86.35728240944643,127.58384220533904,280.8581358797186
2020-02-29,-1.542651884272673,0.0150385415151566,456.3934874135975,165.76345983492763,86.35721737134772,127.58326694886243,280.9027402672573
2020-03-01,-2.2912396371246695,1.8432982389263521,385.15202224122197,167.60504275147818,88.0752670237371,128.58101446415628,283.7055825672545
2020-03-02,-5.40668161851474,0.0032934826998607084,380.9058361270214,167.60833356398416,88.08086332029342,128.58479526130864,283.70614714653044
2020-03-03,-4.335022961037301,0.0,468.8062628685528,167.60833356398416,88.08086332029342,128.58479526130864,283.70614714653044
2020-03-04,-2.4571299306994483,3.719815530680407E-5,485.45644678783714,167.60726122638067,88.08086332029342,128.58479526130864,283.70296481513805
2020-03-05,-0.01993559617802365,0.003842307425744098,472.9327835577441,167.47433893442252,87.99200256068363,128.46864671119303,283.51055219619286
2020-03-06,1.7252603633921795,0.011799150079782179,488.22524258766435,167.15103838749573,87.6627467169797,128.15089358256103,283.18750068105066
2020-03-07,3.1891132334506582,0.10255244526886083,451.0023729688892,165.99104284035195,86.53384284630401,126.92926643264025,282.05877849407074
2020-03-08,2.2993179627631757,3.827811772263435,252.5411645333985,164.14677668121521,84.67391063510523,124.97419379075842,280.34019897658345
2020-03-09,2.0819741288683975,0.37511902804647995,308.61188656087995,162.38881144058197,82.66631691886967,123.12177227543253,278.91870043926986
2020-03-10,1.7985914267797933,0.7447278086113407,319.8115610041252,160.85503928687208,80.94451966251508,121.50485589197044,277.65032434227237
2020-03-11,1.982378518676633,1.6981038667424042,380.2524597285531,159.80989259371063,79.81837151799783,120.42118265923527,276.7222105582926
2020-03-12,2.642213524720471,0.16062127803044873,407.2151722152621,158.3749984636598,78.3030556528184,118.86132426063824,275.4899707155598
2020-03-13,0.4327997822577919,2.224955661562019,318.45027969930544,157.52423981005117,77.34965724493033,118.06868983804775,274.6808798414602
2020-03-14,2.7812697849137553,0.13171741052341038,370.34434858584666,155.71168475748857,75.35139919963231,116.24856157161284,273.056117796267
2020-03-15,4.792364674395661,0.0,440.8379540930477,153.51376580272338,72.86911948260502,113.94934964788271,271.2351930877412
2020-03-16,4.341868916887676,0.0,509.62007737975256,152.0860338404796,71.22316754334345,112.44596435902697,270.09469519667846
2020-03-17,4.849913626795522,0.016833475070529787,497.01917919307044,150.36818757706905,69.42213558989108,110.77525828283825,268.41058654193694
2020-03-18,3.1490147907118087,1.6661489760786539,397.5251095443985,148.83096185584392,67.71331045325488,109.13111219612928,267.1465205770015
2020-03-19,-0.7510054936324775,7.724489109367279,237.09024894432196,148.15484287518746,66.55097182456451,108.1236601031897,267.2726836671081
2020-03-20,-0.6162899487626553,2.5930410347677473,352.7852317294717,148.1458271071715,66.05558987470553,107.77031932027751,268.07904596778104
2020-03-21,0.502074028398546,3.3061312279656185,407.8032912542332,148.82728530520856,65.58046925332869,107.92028827669793,270.41300083742385
2020-03-22,0.8560769748556869,3.3789867427442575,370.7204071130405,148.45324473255954,64.53063593249205,106.82787414702707,271.41114519091786
2020-03-23,1.099734869572244,2.178678869291109,438.36842546551543,148.67996212720945,63.50014824499133,106.20547872932995,273.704717791761
2020-03-24,2.7436675122088894,1.5251976138381127,413.1752564619111,147.05532741594757,61.78888282735048,104.49742799184953,272.2473374474873
2020-03-25,2.2359627057995857,0.2649046069682154,393.1908838548241,145.39388391043926,60.045020496295095,102.82818966134533,270.6736610231909
2020-03-26,1.2748557806108218,0.7257881607307963,486.76205190868967,144.76323190361802,59.311574770397236,102.15243619424662,270.1877489717199
2020-03-27,-2.844684433205559,1.997535007219641,387.7370462661783,146.12011825041273,59.13990532326264,103.17035054152906,273.3662179960595
2020-03-28,-2.8976775522106126,1.883359348564624,487.7680340882095,147.99610823306847,59.33154548015168,104.5080191188764,277.41376759265023
2020-03-29,0.035413223215549114,0.5291486071141766,536.8436197359973,148.32715662019635,58.88913434060976,104.41481942032932,278.9185333395451
2020-03-30,2.428029512866564,0.371851111976091,535.7151814892406,147.3852038736486,57.62958613345345,103.38933959067438,278.36811845837855
2020-03-31,5.27213536451931,0.0,573.2190460799252,145.56611985128362,55.67330506267714,101.41003980693952,276.8419424781832
2020-04-01,6.299962842264908,0.9972743752191369,523.6985176514058,143.11637890329925,53.49286542661855,99.01651827029667,274.07476515382416
2020-04-02,-2.9371679138671434,4.893650935346015,467.7584970412381,147.5319258787233,56.60199963679595,102.43463726658644,280.75280784990207
2020-04-03,-4.628390166987038,0.5802028132068989,631.248078005578,148.11213665273925,56.615855571208506,102.96862276530501,281.92880826213946
2020-04-04,1.7293027562108536,0.0,657.2500971139746,148.08234887787827,56.55266401474114,102.94486754721804,281.9254271108888
2020-04-05,5.956261384267427,0.0,588.9700027230015,146.12254073689837,54.79839333499213,101.01305481208678,279.7382125110278
2020-04-06,7.314654781594547,0.0,589.8793573201557,143.67781384627236,52.62045591691513,98.45659141110706,277.1459502128206
2020-04-07,6.893887727507356,0.0,612.1249678117622,141.68515123487958,50.80412165429371,96.30312011128954,275.1424812831675
2020-04-08,7.085002625732271,0.0,626.9857741127755,139.89467506345127,49.160169045674884,94.37031837056402,273.351698235471
2020-04-09,8.143751272317179,0.0,652.787560075964,138.1486209761386,47.580988489914795,92.6112183397481,271.456685526602
2020-04-10,7.742711797414162,0.0,600.6010790768273,135.96284144645205,45.762147828957865,90.25320443310083,269.0864866032049
2020-04-11,4.933381877665126,2.4028715366912903,556.6664825281505,134.8580597699531,44.75718970630307,89.02519171578894,268.0076862621916
2020-04-12,-3.640297948752531,1.2187515038796406,459.8290396433417,135.819454098503,44.90068954421106,89.42360477531805,270.3242522356325
2020-04-13,-6.823715747815188,0.6686158328080023,520.9356912879896,136.48804444861227,44.90068954421106,89.48707503010807,272.2451158358929
2020-04-14,-5.3186054772494025,0.956330914990588,614.0254938841865,137.4443854417419,44.91518108182666,89.69266925209969,274.86415272906055
2020-04-15,-0.7126781347140672,10.414608018252162,353.42547553197477,141.5848533198916,45.810101395881404,91.53825706967966,284.4428711826984
2020-04-16,-3.871193907508705,5.147037635554768,367.6863303729392,146.05514001944908,46.94738884432782,94.02457973027802,294.12628492296665
2020-04-17,-2.337247231767023,0.30692469948272866,662.8864424392931,146.36206034474574,46.94738884432782,94.04600473126096,295.0157573957012
2020-04-18,3.084264831105681,1.4276540892008893,573.6764042914086,146.38517765571555,46.42923932783084,93.60531599177787,296.02666933205614
2020-04-19,4.064008212640416,1.0746646235410195,547.972866199802,145.41963255484677,45.526397516029576,92.57498441499581,295.06486119633627
2020-04-20,5.567417959414031,0.0,607.4961670642338,144.09722181672612,44.401674586921615,91.2045837911459,293.59842510225667
2020-04-21,7.1271674763524215,0.0,636.1853353927622,142.60141805641578,43.168113381065474,89.65662088348863,291.90009662912985
2020-04-22,7.368392111267443,0.17626044104354638,584.1679934915703,140.73991023876428,41.57227193533261,87.74155071462248,289.834140051154
2020-04-23,6.43133176770121,3.1296790803106984,429.29283638295897,138.62487193367423,39.745395042111454,85.47813130835476,287.58735992856606
2020-04-24,5.65033175452977,1.828991310928791,446.44349588285144,136.69442513142772,37.938658134864134,83.43306668223354,285.6511226085508
2020-04-25,7.42831714540091,0.018018853479523853,573.949907085596,134.7635938274473,36.14950907124714,81.30446759553558,283.7799628803201
2020-04-26,8.65789963327352,2.1516668847913962,470.84973237558944,132.28798168020955,34.232798728410835,78.7883053360648,280.8023156726632
2020-04-27,10.270331780523746,0.05449076046513799,626.21553663756,130.0403151719512,32.5844213509573,76.5133808831616,278.00016129180295
2020-04-28,9.987936395993573,0.0,571.6562577487755,127.52596075300553,30.665230719134083,74.04789289207298,274.8594220714625
2020-04-29,11.204091709346226,0.0,658.9579887067595,125.50322193555313,29.19710958202228,72.03113110025832,272.2924157469078
2020-04-30,13.703677541033517,1.0916777377954046,572.6592210685419,122.45500654731616,27.170140015397337,69.05000104625988,268.1860978922236
2020-05-01,12.018798930029956,1.0373342353327473,556.520806248354,119.67014336558717,25.29021170168358,66.3268790343082,264.46135131838196
2020-05-02,9.899647359559884,8.83978681955065,396.1116725140941,117.09020828776602,23.539529130915316,63.802200521024844,261.02145519002386
2020-05-03,9.353908630548915,9.170025588177825,429.0531835570381,114.7704112493944,22.028869613411658,61.51163083283272,257.88717338770164
2020-05-04,5.960104430422324,4.481562130611278,428.71870189906133,113.34643844161371,20.99233296134525,59.97307170035426,256.2014078000046
2020-05-05,7.213954683198838,0.30714284248083024,620.4487240295696,112.39244446216853,20.371253827287266,58.993988401328515,254.94930469708154
2020-05-06,10.134188657171562,0.0,630.8233748949458,110.66691914789625,19.419671437494017,57.35663203105966,252.38468563810068
2020-05-07,6.190644629509979,0.0,517.8811904491149,109.27410919206083,18.454182428823064,55.89482871277007,250.6459118506066
2020-05-08,6.213463475727305,0.0,638.3319228574177,108.63077801017815,18.033667934740834,55.142140563595134,249.89535237757474
2020-05-09,6.9339393922843495,0.0,597.4956071970187,107.47648345534104,17.302947147008407,53.992697294991416,248.32510305248226
2020-05-10,8.644433298541548,0.08134110141864613,637.3704892602647,106.19921711559941,16.678069042089746,52.82147124649684,246.30890419823209
2020-05-11,9.431282778061632,6.6063193015423005,376.19534372447015,103.8417617120198,15.356959665562595,50.661042046615805,242.7491306632778
2020-05-12,11.617587765258731,0.060241685398931856,552.7637650258814,101.31602734885729,13.929443884664527,48.24394611708161,239.04915346607407
2020-05-13,10.23075193114077,0.865148085985949,416.4611269425576,98.77862032609006,12.5084753911245,45.7593229102901,235.37551014913527
2020-05-14,9.486804998358519,2.969728802966112,394.1587926438376,96.41239768069603,11.194083191943061,43.372881965815104,232.00854722524997
2020-05-15,9.07018789802315,2.135678759860357,384.74983525614437,94.12255863258167,10.001075860249042,41.043467413267756,228.6935903767394
2020-05-16,8.910959051308597,0.0,547.210415532416,92.2932602961228,9.124209290368361,39.156933513792,225.99693604533053
2020-05-17,13.527039069467474,0.0,627.208320785368,89.99190834251922,8.212447982592696,36.97794098331503,222.22485685993428
2020-05-18,16.389506411083843,0.0,587.0299969915299,86.88615395896402,7.150710899889192,34.1281721023082,216.87995942591354
2020-05-19,15.992771698305626,0.0,574.2258523092519,83.83150482484396,6.157581943618238,31.325057837933194,211.57361664274356
2020-05-20,10.061622292553874,0.0,531.5408512396624,81.92929995019887,5.438841303464869,29.307915689594395,208.63734964771103
2020-05-21,8.016104880699434,0.0,592.5598403326314,80.78764490363005,5.127680819541243,28.254089569845696,206.6020512531058
2020-05-22,10.681117204354289,0.0,616.5975362775454,79.2409591039545,4.699949126427319,26.821824853922344,203.85523118634242
2020-05-23,8.7772999841372,0.30052936671822783,497.52837877797094,77.5817854763689,4.242360174843804,25.220141873114894,200.97248599592808
2020-05-24,6.4640272709025695,0.35011586154041496,468.680546839021,76.32829205437612,3.8294222964927727,23.922756172443542,198.94691873108872
2020-05-25,7.698278754478975,0.0,589.4026795594698,75.35027582481506,3.5778194486726296,23.01755323277392,197.19125118447377
2020-05-26,11.18617471340203,0.3763818161854271,590.9722016670113,73.82919721492485,3.2240666773452396,21.686078333459758,194.3481270677362
2020-05-27,13.873497066780036,0.0165892561725678,570.4210239553012,71.5880757867192,2.6921687430197787,19.764753838313588,190.12918695236647
2020-05-28,15.61918730916604,0.011799150079782179,612.6185491335847,69.2835070558055,2.2136063555276424,17.80830471183581,185.70521137277387
2020-05-29,17.866292377926513,0.0061701785218060785,601.4439717811347,66.52297256794932,1.7263251871872367,15.576521070465969,180.2110741488448
2020-05-30,17.54285404071906,0.014566315676631669,579.7424846310281,63.7745445992441,1.309808950561611,13.380388540091387,174.64863450918892
2020-05-31,17.42181687483194,0.4277353950041429,530.266817727487,61.08764990770814,0.9792893686644811,11.294858076286328,169.07505938481137
2020-06-01,18.51040501796737,0.0014695890934589497,563.4801065070286,58.45533685907103,0.7223402279709193,9.387829641666414,163.41407881141612
2020-06-02,17.726021361057104,0.0,559.4954102060317,55.99796347275862,0.5228834030561644,7.758158951517511,157.9399139698282
2020-06-03,16.351516024520706,0.0,557.541223855609,53.86519184349122,0.40367335420895767,6.443043115399127,153.03753752950664
2020-06-04,17.29570774767522,0.0,573.583668220879,51.78749098167335,0.3061099311967593,5.275654908441837,148.13028816650396
2020-06-05,18.376778171346558,0.4563089434037011,573.6870511480759,49.72602504885753,0.22492690441735202,4.276460233759649,143.0876199164728
2020-06-06,12.378098900174791,5.260003483812548,325.73608472111243,47.995479962514636,0.15934650815732615,3.5188306346701337,138.77101168204592
2020-06-07,11.140481986771714,1.2518473382544395,481.0363020334084,46.76670630589746,0.11792576237641772,3.0140846178614233,135.66789891134516
2020-06-08,7.246559865333169,4.422838679448197,376.6893676856561,45.95748073685684,0.09183477747029241,2.67580954164317,133.62900009747307
2020-06-09,7.8874169096481905,1.591935097361471,444.7911082391534,45.19208790043366,0.06680586209865219,2.374330779514832,131.68246268890036
2020-06-10,10.900080751849295,0.0,553.3619868555894,44.18856463415358,0.04553340894361388,2.0638111935931844,129.03460387187656
2020-06-11,13.94490482093767,0.052886503508429106,582.2744180526587,42.9624188342935,0.02569393375911723,1.7220734363281394,125.75581319835032
2020-06-12,17.475026581498224,0.0032707803408209826,583.565940419384,41.394394945535105,0.010390316427981015,1.3384097778403479,121.49984562248987
2020-06-13,18.31881944835486,0.011468673340267329,492.9756919197794,39.61791716070519,0.0011339644268183791,0.9820339791551281,116.59218094300681
2020-06-14,16.363288351928496,0.0,508.56547052937077,38.17944534243947,3.92149064269987E-5,0.7541446590701117,112.55157143031916
2020-06-15,16.032658806819228,0.0,573.4666810130153,36.97744294064053,0.0,0.5987138842497843,109.13945191635393
2020-06-16,16.463289599524575,0.0,519.224536747004,35.43863595634949,0.0,0.4541371721129188,104.71695128028556
2020-06-17,11.83195957629239,0.0,524.3872105146116,34.59035155615999,0.0,0.37508570253264956,102.27835266002029
2020-06-18,10.746802313393173,0.0,558.1605624054005,33.955532571369524,0.0,0.3251051338951364,100.4442608302876
2020-06-19,13.00221807531081,0.0,506.666543507514,32.93099460697537,0.0,0.2608316749159559,97.4678672504326
2020-06-20,13.661065368550897,0.0,540.3585681231822,32.07187951965536,0.0,0.211377585234019,94.96761633776818
2020-06-21,15.397159554140549,0.06513267890220541,510.1327502988518,30.989923718427534,0.0,0.16015000683297426,91.80781865562687
2020-06-22,16.238903991658024,0.0,538.929419458726,29.948045058256245,0.0,0.12093443345378689,88.75497947490906
2020-06-23,17.82898639809354,0.0,539.649542475389,28.805666750590778,0.0,0.08186360214711765,85.40374738234902
2020-06-24,19.309734882498123,0.0,540.1352724877388,27.60325657246822,0.0,0.04993762497542113,81.8672373371805
2020-06-25,18.59501579300435,0.5224279579084311,540.4626549943405,26.55380369789182,0.0,0.0309557283952924,78.7717461837506
2020-06-26,16.776432715036663,1.4053896818304632,490.0592369136652,25.642011223706323,0.0,0.01992987788430917,76.07685133861322
2020-06-27,17.36134713712108,0.005988976406637704,540.0902566434735,24.770748938850303,0.0,0.01258302172338436,73.49856804176379
2020-06-28,18.271439424616215,0.001712204909961105,460.4819085799361,23.739256648156374,0.0,0.008035573862174548,70.441985675184
2020-06-29,14.336851233023529,0.9726107419311982,460.82836630937845,23.121547537695903,0.0,0.004660378542706083,68.61220150964573
2020-06-30,10.541049113526888,0.5214017985442618,468.1509486773429,22.694467215428766,0.0,0.002832810183539888,67.34659532968442
2020-07-01,13.799683370420345,0.0240496217403889,588.5432618556504,22.21261248231141,0.0,0.0019166402914162649,65.9175287011571
2020-07-02,17.56256983626248,0.0,561.6130091526168,21.42919012157872,0.0,0.0010036514471148774,63.59350928322512
2020-07-03,18.950619075928216,0.0,556.1698980714788,20.602875345792114,0.0,0.0,61.14229023815362
2020-07-04,20.02674973130524,0.0,523.4741392905901,19.77389881179504,0.0,0.0,58.682171298851316
2020-07-05,20.201828645904012,0.0,545.6555437765355,19.004318236000575,0.0,0.0,56.3983192569818
2020-07-06,20.071146873827697,0.0,559.97269380219,18.25436768555426,0.0,0.0,54.17272241915903
2020-07-07,20.548431081683272,0.0,532.4135901313289,17.486807472309227,0.0,0.0,51.894866122607105
2020-07-08,18.879481879798227,0.0,543.1728774653866,16.836463684170255,0.0,0.0,49.964868101379714
2020-07-09,18.70569648022832,0.0,563.9377601331222,16.246221995641754,0.0,0.0,48.21323256386538
2020-07-10,19.845899009101963,0.0,565.2888193731154,15.625212461432927,0.0,0.0,46.3702885793981
2020-07-11,20.405431805917697,0.004905755500247808,559.1349711253713,15.003891550346253,0.0,0.0,44.526420534812075
2020-07-12,20.347077153306984,1.0712926972172743,469.02638011785484,14.36969804495365,0.0,0.0,42.644351031256775
2020-07-13,21.16042301852398,0.7278340250336444,469.12094572365925,13.736718271503038,0.0,0.0,40.76588346915009
2020-07-14,19.681364309087662,0.2471375583299739,496.5395861430772,13.211642744668845,0.0,0.0,39.20763882029313
2020-07-15,18.5416866983413,0.0,551.8075021743113,12.745242097619595,0.0,0.0,37.8235211546503
2020-07-16,19.641278689099448,0.08280114878255813,528.3659807115707,12.22544178102889,0.0,0.0,36.28093152628738
2020-07-17,19.778483956673078,0.026870949846566843,497.46190129569624,11.706827047405667,0.0,0.0,34.74186030284041
2020-07-18,20.881628100425377,0.0,508.98937162077954,11.176662745558913,0.0,0.0,33.16851390951561
2020-07-19,20.362186268855872,0.02583850303717188,510.4833484093463,10.670164390862736,0.0,0.0,31.665399956331115
2020-07-20,19.662724461802107,0.0,526.720344948506,10.21365705094371,0.0,0.0,30.310642243889916
2020-07-21,19.495175447131018,0.0,516.3668022397998,9.768105975200003,0.0,0.0,28.988398977752446
2020-07-22,18.591645459771357,4.007556236889745,401.33561164925146,9.347898419153056,0.0,0.0,27.741366613537565
2020-07-23,17.682920886441934,2.41345197330484,406.0648289578081,8.96296415300882,0.0,0.0,26.599013314389516
2020-07-24,17.738093238471286,1.255177588592902,365.44324686615016,8.549309575515615,0.0,0.0,25.371427950165305
2020-07-25,17.671901396760024,0.25461189837576503,399.35699807190116,8.160932769155824,0.0,0.0,24.218858368606032
2020-07-26,19.217039369175737,0.017290917797257766,514.1224918697822,7.793102363416487,0.0,0.0,23.127263479607894
2020-07-27,20.65953332201183,0.9046387795816031,459.0144174302607,7.394474711238584,0.0,0.0,21.944272892258006
2020-07-28,17.86408676382697,3.1977626289328915,359.5971786353672,7.06807611247529,0.0,0.0,20.975633441503486
2020-07-29,17.55060198927392,0.023135311990909332,497.442130420644,6.7675229123102945,0.0,0.0,20.083694297667076
2020-07-30,17.815943267225535,0.0,509.6202722918512,6.468493772634083,0.0,0.0,19.196278044309878
2020-07-31,20.02563965808598,0.0,513.4103374994294,6.146127130672944,0.0,0.0,18.239604062883664
2020-08-01,20.95156620521992,0.0015977645302369086,516.5480178465072,5.820442819478266,0.0,0.0,17.273084373429484
2020-08-02,21.26956071309787,0.0,509.64375646719355,5.50775537311987,0.0,0.0,16.34513493539258
2020-08-03,22.20752064824643,0.0,504.0444955517295,5.177144531448414,0.0,0.0,15.363994987784011
2020-08-04,21.22592774900597,0.0,493.9077672217351,4.854282142115497,0.0,0.0,14.405849797646324
2020-08-05,21.192733655377804,0.0,481.47265614739683,4.548264706611176,0.0,0.0,13.497694671456037
2020-08-06,20.93152412051976,0.0,480.3714818178084,4.270144469043562,0.0,0.0,12.67232889114342
2020-08-07,19.499835679837194,0.0,519.3078160414663,4.044295524772129,0.0,0.0,12.00208643862842
2020-08-08,19.164867474490134,0.0,524.9190961765138,3.8257041825655174,0.0,0.0,11.353382067785644
2020-08-09,19.45471385054145,0.0,522.0192437278276,3.608853325290717,0.0,0.0,10.709842861176979
2020-08-10,19.74678945757843,0.0,521.6539854887086,3.396643606346484,0.0,0.0,10.080076966403691
2020-08-11,20.08714790634756,0.0,499.2090841333704,3.188750021127963,0.0,0.0,9.463119880912357
2020-08-12,19.264392970940573,0.0,498.851566419501,2.9996517517729395,0.0,0.0,8.90194086709093
2020-08-13,19.76233858541326,0.0,515.8376583346804,2.8241184105450885,0.0,0.0,8.381017922322538
2020-08-14,19.40425332262599,0.0,512.515451735612,2.6531823817668037,0.0,0.0,7.873738229158068
2020-08-15,19.124728629785718,0.0,512.2942100431975,2.4976825708418637,0.0,0.0,7.412267953190373
2020-08-16,19.966493078101685,0.0,522.4218560730583,2.340358015701563,0.0,0.0,6.945382460241873
2020-08-17,21.034259920383345,0.0,519.1931901417609,2.1683407886513675,0.0,0.0,6.434894140250483
2020-08-18,22.183369272535025,0.0,509.83663772657115,1.9998168067668083,0.0,0.0,5.934772577626967
2020-08-19,21.67326018337348,0.0,473.67017986569437,1.8390113733682316,0.0,0.0,5.4575570280635946
2020-08-20,19.87084974749859,0.0,489.4020798843928,1.7088740967338771,0.0,0.0,5.0713540828321815
2020-08-21,19.911400676958383,0.0,503.5549052990198,1.5900595028407607,0.0,0.0,4.718752988935596
2020-08-22,21.147614193953324,0.0,497.58472489154354,1.4617907111804629,0.0,0.0,4.338095068302545
2020-08-23,21.796545980483668,0.0,477.32354413536046,1.3356054670788298,0.0,0.0,3.9636204044925702
2020-08-24,21.69647237294673,0.0,459.30442377730554,1.2148962668537613,0.0,0.0,3.605396766737858
2020-08-25,21.942387393322036,0.024325707354879756,441.9913359421477,1.1086784502361977,0.0,0.0,3.290178601161738
2020-08-26,21.58556572684576,0.0,434.5522876856314,1.0120416545738764,0.0,0.0,3.003393630185464
2020-08-27,21.486855177338313,0.06935907079494218,440.3997412013869,0.925848089115774,0.0,0.0,2.7476005960846703
2020-08-28,19.80844783930074,0.03176226007449209,424.0395944726586,0.8453575824243881,0.0,0.0,2.5087322906204093
2020-08-29,17.811193959345587,3.9256464399454236,352.5690924902921,0.7900989503810895,0.0,0.0,2.3447435627439024
2020-08-30,16.72660612725246,0.07113559369011802,461.32568146862826,0.7393464873954863,0.0,0.0,2.194127604044687
2020-08-31,13.514528980231878,0.44677992650699744,441.74429450535297,0.6945062274264197,0.0,0.0,2.0610570426124513
2020-09-01,11.980648153056759,0.0072961090504692775,442.1523075336015,0.6587998643098817,0.0,0.0,1.9550927643076683
2020-09-02,15.861134593474572,0.0,481.9487463772171,0.6181858517928827,0.0,0.0,1.8345642604278674
2020-09-03,18.005393776584363,0.0,479.48972159489347,0.572927740168468,0.0,0.0,1.7002536581392464
2020-09-04,19.155566812222418,0.0,479.87797146162694,0.5238871422858716,0.0,0.0,1.5547179298069054
2020-09-05,20.65588336651705,0.0,481.1292892613114,0.47743445368227844,0.0,0.0,1.4168622314505328
2020-09-06,20.016707738249398,0.0,466.6083939727703,0.43524944810122673,0.0,0.0,1.291671557253614
2020-09-07,13.92927663123163,2.378115173868188,432.09785860212673,0.4143582895294328,0.0,0.0,1.2296737409600353
2020-09-08,1.6338975344516258,6.896777034322918,178.59670108059802,0.7766420349794385,0.0,0.0,2.3048080385324208
2020-09-09,2.2198675121155165,0.520271697496624,277.4229019133491,0.8198180443424424,0.0,0.0,2.4329396731460906
2020-09-10,3.798064124722344,2.947702494332524,225.89393174309188,0.7604707442883292,0.0,0.0,2.2568171764626124
2020-09-11,9.04449974787727,0.1838221229098972,415.1173548475316,0.7025467348305426,0.0,0.0,2.0849185196691145
2020-09-12,12.384418534472221,5.222620990885322E-5,461.02953819344674,0.6072430666165786,0.0,0.0,1.802089815184961
2020-09-13,14.569026935436243,0.0,454.1036567888501,0.5065147021903482,0.0,0.0,1.5031624669582517
2020-09-14,15.731133603617536,0.0,436.8099242343316,0.4356249585862952,0.0,0.0,1.2927859439923666
2020-09-15,15.726612684635537,0.0,438.81400532226144,0.3893036799929208,0.0,0.0,1.155320225619377
2020-09-16,15.604389354330104,0.0,445.24739891078355,0.35051600995508486,0.0,0.0,1.0402116818209277
2020-09-17,15.828714571401912,0.0,443.37421312001555,0.31958652802935256,0.0,0.0,0.9484235537524305
2020-09-18,16.44014476263496,0.041283665378387985,425.0694773201015,0.29197579582483363,0.0,0.0,0.8664843402299149
2020-09-19,15.033615851073428,0.22780686172150363,404.3571512938252,0.2706688029522351,0.0,0.0,0.8032524698985362
2020-09-20,12.804912035599216,0.0024315019546320804,417.6860500762443,0.2539581808678148,0.0,0.0,0.753661056642017
2020-09-21,14.769900159702527,0.0,434.3231241324803,0.23491325749762634,0.0,0.0,0.6971422352290009
2020-09-22,14.849691611277608,0.13719722183993943,395.3691365980095,0.217105841469036,0.0,0.0,0.6442959125222049
2020-09-23,14.813813225622852,0.0,406.18188012934996,0.20081001095841763,0.0,0.0,0.5959354588462338
2020-09-24,16.30563155938827,0.0,419.03319116541417,0.1837181044483715,0.0,0.0,0.5452125237694041
2020-09-25,16.120780356718104,0.0,393.83623709605735,0.16694919431293312,0.0,0.0,0.4954481315052004
2020-09-26,13.868484178788634,0.0,333.9437795489181,0.15244238697625404,0.0,0.0,0.4523968869715405
2020-09-27,7.3095415094946965,0.0,314.8518267907466,0.15126049022903057,0.0,0.0,0.4488894214970661
2020-09-28,5.6122348099391255,0.0,404.81614173944627,0.148594936668536,0.0,0.0,0.44097896983894885
2020-09-29,10.334149643908013,0.0,440.6931554968086,0.14229833852940552,0.0,0.0,0.422292819266555
2020-09-30,11.734175482358287,0.0,416.5436886947034,0.13339622521791755,0.0,0.0,0.3958743904458858
2020-10-01,10.437178947449853,0.0,399.7868188308353,0.12630600659932617,0.0,0.0,0.3748330456163927
2020-10-02,11.249393831911302,0.0,380.84393031656657,0.11794216704448146,0.0,0.0,0.3500120292783936
2020-10-03,10.561599664578353,0.0,387.9412194548634,0.11146244939007628,0.0,0.0,0.3307824425902498
2020-10-04,12.534146277577403,0.0,400.8539926261782,0.10398872837781813,0.0,0.0,0.30860299376958783
2020-10-05,12.528715279814858,0.0,395.45896443487953,0.0956674979843803,0.0,0.0,0.28390842685526474
2020-10-06,12.953056992173876,0.0,402.77361693817284,0.08855247597758388,0.0,0.0,0.2627934740494542
2020-10-07,13.52890964911971,0.0,402.1245836673374,0.08104195697466517,0.0,0.0,0.24050482137314647
2020-10-08,13.39587051778026,0.1269251775165604,382.3677379568835,0.0740428816735173,0.0,0.0,0.2197339587494071
2020-10-09,14.005197692370535,0.0,366.76011238296076,0.06697058655851261,0.0,0.0,0.1987458047508047
2020-10-10,13.492962390377217,0.0,333.58330540907474,0.06037879693317078,0.0,0.0,0.17918362676850597
2020-10-11,6.71111259739324,2.717235579024398,276.94124493979444,0.18060055033406944,0.0,0.0,0.5359606889992279
2020-10-12,6.353261270323988,0.0,366.9343198176522,0.1721464528744406,0.0,0.0,0.5108718180575399
2020-10-13,10.106908935871193,0.0,354.89569585538135,0.12011770508559964,0.0,0.0,0.35646828240334194
2020-10-14,7.797424563324586,0.0,316.51201107647967,0.0903631631659821,0.0,0.0,0.26816697458010524
2020-10-15,3.384741517043714,0.0,274.69190162815914,0.08658184765440272,0.0,0.0,0.2569453229120414
2020-10-16,5.198744003722891,6.281311977081666E-4,360.4940895898697,0.08530684140126946,0.0,0.0,0.25316154025665316
2020-10-17,9.269194847643584,0.044418673167224074,284.6844001067441,0.07151201985394526,0.0,0.0,0.2122232261294313
2020-10-18,11.018733468409772,0.0,253.47132429462786,0.060959139771770705,0.0,0.0,0.18090588590368817
2020-10-19,9.71058510839307,0.025336250489070185,265.9543764539015,0.056761245316447585,0.0,0.0,0.16844797035216183
2020-10-20,9.140795530445732,0.0,293.7487466621981,0.05256789685689266,0.0,0.0,0.15600354576187345
2020-10-21,10.227576041480908,0.0,312.52039065494233,0.04835891358358495,0.0,0.0,0.14351272238965548
2020-10-22,2.1660831960428837,0.0,327.66725384209434,0.04835891358358495,0.0,0.0,0.14351272238965548
2020-10-23,-2.9847663505577677,0.0,305.4150287601882,0.04835891358358495,0.0,0.0,0.14351272238965548
2020-10-24,1.3401564538708737,1.8717640786746814,277.8643398754302,0.80697184017513,0.48160971649479106,0.9045265519820259,1.0254976283488857
2020-10-25,-9.126605364932775,8.826391249844662,231.098613727513,9.633365297295198,5.836286660553654,7.91694929388831,15.030161708134427
2020-10-26,-12.602913645840026,1.9837078590263806,266.64739584007236,11.617076843977541,7.995931667846225,9.919237127724916,16.824591705838046
2020-10-27,-8.312950616077089,0.7673217162136525,358.73336972930196,12.384406981077099,8.06987137564181,10.638584823492032,18.312763340833648
2020-10-28,-1.40923670038585,0.02623451146189751,348.7700680713663,12.403078667926692,8.06987137564181,10.635664533042856,18.371086243672433
2020-10-29,2.329589951210467,0.0,342.26676916080436,12.18674231208002,7.9411468087066215,10.41513337153848,18.073896995670683
2020-10-30,4.839255922592675,0.0,319.0905675055527,10.940741841617836,6.83857398482774,9.156903579093354,16.70088008999322
2020-10-31,5.489671431902412,0.0,305.44989454972375,9.330115827661803,5.253828649787336,7.584372723765727,15.02715111614861
2020-11-01,6.961501040154946,0.0,332.4174523852241,7.756532839091649,3.878953005289812,6.121598520483143,13.150220598371144
2020-11-02,8.463182046826025,0.0,323.76944517019086,5.890021935437464,2.529409798719656,4.40370481302152,10.633763454688653
2020-11-03,8.790885755852328,0.0,316.20041692122714,4.174777760266258,1.5109814235825918,2.8684675423325108,8.062716150582595
2020-11-04,8.949152949607251,0.0,297.639852739448,2.6780552904064185,0.6519511012145008,1.5783508694502957,5.741054724917535
2020-11-05,8.777470105390867,0.0,295.5262561091235,1.6969966736634634,0.1916906364610364,0.8050732100122998,4.047341931576322
2020-11-06,9.06281040274274,0.0,229.1415931987381,0.982079733124794,0.030512465816986745,0.2784663569159595,2.6072126078292097
2020-11-07,6.482442887321812,5.895586909983048,187.4304629713345,0.6525842793093652,0.002034273322335325,0.09046860140565122,1.844469492611106
2020-11-08,-0.31665936382298165,6.102048208794021,106.41497254126182,1.2027950645332088,3.594699816677762E-5,0.05185903658792864,3.5177428078004813
2020-11-09,-3.0750302980553856,4.208751434632598,145.48231732056908,4.135334660990847,1.4885644462255667,2.3702162847376935,8.46420923917123
2020-11-10,-6.09595255361351,1.389502339260794,117.02308184328972,5.524819078534699,2.089563945952138,3.662322472528718,10.716084015785622
2020-11-11,-4.135581857235837,2.1271083039272325,180.87504251011245,7.643677813239925,2.787631779081137,4.8316783967233246,15.160668571393824
2020-11-12,-5.207413713154355,0.11410060507665196,228.4099097825315,7.757794174881185,2.8448626687696894,4.890612301094312,15.385018077041384
2020-11-13,-2.84428990579903,3.9739369558616784,262.09058269427584,11.73175933706802,3.6854750574218276,8.12462558846001,23.137973644952385
2020-11-14,-4.416470198499992,3.2436584662935193,200.43867943141356,14.97538289455273,4.652178076618894,9.739925465392865,30.21510506072215
2020-11-15,-2.2538809164518026,0.6022525890210946,278.0721894792922,15.572323552963098,4.6461618557612185,9.799661013837984,31.932899919090197
2020-11-16,4.250211889048543,0.0,276.2551332682341,14.43935406579778,3.743744445702698,8.55226699497635,30.690246918101035
2020-11-17,6.393520670447136,0.0,287.6502837974175,12.9325135199182,2.7222637950776116,6.883891792917185,28.87338004368893
2020-11-18,7.48749475446201,0.0,242.0149869589772,10.743348978008777,1.4868029079053924,4.771428444088841,25.682081350198803
2020-11-19,2.1445956397506443,0.09146642443414149,203.80219054820145,9.90212761109219,0.7981508121936539,3.7587545273197436,24.863726681971876
2020-11-20,0.3731721012661493,0.0,228.55404132133216,9.511323635817023,0.5650868146631779,3.3749494462733898,24.312843039276615
2020-11-21,-1.131048827070765,0.0,263.38945240381247,9.511218929824164,0.5650868146631779,3.3749001385626594,24.312581470686755
2020-11-22,-1.9037910428813924,0.0667300537965744,293.76891719281326,9.577949809554648,0.5650868146631779,3.3771126253365105,24.508409914081476
2020-11-23,0.7786250659369988,0.8123529310965794,239.48987484763896,9.282330110376895,0.5660704551018523,3.217554080835733,23.789247263042185
2020-11-24,-2.650630955859596,0.0,211.49924975144037,9.268654381430165,0.5514530982089278,3.191677051101526,23.78865096328206
2020-11-25,-2.4312278903949354,0.0,264.8525597993174,9.268654381430165,0.5514530982089278,3.191677051101526,23.78865096328206
2020-11-26,-6.180712531664996,0.5870381082541868,216.55794527502883,9.855707228740803,0.7649864382105415,3.6235223461483566,24.89299125997299
2020-11-27,-5.8393250304428514,0.0,276.1244302437915,9.855707228740803,0.7649864382105415,3.6235223461483566,24.89299125997299
2020-11-28,-3.237723291395469,0.0,276.3736613168491,9.855707228740803,0.7649864382105415,3.6235223461483566,24.89299125997299
2020-11-29,-3.811036234162432,0.0,271.90262263910057,9.855707228740803,0.7649864382105415,3.6235223461483566,24.89299125997299
2020-11-30,-3.563170450349157,0.4582146300146422,265.5484138305323,10.313938374769336,0.8217451155073181,3.877201216660961,25.94484070687399
2020-12-01,-5.962788236718548,4.175225358898288,172.79282630012744,14.489118968365146,2.813457183831703,8.133023859803302,32.15887513092605
2020-12-02,-8.81983548520141,0.0,245.59668876272696,14.489118968365146,2.813457183831703,8.133023859803302,32.15887513092605
2020-12-03,-8.151634258042243,0.00237439492747093,290.6327531762896,14.491493363598396,2.813457183831703,8.133023859803302,32.165921524211214
2020-12-04,-3.254736367754487,0.00237439492747093,286.0254312646426,14.493867758729724,2.813457183831703,8.133023859803302,32.172967917193894
2020-12-05,-1.9326019799218892,0.0,281.9653377013537,14.490517723333534,2.813457183831703,8.133023859803302,32.16302615746064
2020-12-06,-0.8524955272927471,0.0,276.5698443276818,14.441483612717512,2.812717002811632,8.103886156486539,32.04728028394931
2020-12-07,-1.076691626464524,0.0,279.4640817147044,14.416761285280764,2.812551973372665,8.092462663829684,31.985463011036362
2020-12-08,-0.8215186214078136,0.0,278.2004234580789,14.407272400004805,2.812551973372665,8.092192266327102,31.957572847557653
2020-12-09,0.12905694088240796,0.0,271.65607922049367,14.277871392742929,2.802542367233174,8.002972225909462,31.67222834387599
2020-12-10,-2.7056803234111193,0.26529362531121653,224.29303858069923,14.542249505378956,2.8668401102619323,8.153136615062515,32.24468157984477
2020-12-11,-5.606427165344119,1.210130773598555,140.3437126700928,15.752391035093488,3.393215274072056,8.857758908609142,34.62251754908822
2020-12-12,-10.235833037692249,2.259562711862147,171.48124177128517,18.011935993918996,5.263675954523632,10.565975660017012,37.80941511253659
2020-12-13,-12.170883641782398,0.8481954997439949,242.97314626219585,18.8601216047632,5.371209767161939,11.098114070830071,39.69159180088613
2020-12-14,-8.344434967852845,3.4969358638130577,125.58905244198883,22.357085993096455,8.599761582835447,14.320833476379276,43.72251565915539
2020-12-15,-7.712854142726231,0.9992243104416665,147.94826671913466,23.356324140652195,8.6259653103562,14.860934750658538,46.123963549553864
2020-12-16,-6.54321523758487,1.6452721729246256,159.207862031183,25.001569817253188,8.987716294419524,15.843587469599212,49.67560849779473
2020-12-17,-6.1198349888128,5.655964945451877,178.68243236604062,30.65752688646941,15.384401520936905,21.60137127137079,54.5110921370206
2020-12-18,-5.930913983710876,2.5863123489904503,159.6550197487213,33.24385116581833,16.790674240648716,23.940441734415476,58.489294329600106
2020-12-19,-6.224412853014694,0.384121088888192,193.9427697412688,33.627967009389195,16.790674240648716,23.99099491220061,59.578814018899564
2020-12-20,-4.214234756010018,0.5826000928387666,217.27691585761738,34.210560472978145,16.809579093379313,24.264158304341272,61.01704162563546
2020-12-21,0.4241248208489483,0.1674069199082174,208.17573682676823,33.645043082713876,16.347820166510743,23.564499039182607,60.48456518764502
2020-12-22,-3.5815307118286257,3.552996271154211,214.77219797299279,37.19807124566646,17.65624680264793,26.056978662395668,67.27362380128162
2020-12-23,-10.977990938290064,0.3639386561227165,171.45576437671417,37.56200265069801,17.6692056942234,26.111163119154824,68.28704454693738
2020-12-24,-9.694578703379879,0.07514080393207692,265.95645311648013,37.63714760593272,17.6692056942234,26.116173421751487,68.50505348515853
2020-12-25,-5.422877019692475,0.05334470509598561,266.91446095005386,37.69049183585746,17.6692056942234,26.116462904744633,68.66307228864804
2020-12-26,-3.5697269490837464,1.9298160133622209,222.04771514353894,39.60699144605802,17.71623090315024,27.16153000097652,73.262945600194
2020-12-27,-7.16343088686281,0.4992528534730491,216.3566553768159,40.10626615725125,17.734645571721106,27.333957174538252,74.55482797666714
2020-12-28,-8.943427326054938,7.779040967352453,168.15383951585312,47.885295190582,25.124065138021987,33.848116251288616,83.97316696546821
2020-12-29,-9.683926197829532,2.249395723619367,222.66552467142074,50.13472122775354,27.07157712124588,36.1179145765015,86.49531616352057
2020-12-30,-11.739972992729196,0.6092050808916124,263.8841669353092,50.74393788095087,27.22867694212248,36.703976352325796,87.56644115822007
2021-01-01,-7.932896643112116,0.0,267.3584666167521,56.84582130335354,34.241616116882575,37.999111586483316,97.57670134092729
2021-01-02,-9.026664430217062,0.2320334545053778,256.23545828463034,57.07785189633864,34.241616116882575,38.04513162502644,98.2194038370912
2021-01-03,-7.434495833716411,1.3196309692950232,244.7191679342134,58.39754701770161,34.48504755792378,38.83257244050885,101.11440513934964
2021-01-04,-4.4921649771064365,2.125685414379312,232.54384344174142,60.52316317718953,35.17845372510688,40.84402991266428,104.74393790101962
2021-01-05,-5.126771122610997,8.906686581178619,180.70026619356238,69.42985762428495,39.973481315835315,48.87616001290562,118.5133849316396
2021-01-06,-8.169727504934015,0.010233160133133764,288.32055525596144,69.44009078441809,39.973481315835315,48.87616001290562,118.54375345236363
2021-01-07,-5.990959189505172,0.0,284.4779649163487,69.44009078441809,39.973481315835315,48.87616001290562,118.54375345236363
2021-01-08,-7.326181030492783,0.0,273.4750827059856,69.44009078441809,39.973481315835315,48.87616001290562,118.54375345236363
2021-01-09,-9.469435833022139,0.0,279.6940724010002,69.44009078441809,39.973481315835315,48.87616001290562,118.54375345236363
2021-01-10,-10.144633611846105,0.0,271.02379529888924,69.44009078441809,39.973481315835315,48.87616001290562,118.54375345236363
2021-01-11,-9.930273931892314,0.0,307.2166749239594,69.44009078441809,39.973481315835315,48.87616001290562,118.54375345236363
2021-01-12,-7.2333623752054255,0.0055687210247326825,299.38525505051945,69.44565950585054,39.973481315835315,48.87616001290562,118.56027951371975
2021-01-13,-3.4840735413997854,0.0020418077859845306,280.2856408694348,69.44513792964554,39.971424169936284,48.870567551593666,118.56630435345531
2021-01-14,-6.582164519480179,0.0,245.46968618436821,69.44513792964554,39.971424169936284,48.870567551593666,118.56630435345531
2021-01-15,-6.489768312346948,0.9204539351744089,296.51480905221916,70.36558303247836,40.09907196443416,49.57694510464132,120.4696722448989
2021-01-16,-3.1250389943652475,0.3032045177182591,245.2226738147289,70.65252665439053,40.08210824994544,49.587555783145056,121.32710813776755
2021-01-17,-2.0259221258580387,0.8091289716129028,225.70719334109498,71.300530372152,39.83013337973365,49.615424069523485,123.46694017156543
2021-01-18,-5.153356422527829,0.13277736528827072,255.3688775602305,71.43329398958116,39.83013337973365,49.618137585777696,123.85823164589962
2021-01-19,-7.127066255853874,0.0323681582114037,307.49430760874117,71.46566214784374,39.83013337973365,49.618137585777696,123.95428927347577
2021-01-20,-5.287604456042362,0.06705072908611132,312.50826408859797,71.53270268705604,39.83013337973365,49.618137585777696,124.15324267378733
2021-01-21,-2.9662977471321574,0.5521860381822324,263.78958444883045,71.81564393437309,39.855956396965915,49.882671053728856,124.70409482359842
2021-01-22,-1.5604594444051707,5.834282939926856,164.13268164213162,72.96282161052028,41.791327016580894,50.822019641227044,125.29347710760635
2021-01-23,-2.698775159262393,4.010924017827357,158.67220034506084,74.95867174781652,41.94887563512721,52.03954154663533,129.8496137311651
2021-01-24,-5.735899045168685,0.48985540467011923,292.0816420714597,75.44852197724465,41.97118891386747,52.3291243801691,130.99293167929497
2021-01-25,-7.139226824539057,1.1414610029925096,269.085238114975,76.59002883062557,42.63466756662191,53.3070877509562,132.7614728509651
2021-01-26,-9.901386191652502,1.0872818417119972,263.70504091272664,77.6772911566523,42.77485106812355,53.978892381512026,135.18220161554484
2021-01-27,-7.645124132503301,0.3013467116170647,297.2109566844002,77.97864350017466,42.775158251115315,54.07579644274114,135.97959453229623
2021-01-28,-1.4810390273642648,0.11223898726057642,302.00406250700627,77.9421745008013,42.77001292821195,54.03993693101468,135.91211529376807
2021-01-29,0.516381806531326,0.815857941674826,306.00516898841147,78.00669198798067,42.608368083134074,53.972860836539596,136.327351724727
2021-01-30,-3.6075061188797113,2.1249684645333127,224.81208176905568,80.05651915050765,43.14212054487105,54.994035600273,140.8743037896923
2021-01-31,-5.298961237512863,0.0,352.39008863053215,80.05651915050765,43.14212054487105,54.994035600273,140.8743037896923
2021-02-01,-3.1919492625570625,0.09506915704598869,348.9093139486386,80.15159052361791,43.14212054487105,55.06068536551879,141.08998896398623
2021-02-02,-0.027801204094688586,0.07896466105365876,339.7472489653008,80.01161994665247,43.08450731842074,54.951932050644885,140.83895727744235
2021-02-03,-1.464808871307643,3.302537462943635,286.00055719853384,83.21178779984506,44.78989390737834,57.52021363722358,146.11998109271994
2021-02-04,-7.732603300806542,1.5146971000770324,270.08625598952136,84.72649127997303,44.92553337192225,58.13622976849361,149.8692442458683
2021-02-05,-6.279300007998693,5.999552751181428,192.7472176983042,90.72604043440482,45.930300996507235,61.90223065021486,162.94368638302788
2021-02-06,-3.8986820764435,0.932869346478043,218.86239101345183,91.61068486916167,45.80996915188347,62.036968151164174,165.5514597969401
2021-02-07,-1.3338814219491366,0.03407310996217492,299.6039621134604,91.50048235094505,45.636688414649136,61.80559126901633,165.62329928939
2021-02-08,-1.6409336935658536,0.016773224537286368,333.56586970338327,91.48927059807392,45.60733039014774,61.769092856066344,165.65491262760423
2021-02-09,-2.476267854092121,2.868580039072169,247.4445311673298,93.76996729410973,46.29838861105507,63.682397731233586,169.8448148355777
2021-02-10,-0.4354164200536156,1.088492602753467,298.60893533654075,93.73083751892197,45.91171839250244,63.27799453329989,170.50720677013277
2021-02-11,-1.105802860916071,3.14911594200659,260.5001687817075,94.0526532289854,45.74531178807832,63.088628165112475,171.81256945998342
2021-02-12,-2.2282711366293273,11.02833749009566,176.86332852554656,95.83985393615694,47.41598840087952,65.42592134381819,173.16438960532656
2021-02-13,-7.736563614575291,5.579342030224667,328.34701425483274,101.41922244972311,53.469236798995446,70.16859732368178,179.11805059402786
2021-02-14,-16.930857404679145,0.5913156447458434,378.22116487332426,102.01052519718046,53.54381701664447,70.45265134573894,180.5172275922908
2021-02-15,-11.255748418131468,5.367945534816735,331.1869858567934,107.37847252467337,56.68049806358659,75.39629756587615,188.47388213676362
2021-02-16,-5.663838376750476,4.1452664818722385,286.7331534647234,111.52365597228979,59.22267201433276,78.57766392240156,195.13592376362396
2021-02-17,-7.589173874768646,0.6718929336048084,370.8405026796544,112.19555645750333,59.37035864506213,78.85218885481187,196.71283184481703
2021-02-18,-10.388311036046685,0.3075525668577919,416.64082377970806,112.50310369687503,59.377520267807625,78.9499183921772,197.52113316997486
2021-02-19,-7.594821612744066,1.7051899861485469,395.0669626722986,114.20828258742704,59.80856564279409,80.18948949779733,200.9272183900918
2021-02-20,-4.5556139539579625,1.497732080111833,348.92170396688476,115.70607282201003,60.089845997699605,81.25015263934468,204.04158875302554
2021-02-21,-6.723075961382123,0.7767810920691863,342.25844002236965,116.48282953302231,60.093772388847306,81.447224596088,206.1464326043566
2021-02-22,-3.235006388144951,0.17540055605322627,411.8824637685728,116.65823971472453,60.09376912024026,81.44841752328405,206.66580380012047
2021-02-23,-3.10195192560369,0.0,458.66620194156826,116.65823971472453,60.09376912024026,81.44841752328405,206.66580380012047
2021-02-24,-6.934940342298801,0.4274021365456173,441.3535564620484,117.08563679271212,60.10778845134652,81.63411374250799,207.73541391577496
2021-02-25,-8.5625189047773,0.08778456615060144,448.33925908820214,117.17342777499358,60.10778845134652,81.63411374250799,207.99594753687657
2021-02-26,-6.258441729178655,2.8982134770685195,344.18147927413025,120.07159867731018,61.337005864988086,83.8200622575752,213.22412508402996
2021-02-27,-8.473482861285806,1.5361496574432405,331.0627622266288,121.60778732889266,61.859189884628925,84.83141370960568,216.26779638346702
2021-02-28,-9.781328079277795,0.0,460.63517042141274,121.60778732889266,61.859189884628925,84.83141370960568,216.26779638346702
2021-03-01,-6.067426949285683,0.37171787587424493,498.54696904402243,121.97949982864701,61.86032058082366,84.92211453072723,217.2793799272809
2021-03-02,-1.8865428867493461,0.002535080487287596,502.7093805784794,121.98203478882483,61.86032058082366,84.92211453072723,217.28690282242704
2021-03-03,1.0930858294620753,0.035954829520417377,504.4402631895049,121.93038619609341,61.79325608821668,84.8424247430943,217.2781756918004
2021-03-04,-0.20180930430684266,1.8794220358316136,368.32690069545856,122.87123642559561,61.521804902651944,85.23689171161472,219.94045686023253
2021-03-05,1.0328472861154658,0.0,487.54507841231,122.67511891424955,61.199598013872404,85.03894959864056,219.8685400592628
2021-03-06,3.486797718855966,0.05494182832884686,485.9942086875227,121.70062241098341,60.0881939749914,83.94476436397508,219.1462625101321
2021-03-07,4.859544386492255,0.0,483.85138519528186,120.2088594785343,58.549158369649774,82.46643560470443,217.68698735599628
2021-03-08,5.637506737613677,0.0,415.4482908562096,117.68589160268631,55.820208958280226,79.90251789363823,215.40477336439275
2021-03-09,4.423953209373979,6.086389166159632,336.1431196253657,115.75297492655965,53.47593400524003,77.86924289979028,213.97118192162327
2021-03-10,-3.7042846758686743,6.079077320113528,278.25038456070314,120.78742977603407,55.18567903851515,83.64529556898525,221.49315541914896
2021-03-11,-3.626184484865453,2.149762018079248,410.64385222487834,122.93338777345839,56.452354871500056,85.64565298593978,224.63771177020408
2021-03-12,-1.0155134445346274,0.6104278523654144,455.57511895924887,123.52695452500346,56.62768443886183,85.95256686457319,225.92302818154454
2021-03-13,0.3145828161724413,3.399820889361851,360.645055765155,124.79887908899458,56.54032985918189,86.21190418551188,229.52387497524208
2021-03-14,-2.54400281176037,3.9170001842906004,203.35917943064024,126.45110243502025,55.67213596865201,85.74954789691269,235.73077122637434
2021-03-15,-0.17435966558587646,1.5270630511438423,410.9435766196792,127.00071030362703,55.040312632055574,85.71728214565502,238.00723382491455
2021-03-16,0.08193313191366305,2.1556333185215264,358.26769177290726,127.41924999899368,53.979958799497155,85.05008739220595,240.9437251600019
2021-03-17,-0.062126116727657596,0.011437143765437313,479.77621339219394,127.16499308597591,53.38972933320712,84.83806401351468,240.97345126131535
2021-03-18,1.4916581860950533,0.12888562099651718,539.7259359868882,127.04305102333305,53.027900623024095,84.63520576645237,241.16502020008323
2021-03-19,5.15520671787006,0.0,548.6859737777836,125.81407889562354,51.59982390365304,83.27206290426072,240.2630745525222
2021-03-20,5.386626856185027,4.338950500902417,410.62981473668157,124.48924561867508,50.20072692587664,81.81417359981977,239.14298662886662
2021-03-21,-0.8570008760132356,0.6915332035456146,366.8638655701205,124.44570949108613,49.28469021653207,81.33726200097064,240.37839701115448
2021-03-22,-1.4128189255657875,0.0,503.0581623527536,124.44218757532762,49.274071175107686,81.337116499043,240.37839701115448
2021-03-23,-1.4343335504638879,0.43312137982179044,352.1227431794842,124.28491404405636,48.49926360843736,80.79596545428245,241.20324856318356
2021-03-24,-1.5766061663117743,0.0,508.53303343880674,124.25268986043532,48.40100878370251,80.79569975687602,241.20324856318356
2021-03-25,-2.0760075042445516,3.8279555311158804,394.13519227877606,127.62733725680584,50.10447001017133,84.38782517132142,245.98309776117483
2021-03-26,-0.1638626009270034,5.897491024524252,331.14144665919906,128.7074860915894,49.13249949310088,83.61959999854814,250.8979685132382
2021-03-27,0.9110186923063203,0.5176684221126834,471.22643641820594,128.42551523602128,48.286754634417605,82.84289902988414,251.6564708945335
2021-03-28,3.529475174948512,0.005345029130899417,592.5899545648945,127.92613825329082,47.56284239884032,82.15059518824053,251.5673868966231
2021-03-29,2.918952422324725,0.0,611.1872923074094,127.64504604098533,47.05067084215968,81.84911547017458,251.53090634350156
2021-03-30,-4.6066350867520445,0.0,513.4297134053754,127.64452767658774,47.04910388042038,81.84909797256286,251.53090634350156
2021-03-31,-1.6150233249218446,0.0,617.2014408626698,127.64452767658774,47.04910388042038,81.84909797256286,251.53090634350156
2021-04-01,4.138590642046062,0.3563795694568307,628.8031315750221,127.62313529512127,46.96739472265564,81.73933088266386,251.65617234259128
2021-04-02,7.762841587180618,0.003123624444111248,629.8343272420399,126.18931958414257,45.65708004062227,80.22521265472012,250.18255424136376
2021-04-03,9.949432888315101,0.0,627.440102443937,123.92041040047181,43.55932619582368,77.90294216503868,247.80072758673933
2021-04-04,10.749781227053806,0.0,604.6248509430336,120.92599165544459,40.73717778222013,74.77236469343063,244.7748635888347
2021-04-05,10.424426425888802,0.0,594.4414523721712,117.90306673464642,37.86932979513921,71.61976206572707,241.73071920734088
2021-04-06,2.4557801043620415,2.0962838631496425,414.02142354205006,116.71107296834873,36.46721582482615,70.21776420569063,240.95205439635427
2021-04-07,4.481217671744289,0.09475803581758165,515.850940501322,115.19382280382224,34.8249181502088,68.42701336700064,239.82887245529503
2021-04-08,6.108610301226764,0.0,576.9765702788605,113.56464319511915,33.01301352469925,66.70266138704804,238.47193751785994
2021-04-09,2.445567709966391,0.0,530.3286925307124,112.82925251310617,31.939000071643225,65.80701396397298,238.22499812838333
2021-04-10,4.802563899120522,0.0,624.7046864114104,112.34286437766247,31.40526636796806,65.2207750373326,237.88412101220285
2021-04-11,3.4509635398107843,0.0,532.7635945929397,111.40128906566832,30.50359451531508,64.19498310029068,236.9877851443055
2021-04-12,0.14749751963121166,0.0,552.5892003756281,111.37394999470321,30.472068154043793,64.15699171152872,236.9751312826585
2021-04-13,1.1995914417162514,1.128597841696057,514.3921341245594,111.72617235281484,30.50954951036267,64.50178648259921,237.64024483352782
2021-04-14,1.6221123407609677,1.0887476883541642,423.8310265266111,111.0925617493649,29.67940955755512,63.92970493499072,237.136035758647
2021-04-15,-1.195856845803875,2.5510164808080162,287.3330064449352,111.37218045223607,28.860813260605518,63.268586360608396,239.41955057128027
2021-04-16,-1.6247746664737435,0.08871412771110584,358.51338759254037,111.16887215595767,28.29592778682104,62.9788194775836,239.65339138583542
2021-04-17,-0.5098056298703905,0.0,543.0474596127824,111.12451559134291,28.172789576575394,62.966756432762665,239.65330098991933
2021-04-18,1.8946576860880906,0.012134272978424728,637.3397908300741,111.1350390494042,28.170122490132545,62.96475593740983,239.68911429519122
2021-04-19,0.583841525435296,0.5464560176339851,629.4837956998199,111.67679511607217,28.173561958532474,63.152154735158106,241.1066739504662
2021-04-20,-4.681924145325641,0.3180563723116257,620.1662509101822,111.99485403604933,28.174807031664834,63.202383442007694,241.99927433375487
2021-04-21,-2.2356533989589376,1.0702733090617893,518.1287238925387,113.06499571719937,28.2569279409089,63.51650649935843,244.7821818507111
2021-04-22,2.9386205792751006,0.3674661372452702,541.9942799739536,112.53843974630088,27.632447172803143,62.92608658352043,244.41434751327105
2021-04-23,4.355901284208576,0.0014146406083800794,552.4292486147282,111.36251325900733,26.384642090755687,61.5033600161381,243.55426164218377
2021-04-24,5.893986503133199,0.0,632.1023705701327,110.47782970109911,25.50467156451192,60.39754117092188,242.88548993580432
2021-04-25,9.5991434002339,0.005878356373835799,583.468501460365,107.83545056534192,23.432978417095804,57.60472073550594,239.83920676605112
2021-04-26,8.47378691484542,0.2397370920850776,476.4259769923733,104.84479085887041,20.83111281512579,54.31232238506309,236.77203931816183
2021-04-27,5.009266245548758,3.197465556390098,354.5314219712077,102.77036570799595,19.021038832187322,52.013481343070445,234.66479404396617
2021-04-28,7.000947241770022,0.030620280880229396,551.072796593255,100.8861563549168,17.42520615119214,50.02735321020354,232.6023079821988
2021-04-29,9.549460153059558,0.0,637.6372256482979,99.12086238334466,16.099302748732853,48.09339577129365,230.57871307613496
2021-04-30,12.846019468201288,0.015709105810693257,642.4520062056102,96.48193260217279,14.288340366188283,45.31983931458218,227.270395521624
2021-05-01,14.125418830328519,0.10691248394570715,606.8948431212477,93.21021581381108,12.152343574384236,41.9075883319723,223.0364786319721
2021-05-02,8.522442739715595,2.428329377685759,434.0967588689148,90.810670459952,10.475904653158358,39.382905154997324,220.05986181749557
2021-05-03,3.652195758171715,4.377947984059186,257.9917977823908,89.22538680765621,9.099347022319954,37.35172603419132,218.7165769847522
2021-05-04,4.160439252940052,2.0083341805853587,475.1325374613041,88.40153119661122,8.43344849023861,36.27287302497011,217.9936583602184
2021-05-05,7.248463414953528,0.6710596447831946,549.3389384202934,86.93609968021585,7.544810913276789,34.64136980218999,216.13397900914097
2021-05-06,10.491717752231335,0.057213749184823345,662.4826401802549,85.52099883625336,6.774012496414707,33.207469656732975,214.11226688526045
2021-05-07,13.92096347777008,0.0,625.2113811244426,82.85770281787968,5.4726886701197595,30.55384293032702,210.11740931400522
2021-05-08,7.642561397142582,0.07609532365682344,518.4417834702498,81.21656966959898,4.358062115320796,28.64545678928729,208.23172120945313
2021-05-09,4.3227087304068395,0.15130079950288197,523.3917304629344,80.46526077658856,3.923742312857008,27.750749399431268,207.31572257549269
2021-05-10,4.066143651642843,3.560520014390531,365.11290531806486,79.4680042530749,3.314362266234621,26.44461694820804,206.24996529030517
2021-05-11,3.607456929071588,4.763406591895906,327.3870972322506,78.58601333988146,2.752845640530387,25.192345525875467,205.42611807461512
2021-05-12,6.315143719519738,0.027426441067498183,614.4763268737144,77.88080788404336,2.4669362891761395,24.380376000440407,204.42039749856545
2021-05-13,10.192727061241568,0.04668430306461023,627.3947759806716,76.39958199911035,2.014513904619945,22.88593417236082,201.95379932193296
2021-05-14,12.37247521260045,0.03795272033905751,586.5767705044725,74.21004458565373,1.4540528141615012,20.718392650528312,198.1611605402416
2021-05-15,12.569165501325656,0.38217853145023223,581.4596800327611,72.05744444113674,1.0007431926383525,18.599218868403227,194.3259126944024
2021-05-16,12.42183793947376,0.0870776779647781,572.049800632797,69.9947475878655,0.6542288334441357,16.519494021744464,190.61447919085597
2021-05-17,11.47883128095361,0.5583301045660645,533.1994728020703,68.07009068442721,0.4042893556647048,14.530839804389538,187.12816281347702
2021-05-18,12.027087674048222,0.053785259038164834,594.4722837310724,66.38301516669516,0.27502884944658096,12.956913870208819,183.81626548676533
2021-05-19,13.66828774147507,0.011961591857505062,595.6335550997554,64.45193698931287,0.17600957534662737,11.271037989097314,179.86252114925637
2021-05-20,14.862884382905829,0.0018342357990017049,541.1979158044427,62.207313052737554,0.09731179292268347,9.3894997541335,175.15364441053626
2021-05-21,12.59288054023001,0.15669634889207432,420.3515155166678,60.06366610155348,0.04147466661294111,7.687839735447308,170.5428941503863
2021-05-22,13.281838846982522,0.8936390133494382,509.9537019663468,58.303756535490386,0.016782346421494777,6.489392398167883,166.5389805014087
2021-05-23,8.71943294999595,0.011530872793896982,437.5435803938771,57.078882209250665,0.005463943701871943,5.604959160097433,163.79679538121053
2021-05-24,7.51491485824713,0.0,558.5346704713963,56.3060003250166,0.002228713900948904,5.186520800518941,161.92349657885075
2021-05-25,9.632977275914712,0.0,605.2548573158462,55.429891167018134,2.8430807950878176E-4,4.7673921306861535,159.7432899392938
2021-05-26,12.614927233114182,0.22552321984000834,557.2556120416546,53.99290918723388,0.0,4.1046179295016,156.13992370542263
2021-05-27,10.561084414366775,0.0,611.6626695232765,53.023459065413675,0.0,3.704168951725872,153.66220090053528
2021-05-28,13.468067413723938,0.0,611.820294153082,51.68069728585091,0.0,3.2082776480476562,150.1717789410146
2021-05-29,13.845354899491191,0.0,549.6403415690472,50.16966985725162,0.0,2.699571102506205,146.19477969340923
2021-05-30,12.613249730848263,1.5002355059118413,460.1801779525791,48.740101769720766,0.0,2.2122180012903385,142.4382331454426
2021-05-31,11.758353989938014,0.0,585.1040589158027,47.609428800700215,0.0,1.8980257898262118,139.39605243446618
2021-06-01,13.868810115775059,0.17560958225145043,553.2906550866413,46.21844200436363,0.0,1.5534568155880897,135.61163689241198
2021-06-02,15.320235365952806,0.0,562.252724227918,44.720209521808655,0.0,1.2308838731160239,131.48702134265196
2021-06-03,17.698428689260975,0.0,582.2490589622588,43.07487337752032,0.0,0.9315269293344051,126.90270455415516
2021-06-04,19.67835631670173,0.010901678889439572,591.7878001362677,41.30451775849413,0.0,0.669515053338234,121.91013724139692
2021-06-05,19.184346697490263,1.4011300800542015,521.899329286223,39.578070107059624,0.0,0.4596771386272616,116.99585292684147
2021-06-06,19.1092608625819,0.025265709986813736,554.8633615023447,37.951792246455575,0.0,0.30142945699839185,112.32739948190326
2021-06-07,19.957461711655814,0.0,530.5799898431319,36.26959158143596,0.0,0.17968542158565634,107.45658975930941
2021-06-08,17.94926306171899,0.005343960339850726,541.8574600747833,34.782507638239956,0.0,0.10662723041153688,103.1162768015869
2021-06-09,17.926399851099845,0.0,591.9820681997511,33.54049617169124,0.0,0.06304076377916014,99.47386993900214
2021-06-10,16.472608223724677,0.005343960339850726,595.8169451999546,32.631429921124464,0.0,0.038827473544864835,96.800214329992
2021-06-11,12.458551136644548,0.0,613.2671074142685,32.00796568317019,0.0,0.027936821083611726,94.96084431398921
2021-06-12,17.53304382171008,0.005343960339850726,600.3051362470817,30.90113262626211,0.0,0.014855950415735088,91.68918468950321
2021-06-13,20.12981186201982,0.010901678889439572,591.5949265757365,29.576713264239803,0.0,0.005730833847832258,87.76785915612996
2021-06-14,21.502025321342394,0.0215997532752185,577.9803249438447,28.225510256937017,0.0,1.2565525704387137E-4,83.76353931299336
2021-06-15,21.968831532079424,0.02714731811872987,570.4543704967684,26.882363445467835,0.0,0.0,79.77766406309016
2021-06-16,23.125067473284407,0.0,540.8182747486786,25.501406828497753,0.0,0.0,75.67945695054127
2021-06-17,22.612492179422578,0.0,536.5417186495289,24.249908839588155,0.0,0.0,71.96543878627546
2021-06-18,21.624404752272927,0.0,506.4880647791167,23.117932436696343,0.0,0.0,68.60611982682313
2021-06-19,20.17547825542999,0.34813688308916635,454.2247696936307,22.112549319368796,0.0,0.0,65.62248645873913
2021-06-20,18.646789332535658,0.0,549.2866766636112,21.33425814764674,0.0,0.0,63.31278434616766
2021-06-21,15.984036624500208,0.016245639229290298,557.7489536150441,20.72543780001533,0.0,0.0,61.506013700177434
2021-06-22,20.443393271939286,0.005343960339850726,556.2606169347267,19.91487021434867,0.0,0.0,59.10052622579961
2021-06-23,20.002377243203988,0.0040261397281977735,465.7619811089089,19.057316282344846,0.0,0.0,56.55559933936109
2021-06-24,17.152441515978147,3.1151534707833255,380.07781930905026,18.405280058182214,0.0,0.0,54.62057874663184
2021-06-25,13.290131253983814,4.9333605773101326,222.8814494442376,17.82056193635772,0.0,0.0,52.88533526667733
2021-06-26,13.059168261641338,3.2148059287969035,320.1908925286739,17.336299445934745,0.0,0.0,51.44820975657518
2021-06-27,12.175643640634226,1.2026599466004149,403.11914972175873,16.895427929728907,0.0,0.0,50.13985382328077
2021-06-28,13.844892180200972,0.4040664628967978,477.0703314950921,16.45822664789283,0.0,0.0,48.842389890802345
2021-06-29,15.998905009668052,0.12516671922160616,514.7496031690617,15.963458390872768,0.0,0.0,47.37408685719085
2021-06-30,17.34560382081155,0.6840589270700362,430.7288382414389,15.382186960631492,0.0,0.0,45.64907197948751
2021-07-01,17.626146400598962,0.7703661979524911,441.8466837200221,14.818616880628074,0.0,0.0,43.97658865748624
2021-07-02,19.252223807572616,0.40127814821470864,480.57955518149845,14.241749942592456,0.0,0.0,42.264644806825004
2021-07-03,20.615188971921956,0.027143577362800448,523.4994651678384,13.650327020890991,0.0,0.0,40.50950377309773
2021-07-04,21.734961850831528,0.0905251771716529,514.5730807011558,13.043653245542806,0.0,0.0,38.70910341976594
2021-07-05,20.5878694271464,0.5399463887921403,470.1522013085823,12.487718100504855,0.0,0.0,37.059277974482015
2021-07-06,18.962932495173053,0.0,518.1669413937067,12.00537748717056,0.0,0.0,35.62785593852053
2021-07-07,21.49057174919581,0.0,541.6925147815238,11.501642536787614,0.0,0.0,34.13294282457469
2021-07-08,23.521945323167582,0.0,511.5906363206433,10.92077536594275,0.0,0.0,32.40912765055019
2021-07-09,23.53893590047105,0.0,539.1159893000727,10.403227299063508,0.0,0.0,30.873221929323325
2021-07-10,19.444445357278443,0.0,519.0631319041674,9.981734264966425,0.0,0.0,29.62237470573969
2021-07-11,20.091734725735886,0.0,525.0990336631703,9.56002020309601,0.0,0.0,28.37087154729061
2021-07-12,22.141382826609274,0.005343960339850726,538.9554660210005,9.10310342051194,0.0,0.0,27.014898749001347
2021-07-13,19.834136220491267,0.4182654492639811,425.195720362415,8.689550861770263,0.0,0.0,25.787616141553112
2021-07-14,19.010704392189567,0.8693793548875827,440.35189362295796,8.33486005576705,0.0,0.0,24.735015092356242
2021-07-15,19.157445794544884,0.0,537.1340088760766,8.0086846314275,0.0,0.0,23.76703794699168
2021-07-16,19.652613350825423,0.026589189069501612,514.6296193388521,7.653549748972863,0.0,0.0,22.713119030709507
2021-07-17,20.914509287814255,0.0,508.064582005641,7.282927166443857,0.0,0.0,21.613237915599488
2021-07-18,22.545363220284134,0.010901678889439572,532.1341935140866,6.916555792216921,0.0,0.0,20.525972933311007
2021-07-19,23.41369572326627,0.005343960339850726,516.4064397717826,6.547192192742727,0.0,0.0,19.429828049481827
2021-07-20,22.067726623120343,2.0112883034106415,428.83941515524646,6.215625265962623,0.0,0.0,18.445850768140744
2021-07-21,21.679881369368612,0.006279153399324603,496.2695855174151,5.897257508294961,0.0,0.0,17.50104410814404
2021-07-22,22.016714065940178,0.7520185207202565,446.69397373017074,5.588980122434393,0.0,0.0,16.586182221936696
2021-07-23,21.525710900587384,0.0,451.76754394667444,5.315929281453729,0.0,0.0,15.775860677549865
2021-07-24,20.63065051129508,0.0,468.72733105628254,5.032809758314589,0.0,0.0,14.935658726835424
2021-07-25,22.366843775676386,0.33583644781981353,469.8175711102981,4.7606777825178686,0.0,0.0,14.128064060169466
2021-07-26,22.171072316711555,0.0,524.94567680621,4.508829798118635,0.0,0.0,13.380665345204328
2021-07-27,23.021965156867836,0.12425096245806654,505.51569990545477,4.2551907761278205,0.0,0.0,12.627951442994016
2021-07-28,22.7422539069599,1.6476232984321444,471.10986663175805,4.013830453120027,0.0,0.0,11.911676521477734
2021-07-29,21.822938362450753,3.176189215577042,425.63657581201767,3.8005667009417063,0.0,0.0,11.278782616422502
2021-07-30,20.9118692383061,3.470244794239326,364.93514201509265,3.610971497400158,0.0,0.0,10.716128871829188
2021-07-31,18.866850244971236,3.292715086747631,347.658929817094,3.4463331597348805,0.0,0.0,10.227538572809907
2021-08-01,18.9471878776301,0.05605059530943981,440.059357694797,3.2884809084718407,0.0,0.0,9.759087058179842
2021-08-02,18.257053457924833,2.6917138704402572,330.31753038628324,3.12584500403788,0.0,0.0,9.276439296391741
2021-08-03,17.149487699723057,3.9284071916070955,317.5554890556682,2.993202698458058,0.0,0.0,8.882802281678854
2021-08-04,17.589098289594986,1.1534568618389807,469.9409619093841,2.871326105726943,0.0,0.0,8.521114222078715
2021-08-05,19.625402377944578,0.021162703238855957,522.7724282148747,2.7368078760323304,0.0,0.0,8.12191010594109
2021-08-06,19.80184363995827,0.4260827156134934,491.7459302786975,2.611679869015914,0.0,0.0,7.750572960347866
2021-08-07,15.501667941155137,7.916396150504359E-4,471.0665995465561,2.5208117052070342,0.0,0.0,7.480907316511152
2021-08-08,18.624357214117136,0.015174292558034968,528.216596215136,2.4081059906130458,0.0,0.0,7.1464352878478525
2021-08-09,19.73662632224801,0.0,503.0257356835343,2.284748457451696,0.0,0.0,6.780352303360236
2021-08-10,18.382373236005044,0.0,531.4691146235665,2.177939466088855,0.0,0.0,6.463379733253168
2021-08-11,18.75343803143173,0.0,543.5625613841631,2.0829709449312483,0.0,0.0,6.181545630650954
2021-08-12,20.705250251469437,0.005878356373835799,537.8297415731045,1.9716602751422068,0.0,0.0,5.8512136180255965
2021-08-13,21.1553055147818,0.0,518.7995627700266,1.8571373253992463,0.0,0.0,5.511348656723305
2021-08-14,22.148601674258156,0.013131179310387141,511.19163103172536,1.746960017343104,0.0,0.0,5.18438007424324
2021-08-15,20.73444636114204,0.43145174030060934,483.75380951372324,1.655168979403269,0.0,0.0,4.911975655501513
2021-08-16,19.62680370039121,0.1599148064389446,503.0954409657827,1.567208728587572,0.0,0.0,4.650939703260383
2021-08-17,20.693370620173923,1.1954909174616632,460.0438464763952,1.4777515942343042,0.0,0.0,4.385461512439892
2021-08-18,18.661607874663108,6.794767698769284,341.10196574199756,1.4050297760756272,0.0,0.0,4.169648018552391
2021-08-19,12.39211840535279,8.334761555569946,244.1297656766194,1.3810221392221584,0.0,0.0,4.098401560192064
2021-08-20,11.708787266942586,0.23537284903521347,407.10250614710907,1.3484331672359613,0.0,0.0,4.001688632976782
2021-08-21,14.14843818591447,2.0879542985895334,445.75784994735466,1.3032940549443983,0.0,0.0,3.8677311800241276
2021-08-22,15.856309320208199,1.2154020923918307,456.23705722414815,1.2470954765771716,0.0,0.0,3.7009530128105697
2021-08-23,17.74546090428499,0.023519798393326234,476.1443974252881,1.1857530960426206,0.0,0.0,3.518909799346737
2021-08-24,18.28329501418988,0.10698108578860306,480.7494680355527,1.127053481751512,0.0,0.0,3.3447094125746233
2021-08-25,18.05048940249056,0.02482109260477458,497.7918745887849,1.0706702313244822,0.0,0.0,3.177383201823945
2021-08-26,17.303503538109535,4.341865930242186,369.7142868854056,1.0223862237762924,0.0,0.0,3.0340927749381867
2021-08-27,17.263776096342077,0.023307148364270114,500.3912902635843,0.9764360232494487,0.0,0.0,2.8977282894011016
2021-08-28,17.443989677585375,0.0,486.7599976765049,0.9275984439096722,0.0,0.0,2.75279505069511
2021-08-29,17.476893162218495,0.0,494.50247646084455,0.880598540319798,0.0,0.0,2.613315405343364
2021-08-30,18.60341263858577,0.0,490.8933440633894,0.8344450003621766,0.0,0.0,2.4763474778941763
2021-08-31,19.314660039473427,0.12606256462729873,472.92191527434767,0.7865618982529772,0.0,0.0,2.334246801288289
2021-09-01,14.442673603743676,5.908148525682291,199.10918585969407,0.7434154860211458,0.0,0.0,2.206203000841161
2021-09-02,16.431844733816323,0.10240594529470019,382.7822028872926,0.7085685408100043,0.0,0.0,2.1027891810585837
2021-09-03,15.645496895954087,1.3843215978250303,391.1381581402781,0.6747357787137819,0.0,0.0,2.002385110028366
2021-09-04,14.886034768408319,0.04962462529718478,445.91126792941816,0.6454402497870209,0.0,0.0,1.915445995838847
2021-09-05,15.32147244970432,0.019957329841439626,487.7074255745637,0.6159566215138911,0.0,0.0,1.827948667097414
2021-09-06,17.541285946293154,7.916396150504359E-4,467.7274029596354,0.5812442560178346,0.0,0.0,1.7249342338985922
2021-09-07,17.908112807486113,0.0071781961388524326,474.50180832013285,0.5491501029003621,0.0,0.0,1.6296897599151576
2021-09-08,18.541658713592607,0.0,471.554136487224,0.5147642443118164,0.0,0.0,1.527644287590424
2021-09-09,19.36061643485384,0.0,474.9294080486716,0.4826522441699603,0.0,0.0,1.4323468497402259
2021-09-10,20.043652935335633,0.0024208141301468858,463.1501797288954,0.4514116349580585,0.0,0.0,1.339635402255739
2021-09-11,17.56575501316523,1.6181060897204353,405.65344715830435,0.4263987633930122,0.0,0.0,1.2654057509448566
2021-09-12,16.381038586414615,1.1251794677955824,386.86710408915167,0.40248656730216487,0.0,0.0,1.194442528138345
2021-09-13,15.761653650588164,3.4131023100844735,332.7725522928865,0.38305443800359285,0.0,0.0,1.136774611909299
2021-09-14,15.400038275356133,0.0010597555363551145,408.5558875887422,0.3639763965640037,0.0,0.0,1.0801575073888314
2021-09-15,15.794530492116898,0.0,450.1476629503396,0.3473935046263049,0.0,0.0,1.030945153538921
2021-09-16,16.76265546247531,0.0,430.0655898324295,0.329307805353701,0.0,0.0,0.97727298130441
2021-09-17,16.141354733430774,0.005343960339850726,434.23592374105027,0.312660563616884,0.0,0.0,0.927869659250867
2021-09-18,15.849151462099144,0.700180518954556,410.1882320783672,0.29875693113468355,0.0,0.0,0.8866084314696221
2021-09-19,12.321214478045928,6.860932845426775,319.4650275822634,0.2932759694164016,0.0,0.0,0.8703428109414735
2021-09-20,6.900173240742775,0.991344049966148,314.68563794456827,0.28985095690480367,0.0,0.0,0.8601785447631511
2021-09-21,7.1804894855984776,0.127088597882589,416.1958667662258,0.2866900524926132,0.0,0.0,0.8507980611296042
2021-09-22,11.723646586651675,0.05726404320713125,437.7610067613939,0.27841875961366974,0.0,0.0,0.8262516916854759
2021-09-23,12.77116745965581,0.0,401.01482727202233,0.2671104013413213,0.0,0.0,0.7926923504770088
2021-09-24,12.73232613678261,0.0,402.24795246795617,0.2566489707907698,0.0,0.0,0.7616464011960146
2021-09-25,14.56187896178196,7.916396150504359E-4,421.70887856777085,0.24589320168598913,0.0,0.0,0.7297269557156352
2021-09-26,15.613986384571652,0.014278328543328611,410.46610315433884,0.23426657694034111,0.0,0.0,0.6952231084245483
2021-09-27,16.04891382267226,0.0,405.899820896705,0.22205428876508249,0.0,0.0,0.6589812123031831
2021-09-28,13.614265226197274,11.192008004993143,275.38486234234125,0.21245752671059492,0.0,0.0,0.630501303502404
2021-09-29,7.070571467871167,8.984446658339914,108.56328455585492,0.20715051531902243,0.0,0.0,0.6147519080731401
2021-09-30,8.641381679539563,0.12065694062152899,262.1997854290832,0.20138312458720237,0.0,0.0,0.5976362641582338
2021-10-01,9.400270204471935,0.34819001447355186,334.3703503674912,0.19416645654548836,0.0,0.0,0.5762196606719149
2021-10-02,10.488559156848092,0.0,362.95565395664175,0.18724669836205918,0.0,0.0,0.5556841841363314
2021-10-03,11.386817247253319,0.0,364.1987361011655,0.1810153964660581,0.0,0.0,0.5371918104898215
2021-10-04,12.666559668066862,0.0,369.9992965239113,0.1733684113531215,0.0,0.0,0.5144981730545253
2021-10-05,13.782280207408007,0.039674915220002854,367.58479787775036,0.1649011172597914,0.0,0.0,0.48937013901572646
2021-10-06,10.490691299368184,0.04241756789585537,271.6278909716715,0.1579256237010542,0.0,0.0,0.46866925894124756
2021-10-07,10.892322446726228,0.0,326.1146599636948,0.15128586011276454,0.0,0.0,0.4489647106384376
2021-10-08,9.109821222908073,4.708948787518851,177.54909362892124,0.14498284283919152,0.0,0.0,0.43025951026961606
2021-10-09,6.893060219411031,11.48061169447662,149.77235831976415,0.1426534091792932,0.0,0.0,0.4233465475625385
2021-10-10,5.841245737203257,1.928660166959081,192.3760790370158,0.13979124376929752,0.0,0.0,0.41485261915349725
2021-10-11,6.207004297892699,0.31449186715301086,304.8200156426302,0.13738446866600007,0.0,0.0,0.4077101334841933
2021-10-12,1.9289179751534733,9.179887186024665,218.2425166706608,1.1783613634813601,0.0,0.005532012262947047,3.4914578876180435
2021-10-13,-1.696824430599415,3.9080992808401316,140.02359939093088,1.936352857911308,0.0,0.005194810841026355,5.741253709900295
2021-10-14,-0.8139077147088022,3.173223738637568,151.5097272990338,2.802820748551037,0.0,0.004507683426673914,8.313319288826532
2021-10-15,-0.081773185136757,0.09249150316650921,281.64023507192627,2.880972589491239,0.0,0.00407186650744811,8.545681771752133
2021-10-16,4.640433667369137,0.16957037498787492,378.2281611416158,2.8358642120188087,0.0,0.0032527213327435537,8.412632270335989
2021-10-17,8.250510227355173,0.0335224893606415,367.1996345218171,2.491073791398786,0.0,0.0018561984677221116,7.390804604446238
2021-10-18,8.922246514315416,2.3882565466397634,284.45489827057366,2.0636688981260978,0.0,7.634749861449536E-5,6.124187631359641
2021-10-19,2.9805979562039564,3.282174990853248,187.32444437908703,2.025673439175319,0.0,0.0,6.0115062226531375
2021-10-20,3.235666799742946,0.03307413312504469,306.78078430454264,1.9598357645515063,0.0,0.0,5.816122513200347
2021-10-21,6.494581569298526,0.005700352186208085,340.54994046975224,1.7471806829125942,0.0,0.0,5.185034934211516
2021-10-22,7.625994954755176,0.0,338.75652176290174,1.4843180441011667,0.0,0.0,4.404948490682276
2021-10-23,6.063537004809773,4.943834191435512,223.73628317786734,1.2362155543939601,0.0,0.0,3.668665123439327
2021-10-24,6.151133419554596,3.163935860688981,250.6628693415655,1.0557841369744112,0.0,0.0,3.133206363106602
2021-10-25,11.880905904467724,1.8168502027405242,292.03085313766564,0.7846769126222988,0.0,0.0,2.32865280838238
2021-10-26,5.238396352598213,11.908132178197613,229.5742489574963,1.1359882795711909,0.0,0.0,3.3712248378413006
2021-10-27,1.0523275069319566,1.6918596786038942,187.47787319329646,1.2509050954216847,0.0,0.0,3.712258659094332
2021-10-28,4.330914033639456,0.0036370365371807584,248.64045067406647,1.1661449709721416,0.0,0.0,3.4607195878367647
2021-10-29,6.317785682562411,0.0,323.8290621419089,1.0959018442131254,0.0,0.0,3.25226200259916
2021-10-30,6.8294190163061215,0.0,307.54716779018673,0.9943296258842674,0.0,0.0,2.9508303844893837
2021-10-31,5.401918239685254,0.9836508748789031,261.87614190952894,0.8863623614471033,0.0,0.0,2.63042045589246
2021-11-01,3.5051795862504487,2.7909559107789454,174.88906193795643,0.786955611306516,0.0,0.0,2.3354152070270993
2021-11-02,3.778571037925975,6.991563953968483,109.90986778931044,0.7108096128708367,0.0,0.0,2.1094399167490274
2021-11-03,4.851938264277673,0.8843984649378296,226.129641147749,0.6748241824847394,0.0,0.0,2.0026474621967556
2021-11-04,5.850109033961927,0.0,305.27723138205556,0.6369377734976166,0.0,0.0,1.890213553070321
2021-11-05,6.845239510267898,0.0,297.23964117987026,0.5718521243685635,0.0,0.0,1.6970615981806865
2021-11-06,8.33778557547148,0.015639099850482587,301.5185447136311,0.513413721448069,0.0,0.0,1.523636397452634
2021-11-07,8.804117065211953,0.0,284.5301203186695,0.4468778378380723,0.0,0.0,1.3261806424351532
2021-11-08,5.1074150650098264,0.0,262.4328148587629,0.39953410877004586,0.0,0.0,1.1856806406125924
2021-11-09,4.557070827856737,4.629337702855098,217.95029478562606,0.36514416569936714,0.0,0.0,1.083623046941306
2021-11-10,1.2623480345888816,1.2867876843895565,195.00514169115752,0.7056065998362525,0.0,0.0,2.0939991528879576
2021-11-11,0.589231707032659,3.2334903974431315,188.7209972225415,1.7271371731176688,0.0,0.009815424868908108,5.115766031686202
2021-11-12,3.6300227996892587,0.7945853591617615,197.87156997758672,1.6069791388175505,0.0,0.008021258720349608,4.760966966490211
2021-11-13,5.666841305006217,0.0,241.47523697645505,1.398914869893278,0.0,0.0021472733120596705,4.149360096217457
2021-11-14,4.708560654144406,0.02692615606890733,236.57324505376576,1.2175038892091798,0.0,0.0,3.613135298385046
2021-11-15,7.922412784761234,0.00721434645879848,257.027638364216,1.0178354919271655,0.0,0.0,3.02058775863122
2021-11-16,4.34636265753237,0.6304227679648364,226.7847457227319,1.0116080022554934,0.0,0.0,3.0021066983631806
2021-11-17,-3.7013191290069622,0.0,235.3337973904138,1.0116080022554934,0.0,0.0,3.0021066983631806
2021-11-18,-1.1520751013435646,0.24662541488766032,296.28115597175787,1.2582394163595028,9.673010398079927E-4,0.062444298787490686,3.670824526837652
2021-11-19,3.688902612351635,0.35243761951963887,220.13262238655577,0.9801339904484827,0.0,3.976431988046156E-5,2.9086629441556613
2021-11-20,0.6385785965124149,2.461160425514995,145.47079781750685,1.375125938590493,0.0,0.0,4.080903652532427
2021-11-21,-1.4683218029379093,0.0,255.99560902752683,1.375125938590493,0.0,0.0,4.080903652532427
2021-11-22,2.1922049545550903,0.0,281.95374950953,1.3630164806033926,0.0,0.0,4.044966921253546
2021-11-23,1.7282136618168513,0.2916873733382861,252.44161703857944,1.369432973018328,0.0,0.0028184950763782204,4.061198653849211
2021-11-24,-3.694801262966577,0.26098634048514463,218.59761094226783,1.6304066051799746,0.003274444753610894,0.06499557761057081,4.770506416683392
2021-11-25,-3.557813244079412,0.0,279.5393539978426,1.6304066051799746,0.003274444753610894,0.06499557761057081,4.770506416683392
2021-11-26,1.1913631487343244,0.22783029967423066,266.7647395228111,1.602618380651307,0.003274444753610894,0.059236113535972,4.693783027497811
2021-11-27,1.5327276987290477,0.0,237.88280528438324,1.5100924964705151,0.001919896503401509,0.03506417810369459,4.444613545625286
2021-11-28,3.2881107779705174,0.0,259.3696412987219,1.4249850609341275,7.173060052489212E-4,0.013031563198604122,4.21517895202788
2021-11-29,4.948191594602826,0.0,249.62414173351695,1.262015626529652,0.0,6.839463286079938E-5,3.7451627230083884
2021-11-30,1.907671923541356,0.0,244.11436431160442,1.2243374790528745,0.0,4.612661076506814E-5,3.6333690655120767
2021-12-01,4.693826057560405,0.0,245.9509290994835,1.121830717205444,0.0,0.0,3.32921003298019
2021-12-02,5.745892884516169,0.0,245.76257182676517,1.0276623372163218,0.0,0.0,3.0497504758107783
2021-12-03,5.139418235557304,0.0,237.2929532442904,0.9470446529873777,0.0,0.0,2.810504750894977
2021-12-04,3.7116070388180673,0.0,237.88097057120976,0.8968954940523767,0.0,0.0,2.661679192358102
2021-12-05,1.4174819403145684,0.0,234.9763422966441,0.8907540284846206,0.0,0.0,2.643453422220243
2021-12-06,-2.8309178735977523,0.10466476603752291,192.47865302942984,0.9561552932005862,0.0,8.286884319378973E-4,2.8367157599177966
2021-12-07,0.32033464840647297,0.032513497091203526,197.82932620457728,0.9247019321104184,0.0,2.3540477961767802E-4,2.743964480044884
2021-12-08,-1.1133286718730346,2.985838429195782,167.93665177979278,1.559399029398452,0.022081260660051668,0.20000021911949237,4.406918022496949
2021-12-09,-1.8105512895856446,20.244398317903563,100.27458894993175,4.255721506350502,0.010669722685273367,0.16730634939621153,12.452355181738657
2021-12-10,-8.871740968489053,5.8961468411135165,155.25577007425994,10.15186139396253,4.623496386266629,5.443009823620266,20.21268538807411
2021-12-11,-10.979000318001647,0.316182815503648,245.18848140725754,10.468051402774929,4.623496386266629,5.460116434635152,21.13397282844123
2021-12-12,-5.3505587532498495,0.09446001079812388,238.7533539634628,10.562512531375306,4.623496386266629,5.467954777554267,21.406485824896432
2021-12-13,-1.203052476805034,0.2952502942721025,242.32215497550914,10.619446557387796,4.662626334168947,5.533228169483316,21.47238547293821
2021-12-14,1.8342620760606219,2.0265858500093423,196.66283987707814,10.530990496285277,5.5538047056283535,5.3869874211697955,20.490718213031208
2021-12-15,-4.0249303869026605,5.4898373708342545,198.16778118288457,16.020823136588266,9.716653753120122,9.928052317208738,28.214495050611934
2021-12-16,-8.57254379704504,5.580350813572664,197.46547731840957,21.601197266423046,12.083333861717167,14.95604727098321,37.464816036842265
2021-12-17,-8.599097712949094,1.8034231036497144,174.68391207026477,23.40460658869011,13.016282654880147,16.295522748058332,40.57566049770347
2021-12-18,-9.809712431927272,0.0,260.16775759217705,23.40460658869011,13.016282654880147,16.295522748058332,40.57566049770347
2021-12-19,-6.038983397451863,0.0,261.1823310141085,23.40460658869011,13.016282654880147,16.295522748058332,40.57566049770347
2021-12-20,-3.7439700718320768,0.0,253.27611117092965,23.40460658869011,13.016282654880147,16.295522748058332,40.57566049770347
2021-12-21,-2.3874167089189666,0.0,231.3448944452948,23.365810943291837,13.010934720491079,16.236000193530003,40.52506681766385
2021-12-22,-2.543320616748004,0.4086498220406747,240.86889009461004,23.75940963225431,13.041684114130843,16.364291027809813,41.53537369704976
2021-12-23,-0.3781548374849371,9.346571282243001,143.9950414417139,25.229859595829083,17.345198787587442,16.74917798317108,41.33844799789878
2021-12-24,-1.1219592092070378,13.505336526637237,83.30228236716445,24.730510313935266,15.924718583501656,15.73832682253766,42.24314261025264
2021-12-25,-1.9997260030084352,3.3815073770240165,127.99709899759536,25.73231031762192,15.401672603152496,15.918756449743974,45.543907182964
2021-12-26,-5.051073291898041,5.31350735529578,172.53731091788765,31.02383120726284,17.045312179376374,19.126424656086662,56.453772915766606
2021-12-27,-7.74903529132402,2.8584162421998003,190.4213034429699,33.88225018590841,18.376463258505247,20.806637284695395,61.969295868717104
2021-12-28,-10.06280102927616,3.873932687816558,134.3483988444079,37.75616011953923,20.100924112595592,23.68255047701809,68.92451373848307
2021-12-29,-9.72925267974113,2.3741958481641907,173.61862311286075,40.13034853618189,20.725274459693484,24.96305703961214,74.08755474372342
2021-12-30,-5.264509652052803,6.693879671818901,155.51029943519518,46.82425012003455,25.35012101268478,29.888841886016532,84.55259416936379
2021-12-31,-7.345012097076747,10.158852224387925,142.30947122107003,56.98214756608967,34.241616116882575,37.999111586483316,97.98127108099504
2022-01-01,-15.017533335841351,0.0,234.9261384194291,93.07624917245366,54.61783451500038,70.15963641416035,153.25307197273878
2022-01-02,-13.739717140632616,0.2712670487650793,290.08837625997955,93.34752308433644,54.61783451500038,70.24712110046444,153.97089226777396
2022-01-03,-9.083199206583298,0.21591091896025508,267.3566063839492,93.56343468595708,54.61783451500038,70.25867343171097,154.60012565790691
2022-01-04,-6.410244579407198,1.1788460998200172,231.57251686616806,94.74226890578245,54.707170982245906,70.79886111620567,157.4731909396744
2022-01-05,-4.196349971311846,9.900111003243241,174.63936543592695,104.6192012241631,57.1257667581579,77.08470452332723,178.1696818757585
2022-01-06,-1.7102184153021083,4.734221620101405,199.66551547137675,105.78987330098579,56.89351642242587,77.24647518351571,181.7079610233342
2022-01-07,1.7513569504952364,0.6820329921729429,196.9608737366691,104.37638452076459,55.22366739357582,75.78108767572827,180.59504011120148
2022-01-08,-3.612305240908359,3.572191170158413,211.80787030051587,107.93845761389123,56.661592224297465,77.75137112979463,187.80591454587145
2022-01-09,-8.377394372760158,0.0,283.7394972706903,107.93845761389123,56.661592224297465,77.75137112979463,187.80591454587145
2022-01-10,-6.708919591129978,0.05942693464986158,294.5562565285413,107.99788454731797,56.661592224297465,77.77125328896575,187.96244955929504
2022-01-11,-5.905296082391762,0.0,295.9892664290526,107.99788454731797,56.661592224297465,77.77125328896575,187.96244955929504
2022-01-12,-4.215543361101967,0.016114712542422603,287.04142829066035,108.01329353928166,56.661592224297465,77.77125328896575,188.00817817935945
2022-01-13,-1.5940998729900668,0.05019174129822245,277.8121380133598,107.95849794302471,56.65281625062029,77.72314778752177,187.9020458004678
2022-01-14,-4.352311306838796,0.23130523389404686,244.36944817030334,108.18980093753342,56.66075726536011,77.90059367469787,188.4038414073944
2022-01-15,-5.918373109848709,0.0,296.6253582163959,108.18980093753342,56.66075726536011,77.90059367469787,188.4038414073944
2022-01-16,-3.8171237115672034,0.0,272.9449645639788,108.17928360673164,56.66075726536011,77.8958547474686,188.3773545844364
2022-01-17,-2.8862966623422066,0.0,296.0482348652255,108.16352642136633,56.66075726536011,77.89077642861908,188.3356560601095
2022-01-18,-3.5368022072635092,0.0,287.05488902949867,108.15619863174594,56.66075726536011,77.88756039917958,188.31711627662247
2022-01-19,-5.244900358401918,0.21423694100003035,263.3506420730151,108.37043498844275,56.67142209187673,78.045154330254,188.78541391821614
2022-01-20,-6.277235013763307,2.456351562859474,218.85392726116874,110.82679246774624,58.175809432956335,80.08791492079781,192.57812996526633
2022-01-21,-5.403445071408818,1.4413176714945788,231.0080778044082,112.26808845522687,59.23133914946407,81.34424637122068,194.57826967718958
2022-01-22,-7.144950061508242,0.0,297.5860153386008,112.26808845522687,59.23133914946407,81.34424637122068,194.57826967718958
2022-01-23,-7.037754388023323,0.0,320.9488385780503,112.26808845522687,59.23133914946407,81.34424637122068,194.57826967718958
2022-01-24,-6.231032801529971,0.4071209360717478,300.0919386994748,112.67521904852602,59.69620100590683,81.63413873072906,195.0462608685484
2022-01-25,-8.692577746387771,0.27614915164238185,305.8650928907713,112.9513612486206,60.0722049770831,81.96966846026483,195.16626469981435
2022-01-26,-10.760590444844881,0.16915502992566442,334.3891641269182,113.12051047692651,60.0722049770831,81.97273667297398,195.66518257211018
2022-01-27,-9.789188360904134,0.002309225867804112,320.81509318922826,113.12282046542941,60.0722049770831,81.97961210751781,195.66518257211018
2022-01-28,-9.282146639894076,0.0,360.4137902714521,113.12282046542941,60.0722049770831,81.97961210751781,195.66518257211018
2022-01-29,-6.3040787661216555,0.010420722662708916,366.3987728879877,113.13324118809213,60.0722049770831,81.97961210751781,195.69610771429743
2022-01-30,-6.020519081174336,0.0,363.34925399386657,113.13324118809213,60.0722049770831,81.97961210751781,195.69610771429743
2022-01-31,-5.983445348157542,0.0,368.10332825489115,113.13324118809213,60.0722049770831,81.97961210751781,195.69610771429743
2022-02-01,-11.460516387966745,0.0,335.33865283297337,113.13324118809213,60.0722049770831,81.97961210751781,195.69610771429743
2022-02-02,-15.048818265771907,0.0,346.2404497711135,113.13324118809213,60.0722049770831,81.97961210751781,195.69610771429743
2022-02-03,-15.532834865901988,0.0,372.2100373109729,113.13324118809213,60.0722049770831,81.97961210751781,195.69610771429743
2022-02-04,-10.873228585505885,0.0,378.7957775400796,113.13324118809213,60.0722049770831,81.97961210751781,195.69610771429743
2022-02-05,-7.180270204721168,0.7387932015773571,330.25437187394954,113.87202793019293,60.07884536546022,82.21835865241833,197.64408321335924
2022-02-06,-6.443035095401441,0.0,329.6061803526548,113.87202793019293,60.07884536546022,82.21835865241833,197.64408321335924
2022-02-07,-5.9409370341093,0.015670149367768157,374.97180080128544,113.88769257416986,60.07884536546022,82.2198871942193,197.6890464654457
2022-02-08,-3.7638296058640006,0.05258617294981567,357.21718363327017,113.94027874744458,60.07884536546022,82.22025779798011,197.84473473327535
2022-02-09,-2.3449539566122697,0.0,313.5835319954937,113.87789004241213,60.01365398673451,82.10468462808768,197.83809465971567
2022-02-10,-1.2467152706416709,0.016512041078736252,298.86244958504756,113.7553589126087,59.90885044848644,81.92726231066827,197.75308734397223
2022-02-11,-3.947761854291527,0.1414921383942667,382.7646514848367,113.8968606766906,59.90885044848644,81.93814023330678,198.16217020511934
2022-02-12,-7.038657296922118,0.016773224537286368,403.4993653592631,113.91363390122788,59.90885044848644,81.93814023330678,198.21194740105324
2022-02-13,-3.003312432353653,0.010685770529187778,391.68156550938346,113.92432011656253,59.90885044848644,81.93814023330678,198.2436604347233
2022-02-14,-1.2946005208586393,0.0,388.15349795998276,113.90379566298972,59.90788477206946,81.92557976481201,198.19621175756112
2022-02-15,0.8308384401401192,2.407306367089834,319.46711426339647,113.7628720206778,59.50339073395728,81.68557394280798,198.409899076974
2022-02-16,-4.778903629657504,3.339378789948926,248.5189071778214,117.10222161222184,61.68674116871348,84.27880616395944,203.61518094964046
2022-02-17,-9.268089906716098,1.041445702430665,363.0594704558924,118.14368657885186,62.4909506631863,85.25720246552375,204.94980797790117
2022-02-18,-5.200034006620836,0.2846576888645592,337.50072734617294,118.42835270175767,62.4909506631863,85.31825981069912,205.73372155734498
2022-02-19,-2.821331458309352,0.0,387.33343438294264,118.42835270175767,62.4909506631863,85.31825981069912,205.73372155734498
2022-02-20,-0.8419777398703865,0.28719215105783696,397.20940423157725,118.70150294682693,62.489895676742,85.40374171035585,206.4601310389745
2022-02-21,-5.988817977843366,10.012758512274958,312.953335377264,128.7142474116908,74.8814126256863,94.94876922009263,214.63039991961256
2022-02-22,-14.89156012769557,4.293013518642341,275.845928182144,133.00719408023429,78.43778336954495,98.67844995423543,220.19987483429077
2022-02-23,-14.078563788668166,5.667741498222143,257.9195591773484,138.6749535221567,84.23144609228777,104.09288041381463,225.99801893468475
2022-02-24,-14.610051719088672,0.8507381956489075,367.4581989888016,139.5257116669742,84.69965246736717,105.00209023503551,227.16179900986214
2022-02-25,-12.467340223665175,0.09500011740419238,422.2159650187293,139.6206930715335,84.78463442793405,105.11932816297505,227.24429460081834
2022-02-26,-13.217571845431252,0.14053973161614575,468.0608326014566,139.7612295266731,84.78592688651896,105.20048715137321,227.5791835029201
2022-02-27,-8.424527367616726,0.5660118577645298,478.428810992666,140.3272497862123,84.7898467416992,105.45280609093525,229.00355511656537
2022-02-28,-4.738605211881798,0.0027380671505550544,479.21360886544875,140.3299896138945,84.7898467416992,105.45280609093525,229.01168598842355
2022-03-01,-0.09800184517610731,0.00800586241825214,458.113278372264,140.1015717791316,84.69408721634471,105.1205804421653,228.7580140837096
2022-03-02,2.424209030272573,0.0,449.2243356144284,139.42795591035602,84.37621769959824,104.44955010682037,227.73653536026418
2022-03-03,3.8387065135212133,0.0,442.5276659373537,138.30704630613386,83.50232970788379,103.3366827761484,226.36784964416034
2022-03-04,2.7731245800216704,4.703740802878597,320.4648307668348,137.2054716873224,82.3733504487649,102.08641334636708,225.44113218967308
2022-03-05,-2.478043938715137,6.296264610524597,190.20456313288338,138.74451975207154,82.05193755556297,102.76317282855916,229.64568847573364
2022-03-06,-7.282830680808189,0.4754189943490388,354.95957923860436,139.21993488814275,82.07773116530473,103.07852371676853,230.7170975879617
2022-03-07,-10.841243768229596,0.047917333153318614,463.77003200952055,139.26785062007164,82.07773116530473,103.09871603594273,230.83916204110434
2022-03-08,-9.244520266448221,4.257232832392927,395.79142147426836,143.52509222688766,83.50815699777512,107.05910389425848,238.13607369945507
2022-03-09,-10.54142747395264,7.683234225634188,345.9305177611924,151.2083539278068,90.66831413940325,113.83231087149667,247.2344408532478
2022-03-10,-14.752800789018979,0.1876916439296644,503.9415717758878,151.39603700895674,90.88847317379867,114.10480935439159,247.30603652168912
2022-03-11,-12.705676348989352,0.22548583941910158,541.3085207180943,151.62152719210815,90.88847317379867,114.2494639987871,247.8309841901014
2022-03-12,-4.14701317615019,0.16219885954362975,479.0241212487332,151.78372776163812,90.88847317379867,114.2494639987871,248.31234002672838
2022-03-13,-1.5822742418728044,1.79376080486244,414.6850372455882,153.4775951958837,91.37079026968311,115.24136686852952,251.8820341048325
2022-03-14,-1.829009680446306,0.0010878584871435323,455.0123956229082,153.4786788611229,91.37079026968311,115.24136393060806,251.88525298207398
2022-03-15,0.5731537107992737,0.3895078522009366,495.62059392146887,153.64894026099927,91.31845574499198,115.18599214199152,252.49653540956228
2022-03-16,0.29197549125832467,3.0541025850563077,333.6615387685446,153.58651717292312,90.51115146447898,114.51614180705836,253.7627333074745
2022-03-17,-1.5780933878377958,0.0,423.37521909162365,153.40934568352623,90.06125880599255,114.42771419092757,253.76177964563252
2022-03-18,-2.1952555414934514,0.03502045375352278,521.4802299315076,153.4443033347941,90.06125880599255,114.43129934102024,253.86194737495188
2022-03-19,-0.016760246337689147,0.2908375096621144,519.01286845374,153.5844295206035,90.04326249177356,114.48889531898729,254.2378341416587
2022-03-20,1.7590909285957597,0.9768805142449513,438.88161324330946,152.87580064676345,89.37253167135,113.69735673380947,253.57508806670947
2022-03-21,-2.521447492110564,0.0,380.9673350252571,152.75024244505542,89.03168102728661,113.65598552633713,253.57455127919042
2022-03-22,-3.156183172077876,0.24939913946511422,443.57092231178984,152.96212887831516,88.9455061662115,113.76196787692055,254.1813271795976
2022-03-23,-0.8986786282435378,0.11499538955756379,570.8393601738721,153.07386373065097,88.94017147544864,113.76579867181691,254.51427628230493
2022-03-24,3.2108770801115463,0.0,564.1874853925843,152.45710558248928,88.17626237760277,112.99252102136067,254.19640195185517
2022-03-25,5.927604736638957,0.0,556.6823900012969,150.81491890785995,86.24924368756204,111.2752318139335,252.90555334746887
2022-03-26,9.214787820047684,0.0,530.9506249207506,147.5848849537174,82.97956012208462,108.06766678974537,249.6916000405984
2022-03-27,9.84441630035916,0.0,559.6826022838322,144.4012446150351,79.72067916662394,104.89250555709127,246.57253349476923
2022-03-28,8.5059374763469,1.0846636299252597,498.07591385381846,141.3230589447921,76.49466241940229,101.70564011524819,243.74619244106842
2022-03-29,2.633030830248662,8.062352166125189,291.57883290730325,139.67707434814943,74.05482325991868,99.62704012398916,243.3020632350703
2022-03-30,0.9327385083711022,0.1651003998892275,436.40413711010143,138.93501747297566,72.66519917179652,98.96494461513801,243.10880385507997
2022-03-31,2.524511719001199,3.380431996311061,460.08466219243064,139.5413637402503,71.61335259679542,98.57056644606092,246.32236789636315
2022-04-01,2.5220048369548156,0.0,539.7269100259311,138.7836821963433,70.37174828223118,97.7580408147961,246.0890615209007
2022-04-02,5.302445467811706,0.14798245175242,584.8726500190601,137.420666349186,68.7600633051249,96.37327937073509,244.9890839605405
2022-04-03,4.373434575321612,0.07490285721250033,524.4984545350337,135.79509629475632,66.77840759966202,94.64440618762573,243.812128085557
2022-04-04,3.6052404292765,0.01582960263195573,555.3874717648837,134.7693815973871,65.51526579738614,93.517261264389,243.11799101047956
2022-04-05,0.4656424428241224,0.5842926732801803,517.6522613664831,134.97800877525893,64.89826518754381,93.26383882178688,244.58866028840947
2022-04-06,-1.9520614201565294,0.0,539.1673500486331,134.96565513110056,64.86052277241853,93.26380986735813,244.58866028840947
2022-04-07,0.8439041329848345,0.014315512018886476,636.7774023829563,134.97489193979584,64.85017051499297,93.25905421047571,244.6308615067243
2022-04-08,5.043742674493915,0.11163296116742302,635.44006542694,134.4099850676774,64.11295422618761,92.73902429753475,244.18845169186775
2022-04-09,5.80670835690073,1.8943442254125415,546.8549154890475,133.21496389662124,62.618912740941454,91.26315252710732,243.56368387964218
2022-04-10,-1.0033673936517546,0.09114070835972417,479.2517736134459,133.1103521934698,62.25686172111514,91.27455655197532,243.59326572970917
2022-04-11,2.7702600142401477,3.704690810977395,485.47225278144185,132.7788353249575,61.424894703763954,90.42758551324408,244.26142364507032
2022-04-12,-3.821107732122768,7.0371663720620585,360.56673587725305,139.81567837604737,64.71171087864785,96.25468319415965,256.1442113712971
2022-04-13,-6.485257459911648,1.8173319171983728,422.2656269172793,141.6329955834513,64.83642406800318,97.0266768425255,260.6466138287587
2022-04-14,-2.1161317914620534,0.7235782363253114,608.3491496983572,142.35657383452076,64.86577479794967,97.48876502802807,262.3047270631295
2022-04-15,3.0347678056382805,0.09219826851729981,536.5867248559002,141.3034047387386,63.68672622435719,96.3220437069505,261.48695466973356
2022-04-16,4.966101783232722,2.6318658873097456,522.6332417273298,139.8999470305414,61.97614386660553,94.8835311027419,260.4165420031121
2022-04-17,4.18082811392696,2.857024740377697,424.7873354167661,137.9319478092233,59.82266777780587,92.79631337970675,258.74743393851134
2022-04-18,7.107731145167534,0.0,676.4101418217077,136.74216496821003,58.400332824671885,91.53310599387106,257.856573597663
2022-04-19,8.79855077385552,0.4601844484149789,628.7151074315071,134.51092264325615,56.07593108523641,89.19483248503163,255.82246820846927
2022-04-20,6.595645755765912,0.0,597.7143690708926,132.59521019577326,53.92113953066599,87.20913960733083,254.2085793099774
2022-04-21,10.340908829696566,0.0010663317572363613,632.8974451417205,129.65964177464537,50.985472506645884,84.34269034091976,251.2041902922162
2022-04-22,8.013287382348064,5.888116792602791,499.1549049800089,127.39615667225416,48.49156095442207,81.87557635485261,249.36738674489675
2022-04-23,1.1682103430358186,10.154203110483996,215.40447446595857,125.92193024748231,46.402445171138154,80.03018293008084,248.86004528866886
2022-04-24,1.3023939428580018,0.48116432771789663,425.88526987723293,125.14852150990045,44.93931321752354,78.77354778501412,249.23788526506402
2022-04-25,2.2913544944494038,0.017174021562775175,602.0200935069433,124.79517904573802,44.35006347246251,78.2939339013796,249.23941358095394
2022-04-26,7.087061316836792,0.19162241388216822,642.3643936754631,123.36931865678712,42.83477983189073,76.70012454293821,248.06780283498276
2022-04-27,10.682340949851096,0.0,609.8551868629412,120.19535702485379,39.87234030534199,73.57732273150962,244.63752966018663
2022-04-28,9.969030751862585,0.0,593.1624192619214,117.30962319848308,37.08031242034887,70.58150947571538,241.7706018676774
2022-04-29,4.633271234905497,1.7486272771878544,412.74604669831956,115.51122603131742,35.06799949570221,68.58092449283244,240.381424254978
2022-04-30,4.788492009764932,0.0,616.9703861935084,114.66606855013318,34.222207457868414,67.61125493459288,239.66102932197916
2022-05-01,8.167055472374411,2.4765870276702935,514.0220893034708,112.39555722988706,32.214621511958875,65.3044038425059,237.17155760082846
2022-05-02,6.812625281189202,3.632315317091569,411.3068982269577,109.95721546475743,29.996783229998766,62.79091076972487,234.59412745377497
2022-05-03,5.689444719058937,7.265552655724129,397.62169389687136,108.22218706804652,28.349902545659106,60.932540033048994,232.89652385474108
2022-05-04,3.2494679581485344,3.282411392802887,343.31917202444936,106.73817871478578,26.916898311768822,59.29417578285121,231.51691414614035
2022-05-05,8.124485804702969,0.11451291579688988,567.4450098861578,104.5271541020437,25.110328004408903,57.08145686389987,228.91501836040413
2022-05-06,12.130251018781737,0.0,570.919129727654,101.17678750078242,22.37911267023878,53.83961641309956,224.85550024838102
2022-05-07,10.224809098719662,2.488095917223402,435.9342974149146,98.06471054896016,19.671663144500222,50.706198236524706,221.37197335148227
2022-05-08,7.6199599122904935,1.5888314613958125,486.28217134833596,95.82019115261811,17.908219431203477,48.52574783281436,218.59664431842538
2022-05-09,3.729415455398292,0.9711377482980664,493.9789538451863,94.7670195988699,16.91089610586358,47.35342065378117,217.60807278724408
2022-05-10,6.842974517275733,0.44295100016380645,637.2907217558021,93.92216516763072,16.35165720895624,46.57357099335246,216.42118793430708
2022-05-11,11.476385811629683,0.0,602.8238473153299,91.05055911207714,14.550050823121602,43.9852222953204,212.22862168054525
2022-05-12,6.932366595432079,0.0,510.1144881127984,89.11102144570279,13.116824418843176,41.971030889459755,209.8720965025508
2022-05-13,6.5687591214391166,0.0,620.6068459160991,88.08915168737656,12.436406559733545,40.96717289500111,208.500857028343
2022-05-14,10.160485578145368,0.0,638.9477826279134,86.27784432192095,11.230401094111244,39.2802935361898,205.97798506415003
2022-05-15,13.14732575363022,0.0,622.5671239779537,83.6027182070484,9.52916855334146,36.7794693785442,202.18381428394125
2022-05-16,15.075529888279044,0.0,614.4944374296604,80.35537199049908,7.703203199876172,33.76594836877191,197.32374682656757
2022-05-17,13.185505699258169,0.483843644195921,557.0304459472195,77.59930276950125,6.27981316552563,31.179060759321022,193.10550346412424
2022-05-18,12.363871251471222,0.0,596.1757589516242,75.15892580532926,5.168903858112016,28.8159069566959,189.2977580119829
2022-05-19,10.033634839784185,2.365104660220403,580.6692349423605,73.84487876444301,4.455787306022787,27.226500029248424,187.67500380624864
2022-05-20,1.4236748916248465,6.739157120465913,348.532686203239,74.69424907400958,4.142144842416436,26.547942545675415,191.1766296849591
2022-05-21,2.0846563807761687,7.875719220592429E-4,576.5490315967006,74.59296430649066,4.028679773394526,26.381921768832683,191.15171305090425
2022-05-22,5.177464772709318,0.7270015481944707,558.5516960073276,73.90167375366246,3.745255664537698,25.58952377930308,190.16536089455107
2022-05-23,5.239944559835579,1.2670643199360967,443.1328781859353,72.71173583547031,3.3144831765807714,24.383729628107776,188.25439204174643
2022-05-24,6.142505948635115,1.1172917019507684,474.3112903460637,71.53232395445508,2.936716174328888,23.163704603818854,186.3374032241731
2022-05-25,8.22297769230779,0.08939700218770828,632.5028416974193,70.64243532416769,2.660360548187789,22.255054852611718,184.87072983114663
2022-05-26,13.14339685557167,0.0,632.3185385194413,68.64831661487548,2.144021138983324,20.429705546994526,181.27401482803953
2022-05-27,15.772099791016707,0.0,561.2485145970988,65.79655761708598,1.4960193037505614,17.865506504925122,175.99658860584518
2022-05-28,12.818508965511317,3.043933892040284,448.9187037116543,63.56889100395019,1.050444821545008,15.696149658610453,171.98109725737575
2022-05-29,5.9850706495824895,16.646431814660016,280.3251608110844,62.1317068508426,0.8027977775528188,14.279399394839606,169.36898282637114
2022-05-30,4.727809298883754,9.036714590180022,304.3670191729904,61.101408048868144,0.6505704101005574,13.290281026101049,167.44537448578765
2022-05-31,5.774108446975898,1.52460581509201,470.6872844317957,60.25921545611901,0.5367050245062468,12.521644640232951,165.82293229385195
2022-06-01,8.235340482719062,0.0,596.1579545112105,59.275549070866994,0.43944551894659617,11.764867586477987,163.7527021762137
2022-06-02,11.66156631467911,0.0,602.4097268253109,57.77155496921697,0.30804616830333115,10.632960279311485,160.54548248152733
2022-06-03,14.252438484403674,0.0,575.4243250119555,55.776378375107356,0.1759817988258066,9.251452353302545,156.13011461594863
2022-06-04,14.856707463205495,0.01977421653862697,569.8638177832046,53.78130242489405,0.08470583380009891,8.005211495212402,151.54058640984195
2022-06-05,14.378865690939797,1.114778952855239,452.51557353446316,51.72936947079318,0.03307777409586891,6.811787210026595,146.69118251255256
2022-06-06,13.464532378813107,1.4530140969315546,429.2549364851096,49.90052291578643,0.0148542799879645,5.794285035002249,142.29599473754106
2022-06-07,13.235944668778101,0.0,566.3311408490363,48.45557166407925,0.00796879593115733,5.05796911537775,138.7487113682234
2022-06-08,14.039459551219265,0.0,598.5003075816704,47.029144838974666,0.0029786990183217664,4.402802623223901,135.1736512488838
2022-06-09,18.121754010123592,0.0,557.8212046804013,44.93841296693111,3.43130434279716E-5,3.5438312635794844,129.82838204208866
2022-06-10,18.85746922052742,0.0,589.0127988892089,43.00450570663001,0.0,2.822587599596556,124.80836668620131
2022-06-11,20.066973209738503,0.0,574.1891494387507,40.952374907578736,0.0,2.150048867848936,119.38890899176863
2022-06-12,20.1297142975115,0.0,550.6567599899954,38.95122263529494,0.0,1.5824306899368699,114.01612550899988
2022-06-13,15.615300792097564,0.5807148730480539,567.4311885695495,37.79229674086461,0.0,1.2341413644052517,110.92409681854934
2022-06-14,10.23632253967281,0.0,493.11222246282773,36.957919744005565,0.0,1.0078473888119155,108.67358098702168
2022-06-15,11.309479675950042,0.0,615.4171883468198,36.29632719559337,0.0,0.8782872770021597,106.8393803625281
2022-06-16,16.47966243165333,0.0,624.3271723913334,35.17074334832315,0.0,0.6942500482733758,103.6825294284975
2022-06-17,20.130686577234222,0.5272240727493736,547.4892847076851,33.56563678098769,0.0,0.47560513499913265,99.13712511828903
2022-06-18,18.55218965891156,1.834034330142296,376.55999772033823,32.097591333465324,0.0,0.3096956634640655,94.94589068193876
2022-06-19,15.772383792313851,1.2558399108155434,390.1763745806848,30.898125765806867,0.0,0.20314318999701272,91.49252671214111
2022-06-20,11.236477262346195,0.8308376624546018,460.46833547972074,30.18555381048856,0.0,0.15734105498923917,89.42352447783236
2022-06-21,12.495367980110515,0.0,602.45357390189,29.594302138381142,0.0,0.12444641726127535,87.70168975103506
2022-06-22,16.208978143487805,0.0,572.886557271842,28.607277196013392,0.0,0.07642225241350979,84.82042039067926
2022-06-23,16.153416947730623,0.7825114437761762,450.39566643905613,27.567909736515023,0.0,0.04090158001713331,81.77134953804185
2022-06-24,14.542304185314496,2.3593146492107815,408.7863781566001,26.696275789677966,0.0,0.02481452642795655,79.20067782169976
2022-06-25,15.533094788586585,0.0,527.4053345798374,25.85946706163915,0.0,0.01508658336053407,76.72701500113058
2022-06-26,16.49005481384419,0.09144136004333252,512.0259850870705,24.96006278196711,0.0,0.008549328813702784,74.06440865940831
2022-06-27,17.567930902794455,0.0,553.3573165160365,24.12648180424925,0.0,0.004930775832271978,71.59423323837439
2022-06-28,18.705857345682144,0.0,550.2441238243365,23.222929924391615,0.0,0.002239526533589807,68.91548351952422
2022-06-29,18.601700504540645,4.140892581945076,388.96878743339664,22.346573140018247,0.0,4.437698137174257E-4,66.3165466820738
2022-06-30,16.749658157120077,9.780053848326485,314.30479238757437,21.579625563000768,0.0,0.0,64.04095094780784
2022-07-01,17.179327713967805,1.6653409758531224,458.1369941503789,20.88944412728218,0.0,0.0,61.99272840840825
2022-07-02,18.115725704351153,0.09774111691984501,509.4712519916831,20.17524120782018,0.0,0.0,59.873218317813006
2022-07-03,19.269823675856237,0.9651402487004892,431.43951950966107,19.377119098249413,0.0,0.0,57.50466476158185
2022-07-04,19.728180614875985,0.08296096890453414,458.56805896904405,18.601144534748705,0.0,0.0,55.20183755020066
2022-07-05,19.126454067649846,1.2794247494838742,450.86043017701377,17.87875061447317,0.0,0.0,53.05801936956086
2022-07-06,18.255182206570446,0.5669137704486226,430.49594415723334,17.225276488842688,0.0,0.0,51.118731576870175
2022-07-07,19.088868360578687,0.07808174042100138,502.10698002313393,16.595057001063598,0.0,0.0,49.24845559893977
2022-07-08,20.512755762604282,0.0,518.2930099079543,15.89766463724274,0.0,0.0,47.17883349023174
2022-07-09,21.297398020397125,0.0,538.202665345978,15.201722198404173,0.0,0.0,45.11351426316537
2022-07-10,21.55282211320748,0.0,502.2220891105109,14.53056573179497,0.0,0.0,43.12175132775477
2022-07-11,20.243482279528237,0.0,522.7878950868043,13.933347939881665,0.0,0.0,41.34941310041068
2022-07-12,20.764372327085372,0.0,530.6287591361404,13.336239626092944,0.0,0.0,39.57739976671156
2022-07-13,21.10073263600434,2.3917655923204615,454.67434873825715,12.753283096200931,0.0,0.0,37.84738408935301
2022-07-14,21.826595781927402,0.9868974582012693,447.17748355090055,12.184483284016993,0.0,0.0,36.159380710200374
2022-07-15,21.049036520241646,4.836874166634489,341.1699505873196,11.636173254233118,0.0,0.0,34.532184000087604
2022-07-16,20.43881644957268,0.5959564781672918,470.19095330739987,11.144093502342248,0.0,0.0,33.07185953054335
2022-07-17,21.577558794644162,0.0,532.2333969254552,10.638365794596915,0.0,0.0,31.571032594037302
2022-07-18,22.53466283233991,0.050874503193468076,481.36978034587,10.10263476270667,0.0,0.0,29.981166049117935
2022-07-19,22.01825575728274,0.0930026308889231,454.833190063001,9.616196334875818,0.0,0.0,28.537583100706826
2022-07-20,20.703130844810715,0.047725790524788377,493.48514611687926,9.177134408358421,0.0,0.0,27.234597410938413
2022-07-21,20.880614960121882,0.0,526.8096733878929,8.76503007752004,0.0,0.0,26.011612648781583
2022-07-22,21.708430582148864,0.008925499279755427,523.36147705859,8.34151348098592,0.0,0.0,24.754760183707926
2022-07-23,20.911503813085673,1.9577675366024456,400.3050185824677,7.9440705344964035,0.0,0.0,23.575285397809555
2022-07-24,15.702006047926517,5.91786895716623,236.19490577338718,7.624929021796297,0.0,0.0,22.62818249741082
2022-07-25,18.276644991546064,0.0,524.7602330085147,7.334625465965041,0.0,0.0,21.76666079377017
2022-07-26,20.125463848777567,0.0,511.34342086503244,6.982179282899074,0.0,0.0,20.72072101805096
2022-07-27,20.43067533804131,0.0,511.4472196548437,6.63354012925326,0.0,0.0,19.686079204089282
2022-07-28,18.830387129076783,5.929727046473014,373.00739844275995,6.334138624765735,0.0,0.0,18.79755789927758
2022-07-29,18.229859183843686,0.628385522786397,482.321740603997,6.058646318098325,0.0,0.0,17.979990919429913
2022-07-30,19.56570349692729,0.12423911860478652,497.3935379521042,5.773625565763851,0.0,0.0,17.134146770463076
2022-07-31,20.58674457511312,0.0424243368373382,470.1377433644169,5.477834334945956,0.0,0.0,16.256339523608958
2022-08-01,21.324108990303788,0.28389753220717473,459.0934343144766,5.179643819652897,0.0,0.0,15.371412020708908
2022-08-02,19.50442742772898,2.04771300012691,355.8663297732169,4.8998991728098416,0.0,0.0,14.541225549025905
2022-08-03,19.237036376802404,0.0,469.7099414408358,4.648964901332887,0.0,0.0,13.796538421630496
2022-08-04,21.1134198816219,0.0,502.4983401828245,4.385305078313272,0.0,0.0,13.014086207915678
2022-08-05,21.23688334135758,2.9153641320365753,381.5237084912081,4.115434286733713,0.0,0.0,12.213201962944126
2022-08-06,20.58103265007599,0.008683776289073228,474.27032151736836,3.871199327998728,0.0,0.0,11.488396105380764
2022-08-07,18.85153738069624,0.0,469.33128584869087,3.6572790251301686,0.0,0.0,10.85355378234091
2022-08-08,19.455484659359424,0.0,508.78679579132444,3.4413066291041234,0.0,0.0,10.212621548386931
2022-08-09,20.528814542233043,0.0,534.1584382480501,3.242912032887605,0.0,0.0,9.62385421470362
2022-08-10,22.572837790789947,0.0,501.75730937155487,3.0106361581072347,0.0,0.0,8.934538829701157
2022-08-11,22.34160488305051,0.8571293128931632,460.75186050539105,2.8040207933283057,0.0,0.0,8.321375065471745
2022-08-12,20.926381517925172,0.7914959531592933,460.63103430868273,2.624954329431321,0.0,0.0,7.78996702053857
2022-08-13,20.331311726010632,0.38870047279803105,420.60883517714535,2.4474896323390753,0.0,0.0,7.263312471863828
2022-08-14,19.215595625403537,5.362765142714978,330.6298332769403,2.2951552218329323,0.0,0.0,6.811236022140177
2022-08-15,18.108762417336926,0.8138339945077347,382.9553356619575,2.152391873746593,0.0,0.0,6.387563213487851
2022-08-16,18.24690115350248,0.5305852773176858,438.73008411235173,2.023868677810001,0.0,0.0,6.0061503079394445
2022-08-17,18.27708769627706,0.0,503.66425145993543,1.906664531005453,0.0,0.0,5.658328470416051
2022-08-18,19.28384866377535,0.0,495.7863377792018,1.7788991359754178,0.0,0.0,5.279164458878495
2022-08-19,18.360853498430934,1.4593859319857827,430.1514285483203,1.658356705357723,0.0,0.0,4.92143573630265
2022-08-20,16.37962818212207,1.739647711605816,384.3490705957661,1.5482499874177227,0.0,0.0,4.594676641153681
2022-08-21,16.29022324383625,4.516869830105176,295.15493230611537,1.4447522401911794,0.0,0.0,4.287530711582603
2022-08-22,17.616180259388326,0.0,483.7866720093124,1.3489550865086646,0.0,0.0,4.0032375109424505
2022-08-23,18.510808810801425,0.5956321904646067,463.5728538686565,1.252470100821189,0.0,0.0,3.7169030600701554
2022-08-24,19.286874690079042,0.23027911809946378,472.83911928523963,1.1572828910358346,0.0,0.0,3.4344199643868714
2022-08-25,18.11956500644468,0.0,436.57872592065956,1.062234038873806,0.0,0.0,3.1523474668273974
2022-08-26,17.826548352683915,1.0407960036761368,416.54082137327845,0.9870863882774266,0.0,0.0,2.9293349316174706
2022-08-27,17.10784905308357,0.0,482.03625448517846,0.9192973147302789,0.0,0.0,2.728160137311793
2022-08-28,17.743053367055023,0.0017036692267949282,457.0307048338049,0.8433560076862094,0.0,0.0,2.5027923011033604
2022-08-29,17.57755032985557,0.0,489.8372245267096,0.7790329296085102,0.0,0.0,2.3119033963834985
2022-08-30,19.273553872696926,0.0,497.5210537047465,0.7082189968332407,0.0,0.0,2.1017518540389526
2022-08-31,20.088111317035384,0.0,482.8060522058906,0.6363517217368083,0.0,0.0,1.888474351805812
2022-09-01,19.835204961809474,0.0,491.0622466847333,0.5741324174525606,0.0,0.0,1.7038287284588534
2022-09-02,19.988978569030362,0.0,483.04580656185686,0.5198240642605297,0.0,0.0,1.5426601033280176
2022-09-03,20.521801247380182,0.0,486.7493657114497,0.46762847312618516,0.0,0.0,1.3877614336653925
2022-09-04,20.794326440607684,0.0,493.48321785845553,0.4205335947545672,0.0,0.0,1.2479999356317644
2022-09-05,21.322578567635208,0.0,475.63955220656203,0.37105911452565604,0.0,0.0,1.101176592832882
2022-09-06,21.073525142993983,0.0,473.1465647113415,0.32617013422573693,0.0,0.0,0.9679614461153648
2022-09-07,21.00466623322817,0.0,477.8879373190231,0.2845685723981622,0.0,0.0,0.8445022335088308
2022-09-08,19.839228269245655,0.18287357123291195,447.5652010867967,0.25154779786107145,0.0,0.0,0.7465078639487691
2022-09-09,14.669119496090719,0.011439281551390602,425.56591857524575,0.23205918123524538,0.0,0.0,0.6886723126445319
2022-09-10,11.191629030256587,0.0,445.35539630244915,0.22338266327467732,0.0,0.0,0.6629233736980099
2022-09-11,13.40899799456397,0.0,496.90847228903823,0.21147728971243265,0.0,0.0,0.6275922952189531
2022-09-12,15.65164457935522,0.0,473.3456786920238,0.1919781339584311,0.0,0.0,0.5697254673854477
2022-09-13,14.896277633065166,0.3153919409408168,416.0433096974887,0.1731936969614118,0.0,0.0,0.5139796804719412
2022-09-14,13.795038621001087,4.80103502426789,249.52012650005508,0.15515187145904646,0.0,0.0,0.46043771058776956
2022-09-15,12.54250681033903,6.815789653752418,177.68821748143182,0.14216039529140825,0.0,0.0,0.42188345089672974
2022-09-16,11.987908339129435,3.3881321096151336,253.88214626554338,0.13062973249065885,0.0,0.0,0.3876643858502729
2022-09-17,12.94309653989616,2.813145305791266,324.9261506282217,0.1204826912026807,0.0,0.0,0.3575514364160184
2022-09-18,14.80402419453682,0.0,408.66138287601063,0.10802261425743497,0.0,0.0,0.32057418794028375
2022-09-19,15.85605602899448,0.0,420.59264018648855,0.09504341228184712,0.0,0.0,0.2820563538549027
2022-09-20,15.717366844794299,1.9320071972761963,354.8502214668808,0.08430764301500475,0.0,0.0,0.25019626105590465
2022-09-21,13.920518479448209,8.074572895634132,249.70764398371534,0.07550162158601104,0.0,0.0,0.2240630000902259
2022-09-22,12.686785107436272,4.07009460328854,247.12930460221736,0.06988243104742527,0.0,0.0,0.2073871636816021
2022-09-23,10.923561116860183,0.0,372.31911523697255,0.06476623194416728,0.0,0.0,0.1922040338884361
2022-09-24,11.55050566807903,0.0,406.95153366979423,0.05961442415751317,0.0,0.0,0.17691522969698043
2022-09-25,12.622210842182206,0.0,409.20974271709446,0.054467259940114233,0.0,0.0,0.16164020603151324
2022-09-26,14.048883675413467,0.0,411.6225220322902,0.04945524276429362,0.0,0.0,0.146766252580874
2022-09-27,14.894379318208966,0.003112050065754546,389.87003567611646,0.044130091650220256,0.0,0.0,0.13096302465690374
2022-09-28,15.067236780000718,0.0,384.30371391362974,0.03913705734084292,0.0,0.0,0.11614540586393468
2022-09-29,14.101393150425258,3.069776720388767,280.24298138887013,0.03494633804981837,0.0,0.0,0.10370878374697448
2022-09-30,9.347878763716663,14.582461045599269,147.02138158330644,0.03245969476676448,0.0,0.0,0.09632927662578578
2022-10-01,8.053815524887723,9.163090119657555,208.80082781628883,0.030044893551296865,0.0,0.0,0.08916297219955809
2022-10-02,10.490885053164929,9.593188469459557,227.20732734296905,0.02739090895918292,0.0,0.0,0.08128685328435238
2022-10-03,9.761642793669647,0.7646593152990426,295.72355860869953,0.02505056425745067,0.0,0.0,0.0743415103354196
2022-10-04,9.743423097244001,7.061341262636667E-4,331.94269373240957,0.02302814966248058,0.0,0.0,0.06833967524822172
2022-10-05,9.267669834259474,0.0,373.82793740432857,0.02125594388610458,0.0,0.0,0.06308037439228348
2022-10-06,10.05276900973443,0.0,375.8143336356018,0.01924559414277351,0.0,0.0,0.05711434365997355
2022-10-07,9.884959278924732,0.0,367.66338802391294,0.017331980820368256,0.0,0.0,0.051435393552361715
2022-10-08,10.079252289421659,0.0,364.8200129547988,0.015991285673174732,0.0,0.0,0.047456668717367624
2022-10-09,10.043449567901472,0.0,374.05584830841724,0.014840179967896962,0.0,0.0,0.044040580528431295
2022-10-10,10.300410182095147,0.0,359.61790793029337,0.013855252406236996,0.0,0.0,0.04111765225614672
2022-10-11,9.466867205013331,0.0,350.4818408057922,0.012810252521001307,0.0,0.0,0.03801644986524029
2022-10-12,9.752835209819521,0.0,362.36128352604067,0.01193751884398214,0.0,0.0,0.035426474685304285
2022-10-13,8.269367717672093,0.0,352.1327181541387,0.011200796470894081,0.0,0.0,0.03324013455538202
2022-10-14,8.96906208449625,0.0,373.9971744471571,0.010350375144695823,0.0,0.0,0.030716374804452447
2022-10-15,7.986980502051201,0.0,361.49186943609936,0.009680906859443545,0.0,0.0,0.028729621814147437
2022-10-16,7.111858138989433,0.0,354.8824114289664,0.009211225245146254,0.0,0.0,0.02733576735942179
2022-10-17,7.619813941224457,0.0,362.3089208496448,0.008662264174266557,0.0,0.0,0.025706638581916994
2022-10-18,8.42256012014195,0.007615143484287284,363.83507247321063,0.008173170302175507,0.0,0.0,0.024255175182794842
2022-10-19,9.599957995169916,0.0,357.81027617133253,0.00752005866628746,0.0,0.0,0.02231696313573035
2022-10-20,9.777652808924396,0.0,354.26264649162863,0.006904237588693211,0.0,0.0,0.020489416716646173
2022-10-21,8.777728791820351,0.0,333.3043292359958,0.006193926706527056,0.0,0.0,0.01838145686212072
2022-10-22,7.877274799335767,8.181297972734535,254.2046565244773,0.005513565023631923,0.0,0.0,0.016362375991887286
2022-10-23,-0.41785106245496917,11.878778667056269,135.18114542987684,2.056822958469619,0.0025146559869356068,0.08815807274344269,6.01360729753513
2022-10-24,-2.96194678013967,1.119426353784775,159.4761412690096,2.916966496543771,0.026527250898690843,0.5417307366627372,8.09067130038512
2022-10-25,-1.1923954918550141,2.157183411577598,142.3672137785216,3.2984992974585166,0.02383286024718212,0.462955309986282,9.304089602363378
2022-10-26,-0.04510962673024835,5.1690356977400835,157.36234281051816,3.8316594289250383,0.020594362029129443,0.4229775212950589,10.929330317000328
2022-10-27,-2.200780911693739,0.22338876229093746,226.1147607931728,3.9755637737833807,0.019522488061342165,0.48937454326393315,11.291227411096012
2022-10-28,-0.03774300860335764,0.0,323.31459785348545,3.9727864819701053,0.019512684421778868,0.48778093910927883,11.284583801003734
2022-10-29,1.462535272432152,0.010210547856496286,311.50474849219063,3.8821223176669406,0.016813391366140844,0.4168071158393283,11.08890899810152
2022-10-30,2.947776497774777,0.0,296.17800134792475,3.628038995361933,0.01301117941267816,0.28933578271291843,10.465664187700298
2022-10-31,3.292367174476188,7.916396150504359E-4,304.8394388526892,3.4696303386416063,0.009215503202692465,0.1833984491207675,10.10487193126194
2022-11-01,5.136209267156861,0.04123453233598625,296.22761671250123,3.1640790203750413,0.003656790197795839,0.057209910597017744,9.329313522710946
2022-11-02,5.046118300567701,4.4857390410156155,223.6998670741015,2.7568244759174805,0.0012630468091840668,0.017910854275034277,8.162228338207088
2022-11-03,-2.6690105015238004,6.36688135439233,156.92740757842574,6.664509110739775,0.5003154559770264,2.106423057998658,17.19214087923277
2022-11-04,-6.056873035330851,1.8704458364068144,219.80446543784834,8.534938488356552,0.7977245807114692,3.4268704967870924,21.13770048119466
2022-11-05,-0.8543290777761737,5.84396329563899,178.08431397218484,10.221142086187774,2.7655666597549176,4.306206203818666,23.355047597486568
2022-11-06,0.47793436450960464,5.816432993496967,150.86896079441468,10.304324390743497,1.8498437561512036,3.338288013154457,25.45577594362388
2022-11-07,6.2174704739114315,0.0,271.75590452472824,8.729290140719632,0.8966282870009322,1.951493847437931,23.089521127827147
2022-11-08,7.959122954566729,0.0,221.50044383056806,7.18412689343261,0.17356681407915556,0.8728182883884633,20.281313061590637
2022-11-09,2.7518694373036987,6.5844425966016225,216.67956345597509,8.390699534514768,0.12108583014552964,1.0075258182086768,23.778633644433842
2022-11-10,-6.027146411456653,1.951500452169959,175.71049292958816,10.341775098961246,0.6818867830782537,2.283523107959884,27.752196993943418
2022-11-11,-7.5493522446718195,0.0,250.22349938261337,10.341775098961246,0.6818867830782537,2.283523107959884,27.752196993943418
2022-11-12,-5.551212086773086,0.0,302.3715346741248,10.341775098961246,0.6818867830782537,2.283523107959884,27.752196993943418
2022-11-13,-3.7668001504778594,0.10611406034078584,293.9600148220526,10.44787941488823,0.6818867830782537,2.28503574272043,28.065570132879557
2022-11-14,-6.607019224915431,2.0925797906601575,219.10528186812203,12.540459393350428,2.53610484659828,4.4652317945328726,30.302143578252174
2022-11-15,-8.71671331926358,0.3168517669959917,251.49674947959355,12.857306309177055,2.8721324856185784,4.848822360846028,30.533826051490827
2022-11-16,-7.643899573283627,0.8122319289878392,261.42585258592965,13.66955582047949,3.026550988051317,5.481088321774021,32.16401704180764
2022-11-17,-7.444298307570548,1.7631430919078868,228.90372120662627,15.432709035982375,3.1643783147662194,6.615953087370524,36.13114465700275
2022-11-18,-11.457782890640932,0.027511453889777868,282.2152640473669,15.460220141971295,3.1643783147662194,6.619552553401383,36.20919931186384
2022-11-19,-9.660722829841328,0.008550336543761161,328.42534014367993,15.468770478362163,3.1643783147662194,6.619552553401383,36.23457378705093
2022-11-20,-5.37822554151944,0.0017980854790556565,324.1446784560304,15.47056856419297,3.1643783147662194,6.619552553401383,36.23990989106044
2022-11-21,-2.967041337307752,0.00878138424080765,320.10752402160904,15.479349948433777,3.1643783147662194,6.619552553401383,36.265970037274634
2022-11-22,-2.493020028546669,0.0,309.34633924555106,15.479349948433777,3.1643783147662194,6.619552553401383,36.265970037274634
2022-11-23,-4.564627825730294,1.9946305522615595,224.53359632907234,17.46147237872172,3.8124193688896253,8.012416708346004,40.130471363314165
2022-11-24,-3.8352699589931967,0.0,259.8618932107173,17.46147237872172,3.8124193688896253,8.012416708346004,40.130471363314165
2022-11-25,-1.971876900831992,0.033274248677414464,301.6473947139564,17.494746107614542,3.815643161180855,8.080198981984356,40.15850408239406
2022-11-26,-1.8476160575802167,1.6822344238148705,226.66444958387513,18.901755694342597,5.043091817616048,9.223417694258258,42.00281093232649
2022-11-27,-3.2163908017856455,0.20751175967061888,176.41932152728697,19.007737164972774,5.022687813100176,9.277711294093141,42.282997431313355
2022-11-28,-3.973278948434529,5.7307608464227995,150.60070571264598,24.47242220198064,9.852333439410998,13.838449988172963,49.26534064785962
2022-11-29,-9.738821466726238,2.3806890458033765,158.7080743969098,26.8531043356387,10.836959305910812,15.611368078725704,53.607005526949976
2022-11-30,-7.0495319566006005,0.3620961059276513,289.56048070994615,27.215204199004308,10.837539359623348,15.639184017318556,54.653296826503855
2022-12-01,-1.441766899879278,1.3799830671849806,253.05076013575453,28.15962465829806,11.125955198702533,16.49823683106033,56.31954786411077
2022-12-02,-6.0056983447393275,5.333095310152774,239.10944281029356,33.492746608730855,14.721161560300448,21.05071635208938,64.11782982833117
2022-12-03,-8.391405438173058,2.75852668460883,254.92469555827088,36.25128774624067,15.630172913957841,22.524200755047726,69.95279685446683
2022-12-04,-1.6615604324142488,1.994775154058184,203.278436100394,36.831748634046654,17.03612374911419,23.58698473667845,69.25113545549094
2022-12-05,-1.7634404371902408,12.30712443874135,116.24738376293494,38.792343882490734,16.211423863069328,23.197351530869625,76.25844945957617
2022-12-06,-5.993930763272393,0.8921443717082934,202.83058522502836,39.684470965749014,16.835728455200446,24.108054704516395,77.39200159847721
2022-12-07,-8.155172239667857,5.070023688929588,201.00839791082313,44.754502418620035,21.101045062438228,28.50359233502519,83.91559790539263
2022-12-08,-7.478209819644578,2.350175993011703,204.2953677574987,47.10470977801358,22.851933496291064,30.884769786842835,86.81662080279155
2022-12-09,-7.682301784324607,0.8432139073245919,235.32082596718385,47.947903628698405,23.019127887845745,31.600178161661823,88.44334542199834
2022-12-10,-6.535747927129565,0.017612089980677804,267.13671569272714,47.96551945789923,23.019127887845745,31.600178161661823,88.49562318050073
2022-12-11,-2.184513675886178,0.0,242.1823318291397,47.848216853727365,22.95920751645451,31.425083646523596,88.38024808441665
2022-12-12,-2.9451813804863356,8.061924688649484,192.37928674163075,55.91018817907697,29.21668064362187,39.265982947941644,98.41407588974603
2022-12-13,-8.883140181426594,7.598361480815808,103.42957651600136,63.50853623768681,36.2209205429182,46.90320783493895,106.55029842245055
2022-12-14,-8.908197669866965,3.72330103694917,121.54062338648498,67.2318289798356,38.807063353377856,50.44372689150615,111.55953816843447
2022-12-15,-12.572370581784623,1.1920685573834542,208.50640915222112,68.4239145200623,39.58219402357044,51.35394892590927,113.43735345237187
2022-12-16,-16.39208007812369,0.0,250.28667849440916,68.4239145200623,39.58219402357044,51.35394892590927,113.43735345237187
2022-12-17,-14.513151614003267,0.07632760506359951,256.3800824153288,68.50024198563214,39.58219402357044,51.35394892590927,113.66386727506347
2022-12-18,-12.075591168616327,0.0,276.83448290061165,68.50024198563214,39.58219402357044,51.35394892590927,113.66386727506347
2022-12-19,-12.049648979447435,0.0,272.3099099726746,68.50024198563214,39.58219402357044,51.35394892590927,113.66386727506347
2022-12-20,-8.815721768304051,1.2307344430724292,240.7737778102844,69.73097747835905,39.62480755355572,51.896315164183115,116.73413458514219
2022-12-21,-9.024627350499044,2.7386436507942165,243.99847271152203,72.46966255394268,41.103696478941345,53.71076342839199,121.61709326021844
2022-12-22,-19.482916427368103,0.04083511856179525,271.9886500445304,72.5104882692322,41.10600689171019,53.75129917734824,121.69559077280674
2022-12-23,-13.424107387462211,2.835654308018321,260.06604252082843,75.34610158752393,42.675632595923744,55.941692351176606,126.40328928892937
2022-12-24,-5.358378030658824,1.5319036213111423,188.9510409395661,76.87802450223661,43.170591708416666,56.80318161884938,129.61014800362025
2022-12-25,-2.9100764566433255,0.3631003022627549,203.0535667013594,76.74568843079129,43.1264324520417,56.639103235142706,129.42387728822155
2022-12-26,-1.0904565652443672,0.05310149212963357,202.25206110921275,76.34913617523394,42.86692137625472,56.23483736515004,128.9020048026658
2022-12-27,-0.8577262674007211,14.304084250427382,157.62905678418772,79.7043217337655,46.51553419629024,60.330574710233975,131.23401354989747
2022-12-28,-3.77395882089504,5.431638074176966,165.42977582136564,84.86495845087282,49.8039326027399,63.86258524022578,139.83567801764985
2022-12-29,-8.092952786593452,0.237573247572705,195.0704828081996,85.10250332599036,49.861906943419044,64.04095003449208,140.3065191874293
2022-12-30,-7.5362745423661135,6.1964156322010915,201.58478705060648,91.29894122784205,54.29408546614593,69.2742044945504,149.1756914814924
2022-12-31,-1.6951266569903443,12.352164340906352,124.9095791307278,93.08176239231138,54.61783451500038,70.15963641416035,153.2694333243962
2023-01-01,0.22263219532198852,12.59092822220364,113.65862728174457,38.36847821697241,20.645407089488884,25.238720592575707,68.66159017945665
2023-01-02,-2.6957341770738954,9.431863090765333,146.68418506299545,41.75826744778316,20.850369990724417,28.47214056642317,75.29845980123203
2023-01-03,-6.157754451005685,3.968276321687933,123.97571916956832,45.72652233015709,23.627788053311676,31.770248216147614,81.09071297934643
2023-01-04,-7.656935146090412,0.6839456496950852,211.21563755906587,46.410452673872896,23.629642591386915,31.99838090290289,82.89112126317785
2023-01-05,-7.039432788658167,3.1524507045693184,241.16338909290425,49.562981229997455,27.14668044683201,34.81837547731558,86.02141769698036
2023-01-06,-3.772168113650537,8.196450592843672,142.1114541544016,54.708516907526786,31.962867856400052,40.24706110228999,91.20429754608155
2023-01-07,-4.444167147278987,0.15285169414884608,243.83914074115236,54.8609768908982,32.09551391297481,40.46785965337823,91.3078507837489
2023-01-08,-5.041414480464676,0.13571227655111945,274.7967751574966,54.99641704060716,32.09551391297481,40.46968404060928,91.70797181038337
2023-01-09,-4.2648556405769655,3.5702909506587384,249.38618159494672,58.55878538599408,32.567894670670945,42.52919365684167,99.7679084489397
2023-01-10,-0.9518248643205803,7.254565113450235,171.90239164952948,59.366390796497676,34.264441846433236,44.222800462351444,98.82931212084014
2023-01-11,-2.0841315807725547,6.367129925162574,165.55831975355463,62.18869412214885,33.40369767898957,43.98445970146644,108.2780169970425
2023-01-12,-6.850608126637779,0.038205040982250804,290.20548213353135,62.22689328696223,33.449946761412605,44.03651915009621,108.2945833625211
2023-01-13,-4.016614941215319,0.0031978049151362943,306.5979321809258,62.22965826384272,33.449946761412605,44.03651915009621,108.30278886860162
2023-01-14,-2.2045107021022785,0.0,273.7793345086081,62.074776012723206,33.42726093244824,43.93823854056359,107.96316217521372
2023-01-15,-2.168251607127075,3.1732537558743728,208.65320367104806,62.85000158878688,33.797208616745465,44.539465240686084,109.30523583927864
2023-01-16,-3.3192620534963493,1.4115025600098308,218.13676826446277,64.03511029640373,34.02878685228016,45.281078518574816,111.85802835675796
2023-01-17,-3.8805138170959155,3.839915855167117,194.7432646270628,67.67929702305244,35.94056489387203,48.18197892628414,117.92478365944919
2023-01-18,-7.454812386694407,1.9961136425020582,241.99377884375204,69.67540376983848,36.407326861900415,49.250333298469414,122.33029125601088
2023-01-19,-10.255442961117577,0.0,322.6297800436992,69.67540376983848,36.407326861900415,49.250333298469414,122.33029125601088
2023-01-20,-10.0445979419372,0.03149837122924525,313.4529062270856,69.70689947699061,36.40775822515772,49.27505875567212,122.39868817729116
2023-01-21,-10.830350014328667,0.09911075662447555,289.1486832755523,69.80598880052383,36.407813779634665,49.308085417720974,122.6597677581934
2023-01-22,-9.703153115584767,0.0,340.8830559486594,69.80598880052383,36.407813779634665,49.308085417720974,122.6597677581934
2023-01-23,-8.731265995182007,0.024954157208588915,339.2898703056283,69.83094082065638,36.40836115600304,49.33344709738167,122.70799829683311
2023-01-24,-9.9312589576676,1.0387252157597153,274.92479752470325,70.86966946066632,36.70857578234914,49.84948100135061,124.98468415081285
2023-01-25,-10.461897343680786,1.5302962211675377,255.47344074755554,72.39995380807292,36.86765595820743,50.68714986058821,128.53643239252864
2023-01-26,-11.672666310031753,3.9140613443123584,269.6391962185325,76.31402481365674,39.119941287755566,54.16520294661199,134.49815916719518
2023-01-27,-7.78318683047858,11.315390362800883,206.3896134141826,87.6293821815205,47.095570441986936,63.95768470876694,150.57343945470274
2023-01-28,-5.894263715382595,6.265310356050959,170.2297946525844,93.89336819903012,50.14087921260253,69.59709655476928,160.5841921258984
2023-01-29,-10.313162186806833,8.238860110073063,237.16183469047775,102.13226789802657,57.083427404399046,76.45415388994797,171.4591083427679
2023-01-30,-17.339942284314784,4.070597930902226,327.97295442926753,106.20288861695212,59.357890208644356,79.17491635616456,178.6189639241428
2023-01-31,-20.433807533454974,0.06022601833933269,401.233549777357,106.26312388063005,59.357890208644356,79.17491635616456,178.79772159328158
2023-02-01,-13.905743017893958,0.002139214573301709,375.9935577812996,106.26526451572947,59.357890208644356,79.17491635616456,178.80407426640835
2023-02-02,-10.093099971559907,0.09598315464763824,375.11545009426425,106.36123979705538,59.357890208644356,79.21160769755437,179.05231243143197
2023-02-03,-7.760239626759325,0.3543169834037894,384.4458738523145,106.71555771989927,59.37700747595483,79.54965053143465,179.7482010789548
2023-02-04,-6.126123036517348,0.009796411881224055,365.55158610894927,106.72535556013187,59.37700747595483,79.54965053143465,179.77727771904273
2023-02-05,-2.4687492489729723,3.3497818691256422,296.46353851019234,109.96693906288492,61.97585585215799,82.29165089561229,184.14081235274048
2023-02-06,-5.385354781985382,2.286473647348148,243.06463351449185,112.25336253216624,62.85025514593168,83.9680561700219,188.40596444324405
2023-02-07,-7.447499990632958,0.1372708435458902,355.0223391594511,112.39062696979506,62.85025514593168,83.9680561700219,188.81331836564638
2023-02-08,-8.003090455801496,2.2056113635236234,335.0100171183,114.59630932176688,63.44415838998927,85.6456633072022,193.10990758335208
2023-02-09,-10.505716996012733,0.11262556751893973,393.75154272537276,114.70891991237005,63.466025604220185,85.75410536508191,193.31474935607574
2023-02-10,-10.509652114470308,0.27220363561610766,420.2460872773012,114.98115224681621,63.466025604220185,85.79698562957928,194.0798874358335
2023-02-11,-5.779949237230789,0.02497371829703034,414.8043535528177,115.00613335868587,63.466025604220185,85.79698562957928,194.15402283522678
2023-02-12,-5.537195756707788,0.0,399.1880636445633,115.00613335868587,63.466025604220185,85.79698562957928,194.15402283522678
2023-02-13,-5.882479240590735,0.45786858593077034,392.7837757291247,115.46403419061232,63.476121810292575,86.01361690187612,195.28712115829626
2023-02-14,-8.867351995987484,0.6202233251261292,372.5230761170129,116.08424410188995,63.722512600343684,86.40124772775731,196.50205378089316
2023-02-15,-13.010580661481539,0.8113594729976845,274.48011853421895,116.8956162585944,64.45924584097416,87.12983745068478,197.4684094242448
2023-02-16,-15.688014181618364,0.0,428.240494500307,116.8956162585944,64.45924584097416,87.12983745068478,197.4684094242448
2023-02-17,-10.76485386487645,0.1315022648521047,443.1922389986375,117.02711892048697,64.45924584097416,87.13039574087465,197.85810771443127
2023-02-18,-7.674803918540054,0.4987686469508097,400.51959786392047,117.52586829935827,64.47245636760914,87.33338939473332,199.12300541570932
2023-02-19,-5.900187644748394,1.8540345040635768,301.38205067063484,119.37987475397101,64.89655576969027,88.28880678871165,203.26082143796233
2023-02-20,-2.4778337006154056,0.7929752077030393,263.97028038280195,120.00603094201946,64.86476918148504,88.33003674228894,205.10878182103752
2023-02-21,-1.6391994588962322,8.02385345081518,246.43382553206666,120.81172079406184,65.16988424753976,88.51641883930738,207.0178162183161
2023-02-22,-9.301474686561567,5.215760348714498,392.1641551789586,126.02747693276669,68.68918266915085,92.38099338590273,215.2273583638872
2023-02-23,-13.762019630573194,3.4196654874230084,385.6430787879838,129.44712243626626,71.04440270568784,95.03306620409256,220.44544771530707
2023-02-24,-9.157099008122735,3.418359981730976,332.9137870780129,132.86549893070753,72.49540005075268,97.72805542335408,226.49461282437608
2023-02-25,-5.142368230099043,0.7255440617578992,416.23938837287517,133.5910647267736,72.53952009381601,97.99595562999637,228.33790748624463
2023-02-26,-2.8390180395633013,0.9386332245599548,409.983893955446,134.52329883171674,72.54894964367183,98.4824194541555,230.61027121662298
2023-02-27,-4.429982734004429,3.154775272177909,261.9557982869452,137.67304227519588,74.37784741838684,101.5945783239307,235.07949245284144
2023-02-28,-7.127585546631778,5.085890046103357,263.9713814408273,142.75890562663585,77.95658516740875,106.27954334621288,242.0278830732856
2023-03-01,-7.909890771909403,2.4803117337918836,411.1407321922718,145.23924401516445,79.07526519019501,107.73102094684774,246.85567873206486
2023-03-02,-7.4006560193808895,0.07347838588349141,398.38320971135767,145.31271866046876,79.07526519019501,107.761251371254,247.0435846570966
2023-03-03,-7.227858176073999,4.426644244066791,346.8059888389144,149.73940009099715,81.95584027141103,111.64946863856201,253.50778989370366
2023-03-04,-8.402519879016213,2.364413684478183,446.2359476512604,152.10379998109835,83.25661022282041,113.85323757251928,257.0647010553688
2023-03-05,-5.529931491820265,8.651213655355436,272.5391874714874,160.75508476571184,92.09418419748613,122.56542347039645,265.4744524839651
2023-03-06,-5.460505900254776,0.8348499700950047,393.1723320438094,161.589896376664,92.25202583243971,122.92934014858311,267.4358393201266
2023-03-07,-6.071653522337808,0.02839455289406975,466.02948076524467,161.61829024172218,92.25202583243971,122.92934014858311,267.52010260421855
2023-03-08,-6.3691168363789075,1.7872814171136906,446.64751794543514,163.40555341281325,93.42306380248627,124.62374689258151,269.9980535319511
2023-03-09,-5.82255297216428,1.2676645740868813,425.70850354702225,164.67320923378978,93.70980646412161,125.3307326970697,272.77680130277025
2023-03-10,-1.6737559864661904,6.805433336726698,312.6608073704895,168.76111598243594,98.02969270427353,129.9812720183824,276.0785690603765
2023-03-11,-3.8794590534692404,2.4760781948983857,376.0239580627043,171.22836859216375,98.92594488971633,131.55380104390562,280.9627213410782
2023-03-12,-5.010578017937323,0.23429983809030996,492.7274920532181,171.46266898659786,98.92966214486407,131.64145910813335,281.56703606616105
2023-03-13,-1.9206556657467444,0.4731082884004107,446.60680281869384,171.71634324482253,98.96939848574398,131.70934533588064,282.21359973283876
2023-03-14,0.27956597099092007,1.3165678242642307,430.32102491563785,171.35277768726596,98.77577904875149,131.3272163556108,281.703594606622
2023-03-15,-0.05814547972727835,9.26689056883799,298.9200262467788,172.47469438065775,97.7509348691882,130.46047631115954,286.8919626332031
2023-03-16,-6.979500824840777,0.02487186025603335,453.54605828799436,172.49956516441443,97.7509348691882,130.46047631115954,286.9657706164762
2023-03-17,-9.787940283016695,0.0013118898716653153,555.30070725899,172.50087705428606,97.7509348691882,130.46047631115954,286.9696638571015
2023-03-18,-9.064966147526983,0.04583706748960335,587.5994456569676,172.5467057085348,97.7509348691882,130.46047631115954,287.1056676348399
2023-03-19,-6.422024314393933,0.053252491457004836,579.665656794068,172.5999604194301,97.7509348691882,130.4608389615708,287.26334782377285
2023-03-20,-2.0011800608189994,6.551426048790471,350.4523319783009,176.96299907535098,100.21678407180693,133.85823065742653,294.4305981559859
2023-03-21,-3.561944922023493,3.1945395051404817,424.5359094727534,180.15757283798635,102.66973380556863,136.32938107077374,299.0662871950447
2023-03-22,-1.091899352466519,11.802908975646242,297.0848900044117,182.17572256023624,103.14251959516348,137.84663721278744,303.0837798202738
2023-03-23,-1.7577112490114293,3.380691274629325,340.65337601933896,184.31700239086774,102.57577509277267,137.9336456759151,309.9016914145042
2023-03-24,-4.051508288133193,3.6135672782493393,435.6450396697641,187.93031737242606,104.73783900610078,140.41147527296644,316.0557333824779
2023-03-25,-8.696366730607368,1.9137409228561575,408.08096377348414,189.84407838344163,105.32430120233717,141.7682596369861,319.8131032964285
2023-03-26,-9.82699613216391,0.7352901312577897,541.6447951954358,190.57935174264765,105.43368145027713,142.2256963650048,321.43288533171545
2023-03-27,-9.47030323604786,0.0,564.2894780037373,190.57935174264765,105.43368145027713,142.2256963650048,321.43288533171545
2023-03-28,-6.715206589973318,0.8131072618190653,605.3484032454897,191.39243184325306,105.59938240848003,142.62399644000735,323.2878697844255
2023-03-29,0.7836835086186157,0.15404245665065777,557.9183578182725,191.0975135968107,105.38904649761179,142.27897110774592,322.96081654615034
2023-03-30,-0.18049650877281057,3.559012632168199,398.395915769393,192.14587052592503,104.76313224219112,142.41504435864763,326.54381557809313
2023-03-31,-3.1371538344029344,6.184715027517431,345.3913895801078,198.10179480905074,107.43409672228974,146.7945851436475,337.2598558008165
2023-04-01,-0.9522012930336199,0.2550078629476947,541.1316786062802,198.3540181752439,107.43049293611358,146.80100737406013,338.0054629480605
2023-04-02,1.4944835182426957,0.2340514785232708,434.46697187734156,197.0653495923906,106.2698238010365,145.4835865174146,336.621226890653
2023-04-03,-0.37940064990833905,4.884207459888625,377.08395302067845,197.6764131725443,106.6968766595985,145.94570186330716,337.5594010766681
2023-04-04,-6.15861327125341,3.2549170526169626,420.0825910370334,200.9167560608128,108.14091717806107,148.38514047453515,343.34177616006315
2023-04-05,-7.799426655991471,0.9544553328711473,532.1962954390167,201.87120079895956,108.38450055268699,148.86034306198553,345.4640135860325
2023-04-06,-6.077206553233142,0.38954111929210644,601.1995735757109,202.26075038588507,108.3846296364864,148.88360199810225,346.59674761705384
2023-04-07,-1.3419457595116493,0.024129923606741075,663.900659729599,202.28488172952424,108.3846296364864,148.88360199810225,346.6683611948608
2023-04-08,2.0399077883968637,0.0,583.5307246736984,201.59000189758703,107.78269206077285,148.24010814885813,345.8320370899479
2023-04-09,3.091230104113989,0.0,593.6760445872569,200.52308746365338,106.60727478646575,147.0896847193416,344.9536986590719
2023-04-10,4.80731689688204,0.0,619.9908648151348,198.9920855657064,105.13318285190881,145.47965794496162,343.44625330032255
2023-04-11,7.500839693042889,0.0,628.7451605051566,196.52629138715537,102.91676446628207,143.0659130775152,340.68652017571213
2023-04-12,8.716839020953435,0.0,575.5432566587091,193.06666130503942,99.58892320044775,139.61623655620053,337.08905244608076
2023-04-13,5.587847323935278,2.902500962499573,553.0218074241317,191.211885816408,97.70416631733508,137.7650655016233,335.25978283269257
2023-04-14,-0.5641977631658739,5.000822965558172,388.98166448197514,192.84707950103007,96.744723189276,137.10417131248298,341.70266195993867
2023-04-15,-0.8626014482584717,1.0996213109877695,498.88623349309495,193.4509693907594,96.32283525031991,137.03085088870066,343.9773874002656
2023-04-16,2.2320887592673957,0.008998694770916698,664.3984114967216,193.17077838325443,95.83243341819745,136.71093609694543,343.94083274259845
2023-04-17,6.58701525515708,0.0,652.2810177131726,191.21750957933764,93.66926095936104,134.59455066601927,342.35393285422464
2023-04-18,4.791316057211314,0.603469222249736,622.7884420453261,189.94150420227672,91.86377436940538,133.06752041649384,341.84212637212795
2023-04-19,-2.884335454435466,1.4806451692269347,447.4484498766606,191.15721157252435,91.59755674003637,133.78887476249045,344.9890819023485
2023-04-20,-3.954587759896393,1.175476388536039,527.9733447637549,192.33268325902367,91.6034275447335,134.11787997494343,348.1437422021096
2023-04-21,-3.818252721421968,4.9383688723562535,412.32547821898476,197.26752844851484,93.18547948460883,137.90273662816844,357.47939844400776
2023-04-22,-0.5018191521126448,1.1399111647179778,489.6790488733635,197.67809964051568,92.25669387167852,137.52841039025367,359.97253380755205
2023-04-23,1.0784213584095357,0.0,647.0375392252819,197.33438629377116,91.51356588002335,137.23485989495055,359.9664738777617
2023-04-24,4.209696177742417,6.4350827249134115,523.1999610686801,196.2239391357866,90.05816398195529,135.9185417987962,359.3961041029474
2023-04-25,3.438916436905839,4.940914640877563,407.1972957822946,194.32074803084214,87.95832368799637,133.87156174123135,357.82714627164313
2023-04-26,5.400594063293559,0.07120417403318487,621.5624024188285,192.40502004258713,85.70274326817007,131.79073854161106,356.40588734588033
2023-04-27,5.846854173131239,3.120437056736134,555.9390448189785,190.40777408550997,83.25157805335331,129.56513841001382,355.07689621838017
2023-04-28,3.369958538392296,0.03998962013798982,652.7385292019026,189.57042314919005,81.86932269727315,128.6635706025844,354.83245408657456
2023-04-29,8.337650825711481,0.0,704.8563636890922,187.46821346202492,79.49274904231305,126.40486328074275,353.15257847511936
2023-04-30,10.139287306691301,0.0,687.9023820820478,184.48876893429647,76.20970643235894,123.3531918787933,350.53981901128157
2023-05-01,12.685333523786863,0.0,691.3577526280292,180.5820940285125,72.10692215547202,119.40989803282183,346.85999795185523
2023-05-02,12.356015932526576,0.0,618.3925924904427,176.00421123942021,67.15017979702672,114.65749897359296,342.8238376883928
2023-05-03,11.702070359782002,0.0,662.9712936514334,172.26145909162378,63.34072459551306,110.77445155829938,339.28571057680574
2023-05-04,10.12675658597177,0.8738673589634472,514.6565629564126,168.0973279409107,58.95462701226419,106.37985285177626,335.56680965230413
2023-05-05,8.367440068264287,0.37429787421530347,557.6200403908953,164.92396168727385,55.64122143570313,103.01816456793357,332.71713391347146
2023-05-06,6.54917809106516,1.6684338169262976,499.382051533258,162.45503933877583,52.97884425011894,100.4153509435143,330.56947579464344
2023-05-07,6.4422510976142835,2.405292812000369,462.9744320860083,159.84274606510454,50.20662194876281,97.70115372712135,328.21401338066295
2023-05-08,8.553731969216898,0.0,660.7879282553412,157.49159676939908,47.859682399602164,95.20489432950413,326.00346235911104
2023-05-09,10.465387605508472,0.0,652.937559336102,154.45709903729298,44.973896517855515,92.11605581013782,322.87880725490095
2023-05-10,11.499849003040941,0.36059344555629014,634.9687308008466,151.1388973780094,41.93965410334021,88.63214920914537,319.4502153695206
2023-05-11,8.028597730680445,3.6091561377581654,328.60939378651545,147.66129190240298,38.83633570225078,84.96226684968192,315.80104206831516
2023-05-12,8.608304498799592,0.5244523424144505,377.55724016936307,144.14857948790888,35.613396664470606,81.25216024367225,312.20389251851634
2023-05-13,8.808460130382635,0.6496015247060112,541.8143047201801,141.42192894632623,33.41326119855414,78.48380589253418,309.00779155922726
2023-05-14,10.916488422189511,2.7206888706507546,508.7534301719957,138.29949598456298,30.968932822597516,75.32097369752127,305.2674757188876
2023-05-15,11.767500155085786,0.5009809386949272,586.8339387211117,135.18821110351365,28.601736646086458,72.18129607945346,301.4622929784151
2023-05-16,11.728198194865296,0.13575978320816282,607.6996287016997,132.21644468879956,26.418138157864853,69.23526668302604,297.69987482896465
2023-05-17,12.299128828688623,0.0,626.7818139258936,129.26168431338206,24.348898701783604,66.34770831856231,293.8186292892084
2023-05-18,11.391288136372136,0.3655959062760085,554.5497385337403,126.26910901314079,22.279696316321957,63.372700571391526,289.9123187317068
2023-05-19,10.86254553591427,0.32993709671269117,575.217276958121,123.58258400951016,20.547204587348205,60.690654387116254,286.2953500611307
2023-05-20,12.168599516679034,0.021979847211084473,608.7151011654987,120.73190969079768,18.728967830275952,57.84035227810952,282.4422279828215
2023-05-21,13.420686735640825,0.030846942156070676,614.6797678719086,117.71809922819203,16.849575448370352,54.813532155168694,278.3403307816196
2023-05-22,13.539186276223955,0.17900321260720595,589.162683897423,114.6516405571,15.046488683355014,51.74918158443813,274.0455503029572
2023-05-23,13.349006887635404,0.8869589884533009,573.0959605378239,111.74027308816187,13.414880580854277,48.83466921603159,269.8951930556079
2023-05-24,13.864647981269428,0.31935377713539215,553.8503056587958,108.63226410234283,11.708824612379317,45.679747290382096,265.47323357991445
2023-05-25,13.5290273321572,0.1074847508034792,603.7696152929441,105.8383721917181,10.345846762710265,42.922922769256196,261.25354793489566
2023-05-26,13.604837768674438,0.1608899851270442,611.7664879547362,103.09922609084643,9.101098623273606,40.272791223633114,256.975196363667
2023-05-27,12.197561475459047,0.17165412774191946,565.6257343694197,100.47382745682064,7.8542541205525795,37.59973878497166,253.05929672460346
2023-05-28,11.281608858177078,0.026522548759587504,594.1957540098552,98.25623640703736,6.920396845554257,35.41395325735519,249.56401051643658
2023-05-29,12.813188403439623,0.06538820825402175,608.6563718023604,95.85160514681627,5.948538703870605,33.049611167539474,245.7285688081549
2023-05-30,13.789507464140561,1.5823990917072258E-4,613.9544953224458,93.31998357452251,4.994869736854953,30.573631449883255,241.6099189718577
2023-05-31,13.241370311152876,0.5409547630246031,592.9733678478926,90.90627370195374,4.191424913113262,28.24722174378901,237.54625320540933
2023-06-01,11.883547325184312,5.291341493016146,395.3404558540145,88.41437699239096,3.4028539773587494,25.771820726026316,233.38467318994094
2023-06-02,8.621766798731892,6.178438657090441,177.88917705797763,85.89740914303358,2.658695550814641,23.216715184665205,229.1850547358781
2023-06-03,11.21498670460365,1.4253368671793398,349.23798447773436,83.32927277500802,1.989782365468464,20.58568029419146,224.83625961710197
2023-06-04,12.189578848043785,0.30749920461736524,496.42576313974723,80.95429054053255,1.5144519431224681,18.2976730746582,220.5307689270981
2023-06-05,14.023423411144929,0.3246135472364192,566.3799174446924,78.59315072061304,1.144877581828612,16.142776152288622,216.0309920637772
2023-06-06,14.70198535849081,0.016450847585240933,585.1343396223081,76.22037949831551,0.8503556577593782,14.084434943879597,211.32757946983418
2023-06-07,13.075954492980609,2.0490508556419447,448.6593818386934,73.99029583702027,0.6194501128681262,12.198530914883422,206.81393806278447
2023-06-08,13.953585774685802,0.15664747457096714,541.6611344026774,71.80416963501301,0.4275797424504295,10.420014389569502,202.2857877637661
2023-06-09,14.186757744687574,0.017314642855650077,591.8389422629266,69.75333595023504,0.2809829784020081,8.941214309873601,197.81636033655255
2023-06-10,13.816144277266496,0.05306766376955609,545.7955389222968,67.80536960519618,0.16130725368806734,7.56073070109496,193.52805070724196
2023-06-11,13.652302340837148,1.8772089610962515,502.89192166414693,65.99111922027711,0.0848594253404163,6.393711495095181,189.3817697244472
2023-06-12,12.163832378623693,2.5636395491906563,381.4251616837279,64.19440288002633,0.029976528603006213,5.271193359497453,185.22222255440096
2023-06-13,11.308230956543564,1.971363614292556,392.0874084436427,62.60166888751584,0.009797191062924806,4.364293249719205,181.4193570056814
2023-06-14,12.259009606942463,5.29973170157009,388.7539690289983,61.04531899421076,0.0019166285927065061,3.614419293586788,177.55596461521597
2023-06-15,11.265157780220656,8.477737901793292,334.84179892921185,59.47208249528408,6.5358177378331175E-6,2.9341996818354468,173.56721373772396
2023-06-16,10.613601799519913,1.2142273284877845,454.98079546761716,58.124327216567956,0.0,2.4193805650819673,170.08085138618856
2023-06-17,11.301346685806552,1.9638530158753151,439.72020408420553,56.78463290855579,0.0,1.963048407473235,166.56008958786418
2023-06-18,14.443971376100178,0.0034985210702868494,568.5838681363414,55.322333900562526,0.0,1.5734471333342113,162.60894391865565
2023-06-19,17.349043136725836,0.016625060306395347,535.1249150044868,53.36806689071865,0.0,1.1646365105945384,157.21695838773354
2023-06-20,16.63685053991159,0.008149539518272358,537.7014564124793,51.61732569888561,0.0,0.865265261161128,152.31984971806307
2023-06-21,15.695215440424137,0.0,591.0317646231299,50.079470781924314,0.0,0.6604344714860602,147.9602517327922
2023-06-22,15.726755678012214,0.008149539518272358,591.7400738493723,48.60778682496595,0.0,0.5057083141500356,143.74706895160793
2023-06-23,14.795583180227725,0.0,582.8346056727326,47.37820010429586,0.0,0.39231319955084115,140.21113825656573
2023-06-24,13.351017968078994,0.0,593.5572433197343,46.346502330873435,0.0,0.31716022220322515,137.22434439987902
2023-06-25,15.875413289569005,0.0,606.1524293465859,45.134823887773095,0.0,0.2484824683441903,133.69697322841736
2023-06-26,16.833770185447403,0.0,597.4251914825818,43.751886194473705,0.0,0.18774644480927585,129.65344473063436
2023-06-27,17.118560288770055,0.08279932026212611,555.5330549609198,42.31780762207108,0.0,0.1401819550072285,125.44501471073845
2023-06-28,15.69479058807215,0.29898812036251726,574.8439143106503,41.15572422844729,0.0,0.10913079270284473,122.02730852747911
2023-06-29,15.214677484159951,0.0,582.0894852154667,40.08100441878545,0.0,0.08657487889631979,118.8603972770682
2023-06-30,13.529961928162871,0.6655372497962894,522.0703947386653,39.069379017668936,0.0,0.0669901563428421,115.87776618903453
2023-07-01,15.866672634195272,0.0,592.5049749462504,38.0730772923262,0.0,0.05078062836431319,112.93724524291899
2023-07-02,17.810350183501942,0.0,570.2141297082479,36.876428369842905,0.0,0.03639866808605206,109.40034010708905
2023-07-03,17.94151960059482,1.4566819104988131,518.3856516216639,35.65597480643252,0.0,0.027111314704434668,105.78771128045145
2023-07-04,16.553029902484777,5.209827536344121,380.8206700226398,34.52380067064875,0.0,0.0206424539419547,102.43425539296102
2023-07-05,15.857154477676797,0.45055046175928914,523.6789925924278,33.496917891222296,0.0,0.016204756624848264,99.39124305146414
2023-07-06,16.116719108054493,0.9812493385258717,443.9525255860689,32.412861018590625,0.0,0.012460547428837747,96.17786609539434
2023-07-07,16.371263647971727,0.4487418515038159,519.2172253089844,31.452483691821204,0.0,0.010076278943606883,93.33017179793774
2023-07-08,17.33586375895414,0.19068941214514248,539.9393621190851,30.419772181545184,0.0,0.008208946476687597,90.26729895482983
2023-07-09,18.15660065360522,0.0,572.0276844265247,29.448817266752375,0.0,0.007291185880522352,87.38675178852652
2023-07-10,19.93399233559235,0.0,532.3133476894308,28.332468803349425,0.0,0.006228683181027203,84.0748705949451
2023-07-11,19.540137758091173,0.0,549.8459945761134,27.304170116113287,0.0,0.005204354496442916,81.02425297225997
2023-07-12,20.129764473377293,0.010863024438982778,549.343430524956,26.284867376713947,0.0,0.004154576367458824,78.00035762194008
2023-07-13,20.458264480468983,0.0,534.6435324768565,25.242184694581137,0.0,0.003049128128722225,74.90713410153558
2023-07-14,18.76354151732377,0.0,531.0912750309897,24.332864530491083,0.0,0.0020725163560211314,72.20955648185551
2023-07-15,18.377513941456275,0.0,524.6610440429621,23.483159369317264,0.0,0.0011022669444199892,69.68888946574197
2023-07-16,19.44877565457339,0.0,560.8391033726145,22.666573293286202,0.0,1.4792327439932618E-4,67.26649271239481
2023-07-17,22.436209015402888,0.09214083580440187,556.2106534498887,21.711709635129825,0.0,0.0,64.4329313164898
2023-07-18,21.234889217956013,0.5350482062444148,439.74389891500573,20.772762843475554,0.0,0.0,61.646458249504335
2023-07-19,19.900113245541153,3.495343260057159,351.05350566507565,19.919691274312093,0.0,0.0,59.11483348352902
2023-07-20,17.771277940506828,1.355478354040696,393.8844689803468,19.221729938432826,0.0,0.0,57.04352286027393
2023-07-21,18.000206357290885,0.09994142810082679,527.0024396202348,18.58505694171174,0.0,0.0,55.154095074153474
2023-07-22,19.860257349922136,0.0,537.0256416754023,17.89558751822416,0.0,0.0,53.10798554363012
2023-07-23,21.26756965200024,0.0,511.11685727033125,17.111615661834094,0.0,0.0,50.78142510109774
2023-07-24,22.339601765513603,0.026788057697312517,525.7191176403275,16.349009084681068,0.0,0.0,48.51826950289924
2023-07-25,21.89921187847138,0.13117116132214157,466.43343139096777,15.603132122716229,0.0,0.0,46.3047616829958
2023-07-26,20.77264942056198,0.4566345020480373,481.4923517568081,14.956522397362058,0.0,0.0,44.385845083498346
2023-07-27,20.12725211216623,0.6648799012038769,491.21026285662583,14.350054226637257,0.0,0.0,42.58605489439587
2023-07-28,21.721733206221398,1.738128280475124E-4,512.9270631752654,13.700621810206979,0.0,0.0,40.65876151281671
2023-07-29,22.040188333634404,0.3385473996191135,502.36565990169424,13.045520195277746,0.0,0.0,38.71464388829947
2023-07-30,22.225370427774124,0.5519414108707149,469.0275940787316,12.417356223007982,0.0,0.0,36.8504679776534
2023-07-31,21.08146395426896,4.481913408884862,323.4761568614876,11.861423804459797,0.0,0.0,35.20065062365897
2023-08-01,18.884604049715513,6.661458352854692,307.7118163213368,11.376651253534808,0.0,0.0,33.76201142836823
2023-08-02,18.59383829084182,7.215239956109832,309.4884801040615,10.904907957089529,0.0,0.0,32.36203860588297
2023-08-03,16.767379142556514,2.081427313095541,352.26125301084517,10.493776870900938,0.0,0.0,31.14194210111019
2023-08-04,16.675451342174693,0.05811266875363666,471.7778654777148,10.1217191195936,0.0,0.0,30.03780189572696
2023-08-05,16.466945447998988,0.6772305567533443,453.7751703048754,9.749516087628747,0.0,0.0,28.933230547021317
2023-08-06,16.09582370227511,0.4476117265456252,450.35970237256527,9.39154717105482,0.0,0.0,27.870901186383286
2023-08-07,15.162155581667578,1.6599359884902671,427.36713148480277,9.05521888781802,0.0,0.0,26.8727938269091
2023-08-08,15.027256114358673,1.282411001390449,420.7626456389283,8.754293601519203,0.0,0.0,25.97975045863771
2023-08-09,14.613436832021064,0.0,519.2289929410406,8.496065530106325,0.0,0.0,25.21341782666411
2023-08-10,17.347780762007567,0.0,505.9267588520855,8.14855303912888,0.0,0.0,24.182119562314504
2023-08-11,18.365569109081143,0.018774464380323947,485.4314049601576,7.785628549310084,0.0,0.0,23.105083754515636
2023-08-12,18.910796105202106,0.0,453.9418765930304,7.409686858749743,0.0,0.0,21.989417345285183
2023-08-13,16.94200854767767,0.0,468.99854619667684,7.117451986489744,0.0,0.0,21.12216415476972
2023-08-14,16.85150979687598,0.0,529.534762146758,6.855751481805986,0.0,0.0,20.345526528016634
2023-08-15,19.25346270162812,0.0,536.9241858625531,6.546229107076967,0.0,0.0,19.426969940489187
2023-08-16,21.18611073886769,0.0,499.5740824376508,6.1882025436259465,0.0,0.0,18.36446950362847
2023-08-17,21.72989460296291,0.2224019719834783,490.4231055240363,5.836030407840016,0.0,0.0,17.31934300654409
2023-08-18,20.02044632426085,1.5070659388552876,412.87244042900625,5.5304477498652895,0.0,0.0,16.412478151418266
2023-08-19,19.91508043661241,0.0,478.2346659111946,5.251331467907395,0.0,0.0,15.584156451886683
2023-08-20,21.117981361957604,0.0,474.9804139836157,4.941846757889016,0.0,0.0,14.665711640343464
2023-08-21,21.370572401252964,0.0,460.0112847607366,4.640845046496755,0.0,0.0,13.772441468523228
2023-08-22,19.601367871296105,2.7817886025662273,410.7489972753263,4.378103867095783,0.0,0.0,12.99271547499922
2023-08-23,18.74022135864031,1.2183050507311721,432.4887260137022,4.143920142215281,0.0,0.0,12.297738243162502
2023-08-24,18.198312420777615,5.2389907602532775,314.81816774605227,3.9171597448073765,0.0,0.0,11.624790909349466
2023-08-25,16.638989892382952,5.085255158051354,291.12764715652645,3.715021697169166,0.0,0.0,11.02491429167176
2023-08-26,17.74810602452791,0.05308847969103248,465.6319446529952,3.51144444372358,0.0,0.0,10.420766603198832
2023-08-27,19.15176139990538,0.015157896175505248,452.70297203387383,3.2960464058668433,0.0,0.0,9.781538867927637
2023-08-28,17.69884906985697,0.01950545524045515,453.6779228427583,3.1065425710875414,0.0,0.0,9.21915627458318
2023-08-29,18.47337578351073,0.0,485.0959155646973,2.9328672178608994,0.0,0.0,8.70374720298648
2023-08-30,20.039939295041655,0.0,472.3767466036151,2.7427125424278644,0.0,0.0,8.139433137093581
2023-08-31,18.696161979793168,0.0,498.9358775404304,2.571932314232712,0.0,0.0,7.632615806794161
2023-09-01,18.614806563611936,0.7500954788961665,430.3495895015009,2.3989078498648646,0.0,0.0,7.1191383508020465
2023-09-02,17.919594546332863,0.6737887027271476,388.1928286613832,2.2498824515189835,0.0,0.0,6.676881917872587
2023-09-03,16.562419139454597,3.143009926411951,299.708026080324,2.1048005238747582,0.0,0.0,6.246328357777115
2023-09-04,12.554420027660475,3.382972692499181,244.4091903367179,2.0156609430429855,0.0,0.0,5.981792557242034
2023-09-05,13.162094762726586,0.033594272251005905,437.5630072159748,1.929115637555152,0.0,0.0,5.724955678987197
2023-09-06,15.799070194266726,0.0,480.27063953586816,1.8160991123339947,0.0,0.0,5.389561270643562
2023-09-07,16.01223221303712,0.0,464.6066599799544,1.708987564115253,0.0,0.0,5.071690815227451
2023-09-08,16.33604968760714,0.0,465.1174948684777,1.6050114195061513,0.0,0.0,4.763125165781228
2023-09-09,16.27448280759319,0.03185662175269603,468.8910769331175,1.5067037150922307,0.0,0.0,4.471381508886746
2023-09-10,15.70946907249396,0.3674947512962372,392.509039568597,1.4231979724272055,0.0,0.0,4.2235650139128875
2023-09-11,13.344194604452579,0.0,426.85389478165405,1.3577377123283292,0.0,0.0,4.029301341738219
2023-09-12,13.847828391542912,0.006345940260534189,452.5545176403041,1.2899400919946613,0.0,0.0,3.8281011834921563
2023-09-13,13.707670876449306,0.35781231073525005,426.13433257957183,1.2177213143993069,0.0,0.0,3.6137805420152054
2023-09-14,11.292812292295372,3.168640411242104,268.66642225591664,1.1548284287800374,0.0,0.0,3.427135959552411
2023-09-15,11.054292110057371,0.0,423.3576092110909,1.1045123242013675,0.0,0.0,3.2778149634211284
2023-09-16,12.321444388539064,0.0,465.3380870970584,1.0550439644753606,0.0,0.0,3.131009784182365
2023-09-17,13.715805178724596,0.0,449.57876890140955,0.9943192033080976,0.0,0.0,2.950799453846621
2023-09-18,13.770475262796444,0.12700814482920078,427.435890625499,0.9353432516366312,0.0,0.0,2.7757789922048635
2023-09-19,12.374143003322187,1.3458286926841838,370.28971168345856,0.8854413298064377,0.0,0.0,2.62768714886871
2023-09-20,12.864827385326931,0.0067948078702689185,428.3244710051772,0.8368316200274621,0.0,0.0,2.4834301491142776
2023-09-21,12.848513652647666,0.0,404.93797139212575,0.7832774799520599,0.0,0.0,2.3244997706603914
2023-09-22,10.840129881716603,0.06110905828510354,415.8621872713823,0.7584312801445706,0.0,0.0,2.250764744143574
2023-09-23,8.111105979295058,0.0,427.5817347920183,0.7409264797592706,0.0,0.0,2.198816481206695
2023-09-24,10.30845862483206,0.0,437.31508843432647,0.711973516235999,0.0,0.0,2.1128939840171896
2023-09-25,12.501948751809323,0.0,441.1888312584786,0.673988464839818,0.0,0.0,2.000167337944906
2023-09-26,13.784870233738383,0.0,434.398331131536,0.6288880220562499,0.0,0.0,1.8663246428715043
2023-09-27,14.62819690059353,0.0,430.4518023161895,0.5843846853252268,0.0,0.0,1.7342539544212032
2023-09-28,15.007741008203261,0.0,414.2444661593444,0.5364221305649007,0.0,0.0,1.591917489510342
2023-09-29,13.896123603429713,0.0,419.742432531937,0.4961179737566138,0.0,0.0,1.472308531439369
2023-09-30,15.010989448489864,0.0,387.70502849884804,0.45289941115147153,0.0,0.0,1.3440506133512937
2023-10-01,12.730435066260647,0.5393116419604664,304.8005003329517,0.4169037559597183,0.0,0.0,1.2372278150715297
2023-10-02,9.06686757483422,3.044647990950979,237.6464659166483,0.3965250250011332,0.0,0.0,1.1767507087432842
2023-10-03,5.9154037296222235,1.6252768170712002,238.97056170483074,0.38556048118633784,0.0,0.0,1.1442116913002607
2023-10-04,7.1482261676356975,0.0,276.5533671344072,0.372327377590165,0.0,0.0,1.1049403640098199
2023-10-05,8.569633320007117,0.0,328.51369191705095,0.3560526334417702,0.0,0.0,1.0566424874478437
2023-10-06,8.434315495233456,0.0,361.2292111574618,0.3388622957728496,0.0,0.0,1.0056274423434879
2023-10-07,9.708289788123492,0.0,397.69848891565255,0.32229892258820725,0.0,0.0,0.9564730134795045
2023-10-08,11.297173188272511,0.0,386.7042688967735,0.3024436812083885,0.0,0.0,0.8975494452484606
2023-10-09,11.362391381303071,0.0,371.4262130249501,0.28319517662428956,0.0,0.0,0.8404264643936659
2023-10-10,10.541571980571812,0.01695013693072465,360.58123065651506,0.2664043206548037,0.0,0.0,0.790596944396933
2023-10-11,7.833202608735971,7.075749663395299,232.28202101205116,0.25577637797258135,0.0,0.0,0.7590568440369309
2023-10-12,1.7429788191403228,14.88408553488598,94.2034119201584,0.46641553559509097,0.0,0.0,1.3841618497567292
2023-10-13,1.5263375395965206,0.153583911405198,226.60613733857483,0.5273399778526774,0.0,0.0,1.5649647653008345
2023-10-14,3.655214538574245,0.0,323.71995208019234,0.5178478090467405,0.0,0.0,1.5367952535030227
2023-10-15,6.811126050370657,0.0,346.748054776698,0.47919808521465634,0.0,0.0,1.4220960868816794
2023-10-16,10.094230990118204,0.0,360.47681857506893,0.4212221854752995,0.0,0.0,1.2500434374729243
2023-10-17,11.314870617496295,0.0,346.6914929617592,0.3722811081819547,0.0,0.0,1.1048030522250103
2023-10-18,10.697694026832613,0.0,330.38828344101205,0.3362543759781355,0.0,0.0,0.9978880279981596
2023-10-19,11.19949151052471,0.0,343.77889627281263,0.30237001887960085,0.0,0.0,0.8973308406405717
2023-10-20,12.478944152597423,0.0,348.6804816234085,0.27236526739423683,0.0,0.0,0.8082869963687824
2023-10-21,11.952054089112867,0.0,339.80684028046664,0.2507182416830758,0.0,0.0,0.74404602482425
2023-10-22,10.83010515499912,0.0,310.5534207640047,0.23391547952237163,0.0,0.0,0.6941811713225146
2023-10-23,10.87877623096112,0.008149539518272358,305.89364676901187,0.21873342708318072,0.0,0.0,0.6491260301799232
2023-10-24,8.327623025531484,0.0,297.0881263456081,0.20802296228755773,0.0,0.0,0.6173410324003169
2023-10-25,8.204850549165357,0.0,311.66329610886186,0.1980204123618003,0.0,0.0,0.5876568839298856
2023-10-26,2.7669046419909566,4.7277381239187495,262.5381862653628,2.0961780353817394,0.036726394719014135,1.0349218617456426,5.153208864727696
2023-10-27,-0.42202533841697965,2.011998602787218,292.58947360260635,3.8281129958458906,0.47549218938783194,2.327042788569026,8.578807972774957
2023-10-28,-2.4816167543576766,4.688567976751438,198.1082143463663,6.861599890293997,1.9051877217578825,3.9206230612617357,14.60460419549167
2023-10-29,-6.209243600235591,0.0,257.1748689418564,6.861599890293997,1.9051877217578825,3.9206230612617357,14.60460419549167
2023-10-30,-5.0684967556004565,0.0,346.30813822880026,6.861599890293997,1.9051877217578825,3.9206230612617357,14.60460419549167
2023-10-31,-1.2494296200942665,0.02001900983624976,345.3624273313873,6.8816189001047645,1.9051877217578825,3.9206230612617357,14.664013772436006
2023-11-01,1.9134295962518955,0.0,315.7969958674183,6.703218983919662,1.8780395687523581,3.7827512414551028,14.29840080554593
2023-11-02,3.9278384456722493,0.24923328206855863,303.8717922092852,6.091154628274386,1.5883720556579763,3.2604364291706505,13.28393419872136
2023-11-03,6.353513408911012,0.0,270.3103106231732,4.5844849876527265,0.7348334422735703,1.9543453519785772,10.943350278585946
2023-11-04,6.44013302610044,0.0,295.9178737466284,3.601709743924712,0.43548971547990306,1.1876052462145694,9.081840101264975
2023-11-05,8.473782697518908,0.0,268.67894527199235,2.5053601850512175,0.17500796144143485,0.5581176905305822,6.708711294612273
2023-11-06,8.249205635591423,0.0,206.88777741157077,1.4852602944538338,0.0025898178376598338,0.13529253435530772,4.270335638430907
2023-11-07,4.774133657177931,0.45198511348037834,208.1986748045847,1.174863293103164,0.0,0.018334533041552106,3.468311863453351
2023-11-08,0.0668222684504869,0.8828462094439143,180.88359702780335,1.5166248092475632,0.0,0.007660198735534833,4.493186207328479
2023-11-09,-2.3394912251885995,0.0,262.73861062807856,1.5166248092475632,0.0,0.007660198735534833,4.493186207328479
2023-11-10,-1.5679084768520495,0.0,295.78224169017165,1.5166248092475632,0.0,0.007660198735534833,4.493186207328479
2023-11-11,0.047562585013852715,0.0,286.9964307618287,1.5163797772390926,0.0,0.007660198735534833,4.4924590360998
2023-11-12,2.9499737253440497,0.0,295.0161515544243,1.46095791471842,0.0,0.005756283056403311,4.329884223931869
2023-11-13,5.366323076839435,0.008283138526768626,278.6841856200818,1.1944558127778653,0.0,7.841524070038078E-4,3.5439546362674514
2023-11-14,5.220043197698942,0.0,261.5551504907865,0.9798010669362077,0.0,0.0,2.9077145886096685
2023-11-15,5.120596352701471,1.920123951346529,234.2177005179052,0.8491408467822803,0.0,0.0,2.519959725798051
2023-11-16,3.911455658779672,8.766142256522718,146.96407229893836,0.6846297021411036,0.0,0.0,2.0317468921890742
2023-11-17,3.900977646544556,0.09433853523999419,219.99837535650767,0.6218686732780014,0.0,0.0,1.8454936154989026
2023-11-18,3.229659138926464,3.460319272323355,181.47477081637825,0.6238201347206772,0.0,0.0,1.8512848858878204
2023-11-19,2.136111642495213,2.570078051601851,155.9150277649753,0.5691299460035267,0.0,0.0,1.6889831034617884
2023-11-20,0.1505875320252646,1.1128068434329381,128.5467795477304,0.7158557355582291,0.0,0.0,2.124415083697892
2023-11-21,0.09228722575799844,0.0,221.0624798291116,0.7158557355582291,0.0,0.0,2.124415083697892
2023-11-22,1.5934032273247463,0.008149539518272358,252.2015293803437,0.7115290826505201,0.0,0.0,2.111575057080106
2023-11-23,-0.3579514240343868,1.6451651954585162,179.11131638312034,1.0268917267172442,0.6604803453808072,0.22662725031825076,2.1804438535220982
2023-11-24,-5.055026303805907,5.2362261262859064,149.95935171544286,6.231766490420485,6.840843024280838,4.871471724074141,6.996903582936156
2023-11-25,-9.608198077187536,1.2856865822064856,163.77206952637292,7.517463432597169,7.848586078756061,5.992163889218706,8.71690112697069
2023-11-26,-10.588570781500508,1.236914128772596,251.4672456858764,8.754379164621632,10.67869489374285,6.907775547884084,8.727835940188148
2023-11-27,-9.562187217014484,0.0,249.5309031226067,8.754379164621632,10.67869489374285,6.907775547884084,8.727835940188148
2023-11-28,-6.578510487042216,0.0,280.6097962831981,8.754379164621632,10.67869489374285,6.907775547884084,8.727835940188148
2023-11-29,-6.20207221094776,0.0675246795620504,266.1871910508699,8.821905446655464,10.682856575746154,6.9789632242754385,8.853212809051415
2023-11-30,-5.198834279095275,0.8287258325406395,230.76245583089553,9.650606459060432,10.749745768932051,7.266295435587342,10.96110298113015
2023-12-01,-5.528479722376517,2.3813898919501333,171.25600525060176,12.032017348211786,11.704135305051906,8.866230021215511,15.506753550305687
2023-12-02,-5.35828939190475,5.807639236096999,128.29643320775102,17.811608436519656,13.26319093548561,12.574686291981756,27.447823029636076
2023-12-03,-2.227632715517137,9.655134631335839,122.11298743485672,22.805524980768237,12.629852473736998,12.362943802464134,43.093894910181994
2023-12-04,1.0669938540234458,0.4758515693368339,172.16350624801524,21.663368784461397,11.324778109882287,11.27965876692998,42.05116756009662
2023-12-05,0.5954658753777262,0.008283138526768626,255.05674465923914,21.42616682767845,11.08124627978871,11.076618166007632,41.78604823668946
2023-12-06,1.8084870820715186,0.0,260.9787996080328,20.96609213620795,10.711548300388495,10.710918212020225,41.14415678241181
2023-12-07,-0.6138947474697813,1.8306571279532033,213.20231810117687,22.279580266920615,10.583678363918493,10.951446531570676,44.926427752491804
2023-12-08,-5.046166417695982,4.798949439790595,133.55898297927453,27.078464885146502,14.178657480149166,15.467932197476546,51.17538474285677
2023-12-09,-7.848960954831749,0.9801984621769324,196.1708269647422,28.05861745502913,14.535524573541414,16.127105514500688,53.08053104109338
2023-12-10,-7.98073938781137,3.772465978199988,225.60411379449758,31.83112743152986,16.871858892960994,19.028908607606102,59.1151345017137
2023-12-11,-2.2265034515492887,1.2079690413392055,202.19431795103083,32.88012326284671,17.28267279200094,19.99790723051504,60.86330765999246
2023-12-12,-2.337793139419836,0.06673537654313375,227.54034132930374,32.945823597830774,17.282472635538173,19.99744315155527,61.05894077975945
2023-12-13,-1.5827230588434444,0.0,241.7412191873229,32.899921546662895,17.27933341980268,19.97758407937382,60.94556687444328
2023-12-14,-3.6288748950784844,0.0,248.1733016130254,32.899921546662895,17.27933341980268,19.97758407937382,60.94556687444328
2023-12-15,-3.0408048806957555,0.0,265.2412323550653,32.899921546662895,17.27933341980268,19.97758407937382,60.94556687444328
2023-12-16,-1.7466176187127402,0.0,278.9452446905787,32.885768600138356,17.278607944865257,19.970292723881965,60.91153986510591
2023-12-17,-1.3091459576229478,0.0,278.36344424901495,32.8597068262439,17.27197899115888,19.95035442849577,60.860511225516795
2023-12-18,-1.03700957890631,0.0,275.6843290099972,32.803705243517804,17.238629976448195,19.900754010853394,60.77614084087516
2023-12-19,-0.01064769602695937,0.0017259776490301689,250.5956765838687,32.496930244635784,16.97469101913759,19.638529971886562,60.383369271822595
2023-12-20,2.3473446756906724,0.0,244.7810977810357,31.422429459440966,15.951666071559654,18.583520303255614,59.23947248743199
2023-12-21,1.0299718144560672,0.0,230.29685289390352,30.664552873709653,15.26049979536648,17.831701177046458,58.410807662296904
2023-12-22,-0.3034073642833745,0.2619339516556373,235.59868325962478,30.43363035016403,15.100801321752787,17.6431949379129,58.06846377768829
2023-12-23,-3.1444751781175944,8.049722909696765,160.85826770391256,38.25188010305055,21.545972274106884,25.254304795475917,67.42594613502025
2023-12-24,-9.065409855712726,1.3532509892059184,185.59978706617005,39.60511292970645,22.251242587686274,26.54298530795799,69.47244968594894
2023-12-25,-13.002341103807051,0.15953952871969165,265.9848791464392,39.76465479568759,22.25398926615551,26.60633623064998,69.88008449577309
2023-12-26,-11.71263227934355,0.27140037570178777,252.60770347677192,40.036056647682734,22.25398926615551,26.646808356450286,70.64515905869995
2023-12-27,-9.197131616365272,0.0,283.8543993675234,40.036056647682734,22.25398926615551,26.646808356450286,70.64515905869995
2023-12-28,-8.02594072541594,0.0,288.47659149490056,40.036056647682734,22.25398926615551,26.646808356450286,70.64515905869995
2023-12-29,-6.211625594124298,0.11850232053618985,285.4004240941747,40.15455896903435,22.273596719807273,26.752979093207596,70.87194343685714
2023-12-30,-3.7614789548293284,0.0,281.3684440606309,40.15423271717826,22.273596719807273,26.75284230263356,70.87111162200179
2023-12-31,-2.4658955938651985,0.0,259.3584871568445,40.11042357646547,22.264382849710188,26.715715007178243,70.78706231973463
2024-01-01,-3.6955292260397568,0.0,272.74306030077605,42.693850837036656,13.134102119669132,23.510094923551627,90.51178956265952
2024-01-02,-5.437356196884705,0.0,289.30096204657576,42.693850837036656,13.134102119669132,23.510094923551627,90.51178956265952
2024-01-03,-5.899882360416738,0.0264451222723302,287.82575900805426,42.72029275112662,13.134102119669132,23.510094923551627,90.59026012361795
2024-01-04,-5.6138036066345265,0.8134463220542559,240.32756437965864,43.53376126286898,13.241230707583004,23.854986786780078,92.55649864512773
2024-01-05,-6.5371963222046325,2.8354225973626144,155.43277085403525,46.369181691163895,14.021769135441932,26.173600636744236,97.90166292827564
2024-01-06,-8.636702763573775,0.16066588066180248,213.07582439185055,46.52984669741813,14.042816101337102,26.226533355605646,98.30525633196542
2024-01-07,-8.403038544579253,2.024972546824645,196.83832345632982,48.55478504668275,14.747288788577494,27.540017357891053,102.32119570420089
2024-01-08,-10.976308777088684,0.2544039686071163,230.55543245176065,48.809199259035005,14.747290421634409,27.606379244101554,103.01004139775672
2024-01-09,-12.217972018508647,4.160664548860461,226.16796347873364,52.96983327063712,16.081268833592567,30.721695796851463,110.95645707312202
2024-01-10,-10.458414412181495,7.7523565019128,140.7063659955006,60.72223768141568,22.791539162034844,37.599955785474066,120.5919284346244
2024-01-11,-11.661558853837365,2.14429237880881,188.79894863122433,62.86650942773145,23.86496881692403,39.343182251347486,124.17542025999296
2024-01-12,-11.318736339190883,4.497241690086377,217.56076009792807,67.36379127895955,25.136389656562486,42.11654853347696,133.52255626463995
2024-01-13,-9.642519589354025,6.845016915911036,196.80914050834843,74.20887972246865,29.039462361579684,48.15852913572782,144.02389534493778
2024-01-14,-6.987444955052292,8.756303274592408,173.31370303985787,82.96451582436738,32.2214090904205,54.46697099251383,160.62932726623734
2024-01-15,-14.256101562100179,1.1411365448102164,320.0260996197727,84.10563615381236,32.39126683729943,54.96422539280289,163.3551245081134
2024-01-16,-14.870237141955288,0.5370350199604226,337.8453155327977,84.64267749384996,32.3913844822208,55.05694960470743,164.85631333467083
2024-01-17,-8.671397405303606,11.01106919664094,233.5787654891916,95.6537641882104,38.49274203803057,64.4649040360531,182.2311759293506
2024-01-18,-3.3725963002786012,2.514532390969755,237.87508202464502,98.16799080541934,38.87488314865728,65.40014335565337,188.38914295311037
2024-01-19,-3.713207789756659,0.03947954859366485,276.2215123331749,98.20745696307561,38.87488314865728,65.40010518588575,188.50630307394147
2024-01-20,-1.182660216244802,0.44491050467945625,292.3409647885048,98.34387846400236,38.86539150570799,65.44302271672231,188.87757639630968
2024-01-21,-1.0980297603036966,0.7909560473542379,221.30024242774547,98.00130167331248,38.777479961906465,65.18441038827237,188.20410526797096
2024-01-22,-0.08337033181187778,0.047840201813275064,236.4147767236652,97.09862195480385,37.3739250943709,64.05922668411272,188.00942241775485
2024-01-23,-0.6129967270258375,0.0,288.24269576970045,96.73759612375322,36.76534847370419,63.60821758932218,187.9783868192996
2024-01-24,-1.0928423275302224,0.9578691643497856,223.81424816605622,96.66604538538422,35.869543744748206,63.07658578100023,189.16558201004273
2024-01-25,-2.0575565960782365,0.04147193422599287,263.9843912291363,96.48832615007385,35.437359127830405,62.851295853016595,189.282276165474
2024-01-26,-3.0884420149503335,0.14970825965731926,257.9630320178225,96.56965275089415,35.29403943405355,62.97275405284361,189.5416290626982
2024-01-27,-3.8834915784762307,0.006813549433309676,335.42500942830674,96.57646630032747,35.29403943405355,62.97275405284361,189.56184934797452
2024-01-28,-0.14038607006813297,0.0,318.60702901618725,96.27128158758697,35.021959208062384,62.49899464704346,189.3926136035279
2024-01-29,1.3291137731615623,0.0064127524078208716,324.86272301585217,95.58951660399256,34.165160252030866,61.7017372539378,188.99588881944473
2024-01-30,0.5701499463217273,0.0,359.16241275327974,95.44709690801622,33.98466195468568,61.52913773132681,188.92051919954454
2024-01-31,0.9716038428638114,0.0,361.21334278747236,95.16314657681765,33.618461715637025,61.190990255302644,188.77043813490178
2024-02-01,0.9080230056880064,0.11677769891088426,352.1495615402362,94.76514194760026,33.1074914569543,60.68901427528086,188.58574336161715
2024-02-02,1.5734170907988907,8.277429863915684,233.63433977803282,94.0273772272488,31.63574135767944,59.25976645478769,189.24983338863095
2024-02-03,-2.409673781586729,10.46748127817661,133.52966648515158,96.46089594449515,30.38964294569152,58.44398497647598,198.49452659976026
2024-02-04,-4.790250954724426,2.696414599976964,299.3200291212947,99.1547976019501,34.3625685481154,61.39286115944113,199.6927903922405
2024-02-05,-2.459434510853638,0.7850424641185271,365.7098609158687,99.91835468505933,34.43180192358435,61.978230676061855,201.3079177984218
2024-02-06,1.751880465978384,0.7835696065283444,316.35842387023024,98.93150528060188,33.458352898399575,60.83587939809532,200.46310757781282
2024-02-07,-0.9321186164023493,7.976650191844501,191.0946094814862,99.8463847554001,32.38092011394141,59.93006175825851,205.12706496087742
2024-02-08,-3.8562981520907322,3.5573965041057183,222.1696897967321,102.73448117184856,32.570965564083345,62.36300503812435,211.08768801309603
2024-02-09,-6.428033761595282,1.3688956966011285,302.3310995365992,104.06734277752628,34.08094752133669,63.680240123465374,212.26421850891919
2024-02-10,-8.388697859832666,0.0,367.50191349937336,104.06734277752628,34.08094752133669,63.680240123465374,212.26421850891919
2024-02-11,-9.13881879065987,0.0,386.56325835157236,104.06734277752628,34.08094752133669,63.680240123465374,212.26421850891919
2024-02-12,-5.886490487114124,0.3040762219109152,391.3582712341304,104.37143613684466,34.08154391621453,63.749258265514484,213.09726919442514
2024-02-13,-4.0683831847965815,0.7770954351415144,388.5689177426559,105.1485159167957,34.0995010723601,63.99550125254021,215.14042692164492
2024-02-14,-2.6047702725009247,2.7292294423166648,274.5470698838107,107.84171116985905,34.46212234964964,65.22777357678545,221.55229622786104
2024-02-15,-2.372348210853868,4.49661913590223,245.05796565833987,111.40929816978468,34.25426159956941,66.50344520104424,231.06949521607464
2024-02-16,-7.178693665661736,3.4723803484355655,351.09812444235115,114.88169133434039,35.24276267199553,68.78027725723953,238.1447888985754
2024-02-17,-11.807024239722939,0.0,455.22064293732103,114.88169133434039,35.24276267199553,68.78027725723953,238.1447888985754
2024-02-18,-7.752927637129895,3.4699278416322623,384.5691989533389,118.35161930293076,35.82380832137737,70.98919923452485,245.67595086519648
2024-02-19,-3.1697287533466043,0.8951106368854389,434.8613087147903,119.24672561724522,36.02664580625845,71.28280150331655,247.84270715809413
2024-02-20,-0.015499847489618438,6.8882045049084155,240.29040699813595,118.54597431189795,35.60788006930011,70.61029195757291,246.84010376752457
2024-02-21,0.6626072164862957,9.014098142102124,189.9179566169501,117.61955350300076,33.66441761598774,68.82196113574297,247.760196862447
2024-02-22,-1.75254900663191,3.4165362695731467,252.01112500965948,118.8379710152554,32.92066677993955,68.54050575012862,252.37855217113474
2024-02-23,-3.1535326246938875,0.07100666164659604,409.1260580160171,118.90896379510785,32.92066672227063,68.54048765499297,252.58925256846146
2024-02-24,-2.5143135425261445,0.0037674920395947627,458.36450712135024,118.91273128714742,32.92066672227063,68.54048765499297,252.60043319679068
2024-02-25,-0.3841834289992515,0.043195765813619065,457.8284820307185,118.88377900891685,32.81675372890164,68.44096091109053,252.71460460164926
2024-02-26,0.810806692015217,1.402375381868099,365.64566518580153,118.84010470017935,32.35690168255113,68.53645043319774,252.9361140755584
2024-02-27,-6.017342001962714,2.92543629740606,385.97490409422034,121.76555021645021,32.939926049650445,70.08033679200987,259.5126015781618
2024-02-28,-7.941508812429219,0.1519160739355651,489.5627692985412,121.91746434871281,32.939926049650445,70.09389006052824,259.9499172941265
2024-02-29,-2.369487774947913,0.27924319875035386,488.0241740648084,122.19669715252171,32.94216129941661,70.21213800439963,260.6585143698501
2024-03-01,1.2166743842999834,1.408123089344232E-4,445.1525201295952,121.7315257311395,32.35264999969835,69.66535698191092,260.39539644925793
2024-03-02,-0.23040738656038515,6.832044372686963,368.84298457430367,126.16636939862167,32.609701017223664,73.16905740073727,269.81358678168675
2024-03-03,-6.182838188112812,8.776697541344058,290.2962647300311,134.943013688047,41.18734575814558,80.7081916210643,280.01725678896275
2024-03-04,-6.470271866655893,4.895560122161594,293.2634603220952,139.83857713030858,43.582938894962375,84.39167857575194,288.547793058973
2024-03-05,-4.677343008003201,1.3220245414471528,407.3346213128395,141.16058428774883,43.615523209737034,84.89748707713747,291.9351081966013
2024-03-06,-1.5682605410035075,0.2116642079797528,447.70472620239553,141.2853537474466,43.71321973109455,84.8039667513017,292.3038035963166
2024-03-07,-1.1530992408423697,1.503731168079959,395.5173699598616,142.42340668801145,43.3918006746605,85.01155550186047,295.78614321230225
2024-03-08,-3.5404317507982785,0.09053418218168578,418.71257008776263,142.4780851889131,43.28245434998738,85.03446049624145,296.03170331212
2024-03-09,-4.375703968140811,0.0,532.1043035470444,142.4780851889131,43.28245434998738,85.03446049624145,296.03170331212
2024-03-10,-0.585323282333643,0.25488743519757334,511.4702031785619,142.69694611387737,43.24961599154985,85.07441757413169,296.6732405827668
2024-03-11,1.6251754402837593,1.6958093564097096,458.1995543788058,142.76326662347,42.38750204125997,84.52356944170936,298.2560503954415
2024-03-12,1.0741882077602747,5.2086539910052325,356.33339863961834,142.34024588716642,41.48160003938245,83.82986123868638,298.57160386005506
2024-03-13,-1.2496116916534026,13.60605550901182,195.78640278203156,142.91832184028598,40.19055962457507,82.88235946896775,302.48493139633547
2024-03-14,-2.355601934001393,1.217758661305402,282.07552839145035,143.20118435227727,39.67975192498224,82.57031429866755,304.1312863520158
2024-03-15,-1.2034603539636175,0.0,483.3337983836094,143.10010785092373,39.57915225651008,82.40499719576597,304.09379910461087
2024-03-16,-0.3183302474291137,0.0,503.5915895692936,143.05399072896398,39.48562018990603,82.36240399769635,304.0901890130541
2024-03-17,0.5059904374369539,0.0,486.33902532488213,142.7593635252504,38.94031077860947,82.07351806392532,304.03314777830997
2024-03-18,1.3503910673431838,0.0,555.5331858219523,142.61480014171275,38.635336146801876,81.94661807056283,304.02666687445776
2024-03-19,3.345497133282316,0.0,557.7362221844905,142.07430138657864,37.84373477364211,81.36775267740249,303.7681405932968
2024-03-20,3.4746823783301393,0.0,551.0084354079798,141.42237276003954,36.89829623702619,80.67228793205935,303.444498969488
2024-03-21,3.877940419966813,0.09981359044078322,548.6557195687412,140.680960671227,35.83677683912178,79.88915509089605,303.0553790933742
2024-03-22,3.854095621362956,0.0,532.2418814782244,139.79431606085768,34.68904019907813,78.9819904340293,302.4426083953859
2024-03-23,4.380942881947752,0.7658355900518486,425.4532853209459,137.98373049473943,32.65713934012306,77.18738290879284,300.8308987496658
2024-03-24,-1.4076571208775726,5.445298502798626,350.8071852532799,141.13204175224297,32.23653145700477,78.58065975399569,309.19306148377694
2024-03-25,-4.705309297562443,0.9493784748622489,419.66591038258485,142.08106210312246,32.782079463865564,79.37571712706462,310.68720037505955
2024-03-26,-2.8626711085885868,2.7178984308290026,376.5762715065264,144.71614969858058,33.49849852965998,81.20100954157778,315.9919527108969
2024-03-27,-0.9989332864404117,0.38707861826533674,446.3878520112895,144.93134617000973,33.132269761309075,81.10652066125765,317.0802529039576
2024-03-28,1.05501191241349,4.051141584556988,416.203619551922,146.53078487953977,32.22862019825318,81.3232325283998,322.48784023872156
2024-03-29,0.2587051196675596,3.43517348725079,343.4585120686313,146.75300886865278,31.14515800051327,80.55633087631563,324.96357676484024
2024-03-30,2.341421394562205,3.155883329867255,335.3644113465112,145.23257603260927,29.586660826388048,78.91894582599654,323.5966978841511
2024-03-31,2.0792150578821667,2.144191006716103,382.7711979091489,144.59755241297256,28.165360198824892,77.52292385451959,324.4835941339315
2024-04-01,0.7903374422008022,0.5124598099980429,505.4495685188433,144.54074270027746,27.546902071903133,77.04163118230065,325.39515358821376
2024-04-02,1.5038363234623917,0.0,603.8775702504688,144.4477955738147,27.38217332624899,76.93008077641832,325.39042587838225
2024-04-03,5.138917256408324,0.0,607.3571164954707,143.80302480021197,26.74072099615606,76.17820770816827,324.84922221159513
2024-04-04,7.906566923867145,0.004796204404518331,608.5448447647994,142.37041548885261,25.521464239353985,74.65202330792656,323.30283486944694
2024-04-05,6.660085441189947,2.8816764294975536,527.313430843436,141.1498951489054,24.470125145948277,73.32737179758868,322.0219339607971
2024-04-06,-1.586240160193669,3.9236187790637747,305.4275429228643,143.39681571837158,23.978462953462632,73.01716845089157,329.4765228387655
2024-04-07,-1.640234724173009,0.5426193935123722,466.0091575816926,143.89337500240512,23.901096334450326,72.96564463687226,331.0766051239919
2024-04-08,-1.0741361457881635,0.0,582.5217849428062,143.89291328609906,23.899684603496866,72.96564463687226,331.0766051239919
2024-04-09,0.8808370935158184,0.28284535725843624,608.6556735236812,144.15865658519627,23.866226466110064,72.95204035131279,331.9112789743636
2024-04-10,3.768096999530431,0.005289472901091464,579.6033850029473,143.61057565907308,23.398925719964485,72.31697923108047,331.37151829291514
2024-04-11,4.4064726222123145,0.0,632.0135680039696,143.30913117115608,23.040589687236793,71.9178323547101,331.2227079845588
2024-04-12,8.678951362805048,0.0,642.7976221020447,142.08337182980327,22.168231222611297,70.6444938082943,329.7013798025596
2024-04-13,10.450517391100123,0.0,581.1568684259381,139.81247304467732,20.6758654339701,68.35382138136596,326.6945579708827
2024-04-14,9.74845776431876,0.9448048138022574,574.3412449184502,137.88157693034756,19.48415872273626,66.37078823096846,324.09819383761703
2024-04-15,6.244496323399961,5.251256001160495,472.8154686515561,136.92783092553128,18.715624962280817,65.0833873090355,323.2973578177028
2024-04-16,6.693610530201351,4.010739337124159,421.181266515089,135.33527680399123,17.58522419978903,63.268589886905836,321.4778319418395
2024-04-17,5.650523158762545,0.4497269951163446,530.4194175698375,134.18386687396412,16.791578209596786,61.94152348350106,320.1543197926671
2024-04-18,2.071500982257899,0.0,551.4797536778763,133.8154722820767,16.539617524391712,61.52383572576988,319.7220637666174
2024-04-19,2.8437884640884135,0.009623808210410497,551.1733329283235,133.3157578777547,16.268274878567617,61.01080666756384,319.0139689155753
2024-04-20,3.9864141288731503,0.0,573.0793050188187,132.63330439427415,15.868869431675677,60.32630594594869,318.05883222657644
2024-04-21,6.366672528165431,0.009552329088371682,641.7869564828644,132.01020158126406,15.506502437020393,59.604255577704194,317.281318218837
2024-04-22,9.89265210007697,0.0,591.4771694630123,130.1424402134971,14.651751439124538,57.805972558364594,314.3610616651759
2024-04-23,9.898362750302404,0.29375482747077886,573.0878186519226,128.1269173166255,13.475867928129693,55.69512523728687,311.6256353413004
2024-04-24,11.111041633058285,0.1307789273078215,585.5363095280588,125.92173025563532,12.27115329205796,53.4682982194985,308.47097322174403
2024-04-25,8.593816555934229,4.341311341033771,414.0836828462535,124.0553281394547,11.199927851822553,51.49694172781247,305.937424561148
2024-04-26,6.347771141357231,7.128762942864972,328.7720884767874,122.34703146630366,10.161239331748993,49.639721337582166,303.72769756735255
2024-04-27,4.131139178330798,1.4378232337316827,361.90618907947635,121.19451134324615,9.471153356342196,48.307506716969705,302.3055092301292
2024-04-28,4.567561065964017,1.8484682360991507,428.96736322967985,120.3405641133636,8.877795867846062,47.235911913079875,301.41564423803254
2024-04-29,5.657619974394228,5.934612245004384,390.3601852960344,119.15569412015743,8.209318951376451,45.88385975633482,299.8962582611557
2024-04-30,5.3650008872123305,3.608714107142274,416.6659170272099,118.11891379065771,7.614270308905178,44.6728480650114,298.60445627808014
2024-05-01,3.198221208660983,3.2572738690654774,389.1898252098719,118.1690079965564,7.057144141503849,43.75536313509017,300.2086537410757
2024-05-02,1.6806518921841933,0.18380120112637566,575.1338182225538,118.3002369323008,6.99814857393904,43.68125208064369,300.72925058976205
2024-05-03,2.503702574303956,3.6535468245727616,405.20396001189397,118.36320314237317,6.6739621970206535,43.22040501777376,301.6902603362875
2024-05-04,5.823722252864782,0.23355253705462525,649.567293293604,118.40666914299251,6.506588080560918,42.92606316518755,302.27518270853415
2024-05-05,8.112094974009127,8.285721021998288,466.1892166595573,117.2265926740514,5.900533116278309,41.65829506114897,300.6253992736056
2024-05-06,0.572949987849261,11.560032950401448,213.0826963790553,117.89988161197195,5.458414448530679,40.76209918951675,303.94617359214453
2024-05-07,0.5095405252892335,2.3009103070161605,332.36604259296763,118.6914783886095,5.150356848604652,40.14516115939391,307.20948813832234
2024-05-08,-0.4011292354836697,0.9741555787275331,367.7197513508924,118.81606792959539,4.9692918163998545,39.78444308610859,308.11462716617893
2024-05-09,3.5064693155241557,0.3760715752154877,473.7804296704971,118.21910434624009,4.5481596630907095,38.87493770764241,307.6586273621593
2024-05-10,6.319263977245379,0.035133506817211314,562.8054597023071,117.19300711452514,4.087137770223397,37.7073888124969,306.2251085004851
2024-05-11,7.580315708130831,0.0817060898881319,609.5744999337986,116.16191626261943,3.708161640137232,36.61096402514087,304.62622187178175
2024-05-12,9.300007999257572,0.0,616.1698582917184,114.81057121804264,3.2816096502724696,35.271451976030605,302.36548091960475
2024-05-13,11.473060109842784,0.9155979996245752,564.6741324610421,113.03461814301589,2.74246840426814,33.513705189114326,299.3709341192799
2024-05-14,10.21320734477365,2.381415690718201,448.1254701712474,111.24384298334844,2.1703147316824967,31.611376869712892,296.50859927484515
2024-05-15,8.400446684127102,0.0032540967265646515,573.8617069776635,109.89861365482525,1.8192873860818726,30.19079495849554,294.273535921734
2024-05-16,10.273585859096155,0.0,622.2073033891896,108.4784633183157,1.505474997080337,28.7432432008825,291.80690274959574
2024-05-17,11.935939397039586,0.0,614.4720063086926,106.71293527031628,1.1798981313970944,27.03092793695414,288.59071159056066
2024-05-18,11.724845439180747,2.217221880593058,553.5572682857156,105.05582725902852,0.909508080166766,25.331119344055303,285.63024013339054
2024-05-19,11.407528415687846,2.905527925797738,435.2000400736641,103.14105277520102,0.6807136052819645,23.33813796852039,282.15704266614756
2024-05-20,8.056634369142571,3.496692511935198,382.06755860100634,101.69027381598282,0.5395432024139011,21.6488255486947,279.67300024400174
2024-05-21,3.7320889968503677,1.2836247940328651,393.66547271499337,101.24841539016317,0.47567356007853456,20.674652144847826,279.39502127098615
2024-05-22,5.733350339350237,0.21045237776805376,612.1301498583492,100.89248561998328,0.44665289024077476,20.170847780204127,278.86923642897096
2024-05-23,4.642827910588613,1.2618079592214557,499.9187962317113,100.52165749141626,0.4129558517222884,19.4855256063878,278.4847622837762
2024-05-24,4.89443554094151,0.8154917751906391,626.8067720857117,100.70894964463277,0.40599846909662723,19.42915888839937,279.1035354388188
2024-05-25,6.881717629764788,11.511914793939665,343.2666701581913,99.46136132470423,0.3679877895283888,18.240592184833023,276.62309116461495
2024-05-26,8.27480470964892,0.4190514512607146,527.4462057942712,98.25061188562366,0.32750166179686124,16.997429113081402,274.3088108824175
2024-05-27,10.712750919255331,0.0,615.1399364491829,96.99881368491383,0.29653822702178934,15.878844437696236,271.7392564741084
2024-05-28,13.406335369142656,0.0,616.9591841301012,95.27753475568917,0.26122847023897244,14.51823184670328,268.02197987937
2024-05-29,14.567897645005637,0.08536068015557804,593.1582339875562,93.37936586110446,0.22344327309816847,13.102774743866695,263.83684053932683
2024-05-30,11.505839811084986,0.0,583.5563142257884,92.02313102638892,0.1939651015639761,12.090801400953682,260.84961387691595
2024-05-31,11.380390003495778,0.0,605.4600627855233,90.81133877551537,0.17075314275162762,11.248049126718158,258.11623704964
2024-06-01,13.292574922666716,0.3413423038414425,597.900565973462,89.29224986894995,0.14553305653998133,10.307212550313812,254.57065432114834
2024-06-02,13.820061046743994,0.14565671387329562,536.9231405957901,87.5373111590209,0.11797151411466922,9.277504351659084,250.41603340721505
2024-06-03,13.978320239948586,2.226509190971093,441.5334044299692,85.68272655831336,0.08796720677336461,8.182965967851588,246.0327084050772
2024-06-04,13.961515353620289,0.5185744070846974,498.3476002888888,83.89609834700613,0.05779787173944009,7.144698870079684,241.7951087703348
2024-06-05,15.46731533934911,0.0,604.2967547964373,82.30038181507557,0.03723292067708748,6.357549826004148,237.8643667245798
2024-06-06,17.552936771168792,0.0,598.7532081749953,80.48668669726187,0.023437442736565114,5.550144832725072,233.3003648571131
2024-06-07,17.771107550566033,0.2980056025509526,544.0042546527562,78.5056687909609,0.014618990461750359,4.752964049734324,228.22478128852347
2024-06-08,16.694884820133577,0.6469834463462553,503.2397353951279,76.62341148698192,0.00867629816688647,4.0253485539331795,223.37013310750768
2024-06-09,17.50784479921999,0.001042097419067194,580.7125605879689,74.83798509665193,0.005351200892459525,3.4348436195007923,218.6635971924256
2024-06-10,17.614926494552396,0.2594257385667938,528.646536084646,73.00186939776809,0.0025489690370592284,2.890067651478634,213.76053049145483
2024-06-11,16.671700497707942,0.0,589.3474209372727,71.46486047453645,0.0011519379332061137,2.4664153988446724,209.62297832825163
2024-06-12,18.559559547158162,0.44272084712287946,572.8144425865601,69.7505608733243,2.6470062507789145E-4,2.074517339915644,204.9271322436284
2024-06-13,19.874136111357153,0.0,569.5783707919055,67.85218415243732,0.0,1.6894396534552423,199.6776036154018
2024-06-14,16.722556615841533,3.9652186129404205E-4,432.03626009647184,66.1106991591202,0.0,1.3433103278913237,194.85458502626352
2024-06-15,17.091043565210168,0.005278229604354543,563.3150413359677,64.64728135454061,0.0,1.0906891939512808,190.76354102815918
2024-06-16,17.724878211274273,0.0,563.9011400493275,63.098114553848035,0.0,0.8656788072614949,186.39049361211357
2024-06-17,15.0469791095369,0.0,612.3461498669964,62.22272996977926,0.0,0.7000254198173859,183.95781866485788
2024-06-18,9.416477311551612,0.0,536.8935889791014,61.688357763602134,0.0,0.6044558482903718,182.46727373863092
2024-06-19,14.186080425227972,0.0,576.3582749649587,60.603117519311446,0.0,0.5008013979836609,179.35000195892974
2024-06-20,17.486063103663113,1.6368742437604762,491.31923441623434,59.13300946177002,0.0,0.3832787430520741,175.10440159298184
2024-06-21,16.092442653641452,2.068308768590519,447.23648186653924,57.873727059760306,0.0,0.29121638763599117,171.45907411760095
2024-06-22,15.999168211622568,1.1676632681829067,531.5978460843176,56.753333191872706,0.0,0.233481777003084,168.19169332998877
2024-06-23,19.404541922028443,0.8747778120651091,532.2925352415807,55.34098785904741,0.0,0.1785354377506844,164.05512031969758
2024-06-24,20.280785826708986,0.6228851009424105,505.09948227184816,53.85531332638533,0.0,0.13002455823967018,159.6945147417625
2024-06-25,19.78745769942992,0.9335157899767175,495.18117640790535,52.459704682034015,0.0,0.09337775927919427,155.58936466709562
2024-06-26,19.62436289066797,3.29382692920074,450.1157982970945,51.081022898984074,0.0,0.06340182369494464,151.5277964444039
2024-06-27,18.49677894437126,6.67210364608556,356.46547021250433,49.806067463355696,0.0,0.040925438757491495,147.76657501796652
2024-06-28,17.14312853440896,2.6854585412223497,422.3671636503612,48.675345824247856,0.0,0.02378701644905565,144.42806789193776
2024-06-29,17.922297345765635,0.6278811109407038,541.5881226183006,47.573351202499104,0.0,0.013709147559851377,141.16777290042333
2024-06-30,19.932145016643986,0.12483014192644676,474.68463258436867,46.196514248584926,0.0,0.006759934606619201,137.08872035738807
2024-07-01,17.667984152580843,3.068644306759875,340.250395504961,45.085207092540585,0.0,0.0038332805828325297,133.79365872081334
2024-07-02,15.186789040492009,0.47832122288445955,476.3210177641743,44.31969639016568,0.0,0.0028137234225788315,131.52290123673566
2024-07-03,15.292058670510421,0.0,559.3536076483972,43.556745247608035,0.0,0.0021170525044986754,129.2594177125064
2024-07-04,14.215310386771215,0.0,560.1509695694881,42.86875196762416,0.0,0.0014537836219322543,127.21835019351606
2024-07-05,14.767572256405941,0.0,549.8828331851801,42.186070954755955,0.0,8.191450230157105E-4,125.19301912088937
2024-07-06,16.359437620483742,0.0,545.9885022330342,41.3477396973051,0.0,5.885119549695406E-5,122.70589662307825
2024-07-07,15.432113718022443,0.0,513.529688884579,40.547613725510864,0.0,0.0,120.33145496733144
2024-07-08,16.180293228923365,0.0,537.9112494475045,39.79728398351122,0.0,0.0,118.1047328186178
2024-07-09,18.39075760612923,0.0,546.0787841325316,38.867951444584705,0.0,0.0,115.34679156677161
2024-07-10,19.77171024624221,0.0,540.4192587405221,37.891482783133,0.0,0.0,112.44896641834468
2024-07-11,21.359139468966,0.0,545.423881350495,36.84475385810913,0.0,0.0,109.34263282847752
2024-07-12,21.91544609398823,0.0,547.859078289384,35.78675287692835,0.0,0.0,106.20284762966939
2024-07-13,22.342151227428435,0.0,535.575850299897,34.68824668257112,0.0,0.0,102.94285680622752
2024-07-14,22.080349294425346,0.7599537259726385,470.95853745052045,33.64491712369592,0.0,0.0,99.84661137290159
2024-07-15,20.567148816198408,0.7595988947368604,453.4829595679225,32.72787850855668,0.0,0.0,97.12515428376331
2024-07-16,18.66037690840528,0.824734011154397,461.89720719238045,31.892718167821297,0.0,0.0,94.64668392020472
2024-07-17,19.228129570350934,0.0,533.5480660367456,31.110620471321848,0.0,0.0,92.3256853434829
2024-07-18,20.644160183116753,0.005961103946144822,500.3068893114611,30.24381955784121,0.0,0.0,89.75331657741384
2024-07-19,20.629982540032426,0.0,464.68112627271825,29.414321744538025,0.0,0.0,87.29165065934792
2024-07-20,19.068286290718476,0.0,497.90480668139327,28.704538461020118,0.0,0.0,85.18525653723306
2024-07-21,16.89390189718818,0.9163268414749125,469.31646970993796,28.074974783854735,0.0,0.0,83.31692678099316
2024-07-22,17.290938252043343,0.0,512.7903870880134,27.506411473768317,0.0,0.0,81.62962525920973
2024-07-23,19.34996411067298,0.0,534.0965274154697,26.863356066761664,0.0,0.0,79.72125666140404
2024-07-24,21.162179333390696,0.0,517.0544420215426,26.102938029310447,0.0,0.0,77.46459590081436
2024-07-25,21.866687273988592,0.48623922865713165,473.00698326417466,25.336466407498335,0.0,0.0,75.18997017146364
2024-07-26,19.87739740416243,0.3975545977102521,428.05289870699266,24.61459521964989,0.0,0.0,73.04770328195373
2024-07-27,19.175181601173584,3.2885304077468955,405.5840037760446,24.030731157002577,0.0,0.0,71.31499435764815
2024-07-28,18.122009417180234,0.0,529.2778060942351,23.50287725914812,0.0,0.0,69.74850445348294
2024-07-29,19.180428512098416,0.0,539.5838886155489,22.923766472662795,0.0,0.0,68.02990162775828
2024-07-30,19.2359179297384,0.0,535.7778864858225,22.35096268177554,0.0,0.0,66.33001580870942
2024-07-31,18.694358836543135,0.0,529.3473279117927,21.824472603757197,0.0,0.0,64.76757325554996
2024-08-01,21.062871887797627,0.0,529.5600388220422,21.22189666369674,0.0,0.0,62.979333876368855
2024-08-02,22.15709524333299,0.0,529.7035981492186,20.5627207629528,0.0,0.0,61.023125164485656
2024-08-03,23.175282229365695,0.0,504.72665370597673,19.880807274418494,0.0,0.0,58.999439065652275
2024-08-04,21.51970960162894,1.195832576466051,393.09340434453014,19.246002489781986,0.0,0.0,57.115555494287506
2024-08-05,21.33436068794782,0.3263230491696696,493.5533669484162,18.688463558765935,0.0,0.0,55.46097056052895
2024-08-06,21.96789449386296,0.0,499.4110948772399,18.10004437291002,0.0,0.0,53.71474358786281
2024-08-07,21.149626566869085,2.3789360658961445,430.4234868085555,17.57500030042705,0.0,0.0,52.156592284766546
2024-08-08,17.974625279357504,0.005490133372676054,465.6135224933645,17.09311025492179,0.0,0.0,50.72650738007981
2024-08-09,17.46492495031826,2.3222953252266905,398.8925930277971,16.66311482270433,0.0,0.0,49.4504279457066
2024-08-10,18.224378878208853,3.5716733128195566,393.7705224853604,16.2350817252223,0.0,0.0,48.180172049937795
2024-08-11,18.188337471504305,2.2304275849420088,392.595988923911,15.803244046291558,0.0,0.0,46.89862545715377
2024-08-12,17.90948021076931,6.415282209544747,340.7327955071366,15.367661527199841,0.0,0.0,45.60596545907193
2024-08-13,15.205105368298886,4.688647316091475,248.1908813569321,14.947113402768217,0.0,0.0,44.357922404326125
2024-08-14,15.674644592698025,3.200355104052251,388.7697859278996,14.620236932435905,0.0,0.0,43.387864794131275
2024-08-15,16.14033348438455,1.1400123859153628,469.9434696971104,14.302597928995505,0.0,0.0,42.44522082753186
2024-08-16,19.039091023061303,0.17557063456591032,484.38593057132414,13.876281699683839,0.0,0.0,41.18006000952338
2024-08-17,19.561737371554457,0.17670589490595012,499.73161468950184,13.452670463859327,0.0,0.0,39.92292668739147
2024-08-18,19.044357813776326,0.5563177619593227,456.03929008463433,13.017399543773807,0.0,0.0,38.63119140862939
2024-08-19,19.038921224994446,0.43778743677000803,434.77376468475006,12.594614053302987,0.0,0.0,37.37650861639833
2024-08-20,19.847715933098424,0.23746589835922025,483.0885032384011,12.19819806198349,0.0,0.0,36.2000814823453
2024-08-21,19.77721262625567,2.639993389592467,384.8613331643561,11.799402796748003,0.0,0.0,35.01659347674469
2024-08-22,17.53792175947351,1.3490543965065842,331.7548188128215,11.429455210563024,0.0,0.0,33.91871552001346
2024-08-23,15.506789087346268,4.2700246228596415,254.6959060237112,11.091384008660066,0.0,0.0,32.91543577381368
2024-08-24,17.543907373074656,1.655352658333168,348.5545968695382,10.750971099043769,0.0,0.0,31.9052066397125
2024-08-25,15.096055630419336,9.327410525988357,267.4063876625101,10.461305909442428,0.0,0.0,31.045579388795208
2024-08-26,14.97548060659427,0.46919653415377377,402.40272327860873,10.206747790568416,0.0,0.0,30.29013792125985
2024-08-27,15.090788539252182,0.0,504.74448150965287,9.973124459053746,0.0,0.0,29.596823745343542
2024-08-28,17.60656208452231,0.0,482.96460271331875,9.669294597116059,0.0,0.0,28.695160589603173
2024-08-29,15.73502108182687,0.0,472.3090549263766,9.397085147683981,0.0,0.0,27.887336007674456
2024-08-30,16.42258409373032,0.0,507.53611383501396,9.139378532217968,0.0,0.0,27.122550878673838
2024-08-31,17.645000571748472,0.005045851179715915,506.79872425287715,8.854549368984445,0.0,0.0,26.277275300657426
2024-09-01,18.425384349881334,0.0,484.33680826616313,8.549040560450855,0.0,0.0,25.370629605424973
2024-09-02,18.511769895066763,0.0,463.2295636499737,8.25010143944424,0.0,0.0,24.483480496703216
2024-09-03,17.84780240518267,1.3984699622039234,413.72854592213844,7.974001089737906,0.0,0.0,23.664109052996054
2024-09-04,14.967308937816714,2.6695282391466044,365.8207098526183,7.7795767556531095,0.0,0.0,23.08712409995161
2024-09-05,13.719251682246597,0.0,462.5451372221532,7.603577645717574,0.0,0.0,22.56481891289756
2024-09-06,15.586272423544166,0.0,481.4930073952269,7.401236661405355,0.0,0.0,21.964340048552145
2024-09-07,16.857896873465222,0.0,471.96262694990753,7.160166487211192,0.0,0.0,21.248926189517555
2024-09-08,17.343387985157474,0.7270823521331004,439.61827977887117,6.915505099701005,0.0,0.0,20.522854837138457
2024-09-09,16.85588227086979,0.06479819078506249,437.69247337473445,6.690506991534097,0.0,0.0,19.855137375294653
2024-09-10,16.4749980284938,0.017468000195981576,442.08387806557243,6.477270605944841,0.0,0.0,19.222324684919574
2024-09-11,16.005177634094313,0.5890062440863741,386.14340974416405,6.27293399421446,0.0,0.0,18.61592348066963
2024-09-12,14.459041289454222,0.0,420.54208410062614,6.1125815498477065,0.0,0.0,18.14005224768312
2024-09-13,11.41995434632048,0.0,453.81338296655036,6.0072525298822494,0.0,0.0,17.827471726705326
2024-09-14,13.991476674562007,0.0,473.8048547937264,5.849443565749129,0.0,0.0,17.359148673477698
2024-09-15,14.661851443348628,0.0,431.7293761034009,5.658851008235239,0.0,0.0,16.793535123273582
2024-09-16,15.288198160015515,0.534838181081627,369.735210981434,5.472029421518722,0.0,0.0,16.23911252516246
2024-09-17,11.441945762635694,3.1755282747293223,281.13531754896815,5.362020708051417,0.0,0.0,15.912644273782316
2024-09-18,10.24794317731449,0.0,420.5109216498672,5.273598190312556,0.0,0.0,15.65023647135478
2024-09-19,11.911387193122291,0.0,452.79653408520466,5.168876953974731,0.0,0.0,15.339459644392457
2024-09-20,13.737136105512972,0.0,443.259800644004,5.021036788714379,0.0,0.0,14.900720578048924
2024-09-21,12.82830807718788,1.545720971212409,388.00987472535036,4.902129596533723,0.0,0.0,14.547844684092771
2024-09-22,11.21961647157229,0.0,397.9209805345305,4.79845726988403,0.0,0.0,14.24018066247965
2024-09-23,11.940420755850921,0.0,402.1417483006113,4.681385880552992,0.0,0.0,13.892752803750012
2024-09-24,13.205927296716842,0.0,422.1380251807859,4.57007375329228,0.0,0.0,13.562416465847026
2024-09-25,16.348573538617725,0.0,424.0516446961971,4.411756474752758,0.0,0.0,13.092584909245625
2024-09-26,17.249100272657053,0.0,405.89393535380674,4.226826160857709,0.0,0.0,12.543774962273188
2024-09-27,16.84581150651365,0.0,416.69572272991013,4.045373780766968,0.0,0.0,12.005286333782905
2024-09-28,17.495881307460213,0.0,411.11197093009696,3.8619069699748496,0.0,0.0,11.460819563672045
2024-09-29,17.880573235162327,0.0,397.53311566865955,3.6798012618852765,0.0,0.0,10.920392081043449
2024-09-30,15.595283755999422,0.0,382.1230561194987,3.532049206205054,0.0,0.0,10.481914493810507
